ISO-10303-21;
HEADER;
FILE_DESCRIPTION(('Open CASCADE Model'),'2;1');
FILE_NAME('Open CASCADE Shape Model','2026-08-18T11:08:47',('Author'),(
    'Open CASCADE'),'Open CASCADE STEP processor 7.9','Open CASCADE 7.9'
  ,'Unknown');
FILE_SCHEMA(('AUTOMOTIVE_DESIGN { 1 0 10303 214 1 1 1 1 }'));
ENDSEC;
DATA;
#1 = APPLICATION_PROTOCOL_DEFINITION('international standard',
  'automotive_design',2000,#2);
#2 = APPLICATION_CONTEXT(
  'core data for automotive mechanical design processes');
#3 = SHAPE_DEFINITION_REPRESENTATION(#4,#10);
#4 = PRODUCT_DEFINITION_SHAPE('','',#5);
#5 = PRODUCT_DEFINITION('design','',#6,#9);
#6 = PRODUCT_DEFINITION_FORMATION('','',#7);
#7 = PRODUCT('Open CASCADE STEP translator 7.9 2',
  'Open CASCADE STEP translator 7.9 2','',(#8));
#8 = PRODUCT_CONTEXT('',#2,'mechanical');
#9 = PRODUCT_DEFINITION_CONTEXT('part definition',#2,'design');
#10 = ADVANCED_BREP_SHAPE_REPRESENTATION('',(#11,#15),#15169);
#11 = AXIS2_PLACEMENT_3D('',#12,#13,#14);
#12 = CARTESIAN_POINT('',(0.,0.,0.));
#13 = DIRECTION('',(0.,0.,1.));
#14 = DIRECTION('',(1.,0.,-0.));
#15 = MANIFOLD_SOLID_BREP('',#16);
#16 = CLOSED_SHELL('',(#17,#135,#2576,#2626,#4969,#4994,#5021,#5046,
    #5073,#5100,#5125,#5150,#5226,#5276,#5370,#5417,#5513,#5628,#5722,
    #5769,#5865,#5980,#6074,#6121,#6217,#6332,#6399,#6424,#6451,#6478,
    #6503,#6530,#6555,#6580,#6607,#6634,#6661,#6687,#6713,#6740,#6767,
    #6793,#6819,#6846,#6853,#6896,#6921,#6928,#6971,#6996,#7003,#7050,
    #7077,#7104,#7111,#7156,#7181,#7206,#7233,#7260,#7267,#7312,#7339,
    #7364,#7371,#7416,#7443,#7468,#7475,#7520,#7547,#7574,#7599,#7624,
    #7649,#7676,#7683,#7728,#7755,#7780,#7805,#7832,#7839,#7882,#7907,
    #7914,#7961,#7988,#8015,#8022,#8242,#8373,#8422,#8471,#8614,#8668,
    #8750,#8799,#8846,#8946,#8993,#9142,#9189,#9349,#9356,#9363,#9372,
    #9379,#9388,#9395,#9404,#9435,#9474,#9501,#9531,#9561,#9568,#9607,
    #9646,#9685,#9960,#10235,#10510,#10785,#10833,#11142,#11170,#11469,
    #11497,#11545,#11854,#11882,#12181,#12209,#12257,#12566,#12594,
    #12893,#12921,#12969,#13278,#13306,#13605,#13633,#13661,#13693,
    #13721,#13749,#13910,#13918,#13946,#13978,#14006,#14013,#14041,
    #14073,#14101,#14129,#14290,#14298,#14326,#14358,#14386,#14393,
    #14421,#14453,#14481,#14509,#14670,#14678,#14706,#14738,#14766,
    #14773,#14801,#14833,#14861,#14889,#15050,#15058,#15086,#15118,
    #15146,#15153,#15157,#15161,#15165));
#17 = ADVANCED_FACE('',(#18),#32,.F.);
#18 = FACE_BOUND('',#19,.F.);
#19 = EDGE_LOOP('',(#20,#55,#81,#109));
#20 = ORIENTED_EDGE('',*,*,#21,.F.);
#21 = EDGE_CURVE('',#22,#24,#26,.T.);
#22 = VERTEX_POINT('',#23);
#23 = CARTESIAN_POINT('',(0.,-61.7705,0.));
#24 = VERTEX_POINT('',#25);
#25 = CARTESIAN_POINT('',(43.571,-61.7705,0.));
#26 = SURFACE_CURVE('',#27,(#31,#43),.PCURVE_S1.);
#27 = LINE('',#28,#29);
#28 = CARTESIAN_POINT('',(-49.5,-61.7705,0.));
#29 = VECTOR('',#30,1.);
#30 = DIRECTION('',(1.,0.,0.));
#31 = PCURVE('',#32,#37);
#32 = PLANE('',#33);
#33 = AXIS2_PLACEMENT_3D('',#34,#35,#36);
#34 = CARTESIAN_POINT('',(-49.5,-61.7705,0.));
#35 = DIRECTION('',(0.,1.,0.));
#36 = DIRECTION('',(1.,0.,0.));
#37 = DEFINITIONAL_REPRESENTATION('',(#38),#42);
#38 = LINE('',#39,#40);
#39 = CARTESIAN_POINT('',(0.,0.));
#40 = VECTOR('',#41,1.);
#41 = DIRECTION('',(1.,0.));
#42 = ( GEOMETRIC_REPRESENTATION_CONTEXT(2) 
PARAMETRIC_REPRESENTATION_CONTEXT() REPRESENTATION_CONTEXT('2D SPACE',''
  ) );
#43 = PCURVE('',#44,#49);
#44 = PLANE('',#45);
#45 = AXIS2_PLACEMENT_3D('',#46,#47,#48);
#46 = CARTESIAN_POINT('',(3.55E-02,2.042780042794E-15,0.));
#47 = DIRECTION('',(0.,0.,1.));
#48 = DIRECTION('',(1.,0.,-0.));
#49 = DEFINITIONAL_REPRESENTATION('',(#50),#54);
#50 = LINE('',#51,#52);
#51 = CARTESIAN_POINT('',(-49.5355,-61.7705));
#52 = VECTOR('',#53,1.);
#53 = DIRECTION('',(1.,0.));
#54 = ( GEOMETRIC_REPRESENTATION_CONTEXT(2) 
PARAMETRIC_REPRESENTATION_CONTEXT() REPRESENTATION_CONTEXT('2D SPACE',''
  ) );
#55 = ORIENTED_EDGE('',*,*,#56,.F.);
#56 = EDGE_CURVE('',#57,#22,#59,.T.);
#57 = VERTEX_POINT('',#58);
#58 = CARTESIAN_POINT('',(0.,-61.7705,3.2));
#59 = SURFACE_CURVE('',#60,(#64,#70),.PCURVE_S1.);
#60 = LINE('',#61,#62);
#61 = CARTESIAN_POINT('',(0.,-61.7705,-5.));
#62 = VECTOR('',#63,1.);
#63 = DIRECTION('',(-0.,0.,-1.));
#64 = PCURVE('',#32,#65);
#65 = DEFINITIONAL_REPRESENTATION('',(#66),#69);
#66 = B_SPLINE_CURVE_WITH_KNOTS('',1,(#67,#68),.UNSPECIFIED.,.F.,.F.,(2,
    2),(-8.2,-5.),.PIECEWISE_BEZIER_KNOTS.);
#67 = CARTESIAN_POINT('',(49.5,-3.2));
#68 = CARTESIAN_POINT('',(49.5,0.));
#69 = ( GEOMETRIC_REPRESENTATION_CONTEXT(2) 
PARAMETRIC_REPRESENTATION_CONTEXT() REPRESENTATION_CONTEXT('2D SPACE',''
  ) );
#70 = PCURVE('',#71,#76);
#71 = PLANE('',#72);
#72 = AXIS2_PLACEMENT_3D('',#73,#74,#75);
#73 = CARTESIAN_POINT('',(0.,-150.,-10.));
#74 = DIRECTION('',(1.,0.,-0.));
#75 = DIRECTION('',(0.,0.,1.));
#76 = DEFINITIONAL_REPRESENTATION('',(#77),#80);
#77 = B_SPLINE_CURVE_WITH_KNOTS('',1,(#78,#79),.UNSPECIFIED.,.F.,.F.,(2,
    2),(-8.2,-5.),.PIECEWISE_BEZIER_KNOTS.);
#78 = CARTESIAN_POINT('',(13.2,-88.2295));
#79 = CARTESIAN_POINT('',(10.,-88.2295));
#80 = ( GEOMETRIC_REPRESENTATION_CONTEXT(2) 
PARAMETRIC_REPRESENTATION_CONTEXT() REPRESENTATION_CONTEXT('2D SPACE',''
  ) );
#81 = ORIENTED_EDGE('',*,*,#82,.T.);
#82 = EDGE_CURVE('',#57,#83,#85,.T.);
#83 = VERTEX_POINT('',#84);
#84 = CARTESIAN_POINT('',(43.571,-61.7705,3.2));
#85 = SURFACE_CURVE('',#86,(#90,#97),.PCURVE_S1.);
#86 = LINE('',#87,#88);
#87 = CARTESIAN_POINT('',(-49.5,-61.7705,3.2));
#88 = VECTOR('',#89,1.);
#89 = DIRECTION('',(1.,0.,0.));
#90 = PCURVE('',#32,#91);
#91 = DEFINITIONAL_REPRESENTATION('',(#92),#96);
#92 = LINE('',#93,#94);
#93 = CARTESIAN_POINT('',(0.,-3.2));
#94 = VECTOR('',#95,1.);
#95 = DIRECTION('',(1.,0.));
#96 = ( GEOMETRIC_REPRESENTATION_CONTEXT(2) 
PARAMETRIC_REPRESENTATION_CONTEXT() REPRESENTATION_CONTEXT('2D SPACE',''
  ) );
#97 = PCURVE('',#98,#103);
#98 = PLANE('',#99);
#99 = AXIS2_PLACEMENT_3D('',#100,#101,#102);
#100 = CARTESIAN_POINT('',(3.55E-02,2.042780042794E-15,3.2));
#101 = DIRECTION('',(0.,0.,1.));
#102 = DIRECTION('',(1.,0.,-0.));
#103 = DEFINITIONAL_REPRESENTATION('',(#104),#108);
#104 = LINE('',#105,#106);
#105 = CARTESIAN_POINT('',(-49.5355,-61.7705));
#106 = VECTOR('',#107,1.);
#107 = DIRECTION('',(1.,0.));
#108 = ( GEOMETRIC_REPRESENTATION_CONTEXT(2) 
PARAMETRIC_REPRESENTATION_CONTEXT() REPRESENTATION_CONTEXT('2D SPACE',''
  ) );
#109 = ORIENTED_EDGE('',*,*,#110,.F.);
#110 = EDGE_CURVE('',#24,#83,#111,.T.);
#111 = SURFACE_CURVE('',#112,(#116,#123),.PCURVE_S1.);
#112 = LINE('',#113,#114);
#113 = CARTESIAN_POINT('',(43.571,-61.7705,0.));
#114 = VECTOR('',#115,1.);
#115 = DIRECTION('',(0.,0.,1.));
#116 = PCURVE('',#32,#117);
#117 = DEFINITIONAL_REPRESENTATION('',(#118),#122);
#118 = LINE('',#119,#120);
#119 = CARTESIAN_POINT('',(93.071,0.));
#120 = VECTOR('',#121,1.);
#121 = DIRECTION('',(0.,-1.));
#122 = ( GEOMETRIC_REPRESENTATION_CONTEXT(2) 
PARAMETRIC_REPRESENTATION_CONTEXT() REPRESENTATION_CONTEXT('2D SPACE',''
  ) );
#123 = PCURVE('',#124,#129);
#124 = CYLINDRICAL_SURFACE('',#125,6.);
#125 = AXIS2_PLACEMENT_3D('',#126,#127,#128);
#126 = CARTESIAN_POINT('',(43.571,-55.7705,0.));
#127 = DIRECTION('',(0.,0.,1.));
#128 = DIRECTION('',(0.,-1.,0.));
#129 = DEFINITIONAL_REPRESENTATION('',(#130),#134);
#130 = LINE('',#131,#132);
#131 = CARTESIAN_POINT('',(0.,0.));
#132 = VECTOR('',#133,1.);
#133 = DIRECTION('',(0.,1.));
#134 = ( GEOMETRIC_REPRESENTATION_CONTEXT(2) 
PARAMETRIC_REPRESENTATION_CONTEXT() REPRESENTATION_CONTEXT('2D SPACE',''
  ) );
#135 = ADVANCED_FACE('',(#136,#1277,#1368,#1459,#1579,#1748,#1861,#1974,
    #2200,#2369,#2456),#44,.F.);
#136 = FACE_BOUND('',#137,.F.);
#137 = EDGE_LOOP('',(#138,#159,#160,#184,#212,#240,#269,#297,#325,#353,
    #382,#410,#438,#467,#495,#521,#548,#576,#604,#632,#660,#688,#714,
    #747,#773,#801,#827,#860,#886,#914,#940,#973,#999,#1027,#1053,#1086,
    #1112,#1140,#1168,#1196,#1224,#1252));
#138 = ORIENTED_EDGE('',*,*,#139,.F.);
#139 = EDGE_CURVE('',#22,#140,#142,.T.);
#140 = VERTEX_POINT('',#141);
#141 = CARTESIAN_POINT('',(0.,-58.5705,0.));
#142 = SURFACE_CURVE('',#143,(#147,#153),.PCURVE_S1.);
#143 = LINE('',#144,#145);
#144 = CARTESIAN_POINT('',(0.,-75.,0.));
#145 = VECTOR('',#146,1.);
#146 = DIRECTION('',(-0.,1.,0.));
#147 = PCURVE('',#44,#148);
#148 = DEFINITIONAL_REPRESENTATION('',(#149),#152);
#149 = B_SPLINE_CURVE_WITH_KNOTS('',1,(#150,#151),.UNSPECIFIED.,.F.,.F.,
  (2,2),(11.2295,138.7705),.PIECEWISE_BEZIER_KNOTS.);
#150 = CARTESIAN_POINT('',(-3.55E-02,-63.7705));
#151 = CARTESIAN_POINT('',(-3.55E-02,63.7705));
#152 = ( GEOMETRIC_REPRESENTATION_CONTEXT(2) 
PARAMETRIC_REPRESENTATION_CONTEXT() REPRESENTATION_CONTEXT('2D SPACE',''
  ) );
#153 = PCURVE('',#71,#154);
#154 = DEFINITIONAL_REPRESENTATION('',(#155),#158);
#155 = B_SPLINE_CURVE_WITH_KNOTS('',1,(#156,#157),.UNSPECIFIED.,.F.,.F.,
  (2,2),(11.2295,138.7705),.PIECEWISE_BEZIER_KNOTS.);
#156 = CARTESIAN_POINT('',(10.,-86.2295));
#157 = CARTESIAN_POINT('',(10.,-213.7705));
#158 = ( GEOMETRIC_REPRESENTATION_CONTEXT(2) 
PARAMETRIC_REPRESENTATION_CONTEXT() REPRESENTATION_CONTEXT('2D SPACE',''
  ) );
#159 = ORIENTED_EDGE('',*,*,#21,.T.);
#160 = ORIENTED_EDGE('',*,*,#161,.T.);
#161 = EDGE_CURVE('',#24,#162,#164,.T.);
#162 = VERTEX_POINT('',#163);
#163 = CARTESIAN_POINT('',(49.571,-55.7705,0.));
#164 = SURFACE_CURVE('',#165,(#170,#177),.PCURVE_S1.);
#165 = CIRCLE('',#166,6.);
#166 = AXIS2_PLACEMENT_3D('',#167,#168,#169);
#167 = CARTESIAN_POINT('',(43.571,-55.7705,0.));
#168 = DIRECTION('',(0.,0.,1.));
#169 = DIRECTION('',(0.,-1.,0.));
#170 = PCURVE('',#44,#171);
#171 = DEFINITIONAL_REPRESENTATION('',(#172),#176);
#172 = CIRCLE('',#173,6.);
#173 = AXIS2_PLACEMENT_2D('',#174,#175);
#174 = CARTESIAN_POINT('',(43.5355,-55.7705));
#175 = DIRECTION('',(0.,-1.));
#176 = ( GEOMETRIC_REPRESENTATION_CONTEXT(2) 
PARAMETRIC_REPRESENTATION_CONTEXT() REPRESENTATION_CONTEXT('2D SPACE',''
  ) );
#177 = PCURVE('',#124,#178);
#178 = DEFINITIONAL_REPRESENTATION('',(#179),#183);
#179 = LINE('',#180,#181);
#180 = CARTESIAN_POINT('',(0.,0.));
#181 = VECTOR('',#182,1.);
#182 = DIRECTION('',(1.,0.));
#183 = ( GEOMETRIC_REPRESENTATION_CONTEXT(2) 
PARAMETRIC_REPRESENTATION_CONTEXT() REPRESENTATION_CONTEXT('2D SPACE',''
  ) );
#184 = ORIENTED_EDGE('',*,*,#185,.T.);
#185 = EDGE_CURVE('',#162,#186,#188,.T.);
#186 = VERTEX_POINT('',#187);
#187 = CARTESIAN_POINT('',(49.571,-63.7705,0.));
#188 = SURFACE_CURVE('',#189,(#193,#200),.PCURVE_S1.);
#189 = LINE('',#190,#191);
#190 = CARTESIAN_POINT('',(49.571,-47.7705,0.));
#191 = VECTOR('',#192,1.);
#192 = DIRECTION('',(0.,-1.,0.));
#193 = PCURVE('',#44,#194);
#194 = DEFINITIONAL_REPRESENTATION('',(#195),#199);
#195 = LINE('',#196,#197);
#196 = CARTESIAN_POINT('',(49.5355,-47.7705));
#197 = VECTOR('',#198,1.);
#198 = DIRECTION('',(0.,-1.));
#199 = ( GEOMETRIC_REPRESENTATION_CONTEXT(2) 
PARAMETRIC_REPRESENTATION_CONTEXT() REPRESENTATION_CONTEXT('2D SPACE',''
  ) );
#200 = PCURVE('',#201,#206);
#201 = PLANE('',#202);
#202 = AXIS2_PLACEMENT_3D('',#203,#204,#205);
#203 = CARTESIAN_POINT('',(49.571,-47.7705,0.));
#204 = DIRECTION('',(1.,0.,-0.));
#205 = DIRECTION('',(0.,-1.,0.));
#206 = DEFINITIONAL_REPRESENTATION('',(#207),#211);
#207 = LINE('',#208,#209);
#208 = CARTESIAN_POINT('',(0.,0.));
#209 = VECTOR('',#210,1.);
#210 = DIRECTION('',(1.,0.));
#211 = ( GEOMETRIC_REPRESENTATION_CONTEXT(2) 
PARAMETRIC_REPRESENTATION_CONTEXT() REPRESENTATION_CONTEXT('2D SPACE',''
  ) );
#212 = ORIENTED_EDGE('',*,*,#213,.T.);
#213 = EDGE_CURVE('',#186,#214,#216,.T.);
#214 = VERTEX_POINT('',#215);
#215 = CARTESIAN_POINT('',(60.571,-63.7705,0.));
#216 = SURFACE_CURVE('',#217,(#221,#228),.PCURVE_S1.);
#217 = LINE('',#218,#219);
#218 = CARTESIAN_POINT('',(49.571,-63.7705,0.));
#219 = VECTOR('',#220,1.);
#220 = DIRECTION('',(1.,0.,0.));
#221 = PCURVE('',#44,#222);
#222 = DEFINITIONAL_REPRESENTATION('',(#223),#227);
#223 = LINE('',#224,#225);
#224 = CARTESIAN_POINT('',(49.5355,-63.7705));
#225 = VECTOR('',#226,1.);
#226 = DIRECTION('',(1.,0.));
#227 = ( GEOMETRIC_REPRESENTATION_CONTEXT(2) 
PARAMETRIC_REPRESENTATION_CONTEXT() REPRESENTATION_CONTEXT('2D SPACE',''
  ) );
#228 = PCURVE('',#229,#234);
#229 = PLANE('',#230);
#230 = AXIS2_PLACEMENT_3D('',#231,#232,#233);
#231 = CARTESIAN_POINT('',(49.571,-63.7705,0.));
#232 = DIRECTION('',(0.,1.,0.));
#233 = DIRECTION('',(1.,0.,0.));
#234 = DEFINITIONAL_REPRESENTATION('',(#235),#239);
#235 = LINE('',#236,#237);
#236 = CARTESIAN_POINT('',(0.,0.));
#237 = VECTOR('',#238,1.);
#238 = DIRECTION('',(1.,0.));
#239 = ( GEOMETRIC_REPRESENTATION_CONTEXT(2) 
PARAMETRIC_REPRESENTATION_CONTEXT() REPRESENTATION_CONTEXT('2D SPACE',''
  ) );
#240 = ORIENTED_EDGE('',*,*,#241,.T.);
#241 = EDGE_CURVE('',#214,#242,#244,.T.);
#242 = VERTEX_POINT('',#243);
#243 = CARTESIAN_POINT('',(60.571,-47.7705,0.));
#244 = SURFACE_CURVE('',#245,(#250,#257),.PCURVE_S1.);
#245 = CIRCLE('',#246,8.);
#246 = AXIS2_PLACEMENT_3D('',#247,#248,#249);
#247 = CARTESIAN_POINT('',(60.571,-55.7705,0.));
#248 = DIRECTION('',(-0.,0.,1.));
#249 = DIRECTION('',(0.,-1.,0.));
#250 = PCURVE('',#44,#251);
#251 = DEFINITIONAL_REPRESENTATION('',(#252),#256);
#252 = CIRCLE('',#253,8.);
#253 = AXIS2_PLACEMENT_2D('',#254,#255);
#254 = CARTESIAN_POINT('',(60.5355,-55.7705));
#255 = DIRECTION('',(0.,-1.));
#256 = ( GEOMETRIC_REPRESENTATION_CONTEXT(2) 
PARAMETRIC_REPRESENTATION_CONTEXT() REPRESENTATION_CONTEXT('2D SPACE',''
  ) );
#257 = PCURVE('',#258,#263);
#258 = CYLINDRICAL_SURFACE('',#259,8.);
#259 = AXIS2_PLACEMENT_3D('',#260,#261,#262);
#260 = CARTESIAN_POINT('',(60.571,-55.7705,0.));
#261 = DIRECTION('',(-0.,-0.,-1.));
#262 = DIRECTION('',(1.,0.,0.));
#263 = DEFINITIONAL_REPRESENTATION('',(#264),#268);
#264 = LINE('',#265,#266);
#265 = CARTESIAN_POINT('',(-4.712388980385,0.));
#266 = VECTOR('',#267,1.);
#267 = DIRECTION('',(-1.,0.));
#268 = ( GEOMETRIC_REPRESENTATION_CONTEXT(2) 
PARAMETRIC_REPRESENTATION_CONTEXT() REPRESENTATION_CONTEXT('2D SPACE',''
  ) );
#269 = ORIENTED_EDGE('',*,*,#270,.T.);
#270 = EDGE_CURVE('',#242,#271,#273,.T.);
#271 = VERTEX_POINT('',#272);
#272 = CARTESIAN_POINT('',(49.571,-47.7705,0.));
#273 = SURFACE_CURVE('',#274,(#278,#285),.PCURVE_S1.);
#274 = LINE('',#275,#276);
#275 = CARTESIAN_POINT('',(60.571,-47.7705,0.));
#276 = VECTOR('',#277,1.);
#277 = DIRECTION('',(-1.,0.,0.));
#278 = PCURVE('',#44,#279);
#279 = DEFINITIONAL_REPRESENTATION('',(#280),#284);
#280 = LINE('',#281,#282);
#281 = CARTESIAN_POINT('',(60.5355,-47.7705));
#282 = VECTOR('',#283,1.);
#283 = DIRECTION('',(-1.,0.));
#284 = ( GEOMETRIC_REPRESENTATION_CONTEXT(2) 
PARAMETRIC_REPRESENTATION_CONTEXT() REPRESENTATION_CONTEXT('2D SPACE',''
  ) );
#285 = PCURVE('',#286,#291);
#286 = PLANE('',#287);
#287 = AXIS2_PLACEMENT_3D('',#288,#289,#290);
#288 = CARTESIAN_POINT('',(60.571,-47.7705,0.));
#289 = DIRECTION('',(0.,-1.,0.));
#290 = DIRECTION('',(-1.,0.,0.));
#291 = DEFINITIONAL_REPRESENTATION('',(#292),#296);
#292 = LINE('',#293,#294);
#293 = CARTESIAN_POINT('',(0.,-0.));
#294 = VECTOR('',#295,1.);
#295 = DIRECTION('',(1.,0.));
#296 = ( GEOMETRIC_REPRESENTATION_CONTEXT(2) 
PARAMETRIC_REPRESENTATION_CONTEXT() REPRESENTATION_CONTEXT('2D SPACE',''
  ) );
#297 = ORIENTED_EDGE('',*,*,#298,.T.);
#298 = EDGE_CURVE('',#271,#299,#301,.T.);
#299 = VERTEX_POINT('',#300);
#300 = CARTESIAN_POINT('',(49.571,47.7705,0.));
#301 = SURFACE_CURVE('',#302,(#306,#313),.PCURVE_S1.);
#302 = LINE('',#303,#304);
#303 = CARTESIAN_POINT('',(49.571,-61.7705,0.));
#304 = VECTOR('',#305,1.);
#305 = DIRECTION('',(0.,1.,0.));
#306 = PCURVE('',#44,#307);
#307 = DEFINITIONAL_REPRESENTATION('',(#308),#312);
#308 = LINE('',#309,#310);
#309 = CARTESIAN_POINT('',(49.5355,-61.7705));
#310 = VECTOR('',#311,1.);
#311 = DIRECTION('',(0.,1.));
#312 = ( GEOMETRIC_REPRESENTATION_CONTEXT(2) 
PARAMETRIC_REPRESENTATION_CONTEXT() REPRESENTATION_CONTEXT('2D SPACE',''
  ) );
#313 = PCURVE('',#314,#319);
#314 = PLANE('',#315);
#315 = AXIS2_PLACEMENT_3D('',#316,#317,#318);
#316 = CARTESIAN_POINT('',(49.571,-61.7705,0.));
#317 = DIRECTION('',(-1.,0.,0.));
#318 = DIRECTION('',(0.,1.,0.));
#319 = DEFINITIONAL_REPRESENTATION('',(#320),#324);
#320 = LINE('',#321,#322);
#321 = CARTESIAN_POINT('',(0.,0.));
#322 = VECTOR('',#323,1.);
#323 = DIRECTION('',(1.,0.));
#324 = ( GEOMETRIC_REPRESENTATION_CONTEXT(2) 
PARAMETRIC_REPRESENTATION_CONTEXT() REPRESENTATION_CONTEXT('2D SPACE',''
  ) );
#325 = ORIENTED_EDGE('',*,*,#326,.T.);
#326 = EDGE_CURVE('',#299,#327,#329,.T.);
#327 = VERTEX_POINT('',#328);
#328 = CARTESIAN_POINT('',(60.571,47.7705,0.));
#329 = SURFACE_CURVE('',#330,(#334,#341),.PCURVE_S1.);
#330 = LINE('',#331,#332);
#331 = CARTESIAN_POINT('',(49.571,47.7705,0.));
#332 = VECTOR('',#333,1.);
#333 = DIRECTION('',(1.,0.,0.));
#334 = PCURVE('',#44,#335);
#335 = DEFINITIONAL_REPRESENTATION('',(#336),#340);
#336 = LINE('',#337,#338);
#337 = CARTESIAN_POINT('',(49.5355,47.7705));
#338 = VECTOR('',#339,1.);
#339 = DIRECTION('',(1.,0.));
#340 = ( GEOMETRIC_REPRESENTATION_CONTEXT(2) 
PARAMETRIC_REPRESENTATION_CONTEXT() REPRESENTATION_CONTEXT('2D SPACE',''
  ) );
#341 = PCURVE('',#342,#347);
#342 = PLANE('',#343);
#343 = AXIS2_PLACEMENT_3D('',#344,#345,#346);
#344 = CARTESIAN_POINT('',(49.571,47.7705,0.));
#345 = DIRECTION('',(0.,1.,0.));
#346 = DIRECTION('',(1.,0.,0.));
#347 = DEFINITIONAL_REPRESENTATION('',(#348),#352);
#348 = LINE('',#349,#350);
#349 = CARTESIAN_POINT('',(0.,0.));
#350 = VECTOR('',#351,1.);
#351 = DIRECTION('',(1.,0.));
#352 = ( GEOMETRIC_REPRESENTATION_CONTEXT(2) 
PARAMETRIC_REPRESENTATION_CONTEXT() REPRESENTATION_CONTEXT('2D SPACE',''
  ) );
#353 = ORIENTED_EDGE('',*,*,#354,.T.);
#354 = EDGE_CURVE('',#327,#355,#357,.T.);
#355 = VERTEX_POINT('',#356);
#356 = CARTESIAN_POINT('',(60.571,63.7705,0.));
#357 = SURFACE_CURVE('',#358,(#363,#370),.PCURVE_S1.);
#358 = CIRCLE('',#359,8.);
#359 = AXIS2_PLACEMENT_3D('',#360,#361,#362);
#360 = CARTESIAN_POINT('',(60.571,55.7705,0.));
#361 = DIRECTION('',(-0.,0.,1.));
#362 = DIRECTION('',(0.,-1.,0.));
#363 = PCURVE('',#44,#364);
#364 = DEFINITIONAL_REPRESENTATION('',(#365),#369);
#365 = CIRCLE('',#366,8.);
#366 = AXIS2_PLACEMENT_2D('',#367,#368);
#367 = CARTESIAN_POINT('',(60.5355,55.7705));
#368 = DIRECTION('',(0.,-1.));
#369 = ( GEOMETRIC_REPRESENTATION_CONTEXT(2) 
PARAMETRIC_REPRESENTATION_CONTEXT() REPRESENTATION_CONTEXT('2D SPACE',''
  ) );
#370 = PCURVE('',#371,#376);
#371 = CYLINDRICAL_SURFACE('',#372,8.);
#372 = AXIS2_PLACEMENT_3D('',#373,#374,#375);
#373 = CARTESIAN_POINT('',(60.571,55.7705,0.));
#374 = DIRECTION('',(-0.,-0.,-1.));
#375 = DIRECTION('',(1.,0.,0.));
#376 = DEFINITIONAL_REPRESENTATION('',(#377),#381);
#377 = LINE('',#378,#379);
#378 = CARTESIAN_POINT('',(-4.712388980385,0.));
#379 = VECTOR('',#380,1.);
#380 = DIRECTION('',(-1.,0.));
#381 = ( GEOMETRIC_REPRESENTATION_CONTEXT(2) 
PARAMETRIC_REPRESENTATION_CONTEXT() REPRESENTATION_CONTEXT('2D SPACE',''
  ) );
#382 = ORIENTED_EDGE('',*,*,#383,.T.);
#383 = EDGE_CURVE('',#355,#384,#386,.T.);
#384 = VERTEX_POINT('',#385);
#385 = CARTESIAN_POINT('',(49.571,63.7705,0.));
#386 = SURFACE_CURVE('',#387,(#391,#398),.PCURVE_S1.);
#387 = LINE('',#388,#389);
#388 = CARTESIAN_POINT('',(60.571,63.7705,0.));
#389 = VECTOR('',#390,1.);
#390 = DIRECTION('',(-1.,0.,0.));
#391 = PCURVE('',#44,#392);
#392 = DEFINITIONAL_REPRESENTATION('',(#393),#397);
#393 = LINE('',#394,#395);
#394 = CARTESIAN_POINT('',(60.5355,63.7705));
#395 = VECTOR('',#396,1.);
#396 = DIRECTION('',(-1.,0.));
#397 = ( GEOMETRIC_REPRESENTATION_CONTEXT(2) 
PARAMETRIC_REPRESENTATION_CONTEXT() REPRESENTATION_CONTEXT('2D SPACE',''
  ) );
#398 = PCURVE('',#399,#404);
#399 = PLANE('',#400);
#400 = AXIS2_PLACEMENT_3D('',#401,#402,#403);
#401 = CARTESIAN_POINT('',(60.571,63.7705,0.));
#402 = DIRECTION('',(0.,-1.,0.));
#403 = DIRECTION('',(-1.,0.,0.));
#404 = DEFINITIONAL_REPRESENTATION('',(#405),#409);
#405 = LINE('',#406,#407);
#406 = CARTESIAN_POINT('',(0.,-0.));
#407 = VECTOR('',#408,1.);
#408 = DIRECTION('',(1.,0.));
#409 = ( GEOMETRIC_REPRESENTATION_CONTEXT(2) 
PARAMETRIC_REPRESENTATION_CONTEXT() REPRESENTATION_CONTEXT('2D SPACE',''
  ) );
#410 = ORIENTED_EDGE('',*,*,#411,.T.);
#411 = EDGE_CURVE('',#384,#412,#414,.T.);
#412 = VERTEX_POINT('',#413);
#413 = CARTESIAN_POINT('',(49.571,55.7705,0.));
#414 = SURFACE_CURVE('',#415,(#419,#426),.PCURVE_S1.);
#415 = LINE('',#416,#417);
#416 = CARTESIAN_POINT('',(49.571,63.7705,0.));
#417 = VECTOR('',#418,1.);
#418 = DIRECTION('',(0.,-1.,0.));
#419 = PCURVE('',#44,#420);
#420 = DEFINITIONAL_REPRESENTATION('',(#421),#425);
#421 = LINE('',#422,#423);
#422 = CARTESIAN_POINT('',(49.5355,63.7705));
#423 = VECTOR('',#424,1.);
#424 = DIRECTION('',(0.,-1.));
#425 = ( GEOMETRIC_REPRESENTATION_CONTEXT(2) 
PARAMETRIC_REPRESENTATION_CONTEXT() REPRESENTATION_CONTEXT('2D SPACE',''
  ) );
#426 = PCURVE('',#427,#432);
#427 = PLANE('',#428);
#428 = AXIS2_PLACEMENT_3D('',#429,#430,#431);
#429 = CARTESIAN_POINT('',(49.571,63.7705,0.));
#430 = DIRECTION('',(1.,0.,-0.));
#431 = DIRECTION('',(0.,-1.,0.));
#432 = DEFINITIONAL_REPRESENTATION('',(#433),#437);
#433 = LINE('',#434,#435);
#434 = CARTESIAN_POINT('',(0.,0.));
#435 = VECTOR('',#436,1.);
#436 = DIRECTION('',(1.,0.));
#437 = ( GEOMETRIC_REPRESENTATION_CONTEXT(2) 
PARAMETRIC_REPRESENTATION_CONTEXT() REPRESENTATION_CONTEXT('2D SPACE',''
  ) );
#438 = ORIENTED_EDGE('',*,*,#439,.T.);
#439 = EDGE_CURVE('',#412,#440,#442,.T.);
#440 = VERTEX_POINT('',#441);
#441 = CARTESIAN_POINT('',(43.571,61.7705,0.));
#442 = SURFACE_CURVE('',#443,(#448,#455),.PCURVE_S1.);
#443 = CIRCLE('',#444,6.);
#444 = AXIS2_PLACEMENT_3D('',#445,#446,#447);
#445 = CARTESIAN_POINT('',(43.571,55.7705,0.));
#446 = DIRECTION('',(0.,0.,1.));
#447 = DIRECTION('',(0.,-1.,0.));
#448 = PCURVE('',#44,#449);
#449 = DEFINITIONAL_REPRESENTATION('',(#450),#454);
#450 = CIRCLE('',#451,6.);
#451 = AXIS2_PLACEMENT_2D('',#452,#453);
#452 = CARTESIAN_POINT('',(43.5355,55.7705));
#453 = DIRECTION('',(0.,-1.));
#454 = ( GEOMETRIC_REPRESENTATION_CONTEXT(2) 
PARAMETRIC_REPRESENTATION_CONTEXT() REPRESENTATION_CONTEXT('2D SPACE',''
  ) );
#455 = PCURVE('',#456,#461);
#456 = CYLINDRICAL_SURFACE('',#457,6.);
#457 = AXIS2_PLACEMENT_3D('',#458,#459,#460);
#458 = CARTESIAN_POINT('',(43.571,55.7705,0.));
#459 = DIRECTION('',(0.,0.,1.));
#460 = DIRECTION('',(1.,0.,-0.));
#461 = DEFINITIONAL_REPRESENTATION('',(#462),#466);
#462 = LINE('',#463,#464);
#463 = CARTESIAN_POINT('',(-1.570796326795,0.));
#464 = VECTOR('',#465,1.);
#465 = DIRECTION('',(1.,0.));
#466 = ( GEOMETRIC_REPRESENTATION_CONTEXT(2) 
PARAMETRIC_REPRESENTATION_CONTEXT() REPRESENTATION_CONTEXT('2D SPACE',''
  ) );
#467 = ORIENTED_EDGE('',*,*,#468,.T.);
#468 = EDGE_CURVE('',#440,#469,#471,.T.);
#469 = VERTEX_POINT('',#470);
#470 = CARTESIAN_POINT('',(0.,61.7705,0.));
#471 = SURFACE_CURVE('',#472,(#476,#483),.PCURVE_S1.);
#472 = LINE('',#473,#474);
#473 = CARTESIAN_POINT('',(49.571,61.7705,0.));
#474 = VECTOR('',#475,1.);
#475 = DIRECTION('',(-1.,0.,0.));
#476 = PCURVE('',#44,#477);
#477 = DEFINITIONAL_REPRESENTATION('',(#478),#482);
#478 = LINE('',#479,#480);
#479 = CARTESIAN_POINT('',(49.5355,61.7705));
#480 = VECTOR('',#481,1.);
#481 = DIRECTION('',(-1.,0.));
#482 = ( GEOMETRIC_REPRESENTATION_CONTEXT(2) 
PARAMETRIC_REPRESENTATION_CONTEXT() REPRESENTATION_CONTEXT('2D SPACE',''
  ) );
#483 = PCURVE('',#484,#489);
#484 = PLANE('',#485);
#485 = AXIS2_PLACEMENT_3D('',#486,#487,#488);
#486 = CARTESIAN_POINT('',(49.571,61.7705,0.));
#487 = DIRECTION('',(0.,-1.,0.));
#488 = DIRECTION('',(-1.,0.,0.));
#489 = DEFINITIONAL_REPRESENTATION('',(#490),#494);
#490 = LINE('',#491,#492);
#491 = CARTESIAN_POINT('',(0.,-0.));
#492 = VECTOR('',#493,1.);
#493 = DIRECTION('',(1.,0.));
#494 = ( GEOMETRIC_REPRESENTATION_CONTEXT(2) 
PARAMETRIC_REPRESENTATION_CONTEXT() REPRESENTATION_CONTEXT('2D SPACE',''
  ) );
#495 = ORIENTED_EDGE('',*,*,#496,.F.);
#496 = EDGE_CURVE('',#497,#469,#499,.T.);
#497 = VERTEX_POINT('',#498);
#498 = CARTESIAN_POINT('',(0.,58.5705,0.));
#499 = SURFACE_CURVE('',#500,(#504,#510),.PCURVE_S1.);
#500 = LINE('',#501,#502);
#501 = CARTESIAN_POINT('',(0.,-75.,0.));
#502 = VECTOR('',#503,1.);
#503 = DIRECTION('',(-0.,1.,0.));
#504 = PCURVE('',#44,#505);
#505 = DEFINITIONAL_REPRESENTATION('',(#506),#509);
#506 = B_SPLINE_CURVE_WITH_KNOTS('',1,(#507,#508),.UNSPECIFIED.,.F.,.F.,
  (2,2),(11.2295,138.7705),.PIECEWISE_BEZIER_KNOTS.);
#507 = CARTESIAN_POINT('',(-3.55E-02,-63.7705));
#508 = CARTESIAN_POINT('',(-3.55E-02,63.7705));
#509 = ( GEOMETRIC_REPRESENTATION_CONTEXT(2) 
PARAMETRIC_REPRESENTATION_CONTEXT() REPRESENTATION_CONTEXT('2D SPACE',''
  ) );
#510 = PCURVE('',#511,#516);
#511 = PLANE('',#512);
#512 = AXIS2_PLACEMENT_3D('',#513,#514,#515);
#513 = CARTESIAN_POINT('',(0.,-150.,-10.));
#514 = DIRECTION('',(1.,0.,-0.));
#515 = DIRECTION('',(0.,0.,1.));
#516 = DEFINITIONAL_REPRESENTATION('',(#517),#520);
#517 = B_SPLINE_CURVE_WITH_KNOTS('',1,(#518,#519),.UNSPECIFIED.,.F.,.F.,
  (2,2),(11.2295,138.7705),.PIECEWISE_BEZIER_KNOTS.);
#518 = CARTESIAN_POINT('',(10.,-86.2295));
#519 = CARTESIAN_POINT('',(10.,-213.7705));
#520 = ( GEOMETRIC_REPRESENTATION_CONTEXT(2) 
PARAMETRIC_REPRESENTATION_CONTEXT() REPRESENTATION_CONTEXT('2D SPACE',''
  ) );
#521 = ORIENTED_EDGE('',*,*,#522,.T.);
#522 = EDGE_CURVE('',#497,#523,#525,.T.);
#523 = VERTEX_POINT('',#524);
#524 = CARTESIAN_POINT('',(10.4,58.5705,0.));
#525 = SURFACE_CURVE('',#526,(#530,#537),.PCURVE_S1.);
#526 = LINE('',#527,#528);
#527 = CARTESIAN_POINT('',(23.20325,58.5705,0.));
#528 = VECTOR('',#529,1.);
#529 = DIRECTION('',(1.,0.,-0.));
#530 = PCURVE('',#44,#531);
#531 = DEFINITIONAL_REPRESENTATION('',(#532),#536);
#532 = LINE('',#533,#534);
#533 = CARTESIAN_POINT('',(23.16775,58.5705));
#534 = VECTOR('',#535,1.);
#535 = DIRECTION('',(1.,0.));
#536 = ( GEOMETRIC_REPRESENTATION_CONTEXT(2) 
PARAMETRIC_REPRESENTATION_CONTEXT() REPRESENTATION_CONTEXT('2D SPACE',''
  ) );
#537 = PCURVE('',#538,#543);
#538 = PLANE('',#539);
#539 = AXIS2_PLACEMENT_3D('',#540,#541,#542);
#540 = CARTESIAN_POINT('',(46.371,58.5705,-1.));
#541 = DIRECTION('',(0.,-1.,0.));
#542 = DIRECTION('',(-1.,0.,0.));
#543 = DEFINITIONAL_REPRESENTATION('',(#544),#547);
#544 = B_SPLINE_CURVE_WITH_KNOTS('',1,(#545,#546),.UNSPECIFIED.,.F.,.F.,
  (2,2),(-69.50325,23.16775),.PIECEWISE_BEZIER_KNOTS.);
#545 = CARTESIAN_POINT('',(92.671,-1.));
#546 = CARTESIAN_POINT('',(0.,-1.));
#547 = ( GEOMETRIC_REPRESENTATION_CONTEXT(2) 
PARAMETRIC_REPRESENTATION_CONTEXT() REPRESENTATION_CONTEXT('2D SPACE',''
  ) );
#548 = ORIENTED_EDGE('',*,*,#549,.F.);
#549 = EDGE_CURVE('',#550,#523,#552,.T.);
#550 = VERTEX_POINT('',#551);
#551 = CARTESIAN_POINT('',(10.4,58.1835,0.));
#552 = SURFACE_CURVE('',#553,(#557,#564),.PCURVE_S1.);
#553 = LINE('',#554,#555);
#554 = CARTESIAN_POINT('',(10.4,-58.5705,0.));
#555 = VECTOR('',#556,1.);
#556 = DIRECTION('',(0.,1.,0.));
#557 = PCURVE('',#44,#558);
#558 = DEFINITIONAL_REPRESENTATION('',(#559),#563);
#559 = LINE('',#560,#561);
#560 = CARTESIAN_POINT('',(10.3645,-58.5705));
#561 = VECTOR('',#562,1.);
#562 = DIRECTION('',(0.,1.));
#563 = ( GEOMETRIC_REPRESENTATION_CONTEXT(2) 
PARAMETRIC_REPRESENTATION_CONTEXT() REPRESENTATION_CONTEXT('2D SPACE',''
  ) );
#564 = PCURVE('',#565,#570);
#565 = PLANE('',#566);
#566 = AXIS2_PLACEMENT_3D('',#567,#568,#569);
#567 = CARTESIAN_POINT('',(10.4,58.5705,0.));
#568 = DIRECTION('',(1.,0.,-0.));
#569 = DIRECTION('',(0.,-1.,0.));
#570 = DEFINITIONAL_REPRESENTATION('',(#571),#575);
#571 = LINE('',#572,#573);
#572 = CARTESIAN_POINT('',(117.141,0.));
#573 = VECTOR('',#574,1.);
#574 = DIRECTION('',(-1.,0.));
#575 = ( GEOMETRIC_REPRESENTATION_CONTEXT(2) 
PARAMETRIC_REPRESENTATION_CONTEXT() REPRESENTATION_CONTEXT('2D SPACE',''
  ) );
#576 = ORIENTED_EDGE('',*,*,#577,.T.);
#577 = EDGE_CURVE('',#550,#578,#580,.T.);
#578 = VERTEX_POINT('',#579);
#579 = CARTESIAN_POINT('',(7.438,58.1835,0.));
#580 = SURFACE_CURVE('',#581,(#585,#592),.PCURVE_S1.);
#581 = LINE('',#582,#583);
#582 = CARTESIAN_POINT('',(17.438,58.1835,0.));
#583 = VECTOR('',#584,1.);
#584 = DIRECTION('',(-1.,0.,0.));
#585 = PCURVE('',#44,#586);
#586 = DEFINITIONAL_REPRESENTATION('',(#587),#591);
#587 = LINE('',#588,#589);
#588 = CARTESIAN_POINT('',(17.4025,58.1835));
#589 = VECTOR('',#590,1.);
#590 = DIRECTION('',(-1.,0.));
#591 = ( GEOMETRIC_REPRESENTATION_CONTEXT(2) 
PARAMETRIC_REPRESENTATION_CONTEXT() REPRESENTATION_CONTEXT('2D SPACE',''
  ) );
#592 = PCURVE('',#593,#598);
#593 = PLANE('',#594);
#594 = AXIS2_PLACEMENT_3D('',#595,#596,#597);
#595 = CARTESIAN_POINT('',(17.438,58.1835,0.));
#596 = DIRECTION('',(0.,-1.,0.));
#597 = DIRECTION('',(-1.,0.,0.));
#598 = DEFINITIONAL_REPRESENTATION('',(#599),#603);
#599 = LINE('',#600,#601);
#600 = CARTESIAN_POINT('',(0.,-0.));
#601 = VECTOR('',#602,1.);
#602 = DIRECTION('',(1.,0.));
#603 = ( GEOMETRIC_REPRESENTATION_CONTEXT(2) 
PARAMETRIC_REPRESENTATION_CONTEXT() REPRESENTATION_CONTEXT('2D SPACE',''
  ) );
#604 = ORIENTED_EDGE('',*,*,#605,.T.);
#605 = EDGE_CURVE('',#578,#606,#608,.T.);
#606 = VERTEX_POINT('',#607);
#607 = CARTESIAN_POINT('',(7.438,48.1835,0.));
#608 = SURFACE_CURVE('',#609,(#613,#620),.PCURVE_S1.);
#609 = LINE('',#610,#611);
#610 = CARTESIAN_POINT('',(7.438,58.1835,0.));
#611 = VECTOR('',#612,1.);
#612 = DIRECTION('',(0.,-1.,0.));
#613 = PCURVE('',#44,#614);
#614 = DEFINITIONAL_REPRESENTATION('',(#615),#619);
#615 = LINE('',#616,#617);
#616 = CARTESIAN_POINT('',(7.4025,58.1835));
#617 = VECTOR('',#618,1.);
#618 = DIRECTION('',(0.,-1.));
#619 = ( GEOMETRIC_REPRESENTATION_CONTEXT(2) 
PARAMETRIC_REPRESENTATION_CONTEXT() REPRESENTATION_CONTEXT('2D SPACE',''
  ) );
#620 = PCURVE('',#621,#626);
#621 = PLANE('',#622);
#622 = AXIS2_PLACEMENT_3D('',#623,#624,#625);
#623 = CARTESIAN_POINT('',(7.438,58.1835,0.));
#624 = DIRECTION('',(1.,0.,-0.));
#625 = DIRECTION('',(0.,-1.,0.));
#626 = DEFINITIONAL_REPRESENTATION('',(#627),#631);
#627 = LINE('',#628,#629);
#628 = CARTESIAN_POINT('',(0.,0.));
#629 = VECTOR('',#630,1.);
#630 = DIRECTION('',(1.,0.));
#631 = ( GEOMETRIC_REPRESENTATION_CONTEXT(2) 
PARAMETRIC_REPRESENTATION_CONTEXT() REPRESENTATION_CONTEXT('2D SPACE',''
  ) );
#632 = ORIENTED_EDGE('',*,*,#633,.T.);
#633 = EDGE_CURVE('',#606,#634,#636,.T.);
#634 = VERTEX_POINT('',#635);
#635 = CARTESIAN_POINT('',(10.4,48.1835,0.));
#636 = SURFACE_CURVE('',#637,(#641,#648),.PCURVE_S1.);
#637 = LINE('',#638,#639);
#638 = CARTESIAN_POINT('',(7.438,48.1835,0.));
#639 = VECTOR('',#640,1.);
#640 = DIRECTION('',(1.,0.,0.));
#641 = PCURVE('',#44,#642);
#642 = DEFINITIONAL_REPRESENTATION('',(#643),#647);
#643 = LINE('',#644,#645);
#644 = CARTESIAN_POINT('',(7.4025,48.1835));
#645 = VECTOR('',#646,1.);
#646 = DIRECTION('',(1.,0.));
#647 = ( GEOMETRIC_REPRESENTATION_CONTEXT(2) 
PARAMETRIC_REPRESENTATION_CONTEXT() REPRESENTATION_CONTEXT('2D SPACE',''
  ) );
#648 = PCURVE('',#649,#654);
#649 = PLANE('',#650);
#650 = AXIS2_PLACEMENT_3D('',#651,#652,#653);
#651 = CARTESIAN_POINT('',(7.438,48.1835,0.));
#652 = DIRECTION('',(0.,1.,0.));
#653 = DIRECTION('',(1.,0.,0.));
#654 = DEFINITIONAL_REPRESENTATION('',(#655),#659);
#655 = LINE('',#656,#657);
#656 = CARTESIAN_POINT('',(0.,0.));
#657 = VECTOR('',#658,1.);
#658 = DIRECTION('',(1.,0.));
#659 = ( GEOMETRIC_REPRESENTATION_CONTEXT(2) 
PARAMETRIC_REPRESENTATION_CONTEXT() REPRESENTATION_CONTEXT('2D SPACE',''
  ) );
#660 = ORIENTED_EDGE('',*,*,#661,.F.);
#661 = EDGE_CURVE('',#662,#634,#664,.T.);
#662 = VERTEX_POINT('',#663);
#663 = CARTESIAN_POINT('',(10.4,43.7,0.));
#664 = SURFACE_CURVE('',#665,(#669,#676),.PCURVE_S1.);
#665 = LINE('',#666,#667);
#666 = CARTESIAN_POINT('',(10.4,-58.5705,0.));
#667 = VECTOR('',#668,1.);
#668 = DIRECTION('',(0.,1.,0.));
#669 = PCURVE('',#44,#670);
#670 = DEFINITIONAL_REPRESENTATION('',(#671),#675);
#671 = LINE('',#672,#673);
#672 = CARTESIAN_POINT('',(10.3645,-58.5705));
#673 = VECTOR('',#674,1.);
#674 = DIRECTION('',(0.,1.));
#675 = ( GEOMETRIC_REPRESENTATION_CONTEXT(2) 
PARAMETRIC_REPRESENTATION_CONTEXT() REPRESENTATION_CONTEXT('2D SPACE',''
  ) );
#676 = PCURVE('',#677,#682);
#677 = PLANE('',#678);
#678 = AXIS2_PLACEMENT_3D('',#679,#680,#681);
#679 = CARTESIAN_POINT('',(10.4,58.5705,0.));
#680 = DIRECTION('',(1.,0.,-0.));
#681 = DIRECTION('',(0.,-1.,0.));
#682 = DEFINITIONAL_REPRESENTATION('',(#683),#687);
#683 = LINE('',#684,#685);
#684 = CARTESIAN_POINT('',(117.141,0.));
#685 = VECTOR('',#686,1.);
#686 = DIRECTION('',(-1.,0.));
#687 = ( GEOMETRIC_REPRESENTATION_CONTEXT(2) 
PARAMETRIC_REPRESENTATION_CONTEXT() REPRESENTATION_CONTEXT('2D SPACE',''
  ) );
#688 = ORIENTED_EDGE('',*,*,#689,.F.);
#689 = EDGE_CURVE('',#690,#662,#692,.T.);
#690 = VERTEX_POINT('',#691);
#691 = CARTESIAN_POINT('',(14.05,43.7,0.));
#692 = SURFACE_CURVE('',#693,(#697,#703),.PCURVE_S1.);
#693 = LINE('',#694,#695);
#694 = CARTESIAN_POINT('',(4.99275,43.7,0.));
#695 = VECTOR('',#696,1.);
#696 = DIRECTION('',(-1.,0.,0.));
#697 = PCURVE('',#44,#698);
#698 = DEFINITIONAL_REPRESENTATION('',(#699),#702);
#699 = B_SPLINE_CURVE_WITH_KNOTS('',1,(#700,#701),.UNSPECIFIED.,.F.,.F.,
  (2,2),(-9.05725,-4.95725),.PIECEWISE_BEZIER_KNOTS.);
#700 = CARTESIAN_POINT('',(14.0145,43.7));
#701 = CARTESIAN_POINT('',(9.9145,43.7));
#702 = ( GEOMETRIC_REPRESENTATION_CONTEXT(2) 
PARAMETRIC_REPRESENTATION_CONTEXT() REPRESENTATION_CONTEXT('2D SPACE',''
  ) );
#703 = PCURVE('',#704,#709);
#704 = PLANE('',#705);
#705 = AXIS2_PLACEMENT_3D('',#706,#707,#708);
#706 = CARTESIAN_POINT('',(9.95,43.7,-1.));
#707 = DIRECTION('',(0.,1.,0.));
#708 = DIRECTION('',(1.,0.,0.));
#709 = DEFINITIONAL_REPRESENTATION('',(#710),#713);
#710 = B_SPLINE_CURVE_WITH_KNOTS('',1,(#711,#712),.UNSPECIFIED.,.F.,.F.,
  (2,2),(-9.05725,-4.95725),.PIECEWISE_BEZIER_KNOTS.);
#711 = CARTESIAN_POINT('',(4.1,-1.));
#712 = CARTESIAN_POINT('',(0.,-1.));
#713 = ( GEOMETRIC_REPRESENTATION_CONTEXT(2) 
PARAMETRIC_REPRESENTATION_CONTEXT() REPRESENTATION_CONTEXT('2D SPACE',''
  ) );
#714 = ORIENTED_EDGE('',*,*,#715,.T.);
#715 = EDGE_CURVE('',#690,#716,#718,.T.);
#716 = VERTEX_POINT('',#717);
#717 = CARTESIAN_POINT('',(14.05,40.3,0.));
#718 = SURFACE_CURVE('',#719,(#724,#735),.PCURVE_S1.);
#719 = CIRCLE('',#720,1.7);
#720 = AXIS2_PLACEMENT_3D('',#721,#722,#723);
#721 = CARTESIAN_POINT('',(14.05,42.,0.));
#722 = DIRECTION('',(0.,0.,-1.));
#723 = DIRECTION('',(0.,1.,0.));
#724 = PCURVE('',#44,#725);
#725 = DEFINITIONAL_REPRESENTATION('',(#726),#734);
#726 = ( BOUNDED_CURVE() B_SPLINE_CURVE(2,(#727,#728,#729,#730,#731,#732
,#733),.UNSPECIFIED.,.T.,.F.) B_SPLINE_CURVE_WITH_KNOTS((1,2,2,2,2,1),(
    -2.094395102393,0.,2.094395102393,4.188790204786,6.28318530718,
8.377580409573),.UNSPECIFIED.) CURVE() GEOMETRIC_REPRESENTATION_ITEM() 
RATIONAL_B_SPLINE_CURVE((1.,0.5,1.,0.5,1.,0.5,1.)) REPRESENTATION_ITEM(
  '') );
#727 = CARTESIAN_POINT('',(14.0145,43.7));
#728 = CARTESIAN_POINT('',(16.958986372867,43.7));
#729 = CARTESIAN_POINT('',(15.486743186434,41.15));
#730 = CARTESIAN_POINT('',(14.0145,38.6));
#731 = CARTESIAN_POINT('',(12.542256813566,41.15));
#732 = CARTESIAN_POINT('',(11.070013627133,43.7));
#733 = CARTESIAN_POINT('',(14.0145,43.7));
#734 = ( GEOMETRIC_REPRESENTATION_CONTEXT(2) 
PARAMETRIC_REPRESENTATION_CONTEXT() REPRESENTATION_CONTEXT('2D SPACE',''
  ) );
#735 = PCURVE('',#736,#741);
#736 = CYLINDRICAL_SURFACE('',#737,1.7);
#737 = AXIS2_PLACEMENT_3D('',#738,#739,#740);
#738 = CARTESIAN_POINT('',(14.05,42.,-1.));
#739 = DIRECTION('',(0.,0.,-1.));
#740 = DIRECTION('',(0.,1.,0.));
#741 = DEFINITIONAL_REPRESENTATION('',(#742),#746);
#742 = LINE('',#743,#744);
#743 = CARTESIAN_POINT('',(0.,-1.));
#744 = VECTOR('',#745,1.);
#745 = DIRECTION('',(1.,0.));
#746 = ( GEOMETRIC_REPRESENTATION_CONTEXT(2) 
PARAMETRIC_REPRESENTATION_CONTEXT() REPRESENTATION_CONTEXT('2D SPACE',''
  ) );
#747 = ORIENTED_EDGE('',*,*,#748,.F.);
#748 = EDGE_CURVE('',#749,#716,#751,.T.);
#749 = VERTEX_POINT('',#750);
#750 = CARTESIAN_POINT('',(10.4,40.3,0.));
#751 = SURFACE_CURVE('',#752,(#756,#762),.PCURVE_S1.);
#752 = LINE('',#753,#754);
#753 = CARTESIAN_POINT('',(7.04275,40.3,0.));
#754 = VECTOR('',#755,1.);
#755 = DIRECTION('',(1.,0.,-0.));
#756 = PCURVE('',#44,#757);
#757 = DEFINITIONAL_REPRESENTATION('',(#758),#761);
#758 = B_SPLINE_CURVE_WITH_KNOTS('',1,(#759,#760),.UNSPECIFIED.,.F.,.F.,
  (2,2),(2.90725,7.00725),.PIECEWISE_BEZIER_KNOTS.);
#759 = CARTESIAN_POINT('',(9.9145,40.3));
#760 = CARTESIAN_POINT('',(14.0145,40.3));
#761 = ( GEOMETRIC_REPRESENTATION_CONTEXT(2) 
PARAMETRIC_REPRESENTATION_CONTEXT() REPRESENTATION_CONTEXT('2D SPACE',''
  ) );
#762 = PCURVE('',#763,#768);
#763 = PLANE('',#764);
#764 = AXIS2_PLACEMENT_3D('',#765,#766,#767);
#765 = CARTESIAN_POINT('',(14.05,40.3,-1.));
#766 = DIRECTION('',(0.,-1.,0.));
#767 = DIRECTION('',(-1.,0.,0.));
#768 = DEFINITIONAL_REPRESENTATION('',(#769),#772);
#769 = B_SPLINE_CURVE_WITH_KNOTS('',1,(#770,#771),.UNSPECIFIED.,.F.,.F.,
  (2,2),(2.90725,7.00725),.PIECEWISE_BEZIER_KNOTS.);
#770 = CARTESIAN_POINT('',(4.1,-1.));
#771 = CARTESIAN_POINT('',(0.,-1.));
#772 = ( GEOMETRIC_REPRESENTATION_CONTEXT(2) 
PARAMETRIC_REPRESENTATION_CONTEXT() REPRESENTATION_CONTEXT('2D SPACE',''
  ) );
#773 = ORIENTED_EDGE('',*,*,#774,.F.);
#774 = EDGE_CURVE('',#775,#749,#777,.T.);
#775 = VERTEX_POINT('',#776);
#776 = CARTESIAN_POINT('',(10.4,15.7,0.));
#777 = SURFACE_CURVE('',#778,(#782,#789),.PCURVE_S1.);
#778 = LINE('',#779,#780);
#779 = CARTESIAN_POINT('',(10.4,-58.5705,0.));
#780 = VECTOR('',#781,1.);
#781 = DIRECTION('',(0.,1.,0.));
#782 = PCURVE('',#44,#783);
#783 = DEFINITIONAL_REPRESENTATION('',(#784),#788);
#784 = LINE('',#785,#786);
#785 = CARTESIAN_POINT('',(10.3645,-58.5705));
#786 = VECTOR('',#787,1.);
#787 = DIRECTION('',(0.,1.));
#788 = ( GEOMETRIC_REPRESENTATION_CONTEXT(2) 
PARAMETRIC_REPRESENTATION_CONTEXT() REPRESENTATION_CONTEXT('2D SPACE',''
  ) );
#789 = PCURVE('',#790,#795);
#790 = PLANE('',#791);
#791 = AXIS2_PLACEMENT_3D('',#792,#793,#794);
#792 = CARTESIAN_POINT('',(10.4,58.5705,0.));
#793 = DIRECTION('',(1.,0.,-0.));
#794 = DIRECTION('',(0.,-1.,0.));
#795 = DEFINITIONAL_REPRESENTATION('',(#796),#800);
#796 = LINE('',#797,#798);
#797 = CARTESIAN_POINT('',(117.141,0.));
#798 = VECTOR('',#799,1.);
#799 = DIRECTION('',(-1.,0.));
#800 = ( GEOMETRIC_REPRESENTATION_CONTEXT(2) 
PARAMETRIC_REPRESENTATION_CONTEXT() REPRESENTATION_CONTEXT('2D SPACE',''
  ) );
#801 = ORIENTED_EDGE('',*,*,#802,.F.);
#802 = EDGE_CURVE('',#803,#775,#805,.T.);
#803 = VERTEX_POINT('',#804);
#804 = CARTESIAN_POINT('',(14.05,15.7,0.));
#805 = SURFACE_CURVE('',#806,(#810,#816),.PCURVE_S1.);
#806 = LINE('',#807,#808);
#807 = CARTESIAN_POINT('',(4.99275,15.7,0.));
#808 = VECTOR('',#809,1.);
#809 = DIRECTION('',(-1.,0.,0.));
#810 = PCURVE('',#44,#811);
#811 = DEFINITIONAL_REPRESENTATION('',(#812),#815);
#812 = B_SPLINE_CURVE_WITH_KNOTS('',1,(#813,#814),.UNSPECIFIED.,.F.,.F.,
  (2,2),(-9.05725,-4.95725),.PIECEWISE_BEZIER_KNOTS.);
#813 = CARTESIAN_POINT('',(14.0145,15.7));
#814 = CARTESIAN_POINT('',(9.9145,15.7));
#815 = ( GEOMETRIC_REPRESENTATION_CONTEXT(2) 
PARAMETRIC_REPRESENTATION_CONTEXT() REPRESENTATION_CONTEXT('2D SPACE',''
  ) );
#816 = PCURVE('',#817,#822);
#817 = PLANE('',#818);
#818 = AXIS2_PLACEMENT_3D('',#819,#820,#821);
#819 = CARTESIAN_POINT('',(9.95,15.7,-1.));
#820 = DIRECTION('',(0.,1.,0.));
#821 = DIRECTION('',(1.,0.,0.));
#822 = DEFINITIONAL_REPRESENTATION('',(#823),#826);
#823 = B_SPLINE_CURVE_WITH_KNOTS('',1,(#824,#825),.UNSPECIFIED.,.F.,.F.,
  (2,2),(-9.05725,-4.95725),.PIECEWISE_BEZIER_KNOTS.);
#824 = CARTESIAN_POINT('',(4.1,-1.));
#825 = CARTESIAN_POINT('',(0.,-1.));
#826 = ( GEOMETRIC_REPRESENTATION_CONTEXT(2) 
PARAMETRIC_REPRESENTATION_CONTEXT() REPRESENTATION_CONTEXT('2D SPACE',''
  ) );
#827 = ORIENTED_EDGE('',*,*,#828,.T.);
#828 = EDGE_CURVE('',#803,#829,#831,.T.);
#829 = VERTEX_POINT('',#830);
#830 = CARTESIAN_POINT('',(14.05,12.3,0.));
#831 = SURFACE_CURVE('',#832,(#837,#848),.PCURVE_S1.);
#832 = CIRCLE('',#833,1.7);
#833 = AXIS2_PLACEMENT_3D('',#834,#835,#836);
#834 = CARTESIAN_POINT('',(14.05,14.,0.));
#835 = DIRECTION('',(0.,0.,-1.));
#836 = DIRECTION('',(0.,1.,0.));
#837 = PCURVE('',#44,#838);
#838 = DEFINITIONAL_REPRESENTATION('',(#839),#847);
#839 = ( BOUNDED_CURVE() B_SPLINE_CURVE(2,(#840,#841,#842,#843,#844,#845
,#846),.UNSPECIFIED.,.T.,.F.) B_SPLINE_CURVE_WITH_KNOTS((1,2,2,2,2,1),(
    -2.094395102393,0.,2.094395102393,4.188790204786,6.28318530718,
8.377580409573),.UNSPECIFIED.) CURVE() GEOMETRIC_REPRESENTATION_ITEM() 
RATIONAL_B_SPLINE_CURVE((1.,0.5,1.,0.5,1.,0.5,1.)) REPRESENTATION_ITEM(
  '') );
#840 = CARTESIAN_POINT('',(14.0145,15.7));
#841 = CARTESIAN_POINT('',(16.958986372867,15.7));
#842 = CARTESIAN_POINT('',(15.486743186434,13.15));
#843 = CARTESIAN_POINT('',(14.0145,10.6));
#844 = CARTESIAN_POINT('',(12.542256813566,13.15));
#845 = CARTESIAN_POINT('',(11.070013627133,15.7));
#846 = CARTESIAN_POINT('',(14.0145,15.7));
#847 = ( GEOMETRIC_REPRESENTATION_CONTEXT(2) 
PARAMETRIC_REPRESENTATION_CONTEXT() REPRESENTATION_CONTEXT('2D SPACE',''
  ) );
#848 = PCURVE('',#849,#854);
#849 = CYLINDRICAL_SURFACE('',#850,1.7);
#850 = AXIS2_PLACEMENT_3D('',#851,#852,#853);
#851 = CARTESIAN_POINT('',(14.05,14.,-1.));
#852 = DIRECTION('',(0.,0.,-1.));
#853 = DIRECTION('',(0.,1.,0.));
#854 = DEFINITIONAL_REPRESENTATION('',(#855),#859);
#855 = LINE('',#856,#857);
#856 = CARTESIAN_POINT('',(0.,-1.));
#857 = VECTOR('',#858,1.);
#858 = DIRECTION('',(1.,0.));
#859 = ( GEOMETRIC_REPRESENTATION_CONTEXT(2) 
PARAMETRIC_REPRESENTATION_CONTEXT() REPRESENTATION_CONTEXT('2D SPACE',''
  ) );
#860 = ORIENTED_EDGE('',*,*,#861,.F.);
#861 = EDGE_CURVE('',#862,#829,#864,.T.);
#862 = VERTEX_POINT('',#863);
#863 = CARTESIAN_POINT('',(10.4,12.3,0.));
#864 = SURFACE_CURVE('',#865,(#869,#875),.PCURVE_S1.);
#865 = LINE('',#866,#867);
#866 = CARTESIAN_POINT('',(7.04275,12.3,0.));
#867 = VECTOR('',#868,1.);
#868 = DIRECTION('',(1.,0.,-0.));
#869 = PCURVE('',#44,#870);
#870 = DEFINITIONAL_REPRESENTATION('',(#871),#874);
#871 = B_SPLINE_CURVE_WITH_KNOTS('',1,(#872,#873),.UNSPECIFIED.,.F.,.F.,
  (2,2),(2.90725,7.00725),.PIECEWISE_BEZIER_KNOTS.);
#872 = CARTESIAN_POINT('',(9.9145,12.3));
#873 = CARTESIAN_POINT('',(14.0145,12.3));
#874 = ( GEOMETRIC_REPRESENTATION_CONTEXT(2) 
PARAMETRIC_REPRESENTATION_CONTEXT() REPRESENTATION_CONTEXT('2D SPACE',''
  ) );
#875 = PCURVE('',#876,#881);
#876 = PLANE('',#877);
#877 = AXIS2_PLACEMENT_3D('',#878,#879,#880);
#878 = CARTESIAN_POINT('',(14.05,12.3,-1.));
#879 = DIRECTION('',(0.,-1.,0.));
#880 = DIRECTION('',(-1.,0.,0.));
#881 = DEFINITIONAL_REPRESENTATION('',(#882),#885);
#882 = B_SPLINE_CURVE_WITH_KNOTS('',1,(#883,#884),.UNSPECIFIED.,.F.,.F.,
  (2,2),(2.90725,7.00725),.PIECEWISE_BEZIER_KNOTS.);
#883 = CARTESIAN_POINT('',(4.1,-1.));
#884 = CARTESIAN_POINT('',(0.,-1.));
#885 = ( GEOMETRIC_REPRESENTATION_CONTEXT(2) 
PARAMETRIC_REPRESENTATION_CONTEXT() REPRESENTATION_CONTEXT('2D SPACE',''
  ) );
#886 = ORIENTED_EDGE('',*,*,#887,.F.);
#887 = EDGE_CURVE('',#888,#862,#890,.T.);
#888 = VERTEX_POINT('',#889);
#889 = CARTESIAN_POINT('',(10.4,-12.3,0.));
#890 = SURFACE_CURVE('',#891,(#895,#902),.PCURVE_S1.);
#891 = LINE('',#892,#893);
#892 = CARTESIAN_POINT('',(10.4,-58.5705,0.));
#893 = VECTOR('',#894,1.);
#894 = DIRECTION('',(0.,1.,0.));
#895 = PCURVE('',#44,#896);
#896 = DEFINITIONAL_REPRESENTATION('',(#897),#901);
#897 = LINE('',#898,#899);
#898 = CARTESIAN_POINT('',(10.3645,-58.5705));
#899 = VECTOR('',#900,1.);
#900 = DIRECTION('',(0.,1.));
#901 = ( GEOMETRIC_REPRESENTATION_CONTEXT(2) 
PARAMETRIC_REPRESENTATION_CONTEXT() REPRESENTATION_CONTEXT('2D SPACE',''
  ) );
#902 = PCURVE('',#903,#908);
#903 = PLANE('',#904);
#904 = AXIS2_PLACEMENT_3D('',#905,#906,#907);
#905 = CARTESIAN_POINT('',(10.4,58.5705,0.));
#906 = DIRECTION('',(1.,0.,-0.));
#907 = DIRECTION('',(0.,-1.,0.));
#908 = DEFINITIONAL_REPRESENTATION('',(#909),#913);
#909 = LINE('',#910,#911);
#910 = CARTESIAN_POINT('',(117.141,0.));
#911 = VECTOR('',#912,1.);
#912 = DIRECTION('',(-1.,0.));
#913 = ( GEOMETRIC_REPRESENTATION_CONTEXT(2) 
PARAMETRIC_REPRESENTATION_CONTEXT() REPRESENTATION_CONTEXT('2D SPACE',''
  ) );
#914 = ORIENTED_EDGE('',*,*,#915,.F.);
#915 = EDGE_CURVE('',#916,#888,#918,.T.);
#916 = VERTEX_POINT('',#917);
#917 = CARTESIAN_POINT('',(14.05,-12.3,0.));
#918 = SURFACE_CURVE('',#919,(#923,#929),.PCURVE_S1.);
#919 = LINE('',#920,#921);
#920 = CARTESIAN_POINT('',(4.99275,-12.3,0.));
#921 = VECTOR('',#922,1.);
#922 = DIRECTION('',(-1.,0.,0.));
#923 = PCURVE('',#44,#924);
#924 = DEFINITIONAL_REPRESENTATION('',(#925),#928);
#925 = B_SPLINE_CURVE_WITH_KNOTS('',1,(#926,#927),.UNSPECIFIED.,.F.,.F.,
  (2,2),(-9.05725,-4.95725),.PIECEWISE_BEZIER_KNOTS.);
#926 = CARTESIAN_POINT('',(14.0145,-12.3));
#927 = CARTESIAN_POINT('',(9.9145,-12.3));
#928 = ( GEOMETRIC_REPRESENTATION_CONTEXT(2) 
PARAMETRIC_REPRESENTATION_CONTEXT() REPRESENTATION_CONTEXT('2D SPACE',''
  ) );
#929 = PCURVE('',#930,#935);
#930 = PLANE('',#931);
#931 = AXIS2_PLACEMENT_3D('',#932,#933,#934);
#932 = CARTESIAN_POINT('',(9.95,-12.3,-1.));
#933 = DIRECTION('',(0.,1.,0.));
#934 = DIRECTION('',(1.,0.,0.));
#935 = DEFINITIONAL_REPRESENTATION('',(#936),#939);
#936 = B_SPLINE_CURVE_WITH_KNOTS('',1,(#937,#938),.UNSPECIFIED.,.F.,.F.,
  (2,2),(-9.05725,-4.95725),.PIECEWISE_BEZIER_KNOTS.);
#937 = CARTESIAN_POINT('',(4.1,-1.));
#938 = CARTESIAN_POINT('',(0.,-1.));
#939 = ( GEOMETRIC_REPRESENTATION_CONTEXT(2) 
PARAMETRIC_REPRESENTATION_CONTEXT() REPRESENTATION_CONTEXT('2D SPACE',''
  ) );
#940 = ORIENTED_EDGE('',*,*,#941,.T.);
#941 = EDGE_CURVE('',#916,#942,#944,.T.);
#942 = VERTEX_POINT('',#943);
#943 = CARTESIAN_POINT('',(14.05,-15.7,0.));
#944 = SURFACE_CURVE('',#945,(#950,#961),.PCURVE_S1.);
#945 = CIRCLE('',#946,1.7);
#946 = AXIS2_PLACEMENT_3D('',#947,#948,#949);
#947 = CARTESIAN_POINT('',(14.05,-14.,0.));
#948 = DIRECTION('',(0.,0.,-1.));
#949 = DIRECTION('',(0.,1.,0.));
#950 = PCURVE('',#44,#951);
#951 = DEFINITIONAL_REPRESENTATION('',(#952),#960);
#952 = ( BOUNDED_CURVE() B_SPLINE_CURVE(2,(#953,#954,#955,#956,#957,#958
,#959),.UNSPECIFIED.,.T.,.F.) B_SPLINE_CURVE_WITH_KNOTS((1,2,2,2,2,1),(
    -2.094395102393,0.,2.094395102393,4.188790204786,6.28318530718,
8.377580409573),.UNSPECIFIED.) CURVE() GEOMETRIC_REPRESENTATION_ITEM() 
RATIONAL_B_SPLINE_CURVE((1.,0.5,1.,0.5,1.,0.5,1.)) REPRESENTATION_ITEM(
  '') );
#953 = CARTESIAN_POINT('',(14.0145,-12.3));
#954 = CARTESIAN_POINT('',(16.958986372867,-12.3));
#955 = CARTESIAN_POINT('',(15.486743186434,-14.85));
#956 = CARTESIAN_POINT('',(14.0145,-17.4));
#957 = CARTESIAN_POINT('',(12.542256813566,-14.85));
#958 = CARTESIAN_POINT('',(11.070013627133,-12.3));
#959 = CARTESIAN_POINT('',(14.0145,-12.3));
#960 = ( GEOMETRIC_REPRESENTATION_CONTEXT(2) 
PARAMETRIC_REPRESENTATION_CONTEXT() REPRESENTATION_CONTEXT('2D SPACE',''
  ) );
#961 = PCURVE('',#962,#967);
#962 = CYLINDRICAL_SURFACE('',#963,1.7);
#963 = AXIS2_PLACEMENT_3D('',#964,#965,#966);
#964 = CARTESIAN_POINT('',(14.05,-14.,-1.));
#965 = DIRECTION('',(0.,0.,-1.));
#966 = DIRECTION('',(0.,1.,0.));
#967 = DEFINITIONAL_REPRESENTATION('',(#968),#972);
#968 = LINE('',#969,#970);
#969 = CARTESIAN_POINT('',(0.,-1.));
#970 = VECTOR('',#971,1.);
#971 = DIRECTION('',(1.,0.));
#972 = ( GEOMETRIC_REPRESENTATION_CONTEXT(2) 
PARAMETRIC_REPRESENTATION_CONTEXT() REPRESENTATION_CONTEXT('2D SPACE',''
  ) );
#973 = ORIENTED_EDGE('',*,*,#974,.F.);
#974 = EDGE_CURVE('',#975,#942,#977,.T.);
#975 = VERTEX_POINT('',#976);
#976 = CARTESIAN_POINT('',(10.4,-15.7,0.));
#977 = SURFACE_CURVE('',#978,(#982,#988),.PCURVE_S1.);
#978 = LINE('',#979,#980);
#979 = CARTESIAN_POINT('',(7.04275,-15.7,0.));
#980 = VECTOR('',#981,1.);
#981 = DIRECTION('',(1.,0.,-0.));
#982 = PCURVE('',#44,#983);
#983 = DEFINITIONAL_REPRESENTATION('',(#984),#987);
#984 = B_SPLINE_CURVE_WITH_KNOTS('',1,(#985,#986),.UNSPECIFIED.,.F.,.F.,
  (2,2),(2.90725,7.00725),.PIECEWISE_BEZIER_KNOTS.);
#985 = CARTESIAN_POINT('',(9.9145,-15.7));
#986 = CARTESIAN_POINT('',(14.0145,-15.7));
#987 = ( GEOMETRIC_REPRESENTATION_CONTEXT(2) 
PARAMETRIC_REPRESENTATION_CONTEXT() REPRESENTATION_CONTEXT('2D SPACE',''
  ) );
#988 = PCURVE('',#989,#994);
#989 = PLANE('',#990);
#990 = AXIS2_PLACEMENT_3D('',#991,#992,#993);
#991 = CARTESIAN_POINT('',(14.05,-15.7,-1.));
#992 = DIRECTION('',(0.,-1.,0.));
#993 = DIRECTION('',(-1.,0.,0.));
#994 = DEFINITIONAL_REPRESENTATION('',(#995),#998);
#995 = B_SPLINE_CURVE_WITH_KNOTS('',1,(#996,#997),.UNSPECIFIED.,.F.,.F.,
  (2,2),(2.90725,7.00725),.PIECEWISE_BEZIER_KNOTS.);
#996 = CARTESIAN_POINT('',(4.1,-1.));
#997 = CARTESIAN_POINT('',(0.,-1.));
#998 = ( GEOMETRIC_REPRESENTATION_CONTEXT(2) 
PARAMETRIC_REPRESENTATION_CONTEXT() REPRESENTATION_CONTEXT('2D SPACE',''
  ) );
#999 = ORIENTED_EDGE('',*,*,#1000,.F.);
#1000 = EDGE_CURVE('',#1001,#975,#1003,.T.);
#1001 = VERTEX_POINT('',#1002);
#1002 = CARTESIAN_POINT('',(10.4,-40.3,0.));
#1003 = SURFACE_CURVE('',#1004,(#1008,#1015),.PCURVE_S1.);
#1004 = LINE('',#1005,#1006);
#1005 = CARTESIAN_POINT('',(10.4,-58.5705,0.));
#1006 = VECTOR('',#1007,1.);
#1007 = DIRECTION('',(0.,1.,0.));
#1008 = PCURVE('',#44,#1009);
#1009 = DEFINITIONAL_REPRESENTATION('',(#1010),#1014);
#1010 = LINE('',#1011,#1012);
#1011 = CARTESIAN_POINT('',(10.3645,-58.5705));
#1012 = VECTOR('',#1013,1.);
#1013 = DIRECTION('',(0.,1.));
#1014 = ( GEOMETRIC_REPRESENTATION_CONTEXT(2) 
PARAMETRIC_REPRESENTATION_CONTEXT() REPRESENTATION_CONTEXT('2D SPACE',''
  ) );
#1015 = PCURVE('',#1016,#1021);
#1016 = PLANE('',#1017);
#1017 = AXIS2_PLACEMENT_3D('',#1018,#1019,#1020);
#1018 = CARTESIAN_POINT('',(10.4,58.5705,0.));
#1019 = DIRECTION('',(1.,0.,-0.));
#1020 = DIRECTION('',(0.,-1.,0.));
#1021 = DEFINITIONAL_REPRESENTATION('',(#1022),#1026);
#1022 = LINE('',#1023,#1024);
#1023 = CARTESIAN_POINT('',(117.141,0.));
#1024 = VECTOR('',#1025,1.);
#1025 = DIRECTION('',(-1.,0.));
#1026 = ( GEOMETRIC_REPRESENTATION_CONTEXT(2) 
PARAMETRIC_REPRESENTATION_CONTEXT() REPRESENTATION_CONTEXT('2D SPACE',''
  ) );
#1027 = ORIENTED_EDGE('',*,*,#1028,.F.);
#1028 = EDGE_CURVE('',#1029,#1001,#1031,.T.);
#1029 = VERTEX_POINT('',#1030);
#1030 = CARTESIAN_POINT('',(14.05,-40.3,0.));
#1031 = SURFACE_CURVE('',#1032,(#1036,#1042),.PCURVE_S1.);
#1032 = LINE('',#1033,#1034);
#1033 = CARTESIAN_POINT('',(4.99275,-40.3,0.));
#1034 = VECTOR('',#1035,1.);
#1035 = DIRECTION('',(-1.,0.,0.));
#1036 = PCURVE('',#44,#1037);
#1037 = DEFINITIONAL_REPRESENTATION('',(#1038),#1041);
#1038 = B_SPLINE_CURVE_WITH_KNOTS('',1,(#1039,#1040),.UNSPECIFIED.,.F.,
  .F.,(2,2),(-9.05725,-4.95725),.PIECEWISE_BEZIER_KNOTS.);
#1039 = CARTESIAN_POINT('',(14.0145,-40.3));
#1040 = CARTESIAN_POINT('',(9.9145,-40.3));
#1041 = ( GEOMETRIC_REPRESENTATION_CONTEXT(2) 
PARAMETRIC_REPRESENTATION_CONTEXT() REPRESENTATION_CONTEXT('2D SPACE',''
  ) );
#1042 = PCURVE('',#1043,#1048);
#1043 = PLANE('',#1044);
#1044 = AXIS2_PLACEMENT_3D('',#1045,#1046,#1047);
#1045 = CARTESIAN_POINT('',(9.95,-40.3,-1.));
#1046 = DIRECTION('',(0.,1.,0.));
#1047 = DIRECTION('',(1.,0.,0.));
#1048 = DEFINITIONAL_REPRESENTATION('',(#1049),#1052);
#1049 = B_SPLINE_CURVE_WITH_KNOTS('',1,(#1050,#1051),.UNSPECIFIED.,.F.,
  .F.,(2,2),(-9.05725,-4.95725),.PIECEWISE_BEZIER_KNOTS.);
#1050 = CARTESIAN_POINT('',(4.1,-1.));
#1051 = CARTESIAN_POINT('',(0.,-1.));
#1052 = ( GEOMETRIC_REPRESENTATION_CONTEXT(2) 
PARAMETRIC_REPRESENTATION_CONTEXT() REPRESENTATION_CONTEXT('2D SPACE',''
  ) );
#1053 = ORIENTED_EDGE('',*,*,#1054,.T.);
#1054 = EDGE_CURVE('',#1029,#1055,#1057,.T.);
#1055 = VERTEX_POINT('',#1056);
#1056 = CARTESIAN_POINT('',(14.05,-43.7,0.));
#1057 = SURFACE_CURVE('',#1058,(#1063,#1074),.PCURVE_S1.);
#1058 = CIRCLE('',#1059,1.7);
#1059 = AXIS2_PLACEMENT_3D('',#1060,#1061,#1062);
#1060 = CARTESIAN_POINT('',(14.05,-42.,0.));
#1061 = DIRECTION('',(0.,0.,-1.));
#1062 = DIRECTION('',(0.,1.,0.));
#1063 = PCURVE('',#44,#1064);
#1064 = DEFINITIONAL_REPRESENTATION('',(#1065),#1073);
#1065 = ( BOUNDED_CURVE() B_SPLINE_CURVE(2,(#1066,#1067,#1068,#1069,
#1070,#1071,#1072),.UNSPECIFIED.,.T.,.F.) B_SPLINE_CURVE_WITH_KNOTS((1,2
    ,2,2,2,1),(-2.094395102393,0.,2.094395102393,4.188790204786,
6.28318530718,8.377580409573),.UNSPECIFIED.) CURVE() 
GEOMETRIC_REPRESENTATION_ITEM() RATIONAL_B_SPLINE_CURVE((1.,0.5,1.,0.5,
1.,0.5,1.)) REPRESENTATION_ITEM('') );
#1066 = CARTESIAN_POINT('',(14.0145,-40.3));
#1067 = CARTESIAN_POINT('',(16.958986372867,-40.3));
#1068 = CARTESIAN_POINT('',(15.486743186434,-42.85));
#1069 = CARTESIAN_POINT('',(14.0145,-45.4));
#1070 = CARTESIAN_POINT('',(12.542256813566,-42.85));
#1071 = CARTESIAN_POINT('',(11.070013627133,-40.3));
#1072 = CARTESIAN_POINT('',(14.0145,-40.3));
#1073 = ( GEOMETRIC_REPRESENTATION_CONTEXT(2) 
PARAMETRIC_REPRESENTATION_CONTEXT() REPRESENTATION_CONTEXT('2D SPACE',''
  ) );
#1074 = PCURVE('',#1075,#1080);
#1075 = CYLINDRICAL_SURFACE('',#1076,1.7);
#1076 = AXIS2_PLACEMENT_3D('',#1077,#1078,#1079);
#1077 = CARTESIAN_POINT('',(14.05,-42.,-1.));
#1078 = DIRECTION('',(0.,0.,-1.));
#1079 = DIRECTION('',(0.,1.,0.));
#1080 = DEFINITIONAL_REPRESENTATION('',(#1081),#1085);
#1081 = LINE('',#1082,#1083);
#1082 = CARTESIAN_POINT('',(0.,-1.));
#1083 = VECTOR('',#1084,1.);
#1084 = DIRECTION('',(1.,0.));
#1085 = ( GEOMETRIC_REPRESENTATION_CONTEXT(2) 
PARAMETRIC_REPRESENTATION_CONTEXT() REPRESENTATION_CONTEXT('2D SPACE',''
  ) );
#1086 = ORIENTED_EDGE('',*,*,#1087,.F.);
#1087 = EDGE_CURVE('',#1088,#1055,#1090,.T.);
#1088 = VERTEX_POINT('',#1089);
#1089 = CARTESIAN_POINT('',(10.4,-43.7,0.));
#1090 = SURFACE_CURVE('',#1091,(#1095,#1101),.PCURVE_S1.);
#1091 = LINE('',#1092,#1093);
#1092 = CARTESIAN_POINT('',(7.04275,-43.7,0.));
#1093 = VECTOR('',#1094,1.);
#1094 = DIRECTION('',(1.,0.,-0.));
#1095 = PCURVE('',#44,#1096);
#1096 = DEFINITIONAL_REPRESENTATION('',(#1097),#1100);
#1097 = B_SPLINE_CURVE_WITH_KNOTS('',1,(#1098,#1099),.UNSPECIFIED.,.F.,
  .F.,(2,2),(2.90725,7.00725),.PIECEWISE_BEZIER_KNOTS.);
#1098 = CARTESIAN_POINT('',(9.9145,-43.7));
#1099 = CARTESIAN_POINT('',(14.0145,-43.7));
#1100 = ( GEOMETRIC_REPRESENTATION_CONTEXT(2) 
PARAMETRIC_REPRESENTATION_CONTEXT() REPRESENTATION_CONTEXT('2D SPACE',''
  ) );
#1101 = PCURVE('',#1102,#1107);
#1102 = PLANE('',#1103);
#1103 = AXIS2_PLACEMENT_3D('',#1104,#1105,#1106);
#1104 = CARTESIAN_POINT('',(14.05,-43.7,-1.));
#1105 = DIRECTION('',(0.,-1.,0.));
#1106 = DIRECTION('',(-1.,0.,0.));
#1107 = DEFINITIONAL_REPRESENTATION('',(#1108),#1111);
#1108 = B_SPLINE_CURVE_WITH_KNOTS('',1,(#1109,#1110),.UNSPECIFIED.,.F.,
  .F.,(2,2),(2.90725,7.00725),.PIECEWISE_BEZIER_KNOTS.);
#1109 = CARTESIAN_POINT('',(4.1,-1.));
#1110 = CARTESIAN_POINT('',(0.,-1.));
#1111 = ( GEOMETRIC_REPRESENTATION_CONTEXT(2) 
PARAMETRIC_REPRESENTATION_CONTEXT() REPRESENTATION_CONTEXT('2D SPACE',''
  ) );
#1112 = ORIENTED_EDGE('',*,*,#1113,.F.);
#1113 = EDGE_CURVE('',#1114,#1088,#1116,.T.);
#1114 = VERTEX_POINT('',#1115);
#1115 = CARTESIAN_POINT('',(10.4,-47.3535,0.));
#1116 = SURFACE_CURVE('',#1117,(#1121,#1128),.PCURVE_S1.);
#1117 = LINE('',#1118,#1119);
#1118 = CARTESIAN_POINT('',(10.4,-58.5705,0.));
#1119 = VECTOR('',#1120,1.);
#1120 = DIRECTION('',(0.,1.,0.));
#1121 = PCURVE('',#44,#1122);
#1122 = DEFINITIONAL_REPRESENTATION('',(#1123),#1127);
#1123 = LINE('',#1124,#1125);
#1124 = CARTESIAN_POINT('',(10.3645,-58.5705));
#1125 = VECTOR('',#1126,1.);
#1126 = DIRECTION('',(0.,1.));
#1127 = ( GEOMETRIC_REPRESENTATION_CONTEXT(2) 
PARAMETRIC_REPRESENTATION_CONTEXT() REPRESENTATION_CONTEXT('2D SPACE',''
  ) );
#1128 = PCURVE('',#1129,#1134);
#1129 = PLANE('',#1130);
#1130 = AXIS2_PLACEMENT_3D('',#1131,#1132,#1133);
#1131 = CARTESIAN_POINT('',(10.4,58.5705,0.));
#1132 = DIRECTION('',(1.,0.,-0.));
#1133 = DIRECTION('',(0.,-1.,0.));
#1134 = DEFINITIONAL_REPRESENTATION('',(#1135),#1139);
#1135 = LINE('',#1136,#1137);
#1136 = CARTESIAN_POINT('',(117.141,0.));
#1137 = VECTOR('',#1138,1.);
#1138 = DIRECTION('',(-1.,0.));
#1139 = ( GEOMETRIC_REPRESENTATION_CONTEXT(2) 
PARAMETRIC_REPRESENTATION_CONTEXT() REPRESENTATION_CONTEXT('2D SPACE',''
  ) );
#1140 = ORIENTED_EDGE('',*,*,#1141,.T.);
#1141 = EDGE_CURVE('',#1114,#1142,#1144,.T.);
#1142 = VERTEX_POINT('',#1143);
#1143 = CARTESIAN_POINT('',(7.438,-47.3535,0.));
#1144 = SURFACE_CURVE('',#1145,(#1149,#1156),.PCURVE_S1.);
#1145 = LINE('',#1146,#1147);
#1146 = CARTESIAN_POINT('',(17.438,-47.3535,0.));
#1147 = VECTOR('',#1148,1.);
#1148 = DIRECTION('',(-1.,0.,0.));
#1149 = PCURVE('',#44,#1150);
#1150 = DEFINITIONAL_REPRESENTATION('',(#1151),#1155);
#1151 = LINE('',#1152,#1153);
#1152 = CARTESIAN_POINT('',(17.4025,-47.3535));
#1153 = VECTOR('',#1154,1.);
#1154 = DIRECTION('',(-1.,0.));
#1155 = ( GEOMETRIC_REPRESENTATION_CONTEXT(2) 
PARAMETRIC_REPRESENTATION_CONTEXT() REPRESENTATION_CONTEXT('2D SPACE',''
  ) );
#1156 = PCURVE('',#1157,#1162);
#1157 = PLANE('',#1158);
#1158 = AXIS2_PLACEMENT_3D('',#1159,#1160,#1161);
#1159 = CARTESIAN_POINT('',(17.438,-47.3535,0.));
#1160 = DIRECTION('',(0.,-1.,0.));
#1161 = DIRECTION('',(-1.,0.,0.));
#1162 = DEFINITIONAL_REPRESENTATION('',(#1163),#1167);
#1163 = LINE('',#1164,#1165);
#1164 = CARTESIAN_POINT('',(0.,-0.));
#1165 = VECTOR('',#1166,1.);
#1166 = DIRECTION('',(1.,0.));
#1167 = ( GEOMETRIC_REPRESENTATION_CONTEXT(2) 
PARAMETRIC_REPRESENTATION_CONTEXT() REPRESENTATION_CONTEXT('2D SPACE',''
  ) );
#1168 = ORIENTED_EDGE('',*,*,#1169,.T.);
#1169 = EDGE_CURVE('',#1142,#1170,#1172,.T.);
#1170 = VERTEX_POINT('',#1171);
#1171 = CARTESIAN_POINT('',(7.438,-57.3535,0.));
#1172 = SURFACE_CURVE('',#1173,(#1177,#1184),.PCURVE_S1.);
#1173 = LINE('',#1174,#1175);
#1174 = CARTESIAN_POINT('',(7.438,-47.3535,0.));
#1175 = VECTOR('',#1176,1.);
#1176 = DIRECTION('',(0.,-1.,0.));
#1177 = PCURVE('',#44,#1178);
#1178 = DEFINITIONAL_REPRESENTATION('',(#1179),#1183);
#1179 = LINE('',#1180,#1181);
#1180 = CARTESIAN_POINT('',(7.4025,-47.3535));
#1181 = VECTOR('',#1182,1.);
#1182 = DIRECTION('',(0.,-1.));
#1183 = ( GEOMETRIC_REPRESENTATION_CONTEXT(2) 
PARAMETRIC_REPRESENTATION_CONTEXT() REPRESENTATION_CONTEXT('2D SPACE',''
  ) );
#1184 = PCURVE('',#1185,#1190);
#1185 = PLANE('',#1186);
#1186 = AXIS2_PLACEMENT_3D('',#1187,#1188,#1189);
#1187 = CARTESIAN_POINT('',(7.438,-47.3535,0.));
#1188 = DIRECTION('',(1.,0.,-0.));
#1189 = DIRECTION('',(0.,-1.,0.));
#1190 = DEFINITIONAL_REPRESENTATION('',(#1191),#1195);
#1191 = LINE('',#1192,#1193);
#1192 = CARTESIAN_POINT('',(0.,0.));
#1193 = VECTOR('',#1194,1.);
#1194 = DIRECTION('',(1.,0.));
#1195 = ( GEOMETRIC_REPRESENTATION_CONTEXT(2) 
PARAMETRIC_REPRESENTATION_CONTEXT() REPRESENTATION_CONTEXT('2D SPACE',''
  ) );
#1196 = ORIENTED_EDGE('',*,*,#1197,.T.);
#1197 = EDGE_CURVE('',#1170,#1198,#1200,.T.);
#1198 = VERTEX_POINT('',#1199);
#1199 = CARTESIAN_POINT('',(10.4,-57.3535,0.));
#1200 = SURFACE_CURVE('',#1201,(#1205,#1212),.PCURVE_S1.);
#1201 = LINE('',#1202,#1203);
#1202 = CARTESIAN_POINT('',(7.438,-57.3535,0.));
#1203 = VECTOR('',#1204,1.);
#1204 = DIRECTION('',(1.,0.,0.));
#1205 = PCURVE('',#44,#1206);
#1206 = DEFINITIONAL_REPRESENTATION('',(#1207),#1211);
#1207 = LINE('',#1208,#1209);
#1208 = CARTESIAN_POINT('',(7.4025,-57.3535));
#1209 = VECTOR('',#1210,1.);
#1210 = DIRECTION('',(1.,0.));
#1211 = ( GEOMETRIC_REPRESENTATION_CONTEXT(2) 
PARAMETRIC_REPRESENTATION_CONTEXT() REPRESENTATION_CONTEXT('2D SPACE',''
  ) );
#1212 = PCURVE('',#1213,#1218);
#1213 = PLANE('',#1214);
#1214 = AXIS2_PLACEMENT_3D('',#1215,#1216,#1217);
#1215 = CARTESIAN_POINT('',(7.438,-57.3535,0.));
#1216 = DIRECTION('',(0.,1.,0.));
#1217 = DIRECTION('',(1.,0.,0.));
#1218 = DEFINITIONAL_REPRESENTATION('',(#1219),#1223);
#1219 = LINE('',#1220,#1221);
#1220 = CARTESIAN_POINT('',(0.,0.));
#1221 = VECTOR('',#1222,1.);
#1222 = DIRECTION('',(1.,0.));
#1223 = ( GEOMETRIC_REPRESENTATION_CONTEXT(2) 
PARAMETRIC_REPRESENTATION_CONTEXT() REPRESENTATION_CONTEXT('2D SPACE',''
  ) );
#1224 = ORIENTED_EDGE('',*,*,#1225,.F.);
#1225 = EDGE_CURVE('',#1226,#1198,#1228,.T.);
#1226 = VERTEX_POINT('',#1227);
#1227 = CARTESIAN_POINT('',(10.4,-58.5705,0.));
#1228 = SURFACE_CURVE('',#1229,(#1233,#1240),.PCURVE_S1.);
#1229 = LINE('',#1230,#1231);
#1230 = CARTESIAN_POINT('',(10.4,-58.5705,0.));
#1231 = VECTOR('',#1232,1.);
#1232 = DIRECTION('',(0.,1.,0.));
#1233 = PCURVE('',#44,#1234);
#1234 = DEFINITIONAL_REPRESENTATION('',(#1235),#1239);
#1235 = LINE('',#1236,#1237);
#1236 = CARTESIAN_POINT('',(10.3645,-58.5705));
#1237 = VECTOR('',#1238,1.);
#1238 = DIRECTION('',(0.,1.));
#1239 = ( GEOMETRIC_REPRESENTATION_CONTEXT(2) 
PARAMETRIC_REPRESENTATION_CONTEXT() REPRESENTATION_CONTEXT('2D SPACE',''
  ) );
#1240 = PCURVE('',#1241,#1246);
#1241 = PLANE('',#1242);
#1242 = AXIS2_PLACEMENT_3D('',#1243,#1244,#1245);
#1243 = CARTESIAN_POINT('',(10.4,58.5705,0.));
#1244 = DIRECTION('',(1.,0.,-0.));
#1245 = DIRECTION('',(0.,-1.,0.));
#1246 = DEFINITIONAL_REPRESENTATION('',(#1247),#1251);
#1247 = LINE('',#1248,#1249);
#1248 = CARTESIAN_POINT('',(117.141,0.));
#1249 = VECTOR('',#1250,1.);
#1250 = DIRECTION('',(-1.,0.));
#1251 = ( GEOMETRIC_REPRESENTATION_CONTEXT(2) 
PARAMETRIC_REPRESENTATION_CONTEXT() REPRESENTATION_CONTEXT('2D SPACE',''
  ) );
#1252 = ORIENTED_EDGE('',*,*,#1253,.T.);
#1253 = EDGE_CURVE('',#1226,#140,#1254,.T.);
#1254 = SURFACE_CURVE('',#1255,(#1259,#1266),.PCURVE_S1.);
#1255 = LINE('',#1256,#1257);
#1256 = CARTESIAN_POINT('',(-23.13225,-58.5705,0.));
#1257 = VECTOR('',#1258,1.);
#1258 = DIRECTION('',(-1.,0.,0.));
#1259 = PCURVE('',#44,#1260);
#1260 = DEFINITIONAL_REPRESENTATION('',(#1261),#1265);
#1261 = LINE('',#1262,#1263);
#1262 = CARTESIAN_POINT('',(-23.16775,-58.5705));
#1263 = VECTOR('',#1264,1.);
#1264 = DIRECTION('',(-1.,0.));
#1265 = ( GEOMETRIC_REPRESENTATION_CONTEXT(2) 
PARAMETRIC_REPRESENTATION_CONTEXT() REPRESENTATION_CONTEXT('2D SPACE',''
  ) );
#1266 = PCURVE('',#1267,#1272);
#1267 = PLANE('',#1268);
#1268 = AXIS2_PLACEMENT_3D('',#1269,#1270,#1271);
#1269 = CARTESIAN_POINT('',(-46.3,-58.5705,-1.));
#1270 = DIRECTION('',(0.,1.,0.));
#1271 = DIRECTION('',(1.,0.,0.));
#1272 = DEFINITIONAL_REPRESENTATION('',(#1273),#1276);
#1273 = B_SPLINE_CURVE_WITH_KNOTS('',1,(#1274,#1275),.UNSPECIFIED.,.F.,
  .F.,(2,2),(-69.50325,23.16775),.PIECEWISE_BEZIER_KNOTS.);
#1274 = CARTESIAN_POINT('',(92.671,-1.));
#1275 = CARTESIAN_POINT('',(0.,-1.));
#1276 = ( GEOMETRIC_REPRESENTATION_CONTEXT(2) 
PARAMETRIC_REPRESENTATION_CONTEXT() REPRESENTATION_CONTEXT('2D SPACE',''
  ) );
#1277 = FACE_BOUND('',#1278,.F.);
#1278 = EDGE_LOOP('',(#1279,#1314,#1342));
#1279 = ORIENTED_EDGE('',*,*,#1280,.T.);
#1280 = EDGE_CURVE('',#1281,#1283,#1285,.T.);
#1281 = VERTEX_POINT('',#1282);
#1282 = CARTESIAN_POINT('',(43.993555865684,-57.3535,0.));
#1283 = VERTEX_POINT('',#1284);
#1284 = CARTESIAN_POINT('',(41.5355,-58.45641027369,0.));
#1285 = SURFACE_CURVE('',#1286,(#1291,#1302),.PCURVE_S1.);
#1286 = CIRCLE('',#1287,6.);
#1287 = AXIS2_PLACEMENT_3D('',#1288,#1289,#1290);
#1288 = CARTESIAN_POINT('',(40.371,-52.5705,0.));
#1289 = DIRECTION('',(-0.,-0.,-1.));
#1290 = DIRECTION('',(0.,-1.,0.));
#1291 = PCURVE('',#44,#1292);
#1292 = DEFINITIONAL_REPRESENTATION('',(#1293),#1301);
#1293 = ( BOUNDED_CURVE() B_SPLINE_CURVE(2,(#1294,#1295,#1296,#1297,
#1298,#1299,#1300),.UNSPECIFIED.,.T.,.F.) B_SPLINE_CURVE_WITH_KNOTS((1,2
    ,2,2,2,1),(-2.094395102393,0.,2.094395102393,4.188790204786,
6.28318530718,8.377580409573),.UNSPECIFIED.) CURVE() 
GEOMETRIC_REPRESENTATION_ITEM() RATIONAL_B_SPLINE_CURVE((1.,0.5,1.,0.5,
1.,0.5,1.)) REPRESENTATION_ITEM('') );
#1294 = CARTESIAN_POINT('',(40.3355,-58.5705));
#1295 = CARTESIAN_POINT('',(29.943195154587,-58.5705));
#1296 = CARTESIAN_POINT('',(35.139347577293,-49.5705));
#1297 = CARTESIAN_POINT('',(40.3355,-40.5705));
#1298 = CARTESIAN_POINT('',(45.531652422707,-49.5705));
#1299 = CARTESIAN_POINT('',(50.727804845413,-58.5705));
#1300 = CARTESIAN_POINT('',(40.3355,-58.5705));
#1301 = ( GEOMETRIC_REPRESENTATION_CONTEXT(2) 
PARAMETRIC_REPRESENTATION_CONTEXT() REPRESENTATION_CONTEXT('2D SPACE',''
  ) );
#1302 = PCURVE('',#1303,#1308);
#1303 = CYLINDRICAL_SURFACE('',#1304,6.);
#1304 = AXIS2_PLACEMENT_3D('',#1305,#1306,#1307);
#1305 = CARTESIAN_POINT('',(40.371,-52.5705,0.));
#1306 = DIRECTION('',(0.,0.,1.));
#1307 = DIRECTION('',(1.,0.,-0.));
#1308 = DEFINITIONAL_REPRESENTATION('',(#1309),#1313);
#1309 = LINE('',#1310,#1311);
#1310 = CARTESIAN_POINT('',(4.712388980385,-0.));
#1311 = VECTOR('',#1312,1.);
#1312 = DIRECTION('',(-1.,0.));
#1313 = ( GEOMETRIC_REPRESENTATION_CONTEXT(2) 
PARAMETRIC_REPRESENTATION_CONTEXT() REPRESENTATION_CONTEXT('2D SPACE',''
  ) );
#1314 = ORIENTED_EDGE('',*,*,#1315,.T.);
#1315 = EDGE_CURVE('',#1283,#1316,#1318,.T.);
#1316 = VERTEX_POINT('',#1317);
#1317 = CARTESIAN_POINT('',(41.5355,-57.3535,0.));
#1318 = SURFACE_CURVE('',#1319,(#1323,#1330),.PCURVE_S1.);
#1319 = LINE('',#1320,#1321);
#1320 = CARTESIAN_POINT('',(41.5355,-58.5705,0.));
#1321 = VECTOR('',#1322,1.);
#1322 = DIRECTION('',(0.,1.,0.));
#1323 = PCURVE('',#44,#1324);
#1324 = DEFINITIONAL_REPRESENTATION('',(#1325),#1329);
#1325 = LINE('',#1326,#1327);
#1326 = CARTESIAN_POINT('',(41.5,-58.5705));
#1327 = VECTOR('',#1328,1.);
#1328 = DIRECTION('',(0.,1.));
#1329 = ( GEOMETRIC_REPRESENTATION_CONTEXT(2) 
PARAMETRIC_REPRESENTATION_CONTEXT() REPRESENTATION_CONTEXT('2D SPACE',''
  ) );
#1330 = PCURVE('',#1331,#1336);
#1331 = PLANE('',#1332);
#1332 = AXIS2_PLACEMENT_3D('',#1333,#1334,#1335);
#1333 = CARTESIAN_POINT('',(41.5355,-58.5705,0.));
#1334 = DIRECTION('',(-1.,0.,0.));
#1335 = DIRECTION('',(0.,1.,0.));
#1336 = DEFINITIONAL_REPRESENTATION('',(#1337),#1341);
#1337 = LINE('',#1338,#1339);
#1338 = CARTESIAN_POINT('',(0.,0.));
#1339 = VECTOR('',#1340,1.);
#1340 = DIRECTION('',(1.,0.));
#1341 = ( GEOMETRIC_REPRESENTATION_CONTEXT(2) 
PARAMETRIC_REPRESENTATION_CONTEXT() REPRESENTATION_CONTEXT('2D SPACE',''
  ) );
#1342 = ORIENTED_EDGE('',*,*,#1343,.T.);
#1343 = EDGE_CURVE('',#1316,#1281,#1344,.T.);
#1344 = SURFACE_CURVE('',#1345,(#1349,#1356),.PCURVE_S1.);
#1345 = LINE('',#1346,#1347);
#1346 = CARTESIAN_POINT('',(35.149,-57.3535,0.));
#1347 = VECTOR('',#1348,1.);
#1348 = DIRECTION('',(1.,0.,0.));
#1349 = PCURVE('',#44,#1350);
#1350 = DEFINITIONAL_REPRESENTATION('',(#1351),#1355);
#1351 = LINE('',#1352,#1353);
#1352 = CARTESIAN_POINT('',(35.1135,-57.3535));
#1353 = VECTOR('',#1354,1.);
#1354 = DIRECTION('',(1.,0.));
#1355 = ( GEOMETRIC_REPRESENTATION_CONTEXT(2) 
PARAMETRIC_REPRESENTATION_CONTEXT() REPRESENTATION_CONTEXT('2D SPACE',''
  ) );
#1356 = PCURVE('',#1357,#1362);
#1357 = PLANE('',#1358);
#1358 = AXIS2_PLACEMENT_3D('',#1359,#1360,#1361);
#1359 = CARTESIAN_POINT('',(35.149,-57.3535,0.));
#1360 = DIRECTION('',(0.,1.,0.));
#1361 = DIRECTION('',(1.,0.,0.));
#1362 = DEFINITIONAL_REPRESENTATION('',(#1363),#1367);
#1363 = LINE('',#1364,#1365);
#1364 = CARTESIAN_POINT('',(0.,0.));
#1365 = VECTOR('',#1366,1.);
#1366 = DIRECTION('',(1.,0.));
#1367 = ( GEOMETRIC_REPRESENTATION_CONTEXT(2) 
PARAMETRIC_REPRESENTATION_CONTEXT() REPRESENTATION_CONTEXT('2D SPACE',''
  ) );
#1368 = FACE_BOUND('',#1369,.F.);
#1369 = EDGE_LOOP('',(#1370,#1405,#1433));
#1370 = ORIENTED_EDGE('',*,*,#1371,.T.);
#1371 = EDGE_CURVE('',#1372,#1374,#1376,.T.);
#1372 = VERTEX_POINT('',#1373);
#1373 = CARTESIAN_POINT('',(45.811737978436,-55.1,0.));
#1374 = VERTEX_POINT('',#1375);
#1375 = CARTESIAN_POINT('',(45.149,-56.1996481094,0.));
#1376 = SURFACE_CURVE('',#1377,(#1382,#1393),.PCURVE_S1.);
#1377 = CIRCLE('',#1378,6.);
#1378 = AXIS2_PLACEMENT_3D('',#1379,#1380,#1381);
#1379 = CARTESIAN_POINT('',(40.371,-52.5705,0.));
#1380 = DIRECTION('',(-0.,-0.,-1.));
#1381 = DIRECTION('',(0.,-1.,0.));
#1382 = PCURVE('',#44,#1383);
#1383 = DEFINITIONAL_REPRESENTATION('',(#1384),#1392);
#1384 = ( BOUNDED_CURVE() B_SPLINE_CURVE(2,(#1385,#1386,#1387,#1388,
#1389,#1390,#1391),.UNSPECIFIED.,.T.,.F.) B_SPLINE_CURVE_WITH_KNOTS((1,2
    ,2,2,2,1),(-2.094395102393,0.,2.094395102393,4.188790204786,
6.28318530718,8.377580409573),.UNSPECIFIED.) CURVE() 
GEOMETRIC_REPRESENTATION_ITEM() RATIONAL_B_SPLINE_CURVE((1.,0.5,1.,0.5,
1.,0.5,1.)) REPRESENTATION_ITEM('') );
#1385 = CARTESIAN_POINT('',(40.3355,-58.5705));
#1386 = CARTESIAN_POINT('',(29.943195154587,-58.5705));
#1387 = CARTESIAN_POINT('',(35.139347577293,-49.5705));
#1388 = CARTESIAN_POINT('',(40.3355,-40.5705));
#1389 = CARTESIAN_POINT('',(45.531652422707,-49.5705));
#1390 = CARTESIAN_POINT('',(50.727804845413,-58.5705));
#1391 = CARTESIAN_POINT('',(40.3355,-58.5705));
#1392 = ( GEOMETRIC_REPRESENTATION_CONTEXT(2) 
PARAMETRIC_REPRESENTATION_CONTEXT() REPRESENTATION_CONTEXT('2D SPACE',''
  ) );
#1393 = PCURVE('',#1394,#1399);
#1394 = CYLINDRICAL_SURFACE('',#1395,6.);
#1395 = AXIS2_PLACEMENT_3D('',#1396,#1397,#1398);
#1396 = CARTESIAN_POINT('',(40.371,-52.5705,0.));
#1397 = DIRECTION('',(0.,0.,1.));
#1398 = DIRECTION('',(1.,0.,-0.));
#1399 = DEFINITIONAL_REPRESENTATION('',(#1400),#1404);
#1400 = LINE('',#1401,#1402);
#1401 = CARTESIAN_POINT('',(4.712388980385,-0.));
#1402 = VECTOR('',#1403,1.);
#1403 = DIRECTION('',(-1.,0.));
#1404 = ( GEOMETRIC_REPRESENTATION_CONTEXT(2) 
PARAMETRIC_REPRESENTATION_CONTEXT() REPRESENTATION_CONTEXT('2D SPACE',''
  ) );
#1405 = ORIENTED_EDGE('',*,*,#1406,.T.);
#1406 = EDGE_CURVE('',#1374,#1407,#1409,.T.);
#1407 = VERTEX_POINT('',#1408);
#1408 = CARTESIAN_POINT('',(45.149,-55.1,0.));
#1409 = SURFACE_CURVE('',#1410,(#1414,#1421),.PCURVE_S1.);
#1410 = LINE('',#1411,#1412);
#1411 = CARTESIAN_POINT('',(45.149,-57.3535,0.));
#1412 = VECTOR('',#1413,1.);
#1413 = DIRECTION('',(0.,1.,0.));
#1414 = PCURVE('',#44,#1415);
#1415 = DEFINITIONAL_REPRESENTATION('',(#1416),#1420);
#1416 = LINE('',#1417,#1418);
#1417 = CARTESIAN_POINT('',(45.1135,-57.3535));
#1418 = VECTOR('',#1419,1.);
#1419 = DIRECTION('',(0.,1.));
#1420 = ( GEOMETRIC_REPRESENTATION_CONTEXT(2) 
PARAMETRIC_REPRESENTATION_CONTEXT() REPRESENTATION_CONTEXT('2D SPACE',''
  ) );
#1421 = PCURVE('',#1422,#1427);
#1422 = PLANE('',#1423);
#1423 = AXIS2_PLACEMENT_3D('',#1424,#1425,#1426);
#1424 = CARTESIAN_POINT('',(45.149,-57.3535,0.));
#1425 = DIRECTION('',(-1.,0.,0.));
#1426 = DIRECTION('',(0.,1.,0.));
#1427 = DEFINITIONAL_REPRESENTATION('',(#1428),#1432);
#1428 = LINE('',#1429,#1430);
#1429 = CARTESIAN_POINT('',(0.,0.));
#1430 = VECTOR('',#1431,1.);
#1431 = DIRECTION('',(1.,0.));
#1432 = ( GEOMETRIC_REPRESENTATION_CONTEXT(2) 
PARAMETRIC_REPRESENTATION_CONTEXT() REPRESENTATION_CONTEXT('2D SPACE',''
  ) );
#1433 = ORIENTED_EDGE('',*,*,#1434,.T.);
#1434 = EDGE_CURVE('',#1407,#1372,#1435,.T.);
#1435 = SURFACE_CURVE('',#1436,(#1440,#1447),.PCURVE_S1.);
#1436 = LINE('',#1437,#1438);
#1437 = CARTESIAN_POINT('',(10.4,-55.1,0.));
#1438 = VECTOR('',#1439,1.);
#1439 = DIRECTION('',(1.,0.,0.));
#1440 = PCURVE('',#44,#1441);
#1441 = DEFINITIONAL_REPRESENTATION('',(#1442),#1446);
#1442 = LINE('',#1443,#1444);
#1443 = CARTESIAN_POINT('',(10.3645,-55.1));
#1444 = VECTOR('',#1445,1.);
#1445 = DIRECTION('',(1.,0.));
#1446 = ( GEOMETRIC_REPRESENTATION_CONTEXT(2) 
PARAMETRIC_REPRESENTATION_CONTEXT() REPRESENTATION_CONTEXT('2D SPACE',''
  ) );
#1447 = PCURVE('',#1448,#1453);
#1448 = PLANE('',#1449);
#1449 = AXIS2_PLACEMENT_3D('',#1450,#1451,#1452);
#1450 = CARTESIAN_POINT('',(10.4,-55.1,0.));
#1451 = DIRECTION('',(0.,1.,0.));
#1452 = DIRECTION('',(1.,0.,0.));
#1453 = DEFINITIONAL_REPRESENTATION('',(#1454),#1458);
#1454 = LINE('',#1455,#1456);
#1455 = CARTESIAN_POINT('',(0.,0.));
#1456 = VECTOR('',#1457,1.);
#1457 = DIRECTION('',(1.,0.));
#1458 = ( GEOMETRIC_REPRESENTATION_CONTEXT(2) 
PARAMETRIC_REPRESENTATION_CONTEXT() REPRESENTATION_CONTEXT('2D SPACE',''
  ) );
#1459 = FACE_BOUND('',#1460,.F.);
#1460 = EDGE_LOOP('',(#1461,#1489,#1522,#1548));
#1461 = ORIENTED_EDGE('',*,*,#1462,.F.);
#1462 = EDGE_CURVE('',#1463,#1465,#1467,.T.);
#1463 = VERTEX_POINT('',#1464);
#1464 = CARTESIAN_POINT('',(58.621,-54.0705,0.));
#1465 = VERTEX_POINT('',#1466);
#1466 = CARTESIAN_POINT('',(54.521,-54.0705,0.));
#1467 = SURFACE_CURVE('',#1468,(#1472,#1478),.PCURVE_S1.);
#1468 = LINE('',#1469,#1470);
#1469 = CARTESIAN_POINT('',(27.27825,-54.0705,0.));
#1470 = VECTOR('',#1471,1.);
#1471 = DIRECTION('',(-1.,0.,0.));
#1472 = PCURVE('',#44,#1473);
#1473 = DEFINITIONAL_REPRESENTATION('',(#1474),#1477);
#1474 = B_SPLINE_CURVE_WITH_KNOTS('',1,(#1475,#1476),.UNSPECIFIED.,.F.,
  .F.,(2,2),(-31.34275,-27.24275),.PIECEWISE_BEZIER_KNOTS.);
#1475 = CARTESIAN_POINT('',(58.5855,-54.0705));
#1476 = CARTESIAN_POINT('',(54.4855,-54.0705));
#1477 = ( GEOMETRIC_REPRESENTATION_CONTEXT(2) 
PARAMETRIC_REPRESENTATION_CONTEXT() REPRESENTATION_CONTEXT('2D SPACE',''
  ) );
#1478 = PCURVE('',#1479,#1484);
#1479 = PLANE('',#1480);
#1480 = AXIS2_PLACEMENT_3D('',#1481,#1482,#1483);
#1481 = CARTESIAN_POINT('',(54.521,-54.0705,-1.));
#1482 = DIRECTION('',(0.,1.,0.));
#1483 = DIRECTION('',(1.,0.,0.));
#1484 = DEFINITIONAL_REPRESENTATION('',(#1485),#1488);
#1485 = B_SPLINE_CURVE_WITH_KNOTS('',1,(#1486,#1487),.UNSPECIFIED.,.F.,
  .F.,(2,2),(-31.34275,-27.24275),.PIECEWISE_BEZIER_KNOTS.);
#1486 = CARTESIAN_POINT('',(4.1,-1.));
#1487 = CARTESIAN_POINT('',(0.,-1.));
#1488 = ( GEOMETRIC_REPRESENTATION_CONTEXT(2) 
PARAMETRIC_REPRESENTATION_CONTEXT() REPRESENTATION_CONTEXT('2D SPACE',''
  ) );
#1489 = ORIENTED_EDGE('',*,*,#1490,.T.);
#1490 = EDGE_CURVE('',#1463,#1491,#1493,.T.);
#1491 = VERTEX_POINT('',#1492);
#1492 = CARTESIAN_POINT('',(58.621,-57.4705,0.));
#1493 = SURFACE_CURVE('',#1494,(#1499,#1510),.PCURVE_S1.);
#1494 = CIRCLE('',#1495,1.7);
#1495 = AXIS2_PLACEMENT_3D('',#1496,#1497,#1498);
#1496 = CARTESIAN_POINT('',(58.621,-55.7705,0.));
#1497 = DIRECTION('',(0.,0.,-1.));
#1498 = DIRECTION('',(0.,1.,0.));
#1499 = PCURVE('',#44,#1500);
#1500 = DEFINITIONAL_REPRESENTATION('',(#1501),#1509);
#1501 = ( BOUNDED_CURVE() B_SPLINE_CURVE(2,(#1502,#1503,#1504,#1505,
#1506,#1507,#1508),.UNSPECIFIED.,.T.,.F.) B_SPLINE_CURVE_WITH_KNOTS((1,2
    ,2,2,2,1),(-2.094395102393,0.,2.094395102393,4.188790204786,
6.28318530718,8.377580409573),.UNSPECIFIED.) CURVE() 
GEOMETRIC_REPRESENTATION_ITEM() RATIONAL_B_SPLINE_CURVE((1.,0.5,1.,0.5,
1.,0.5,1.)) REPRESENTATION_ITEM('') );
#1502 = CARTESIAN_POINT('',(58.5855,-54.0705));
#1503 = CARTESIAN_POINT('',(61.529986372867,-54.0705));
#1504 = CARTESIAN_POINT('',(60.057743186434,-56.6205));
#1505 = CARTESIAN_POINT('',(58.5855,-59.1705));
#1506 = CARTESIAN_POINT('',(57.113256813566,-56.6205));
#1507 = CARTESIAN_POINT('',(55.641013627133,-54.0705));
#1508 = CARTESIAN_POINT('',(58.5855,-54.0705));
#1509 = ( GEOMETRIC_REPRESENTATION_CONTEXT(2) 
PARAMETRIC_REPRESENTATION_CONTEXT() REPRESENTATION_CONTEXT('2D SPACE',''
  ) );
#1510 = PCURVE('',#1511,#1516);
#1511 = CYLINDRICAL_SURFACE('',#1512,1.7);
#1512 = AXIS2_PLACEMENT_3D('',#1513,#1514,#1515);
#1513 = CARTESIAN_POINT('',(58.621,-55.7705,-1.));
#1514 = DIRECTION('',(0.,0.,-1.));
#1515 = DIRECTION('',(0.,1.,0.));
#1516 = DEFINITIONAL_REPRESENTATION('',(#1517),#1521);
#1517 = LINE('',#1518,#1519);
#1518 = CARTESIAN_POINT('',(0.,-1.));
#1519 = VECTOR('',#1520,1.);
#1520 = DIRECTION('',(1.,0.));
#1521 = ( GEOMETRIC_REPRESENTATION_CONTEXT(2) 
PARAMETRIC_REPRESENTATION_CONTEXT() REPRESENTATION_CONTEXT('2D SPACE',''
  ) );
#1522 = ORIENTED_EDGE('',*,*,#1523,.F.);
#1523 = EDGE_CURVE('',#1524,#1491,#1526,.T.);
#1524 = VERTEX_POINT('',#1525);
#1525 = CARTESIAN_POINT('',(54.521,-57.4705,0.));
#1526 = SURFACE_CURVE('',#1527,(#1531,#1537),.PCURVE_S1.);
#1527 = LINE('',#1528,#1529);
#1528 = CARTESIAN_POINT('',(29.32825,-57.4705,0.));
#1529 = VECTOR('',#1530,1.);
#1530 = DIRECTION('',(1.,0.,-0.));
#1531 = PCURVE('',#44,#1532);
#1532 = DEFINITIONAL_REPRESENTATION('',(#1533),#1536);
#1533 = B_SPLINE_CURVE_WITH_KNOTS('',1,(#1534,#1535),.UNSPECIFIED.,.F.,
  .F.,(2,2),(25.19275,29.29275),.PIECEWISE_BEZIER_KNOTS.);
#1534 = CARTESIAN_POINT('',(54.4855,-57.4705));
#1535 = CARTESIAN_POINT('',(58.5855,-57.4705));
#1536 = ( GEOMETRIC_REPRESENTATION_CONTEXT(2) 
PARAMETRIC_REPRESENTATION_CONTEXT() REPRESENTATION_CONTEXT('2D SPACE',''
  ) );
#1537 = PCURVE('',#1538,#1543);
#1538 = PLANE('',#1539);
#1539 = AXIS2_PLACEMENT_3D('',#1540,#1541,#1542);
#1540 = CARTESIAN_POINT('',(58.621,-57.4705,-1.));
#1541 = DIRECTION('',(0.,-1.,0.));
#1542 = DIRECTION('',(-1.,0.,0.));
#1543 = DEFINITIONAL_REPRESENTATION('',(#1544),#1547);
#1544 = B_SPLINE_CURVE_WITH_KNOTS('',1,(#1545,#1546),.UNSPECIFIED.,.F.,
  .F.,(2,2),(25.19275,29.29275),.PIECEWISE_BEZIER_KNOTS.);
#1545 = CARTESIAN_POINT('',(4.1,-1.));
#1546 = CARTESIAN_POINT('',(0.,-1.));
#1547 = ( GEOMETRIC_REPRESENTATION_CONTEXT(2) 
PARAMETRIC_REPRESENTATION_CONTEXT() REPRESENTATION_CONTEXT('2D SPACE',''
  ) );
#1548 = ORIENTED_EDGE('',*,*,#1549,.T.);
#1549 = EDGE_CURVE('',#1524,#1465,#1550,.T.);
#1550 = SURFACE_CURVE('',#1551,(#1556,#1567),.PCURVE_S1.);
#1551 = CIRCLE('',#1552,1.7);
#1552 = AXIS2_PLACEMENT_3D('',#1553,#1554,#1555);
#1553 = CARTESIAN_POINT('',(54.521,-55.7705,0.));
#1554 = DIRECTION('',(0.,-0.,-1.));
#1555 = DIRECTION('',(0.,-1.,0.));
#1556 = PCURVE('',#44,#1557);
#1557 = DEFINITIONAL_REPRESENTATION('',(#1558),#1566);
#1558 = ( BOUNDED_CURVE() B_SPLINE_CURVE(2,(#1559,#1560,#1561,#1562,
#1563,#1564,#1565),.UNSPECIFIED.,.T.,.F.) B_SPLINE_CURVE_WITH_KNOTS((1,2
    ,2,2,2,1),(-2.094395102393,0.,2.094395102393,4.188790204786,
6.28318530718,8.377580409573),.UNSPECIFIED.) CURVE() 
GEOMETRIC_REPRESENTATION_ITEM() RATIONAL_B_SPLINE_CURVE((1.,0.5,1.,0.5,
1.,0.5,1.)) REPRESENTATION_ITEM('') );
#1559 = CARTESIAN_POINT('',(54.4855,-57.4705));
#1560 = CARTESIAN_POINT('',(51.541013627133,-57.4705));
#1561 = CARTESIAN_POINT('',(53.013256813566,-54.9205));
#1562 = CARTESIAN_POINT('',(54.4855,-52.3705));
#1563 = CARTESIAN_POINT('',(55.957743186434,-54.9205));
#1564 = CARTESIAN_POINT('',(57.429986372867,-57.4705));
#1565 = CARTESIAN_POINT('',(54.4855,-57.4705));
#1566 = ( GEOMETRIC_REPRESENTATION_CONTEXT(2) 
PARAMETRIC_REPRESENTATION_CONTEXT() REPRESENTATION_CONTEXT('2D SPACE',''
  ) );
#1567 = PCURVE('',#1568,#1573);
#1568 = CYLINDRICAL_SURFACE('',#1569,1.7);
#1569 = AXIS2_PLACEMENT_3D('',#1570,#1571,#1572);
#1570 = CARTESIAN_POINT('',(54.521,-55.7705,-1.));
#1571 = DIRECTION('',(0.,-0.,-1.));
#1572 = DIRECTION('',(0.,-1.,0.));
#1573 = DEFINITIONAL_REPRESENTATION('',(#1574),#1578);
#1574 = LINE('',#1575,#1576);
#1575 = CARTESIAN_POINT('',(0.,-1.));
#1576 = VECTOR('',#1577,1.);
#1577 = DIRECTION('',(1.,0.));
#1578 = ( GEOMETRIC_REPRESENTATION_CONTEXT(2) 
PARAMETRIC_REPRESENTATION_CONTEXT() REPRESENTATION_CONTEXT('2D SPACE',''
  ) );
#1579 = FACE_BOUND('',#1580,.F.);
#1580 = EDGE_LOOP('',(#1581,#1611,#1639,#1667,#1694,#1722));
#1581 = ORIENTED_EDGE('',*,*,#1582,.T.);
#1582 = EDGE_CURVE('',#1583,#1585,#1587,.T.);
#1583 = VERTEX_POINT('',#1584);
#1584 = CARTESIAN_POINT('',(45.149,-47.3535,0.));
#1585 = VERTEX_POINT('',#1586);
#1586 = CARTESIAN_POINT('',(41.5355,-47.3535,0.));
#1587 = SURFACE_CURVE('',#1588,(#1592,#1599),.PCURVE_S1.);
#1588 = LINE('',#1589,#1590);
#1589 = CARTESIAN_POINT('',(45.149,-47.3535,0.));
#1590 = VECTOR('',#1591,1.);
#1591 = DIRECTION('',(-1.,0.,0.));
#1592 = PCURVE('',#44,#1593);
#1593 = DEFINITIONAL_REPRESENTATION('',(#1594),#1598);
#1594 = LINE('',#1595,#1596);
#1595 = CARTESIAN_POINT('',(45.1135,-47.3535));
#1596 = VECTOR('',#1597,1.);
#1597 = DIRECTION('',(-1.,0.));
#1598 = ( GEOMETRIC_REPRESENTATION_CONTEXT(2) 
PARAMETRIC_REPRESENTATION_CONTEXT() REPRESENTATION_CONTEXT('2D SPACE',''
  ) );
#1599 = PCURVE('',#1600,#1605);
#1600 = PLANE('',#1601);
#1601 = AXIS2_PLACEMENT_3D('',#1602,#1603,#1604);
#1602 = CARTESIAN_POINT('',(45.149,-47.3535,0.));
#1603 = DIRECTION('',(0.,-1.,0.));
#1604 = DIRECTION('',(-1.,0.,0.));
#1605 = DEFINITIONAL_REPRESENTATION('',(#1606),#1610);
#1606 = LINE('',#1607,#1608);
#1607 = CARTESIAN_POINT('',(0.,-0.));
#1608 = VECTOR('',#1609,1.);
#1609 = DIRECTION('',(1.,0.));
#1610 = ( GEOMETRIC_REPRESENTATION_CONTEXT(2) 
PARAMETRIC_REPRESENTATION_CONTEXT() REPRESENTATION_CONTEXT('2D SPACE',''
  ) );
#1611 = ORIENTED_EDGE('',*,*,#1612,.T.);
#1612 = EDGE_CURVE('',#1585,#1613,#1615,.T.);
#1613 = VERTEX_POINT('',#1614);
#1614 = CARTESIAN_POINT('',(41.5355,-29.6,0.));
#1615 = SURFACE_CURVE('',#1616,(#1620,#1627),.PCURVE_S1.);
#1616 = LINE('',#1617,#1618);
#1617 = CARTESIAN_POINT('',(41.5355,-58.5705,0.));
#1618 = VECTOR('',#1619,1.);
#1619 = DIRECTION('',(0.,1.,0.));
#1620 = PCURVE('',#44,#1621);
#1621 = DEFINITIONAL_REPRESENTATION('',(#1622),#1626);
#1622 = LINE('',#1623,#1624);
#1623 = CARTESIAN_POINT('',(41.5,-58.5705));
#1624 = VECTOR('',#1625,1.);
#1625 = DIRECTION('',(0.,1.));
#1626 = ( GEOMETRIC_REPRESENTATION_CONTEXT(2) 
PARAMETRIC_REPRESENTATION_CONTEXT() REPRESENTATION_CONTEXT('2D SPACE',''
  ) );
#1627 = PCURVE('',#1628,#1633);
#1628 = PLANE('',#1629);
#1629 = AXIS2_PLACEMENT_3D('',#1630,#1631,#1632);
#1630 = CARTESIAN_POINT('',(41.5355,-58.5705,0.));
#1631 = DIRECTION('',(-1.,0.,0.));
#1632 = DIRECTION('',(0.,1.,0.));
#1633 = DEFINITIONAL_REPRESENTATION('',(#1634),#1638);
#1634 = LINE('',#1635,#1636);
#1635 = CARTESIAN_POINT('',(0.,0.));
#1636 = VECTOR('',#1637,1.);
#1637 = DIRECTION('',(1.,0.));
#1638 = ( GEOMETRIC_REPRESENTATION_CONTEXT(2) 
PARAMETRIC_REPRESENTATION_CONTEXT() REPRESENTATION_CONTEXT('2D SPACE',''
  ) );
#1639 = ORIENTED_EDGE('',*,*,#1640,.T.);
#1640 = EDGE_CURVE('',#1613,#1641,#1643,.T.);
#1641 = VERTEX_POINT('',#1642);
#1642 = CARTESIAN_POINT('',(46.371,-29.6,0.));
#1643 = SURFACE_CURVE('',#1644,(#1648,#1655),.PCURVE_S1.);
#1644 = LINE('',#1645,#1646);
#1645 = CARTESIAN_POINT('',(10.4,-29.6,0.));
#1646 = VECTOR('',#1647,1.);
#1647 = DIRECTION('',(1.,0.,0.));
#1648 = PCURVE('',#44,#1649);
#1649 = DEFINITIONAL_REPRESENTATION('',(#1650),#1654);
#1650 = LINE('',#1651,#1652);
#1651 = CARTESIAN_POINT('',(10.3645,-29.6));
#1652 = VECTOR('',#1653,1.);
#1653 = DIRECTION('',(1.,0.));
#1654 = ( GEOMETRIC_REPRESENTATION_CONTEXT(2) 
PARAMETRIC_REPRESENTATION_CONTEXT() REPRESENTATION_CONTEXT('2D SPACE',''
  ) );
#1655 = PCURVE('',#1656,#1661);
#1656 = PLANE('',#1657);
#1657 = AXIS2_PLACEMENT_3D('',#1658,#1659,#1660);
#1658 = CARTESIAN_POINT('',(10.4,-29.6,0.));
#1659 = DIRECTION('',(0.,1.,0.));
#1660 = DIRECTION('',(1.,0.,0.));
#1661 = DEFINITIONAL_REPRESENTATION('',(#1662),#1666);
#1662 = LINE('',#1663,#1664);
#1663 = CARTESIAN_POINT('',(0.,0.));
#1664 = VECTOR('',#1665,1.);
#1665 = DIRECTION('',(1.,0.));
#1666 = ( GEOMETRIC_REPRESENTATION_CONTEXT(2) 
PARAMETRIC_REPRESENTATION_CONTEXT() REPRESENTATION_CONTEXT('2D SPACE',''
  ) );
#1667 = ORIENTED_EDGE('',*,*,#1668,.T.);
#1668 = EDGE_CURVE('',#1641,#1669,#1671,.T.);
#1669 = VERTEX_POINT('',#1670);
#1670 = CARTESIAN_POINT('',(46.371,-51.9,0.));
#1671 = SURFACE_CURVE('',#1672,(#1676,#1683),.PCURVE_S1.);
#1672 = LINE('',#1673,#1674);
#1673 = CARTESIAN_POINT('',(46.371,-29.28525,0.));
#1674 = VECTOR('',#1675,1.);
#1675 = DIRECTION('',(0.,-1.,0.));
#1676 = PCURVE('',#44,#1677);
#1677 = DEFINITIONAL_REPRESENTATION('',(#1678),#1682);
#1678 = LINE('',#1679,#1680);
#1679 = CARTESIAN_POINT('',(46.3355,-29.28525));
#1680 = VECTOR('',#1681,1.);
#1681 = DIRECTION('',(0.,-1.));
#1682 = ( GEOMETRIC_REPRESENTATION_CONTEXT(2) 
PARAMETRIC_REPRESENTATION_CONTEXT() REPRESENTATION_CONTEXT('2D SPACE',''
  ) );
#1683 = PCURVE('',#1684,#1689);
#1684 = PLANE('',#1685);
#1685 = AXIS2_PLACEMENT_3D('',#1686,#1687,#1688);
#1686 = CARTESIAN_POINT('',(46.371,-58.5705,-1.));
#1687 = DIRECTION('',(-1.,0.,0.));
#1688 = DIRECTION('',(0.,1.,0.));
#1689 = DEFINITIONAL_REPRESENTATION('',(#1690),#1693);
#1690 = B_SPLINE_CURVE_WITH_KNOTS('',1,(#1691,#1692),.UNSPECIFIED.,.F.,
  .F.,(2,2),(-87.85575,29.28525),.PIECEWISE_BEZIER_KNOTS.);
#1691 = CARTESIAN_POINT('',(117.141,-1.));
#1692 = CARTESIAN_POINT('',(0.,-1.));
#1693 = ( GEOMETRIC_REPRESENTATION_CONTEXT(2) 
PARAMETRIC_REPRESENTATION_CONTEXT() REPRESENTATION_CONTEXT('2D SPACE',''
  ) );
#1694 = ORIENTED_EDGE('',*,*,#1695,.T.);
#1695 = EDGE_CURVE('',#1669,#1696,#1698,.T.);
#1696 = VERTEX_POINT('',#1697);
#1697 = CARTESIAN_POINT('',(45.149,-51.9,0.));
#1698 = SURFACE_CURVE('',#1699,(#1703,#1710),.PCURVE_S1.);
#1699 = LINE('',#1700,#1701);
#1700 = CARTESIAN_POINT('',(46.371,-51.9,0.));
#1701 = VECTOR('',#1702,1.);
#1702 = DIRECTION('',(-1.,0.,0.));
#1703 = PCURVE('',#44,#1704);
#1704 = DEFINITIONAL_REPRESENTATION('',(#1705),#1709);
#1705 = LINE('',#1706,#1707);
#1706 = CARTESIAN_POINT('',(46.3355,-51.9));
#1707 = VECTOR('',#1708,1.);
#1708 = DIRECTION('',(-1.,0.));
#1709 = ( GEOMETRIC_REPRESENTATION_CONTEXT(2) 
PARAMETRIC_REPRESENTATION_CONTEXT() REPRESENTATION_CONTEXT('2D SPACE',''
  ) );
#1710 = PCURVE('',#1711,#1716);
#1711 = PLANE('',#1712);
#1712 = AXIS2_PLACEMENT_3D('',#1713,#1714,#1715);
#1713 = CARTESIAN_POINT('',(46.371,-51.9,0.));
#1714 = DIRECTION('',(0.,-1.,0.));
#1715 = DIRECTION('',(-1.,0.,0.));
#1716 = DEFINITIONAL_REPRESENTATION('',(#1717),#1721);
#1717 = LINE('',#1718,#1719);
#1718 = CARTESIAN_POINT('',(0.,-0.));
#1719 = VECTOR('',#1720,1.);
#1720 = DIRECTION('',(1.,0.));
#1721 = ( GEOMETRIC_REPRESENTATION_CONTEXT(2) 
PARAMETRIC_REPRESENTATION_CONTEXT() REPRESENTATION_CONTEXT('2D SPACE',''
  ) );
#1722 = ORIENTED_EDGE('',*,*,#1723,.T.);
#1723 = EDGE_CURVE('',#1696,#1583,#1724,.T.);
#1724 = SURFACE_CURVE('',#1725,(#1729,#1736),.PCURVE_S1.);
#1725 = LINE('',#1726,#1727);
#1726 = CARTESIAN_POINT('',(45.149,-57.3535,0.));
#1727 = VECTOR('',#1728,1.);
#1728 = DIRECTION('',(0.,1.,0.));
#1729 = PCURVE('',#44,#1730);
#1730 = DEFINITIONAL_REPRESENTATION('',(#1731),#1735);
#1731 = LINE('',#1732,#1733);
#1732 = CARTESIAN_POINT('',(45.1135,-57.3535));
#1733 = VECTOR('',#1734,1.);
#1734 = DIRECTION('',(0.,1.));
#1735 = ( GEOMETRIC_REPRESENTATION_CONTEXT(2) 
PARAMETRIC_REPRESENTATION_CONTEXT() REPRESENTATION_CONTEXT('2D SPACE',''
  ) );
#1736 = PCURVE('',#1737,#1742);
#1737 = PLANE('',#1738);
#1738 = AXIS2_PLACEMENT_3D('',#1739,#1740,#1741);
#1739 = CARTESIAN_POINT('',(45.149,-57.3535,0.));
#1740 = DIRECTION('',(-1.,0.,0.));
#1741 = DIRECTION('',(0.,1.,0.));
#1742 = DEFINITIONAL_REPRESENTATION('',(#1743),#1747);
#1743 = LINE('',#1744,#1745);
#1744 = CARTESIAN_POINT('',(0.,0.));
#1745 = VECTOR('',#1746,1.);
#1746 = DIRECTION('',(1.,0.));
#1747 = ( GEOMETRIC_REPRESENTATION_CONTEXT(2) 
PARAMETRIC_REPRESENTATION_CONTEXT() REPRESENTATION_CONTEXT('2D SPACE',''
  ) );
#1748 = FACE_BOUND('',#1749,.F.);
#1749 = EDGE_LOOP('',(#1750,#1780,#1808,#1836));
#1750 = ORIENTED_EDGE('',*,*,#1751,.T.);
#1751 = EDGE_CURVE('',#1752,#1754,#1756,.T.);
#1752 = VERTEX_POINT('',#1753);
#1753 = CARTESIAN_POINT('',(46.371,-26.4,0.));
#1754 = VERTEX_POINT('',#1755);
#1755 = CARTESIAN_POINT('',(41.5355,-26.4,0.));
#1756 = SURFACE_CURVE('',#1757,(#1761,#1768),.PCURVE_S1.);
#1757 = LINE('',#1758,#1759);
#1758 = CARTESIAN_POINT('',(46.371,-26.4,0.));
#1759 = VECTOR('',#1760,1.);
#1760 = DIRECTION('',(-1.,0.,0.));
#1761 = PCURVE('',#44,#1762);
#1762 = DEFINITIONAL_REPRESENTATION('',(#1763),#1767);
#1763 = LINE('',#1764,#1765);
#1764 = CARTESIAN_POINT('',(46.3355,-26.4));
#1765 = VECTOR('',#1766,1.);
#1766 = DIRECTION('',(-1.,0.));
#1767 = ( GEOMETRIC_REPRESENTATION_CONTEXT(2) 
PARAMETRIC_REPRESENTATION_CONTEXT() REPRESENTATION_CONTEXT('2D SPACE',''
  ) );
#1768 = PCURVE('',#1769,#1774);
#1769 = PLANE('',#1770);
#1770 = AXIS2_PLACEMENT_3D('',#1771,#1772,#1773);
#1771 = CARTESIAN_POINT('',(46.371,-26.4,0.));
#1772 = DIRECTION('',(0.,-1.,0.));
#1773 = DIRECTION('',(-1.,0.,0.));
#1774 = DEFINITIONAL_REPRESENTATION('',(#1775),#1779);
#1775 = LINE('',#1776,#1777);
#1776 = CARTESIAN_POINT('',(0.,-0.));
#1777 = VECTOR('',#1778,1.);
#1778 = DIRECTION('',(1.,0.));
#1779 = ( GEOMETRIC_REPRESENTATION_CONTEXT(2) 
PARAMETRIC_REPRESENTATION_CONTEXT() REPRESENTATION_CONTEXT('2D SPACE',''
  ) );
#1780 = ORIENTED_EDGE('',*,*,#1781,.T.);
#1781 = EDGE_CURVE('',#1754,#1782,#1784,.T.);
#1782 = VERTEX_POINT('',#1783);
#1783 = CARTESIAN_POINT('',(41.5355,-1.6,0.));
#1784 = SURFACE_CURVE('',#1785,(#1789,#1796),.PCURVE_S1.);
#1785 = LINE('',#1786,#1787);
#1786 = CARTESIAN_POINT('',(41.5355,-58.5705,0.));
#1787 = VECTOR('',#1788,1.);
#1788 = DIRECTION('',(0.,1.,0.));
#1789 = PCURVE('',#44,#1790);
#1790 = DEFINITIONAL_REPRESENTATION('',(#1791),#1795);
#1791 = LINE('',#1792,#1793);
#1792 = CARTESIAN_POINT('',(41.5,-58.5705));
#1793 = VECTOR('',#1794,1.);
#1794 = DIRECTION('',(0.,1.));
#1795 = ( GEOMETRIC_REPRESENTATION_CONTEXT(2) 
PARAMETRIC_REPRESENTATION_CONTEXT() REPRESENTATION_CONTEXT('2D SPACE',''
  ) );
#1796 = PCURVE('',#1797,#1802);
#1797 = PLANE('',#1798);
#1798 = AXIS2_PLACEMENT_3D('',#1799,#1800,#1801);
#1799 = CARTESIAN_POINT('',(41.5355,-58.5705,0.));
#1800 = DIRECTION('',(-1.,0.,0.));
#1801 = DIRECTION('',(0.,1.,0.));
#1802 = DEFINITIONAL_REPRESENTATION('',(#1803),#1807);
#1803 = LINE('',#1804,#1805);
#1804 = CARTESIAN_POINT('',(0.,0.));
#1805 = VECTOR('',#1806,1.);
#1806 = DIRECTION('',(1.,0.));
#1807 = ( GEOMETRIC_REPRESENTATION_CONTEXT(2) 
PARAMETRIC_REPRESENTATION_CONTEXT() REPRESENTATION_CONTEXT('2D SPACE',''
  ) );
#1808 = ORIENTED_EDGE('',*,*,#1809,.T.);
#1809 = EDGE_CURVE('',#1782,#1810,#1812,.T.);
#1810 = VERTEX_POINT('',#1811);
#1811 = CARTESIAN_POINT('',(46.371,-1.6,0.));
#1812 = SURFACE_CURVE('',#1813,(#1817,#1824),.PCURVE_S1.);
#1813 = LINE('',#1814,#1815);
#1814 = CARTESIAN_POINT('',(10.4,-1.6,0.));
#1815 = VECTOR('',#1816,1.);
#1816 = DIRECTION('',(1.,0.,0.));
#1817 = PCURVE('',#44,#1818);
#1818 = DEFINITIONAL_REPRESENTATION('',(#1819),#1823);
#1819 = LINE('',#1820,#1821);
#1820 = CARTESIAN_POINT('',(10.3645,-1.6));
#1821 = VECTOR('',#1822,1.);
#1822 = DIRECTION('',(1.,0.));
#1823 = ( GEOMETRIC_REPRESENTATION_CONTEXT(2) 
PARAMETRIC_REPRESENTATION_CONTEXT() REPRESENTATION_CONTEXT('2D SPACE',''
  ) );
#1824 = PCURVE('',#1825,#1830);
#1825 = PLANE('',#1826);
#1826 = AXIS2_PLACEMENT_3D('',#1827,#1828,#1829);
#1827 = CARTESIAN_POINT('',(10.4,-1.6,0.));
#1828 = DIRECTION('',(0.,1.,0.));
#1829 = DIRECTION('',(1.,0.,0.));
#1830 = DEFINITIONAL_REPRESENTATION('',(#1831),#1835);
#1831 = LINE('',#1832,#1833);
#1832 = CARTESIAN_POINT('',(0.,0.));
#1833 = VECTOR('',#1834,1.);
#1834 = DIRECTION('',(1.,0.));
#1835 = ( GEOMETRIC_REPRESENTATION_CONTEXT(2) 
PARAMETRIC_REPRESENTATION_CONTEXT() REPRESENTATION_CONTEXT('2D SPACE',''
  ) );
#1836 = ORIENTED_EDGE('',*,*,#1837,.T.);
#1837 = EDGE_CURVE('',#1810,#1752,#1838,.T.);
#1838 = SURFACE_CURVE('',#1839,(#1843,#1850),.PCURVE_S1.);
#1839 = LINE('',#1840,#1841);
#1840 = CARTESIAN_POINT('',(46.371,-29.28525,0.));
#1841 = VECTOR('',#1842,1.);
#1842 = DIRECTION('',(0.,-1.,0.));
#1843 = PCURVE('',#44,#1844);
#1844 = DEFINITIONAL_REPRESENTATION('',(#1845),#1849);
#1845 = LINE('',#1846,#1847);
#1846 = CARTESIAN_POINT('',(46.3355,-29.28525));
#1847 = VECTOR('',#1848,1.);
#1848 = DIRECTION('',(0.,-1.));
#1849 = ( GEOMETRIC_REPRESENTATION_CONTEXT(2) 
PARAMETRIC_REPRESENTATION_CONTEXT() REPRESENTATION_CONTEXT('2D SPACE',''
  ) );
#1850 = PCURVE('',#1851,#1856);
#1851 = PLANE('',#1852);
#1852 = AXIS2_PLACEMENT_3D('',#1853,#1854,#1855);
#1853 = CARTESIAN_POINT('',(46.371,-58.5705,-1.));
#1854 = DIRECTION('',(-1.,0.,0.));
#1855 = DIRECTION('',(0.,1.,0.));
#1856 = DEFINITIONAL_REPRESENTATION('',(#1857),#1860);
#1857 = B_SPLINE_CURVE_WITH_KNOTS('',1,(#1858,#1859),.UNSPECIFIED.,.F.,
  .F.,(2,2),(-87.85575,29.28525),.PIECEWISE_BEZIER_KNOTS.);
#1858 = CARTESIAN_POINT('',(117.141,-1.));
#1859 = CARTESIAN_POINT('',(0.,-1.));
#1860 = ( GEOMETRIC_REPRESENTATION_CONTEXT(2) 
PARAMETRIC_REPRESENTATION_CONTEXT() REPRESENTATION_CONTEXT('2D SPACE',''
  ) );
#1861 = FACE_BOUND('',#1862,.F.);
#1862 = EDGE_LOOP('',(#1863,#1893,#1921,#1949));
#1863 = ORIENTED_EDGE('',*,*,#1864,.T.);
#1864 = EDGE_CURVE('',#1865,#1867,#1869,.T.);
#1865 = VERTEX_POINT('',#1866);
#1866 = CARTESIAN_POINT('',(46.371,1.6,0.));
#1867 = VERTEX_POINT('',#1868);
#1868 = CARTESIAN_POINT('',(41.5355,1.6,0.));
#1869 = SURFACE_CURVE('',#1870,(#1874,#1881),.PCURVE_S1.);
#1870 = LINE('',#1871,#1872);
#1871 = CARTESIAN_POINT('',(46.371,1.6,0.));
#1872 = VECTOR('',#1873,1.);
#1873 = DIRECTION('',(-1.,0.,0.));
#1874 = PCURVE('',#44,#1875);
#1875 = DEFINITIONAL_REPRESENTATION('',(#1876),#1880);
#1876 = LINE('',#1877,#1878);
#1877 = CARTESIAN_POINT('',(46.3355,1.6));
#1878 = VECTOR('',#1879,1.);
#1879 = DIRECTION('',(-1.,0.));
#1880 = ( GEOMETRIC_REPRESENTATION_CONTEXT(2) 
PARAMETRIC_REPRESENTATION_CONTEXT() REPRESENTATION_CONTEXT('2D SPACE',''
  ) );
#1881 = PCURVE('',#1882,#1887);
#1882 = PLANE('',#1883);
#1883 = AXIS2_PLACEMENT_3D('',#1884,#1885,#1886);
#1884 = CARTESIAN_POINT('',(46.371,1.6,0.));
#1885 = DIRECTION('',(0.,-1.,0.));
#1886 = DIRECTION('',(-1.,0.,0.));
#1887 = DEFINITIONAL_REPRESENTATION('',(#1888),#1892);
#1888 = LINE('',#1889,#1890);
#1889 = CARTESIAN_POINT('',(0.,-0.));
#1890 = VECTOR('',#1891,1.);
#1891 = DIRECTION('',(1.,0.));
#1892 = ( GEOMETRIC_REPRESENTATION_CONTEXT(2) 
PARAMETRIC_REPRESENTATION_CONTEXT() REPRESENTATION_CONTEXT('2D SPACE',''
  ) );
#1893 = ORIENTED_EDGE('',*,*,#1894,.T.);
#1894 = EDGE_CURVE('',#1867,#1895,#1897,.T.);
#1895 = VERTEX_POINT('',#1896);
#1896 = CARTESIAN_POINT('',(41.5355,26.4,0.));
#1897 = SURFACE_CURVE('',#1898,(#1902,#1909),.PCURVE_S1.);
#1898 = LINE('',#1899,#1900);
#1899 = CARTESIAN_POINT('',(41.5355,-58.5705,0.));
#1900 = VECTOR('',#1901,1.);
#1901 = DIRECTION('',(0.,1.,0.));
#1902 = PCURVE('',#44,#1903);
#1903 = DEFINITIONAL_REPRESENTATION('',(#1904),#1908);
#1904 = LINE('',#1905,#1906);
#1905 = CARTESIAN_POINT('',(41.5,-58.5705));
#1906 = VECTOR('',#1907,1.);
#1907 = DIRECTION('',(0.,1.));
#1908 = ( GEOMETRIC_REPRESENTATION_CONTEXT(2) 
PARAMETRIC_REPRESENTATION_CONTEXT() REPRESENTATION_CONTEXT('2D SPACE',''
  ) );
#1909 = PCURVE('',#1910,#1915);
#1910 = PLANE('',#1911);
#1911 = AXIS2_PLACEMENT_3D('',#1912,#1913,#1914);
#1912 = CARTESIAN_POINT('',(41.5355,-58.5705,0.));
#1913 = DIRECTION('',(-1.,0.,0.));
#1914 = DIRECTION('',(0.,1.,0.));
#1915 = DEFINITIONAL_REPRESENTATION('',(#1916),#1920);
#1916 = LINE('',#1917,#1918);
#1917 = CARTESIAN_POINT('',(0.,0.));
#1918 = VECTOR('',#1919,1.);
#1919 = DIRECTION('',(1.,0.));
#1920 = ( GEOMETRIC_REPRESENTATION_CONTEXT(2) 
PARAMETRIC_REPRESENTATION_CONTEXT() REPRESENTATION_CONTEXT('2D SPACE',''
  ) );
#1921 = ORIENTED_EDGE('',*,*,#1922,.T.);
#1922 = EDGE_CURVE('',#1895,#1923,#1925,.T.);
#1923 = VERTEX_POINT('',#1924);
#1924 = CARTESIAN_POINT('',(46.371,26.4,0.));
#1925 = SURFACE_CURVE('',#1926,(#1930,#1937),.PCURVE_S1.);
#1926 = LINE('',#1927,#1928);
#1927 = CARTESIAN_POINT('',(10.4,26.4,0.));
#1928 = VECTOR('',#1929,1.);
#1929 = DIRECTION('',(1.,0.,0.));
#1930 = PCURVE('',#44,#1931);
#1931 = DEFINITIONAL_REPRESENTATION('',(#1932),#1936);
#1932 = LINE('',#1933,#1934);
#1933 = CARTESIAN_POINT('',(10.3645,26.4));
#1934 = VECTOR('',#1935,1.);
#1935 = DIRECTION('',(1.,0.));
#1936 = ( GEOMETRIC_REPRESENTATION_CONTEXT(2) 
PARAMETRIC_REPRESENTATION_CONTEXT() REPRESENTATION_CONTEXT('2D SPACE',''
  ) );
#1937 = PCURVE('',#1938,#1943);
#1938 = PLANE('',#1939);
#1939 = AXIS2_PLACEMENT_3D('',#1940,#1941,#1942);
#1940 = CARTESIAN_POINT('',(10.4,26.4,0.));
#1941 = DIRECTION('',(0.,1.,0.));
#1942 = DIRECTION('',(1.,0.,0.));
#1943 = DEFINITIONAL_REPRESENTATION('',(#1944),#1948);
#1944 = LINE('',#1945,#1946);
#1945 = CARTESIAN_POINT('',(0.,0.));
#1946 = VECTOR('',#1947,1.);
#1947 = DIRECTION('',(1.,0.));
#1948 = ( GEOMETRIC_REPRESENTATION_CONTEXT(2) 
PARAMETRIC_REPRESENTATION_CONTEXT() REPRESENTATION_CONTEXT('2D SPACE',''
  ) );
#1949 = ORIENTED_EDGE('',*,*,#1950,.T.);
#1950 = EDGE_CURVE('',#1923,#1865,#1951,.T.);
#1951 = SURFACE_CURVE('',#1952,(#1956,#1963),.PCURVE_S1.);
#1952 = LINE('',#1953,#1954);
#1953 = CARTESIAN_POINT('',(46.371,-29.28525,0.));
#1954 = VECTOR('',#1955,1.);
#1955 = DIRECTION('',(0.,-1.,0.));
#1956 = PCURVE('',#44,#1957);
#1957 = DEFINITIONAL_REPRESENTATION('',(#1958),#1962);
#1958 = LINE('',#1959,#1960);
#1959 = CARTESIAN_POINT('',(46.3355,-29.28525));
#1960 = VECTOR('',#1961,1.);
#1961 = DIRECTION('',(0.,-1.));
#1962 = ( GEOMETRIC_REPRESENTATION_CONTEXT(2) 
PARAMETRIC_REPRESENTATION_CONTEXT() REPRESENTATION_CONTEXT('2D SPACE',''
  ) );
#1963 = PCURVE('',#1964,#1969);
#1964 = PLANE('',#1965);
#1965 = AXIS2_PLACEMENT_3D('',#1966,#1967,#1968);
#1966 = CARTESIAN_POINT('',(46.371,-58.5705,-1.));
#1967 = DIRECTION('',(-1.,0.,0.));
#1968 = DIRECTION('',(0.,1.,0.));
#1969 = DEFINITIONAL_REPRESENTATION('',(#1970),#1973);
#1970 = B_SPLINE_CURVE_WITH_KNOTS('',1,(#1971,#1972),.UNSPECIFIED.,.F.,
  .F.,(2,2),(-87.85575,29.28525),.PIECEWISE_BEZIER_KNOTS.);
#1971 = CARTESIAN_POINT('',(117.141,-1.));
#1972 = CARTESIAN_POINT('',(0.,-1.));
#1973 = ( GEOMETRIC_REPRESENTATION_CONTEXT(2) 
PARAMETRIC_REPRESENTATION_CONTEXT() REPRESENTATION_CONTEXT('2D SPACE',''
  ) );
#1974 = FACE_BOUND('',#1975,.F.);
#1975 = EDGE_LOOP('',(#1976,#2007,#2035,#2063,#2091,#2119,#2147,#2175));
#1976 = ORIENTED_EDGE('',*,*,#1977,.F.);
#1977 = EDGE_CURVE('',#1978,#1980,#1982,.T.);
#1978 = VERTEX_POINT('',#1979);
#1979 = CARTESIAN_POINT('',(42.350672700221,58.2345,0.));
#1980 = VERTEX_POINT('',#1981);
#1981 = CARTESIAN_POINT('',(40.371,58.5705,0.));
#1982 = SURFACE_CURVE('',#1983,(#1988,#1995),.PCURVE_S1.);
#1983 = CIRCLE('',#1984,6.);
#1984 = AXIS2_PLACEMENT_3D('',#1985,#1986,#1987);
#1985 = CARTESIAN_POINT('',(40.371,52.5705,0.));
#1986 = DIRECTION('',(0.,0.,1.));
#1987 = DIRECTION('',(0.,-1.,0.));
#1988 = PCURVE('',#44,#1989);
#1989 = DEFINITIONAL_REPRESENTATION('',(#1990),#1994);
#1990 = CIRCLE('',#1991,6.);
#1991 = AXIS2_PLACEMENT_2D('',#1992,#1993);
#1992 = CARTESIAN_POINT('',(40.3355,52.5705));
#1993 = DIRECTION('',(0.,-1.));
#1994 = ( GEOMETRIC_REPRESENTATION_CONTEXT(2) 
PARAMETRIC_REPRESENTATION_CONTEXT() REPRESENTATION_CONTEXT('2D SPACE',''
  ) );
#1995 = PCURVE('',#1996,#2001);
#1996 = CYLINDRICAL_SURFACE('',#1997,6.);
#1997 = AXIS2_PLACEMENT_3D('',#1998,#1999,#2000);
#1998 = CARTESIAN_POINT('',(40.371,52.5705,0.));
#1999 = DIRECTION('',(0.,0.,1.));
#2000 = DIRECTION('',(1.,0.,-0.));
#2001 = DEFINITIONAL_REPRESENTATION('',(#2002),#2006);
#2002 = LINE('',#2003,#2004);
#2003 = CARTESIAN_POINT('',(-1.570796326795,0.));
#2004 = VECTOR('',#2005,1.);
#2005 = DIRECTION('',(1.,0.));
#2006 = ( GEOMETRIC_REPRESENTATION_CONTEXT(2) 
PARAMETRIC_REPRESENTATION_CONTEXT() REPRESENTATION_CONTEXT('2D SPACE',''
  ) );
#2007 = ORIENTED_EDGE('',*,*,#2008,.T.);
#2008 = EDGE_CURVE('',#1978,#2009,#2011,.T.);
#2009 = VERTEX_POINT('',#2010);
#2010 = CARTESIAN_POINT('',(35.175,58.2345,0.));
#2011 = SURFACE_CURVE('',#2012,(#2016,#2023),.PCURVE_S1.);
#2012 = LINE('',#2013,#2014);
#2013 = CARTESIAN_POINT('',(45.175,58.2345,0.));
#2014 = VECTOR('',#2015,1.);
#2015 = DIRECTION('',(-1.,0.,0.));
#2016 = PCURVE('',#44,#2017);
#2017 = DEFINITIONAL_REPRESENTATION('',(#2018),#2022);
#2018 = LINE('',#2019,#2020);
#2019 = CARTESIAN_POINT('',(45.1395,58.2345));
#2020 = VECTOR('',#2021,1.);
#2021 = DIRECTION('',(-1.,0.));
#2022 = ( GEOMETRIC_REPRESENTATION_CONTEXT(2) 
PARAMETRIC_REPRESENTATION_CONTEXT() REPRESENTATION_CONTEXT('2D SPACE',''
  ) );
#2023 = PCURVE('',#2024,#2029);
#2024 = PLANE('',#2025);
#2025 = AXIS2_PLACEMENT_3D('',#2026,#2027,#2028);
#2026 = CARTESIAN_POINT('',(45.175,58.2345,0.));
#2027 = DIRECTION('',(0.,-1.,0.));
#2028 = DIRECTION('',(-1.,0.,0.));
#2029 = DEFINITIONAL_REPRESENTATION('',(#2030),#2034);
#2030 = LINE('',#2031,#2032);
#2031 = CARTESIAN_POINT('',(0.,-0.));
#2032 = VECTOR('',#2033,1.);
#2033 = DIRECTION('',(1.,0.));
#2034 = ( GEOMETRIC_REPRESENTATION_CONTEXT(2) 
PARAMETRIC_REPRESENTATION_CONTEXT() REPRESENTATION_CONTEXT('2D SPACE',''
  ) );
#2035 = ORIENTED_EDGE('',*,*,#2036,.T.);
#2036 = EDGE_CURVE('',#2009,#2037,#2039,.T.);
#2037 = VERTEX_POINT('',#2038);
#2038 = CARTESIAN_POINT('',(35.175,55.1,0.));
#2039 = SURFACE_CURVE('',#2040,(#2044,#2051),.PCURVE_S1.);
#2040 = LINE('',#2041,#2042);
#2041 = CARTESIAN_POINT('',(35.175,58.2345,0.));
#2042 = VECTOR('',#2043,1.);
#2043 = DIRECTION('',(0.,-1.,0.));
#2044 = PCURVE('',#44,#2045);
#2045 = DEFINITIONAL_REPRESENTATION('',(#2046),#2050);
#2046 = LINE('',#2047,#2048);
#2047 = CARTESIAN_POINT('',(35.1395,58.2345));
#2048 = VECTOR('',#2049,1.);
#2049 = DIRECTION('',(0.,-1.));
#2050 = ( GEOMETRIC_REPRESENTATION_CONTEXT(2) 
PARAMETRIC_REPRESENTATION_CONTEXT() REPRESENTATION_CONTEXT('2D SPACE',''
  ) );
#2051 = PCURVE('',#2052,#2057);
#2052 = PLANE('',#2053);
#2053 = AXIS2_PLACEMENT_3D('',#2054,#2055,#2056);
#2054 = CARTESIAN_POINT('',(35.175,58.2345,0.));
#2055 = DIRECTION('',(1.,0.,-0.));
#2056 = DIRECTION('',(0.,-1.,0.));
#2057 = DEFINITIONAL_REPRESENTATION('',(#2058),#2062);
#2058 = LINE('',#2059,#2060);
#2059 = CARTESIAN_POINT('',(0.,0.));
#2060 = VECTOR('',#2061,1.);
#2061 = DIRECTION('',(1.,0.));
#2062 = ( GEOMETRIC_REPRESENTATION_CONTEXT(2) 
PARAMETRIC_REPRESENTATION_CONTEXT() REPRESENTATION_CONTEXT('2D SPACE',''
  ) );
#2063 = ORIENTED_EDGE('',*,*,#2064,.T.);
#2064 = EDGE_CURVE('',#2037,#2065,#2067,.T.);
#2065 = VERTEX_POINT('',#2066);
#2066 = CARTESIAN_POINT('',(17.438,55.1,0.));
#2067 = SURFACE_CURVE('',#2068,(#2072,#2079),.PCURVE_S1.);
#2068 = LINE('',#2069,#2070);
#2069 = CARTESIAN_POINT('',(46.371,55.1,0.));
#2070 = VECTOR('',#2071,1.);
#2071 = DIRECTION('',(-1.,0.,0.));
#2072 = PCURVE('',#44,#2073);
#2073 = DEFINITIONAL_REPRESENTATION('',(#2074),#2078);
#2074 = LINE('',#2075,#2076);
#2075 = CARTESIAN_POINT('',(46.3355,55.1));
#2076 = VECTOR('',#2077,1.);
#2077 = DIRECTION('',(-1.,0.));
#2078 = ( GEOMETRIC_REPRESENTATION_CONTEXT(2) 
PARAMETRIC_REPRESENTATION_CONTEXT() REPRESENTATION_CONTEXT('2D SPACE',''
  ) );
#2079 = PCURVE('',#2080,#2085);
#2080 = PLANE('',#2081);
#2081 = AXIS2_PLACEMENT_3D('',#2082,#2083,#2084);
#2082 = CARTESIAN_POINT('',(46.371,55.1,0.));
#2083 = DIRECTION('',(0.,-1.,0.));
#2084 = DIRECTION('',(-1.,0.,0.));
#2085 = DEFINITIONAL_REPRESENTATION('',(#2086),#2090);
#2086 = LINE('',#2087,#2088);
#2087 = CARTESIAN_POINT('',(0.,-0.));
#2088 = VECTOR('',#2089,1.);
#2089 = DIRECTION('',(1.,0.));
#2090 = ( GEOMETRIC_REPRESENTATION_CONTEXT(2) 
PARAMETRIC_REPRESENTATION_CONTEXT() REPRESENTATION_CONTEXT('2D SPACE',''
  ) );
#2091 = ORIENTED_EDGE('',*,*,#2092,.T.);
#2092 = EDGE_CURVE('',#2065,#2093,#2095,.T.);
#2093 = VERTEX_POINT('',#2094);
#2094 = CARTESIAN_POINT('',(17.438,58.1835,0.));
#2095 = SURFACE_CURVE('',#2096,(#2100,#2107),.PCURVE_S1.);
#2096 = LINE('',#2097,#2098);
#2097 = CARTESIAN_POINT('',(17.438,48.1835,0.));
#2098 = VECTOR('',#2099,1.);
#2099 = DIRECTION('',(0.,1.,0.));
#2100 = PCURVE('',#44,#2101);
#2101 = DEFINITIONAL_REPRESENTATION('',(#2102),#2106);
#2102 = LINE('',#2103,#2104);
#2103 = CARTESIAN_POINT('',(17.4025,48.1835));
#2104 = VECTOR('',#2105,1.);
#2105 = DIRECTION('',(0.,1.));
#2106 = ( GEOMETRIC_REPRESENTATION_CONTEXT(2) 
PARAMETRIC_REPRESENTATION_CONTEXT() REPRESENTATION_CONTEXT('2D SPACE',''
  ) );
#2107 = PCURVE('',#2108,#2113);
#2108 = PLANE('',#2109);
#2109 = AXIS2_PLACEMENT_3D('',#2110,#2111,#2112);
#2110 = CARTESIAN_POINT('',(17.438,48.1835,0.));
#2111 = DIRECTION('',(-1.,0.,0.));
#2112 = DIRECTION('',(0.,1.,0.));
#2113 = DEFINITIONAL_REPRESENTATION('',(#2114),#2118);
#2114 = LINE('',#2115,#2116);
#2115 = CARTESIAN_POINT('',(0.,0.));
#2116 = VECTOR('',#2117,1.);
#2117 = DIRECTION('',(1.,0.));
#2118 = ( GEOMETRIC_REPRESENTATION_CONTEXT(2) 
PARAMETRIC_REPRESENTATION_CONTEXT() REPRESENTATION_CONTEXT('2D SPACE',''
  ) );
#2119 = ORIENTED_EDGE('',*,*,#2120,.T.);
#2120 = EDGE_CURVE('',#2093,#2121,#2123,.T.);
#2121 = VERTEX_POINT('',#2122);
#2122 = CARTESIAN_POINT('',(13.6,58.1835,0.));
#2123 = SURFACE_CURVE('',#2124,(#2128,#2135),.PCURVE_S1.);
#2124 = LINE('',#2125,#2126);
#2125 = CARTESIAN_POINT('',(17.438,58.1835,0.));
#2126 = VECTOR('',#2127,1.);
#2127 = DIRECTION('',(-1.,0.,0.));
#2128 = PCURVE('',#44,#2129);
#2129 = DEFINITIONAL_REPRESENTATION('',(#2130),#2134);
#2130 = LINE('',#2131,#2132);
#2131 = CARTESIAN_POINT('',(17.4025,58.1835));
#2132 = VECTOR('',#2133,1.);
#2133 = DIRECTION('',(-1.,0.));
#2134 = ( GEOMETRIC_REPRESENTATION_CONTEXT(2) 
PARAMETRIC_REPRESENTATION_CONTEXT() REPRESENTATION_CONTEXT('2D SPACE',''
  ) );
#2135 = PCURVE('',#2136,#2141);
#2136 = PLANE('',#2137);
#2137 = AXIS2_PLACEMENT_3D('',#2138,#2139,#2140);
#2138 = CARTESIAN_POINT('',(17.438,58.1835,0.));
#2139 = DIRECTION('',(0.,-1.,0.));
#2140 = DIRECTION('',(-1.,0.,0.));
#2141 = DEFINITIONAL_REPRESENTATION('',(#2142),#2146);
#2142 = LINE('',#2143,#2144);
#2143 = CARTESIAN_POINT('',(0.,-0.));
#2144 = VECTOR('',#2145,1.);
#2145 = DIRECTION('',(1.,0.));
#2146 = ( GEOMETRIC_REPRESENTATION_CONTEXT(2) 
PARAMETRIC_REPRESENTATION_CONTEXT() REPRESENTATION_CONTEXT('2D SPACE',''
  ) );
#2147 = ORIENTED_EDGE('',*,*,#2148,.T.);
#2148 = EDGE_CURVE('',#2121,#2149,#2151,.T.);
#2149 = VERTEX_POINT('',#2150);
#2150 = CARTESIAN_POINT('',(13.6,58.5705,0.));
#2151 = SURFACE_CURVE('',#2152,(#2156,#2163),.PCURVE_S1.);
#2152 = LINE('',#2153,#2154);
#2153 = CARTESIAN_POINT('',(13.6,-58.5705,0.));
#2154 = VECTOR('',#2155,1.);
#2155 = DIRECTION('',(0.,1.,0.));
#2156 = PCURVE('',#44,#2157);
#2157 = DEFINITIONAL_REPRESENTATION('',(#2158),#2162);
#2158 = LINE('',#2159,#2160);
#2159 = CARTESIAN_POINT('',(13.5645,-58.5705));
#2160 = VECTOR('',#2161,1.);
#2161 = DIRECTION('',(0.,1.));
#2162 = ( GEOMETRIC_REPRESENTATION_CONTEXT(2) 
PARAMETRIC_REPRESENTATION_CONTEXT() REPRESENTATION_CONTEXT('2D SPACE',''
  ) );
#2163 = PCURVE('',#2164,#2169);
#2164 = PLANE('',#2165);
#2165 = AXIS2_PLACEMENT_3D('',#2166,#2167,#2168);
#2166 = CARTESIAN_POINT('',(13.6,-58.5705,0.));
#2167 = DIRECTION('',(-1.,0.,0.));
#2168 = DIRECTION('',(0.,1.,0.));
#2169 = DEFINITIONAL_REPRESENTATION('',(#2170),#2174);
#2170 = LINE('',#2171,#2172);
#2171 = CARTESIAN_POINT('',(0.,0.));
#2172 = VECTOR('',#2173,1.);
#2173 = DIRECTION('',(1.,0.));
#2174 = ( GEOMETRIC_REPRESENTATION_CONTEXT(2) 
PARAMETRIC_REPRESENTATION_CONTEXT() REPRESENTATION_CONTEXT('2D SPACE',''
  ) );
#2175 = ORIENTED_EDGE('',*,*,#2176,.T.);
#2176 = EDGE_CURVE('',#2149,#1980,#2177,.T.);
#2177 = SURFACE_CURVE('',#2178,(#2182,#2189),.PCURVE_S1.);
#2178 = LINE('',#2179,#2180);
#2179 = CARTESIAN_POINT('',(23.20325,58.5705,0.));
#2180 = VECTOR('',#2181,1.);
#2181 = DIRECTION('',(1.,0.,-0.));
#2182 = PCURVE('',#44,#2183);
#2183 = DEFINITIONAL_REPRESENTATION('',(#2184),#2188);
#2184 = LINE('',#2185,#2186);
#2185 = CARTESIAN_POINT('',(23.16775,58.5705));
#2186 = VECTOR('',#2187,1.);
#2187 = DIRECTION('',(1.,0.));
#2188 = ( GEOMETRIC_REPRESENTATION_CONTEXT(2) 
PARAMETRIC_REPRESENTATION_CONTEXT() REPRESENTATION_CONTEXT('2D SPACE',''
  ) );
#2189 = PCURVE('',#2190,#2195);
#2190 = PLANE('',#2191);
#2191 = AXIS2_PLACEMENT_3D('',#2192,#2193,#2194);
#2192 = CARTESIAN_POINT('',(46.371,58.5705,-1.));
#2193 = DIRECTION('',(0.,-1.,0.));
#2194 = DIRECTION('',(-1.,0.,0.));
#2195 = DEFINITIONAL_REPRESENTATION('',(#2196),#2199);
#2196 = B_SPLINE_CURVE_WITH_KNOTS('',1,(#2197,#2198),.UNSPECIFIED.,.F.,
  .F.,(2,2),(-69.50325,23.16775),.PIECEWISE_BEZIER_KNOTS.);
#2197 = CARTESIAN_POINT('',(92.671,-1.));
#2198 = CARTESIAN_POINT('',(0.,-1.));
#2199 = ( GEOMETRIC_REPRESENTATION_CONTEXT(2) 
PARAMETRIC_REPRESENTATION_CONTEXT() REPRESENTATION_CONTEXT('2D SPACE',''
  ) );
#2200 = FACE_BOUND('',#2201,.F.);
#2201 = EDGE_LOOP('',(#2202,#2232,#2260,#2288,#2316,#2344));
#2202 = ORIENTED_EDGE('',*,*,#2203,.T.);
#2203 = EDGE_CURVE('',#2204,#2206,#2208,.T.);
#2204 = VERTEX_POINT('',#2205);
#2205 = CARTESIAN_POINT('',(46.371,29.6,0.));
#2206 = VERTEX_POINT('',#2207);
#2207 = CARTESIAN_POINT('',(41.5355,29.6,0.));
#2208 = SURFACE_CURVE('',#2209,(#2213,#2220),.PCURVE_S1.);
#2209 = LINE('',#2210,#2211);
#2210 = CARTESIAN_POINT('',(46.371,29.6,0.));
#2211 = VECTOR('',#2212,1.);
#2212 = DIRECTION('',(-1.,0.,0.));
#2213 = PCURVE('',#44,#2214);
#2214 = DEFINITIONAL_REPRESENTATION('',(#2215),#2219);
#2215 = LINE('',#2216,#2217);
#2216 = CARTESIAN_POINT('',(46.3355,29.6));
#2217 = VECTOR('',#2218,1.);
#2218 = DIRECTION('',(-1.,0.));
#2219 = ( GEOMETRIC_REPRESENTATION_CONTEXT(2) 
PARAMETRIC_REPRESENTATION_CONTEXT() REPRESENTATION_CONTEXT('2D SPACE',''
  ) );
#2220 = PCURVE('',#2221,#2226);
#2221 = PLANE('',#2222);
#2222 = AXIS2_PLACEMENT_3D('',#2223,#2224,#2225);
#2223 = CARTESIAN_POINT('',(46.371,29.6,0.));
#2224 = DIRECTION('',(0.,-1.,0.));
#2225 = DIRECTION('',(-1.,0.,0.));
#2226 = DEFINITIONAL_REPRESENTATION('',(#2227),#2231);
#2227 = LINE('',#2228,#2229);
#2228 = CARTESIAN_POINT('',(0.,-0.));
#2229 = VECTOR('',#2230,1.);
#2230 = DIRECTION('',(1.,0.));
#2231 = ( GEOMETRIC_REPRESENTATION_CONTEXT(2) 
PARAMETRIC_REPRESENTATION_CONTEXT() REPRESENTATION_CONTEXT('2D SPACE',''
  ) );
#2232 = ORIENTED_EDGE('',*,*,#2233,.T.);
#2233 = EDGE_CURVE('',#2206,#2234,#2236,.T.);
#2234 = VERTEX_POINT('',#2235);
#2235 = CARTESIAN_POINT('',(41.5355,48.2345,0.));
#2236 = SURFACE_CURVE('',#2237,(#2241,#2248),.PCURVE_S1.);
#2237 = LINE('',#2238,#2239);
#2238 = CARTESIAN_POINT('',(41.5355,-58.5705,0.));
#2239 = VECTOR('',#2240,1.);
#2240 = DIRECTION('',(0.,1.,0.));
#2241 = PCURVE('',#44,#2242);
#2242 = DEFINITIONAL_REPRESENTATION('',(#2243),#2247);
#2243 = LINE('',#2244,#2245);
#2244 = CARTESIAN_POINT('',(41.5,-58.5705));
#2245 = VECTOR('',#2246,1.);
#2246 = DIRECTION('',(0.,1.));
#2247 = ( GEOMETRIC_REPRESENTATION_CONTEXT(2) 
PARAMETRIC_REPRESENTATION_CONTEXT() REPRESENTATION_CONTEXT('2D SPACE',''
  ) );
#2248 = PCURVE('',#2249,#2254);
#2249 = PLANE('',#2250);
#2250 = AXIS2_PLACEMENT_3D('',#2251,#2252,#2253);
#2251 = CARTESIAN_POINT('',(41.5355,-58.5705,0.));
#2252 = DIRECTION('',(-1.,0.,0.));
#2253 = DIRECTION('',(0.,1.,0.));
#2254 = DEFINITIONAL_REPRESENTATION('',(#2255),#2259);
#2255 = LINE('',#2256,#2257);
#2256 = CARTESIAN_POINT('',(0.,0.));
#2257 = VECTOR('',#2258,1.);
#2258 = DIRECTION('',(1.,0.));
#2259 = ( GEOMETRIC_REPRESENTATION_CONTEXT(2) 
PARAMETRIC_REPRESENTATION_CONTEXT() REPRESENTATION_CONTEXT('2D SPACE',''
  ) );
#2260 = ORIENTED_EDGE('',*,*,#2261,.T.);
#2261 = EDGE_CURVE('',#2234,#2262,#2264,.T.);
#2262 = VERTEX_POINT('',#2263);
#2263 = CARTESIAN_POINT('',(45.175,48.2345,0.));
#2264 = SURFACE_CURVE('',#2265,(#2269,#2276),.PCURVE_S1.);
#2265 = LINE('',#2266,#2267);
#2266 = CARTESIAN_POINT('',(35.175,48.2345,0.));
#2267 = VECTOR('',#2268,1.);
#2268 = DIRECTION('',(1.,0.,0.));
#2269 = PCURVE('',#44,#2270);
#2270 = DEFINITIONAL_REPRESENTATION('',(#2271),#2275);
#2271 = LINE('',#2272,#2273);
#2272 = CARTESIAN_POINT('',(35.1395,48.2345));
#2273 = VECTOR('',#2274,1.);
#2274 = DIRECTION('',(1.,0.));
#2275 = ( GEOMETRIC_REPRESENTATION_CONTEXT(2) 
PARAMETRIC_REPRESENTATION_CONTEXT() REPRESENTATION_CONTEXT('2D SPACE',''
  ) );
#2276 = PCURVE('',#2277,#2282);
#2277 = PLANE('',#2278);
#2278 = AXIS2_PLACEMENT_3D('',#2279,#2280,#2281);
#2279 = CARTESIAN_POINT('',(35.175,48.2345,0.));
#2280 = DIRECTION('',(0.,1.,0.));
#2281 = DIRECTION('',(1.,0.,0.));
#2282 = DEFINITIONAL_REPRESENTATION('',(#2283),#2287);
#2283 = LINE('',#2284,#2285);
#2284 = CARTESIAN_POINT('',(0.,0.));
#2285 = VECTOR('',#2286,1.);
#2286 = DIRECTION('',(1.,0.));
#2287 = ( GEOMETRIC_REPRESENTATION_CONTEXT(2) 
PARAMETRIC_REPRESENTATION_CONTEXT() REPRESENTATION_CONTEXT('2D SPACE',''
  ) );
#2288 = ORIENTED_EDGE('',*,*,#2289,.T.);
#2289 = EDGE_CURVE('',#2262,#2290,#2292,.T.);
#2290 = VERTEX_POINT('',#2291);
#2291 = CARTESIAN_POINT('',(45.175,51.9,0.));
#2292 = SURFACE_CURVE('',#2293,(#2297,#2304),.PCURVE_S1.);
#2293 = LINE('',#2294,#2295);
#2294 = CARTESIAN_POINT('',(45.175,48.2345,0.));
#2295 = VECTOR('',#2296,1.);
#2296 = DIRECTION('',(0.,1.,0.));
#2297 = PCURVE('',#44,#2298);
#2298 = DEFINITIONAL_REPRESENTATION('',(#2299),#2303);
#2299 = LINE('',#2300,#2301);
#2300 = CARTESIAN_POINT('',(45.1395,48.2345));
#2301 = VECTOR('',#2302,1.);
#2302 = DIRECTION('',(0.,1.));
#2303 = ( GEOMETRIC_REPRESENTATION_CONTEXT(2) 
PARAMETRIC_REPRESENTATION_CONTEXT() REPRESENTATION_CONTEXT('2D SPACE',''
  ) );
#2304 = PCURVE('',#2305,#2310);
#2305 = PLANE('',#2306);
#2306 = AXIS2_PLACEMENT_3D('',#2307,#2308,#2309);
#2307 = CARTESIAN_POINT('',(45.175,48.2345,0.));
#2308 = DIRECTION('',(-1.,0.,0.));
#2309 = DIRECTION('',(0.,1.,0.));
#2310 = DEFINITIONAL_REPRESENTATION('',(#2311),#2315);
#2311 = LINE('',#2312,#2313);
#2312 = CARTESIAN_POINT('',(0.,0.));
#2313 = VECTOR('',#2314,1.);
#2314 = DIRECTION('',(1.,0.));
#2315 = ( GEOMETRIC_REPRESENTATION_CONTEXT(2) 
PARAMETRIC_REPRESENTATION_CONTEXT() REPRESENTATION_CONTEXT('2D SPACE',''
  ) );
#2316 = ORIENTED_EDGE('',*,*,#2317,.T.);
#2317 = EDGE_CURVE('',#2290,#2318,#2320,.T.);
#2318 = VERTEX_POINT('',#2319);
#2319 = CARTESIAN_POINT('',(46.371,51.9,0.));
#2320 = SURFACE_CURVE('',#2321,(#2325,#2332),.PCURVE_S1.);
#2321 = LINE('',#2322,#2323);
#2322 = CARTESIAN_POINT('',(10.4,51.9,0.));
#2323 = VECTOR('',#2324,1.);
#2324 = DIRECTION('',(1.,0.,0.));
#2325 = PCURVE('',#44,#2326);
#2326 = DEFINITIONAL_REPRESENTATION('',(#2327),#2331);
#2327 = LINE('',#2328,#2329);
#2328 = CARTESIAN_POINT('',(10.3645,51.9));
#2329 = VECTOR('',#2330,1.);
#2330 = DIRECTION('',(1.,0.));
#2331 = ( GEOMETRIC_REPRESENTATION_CONTEXT(2) 
PARAMETRIC_REPRESENTATION_CONTEXT() REPRESENTATION_CONTEXT('2D SPACE',''
  ) );
#2332 = PCURVE('',#2333,#2338);
#2333 = PLANE('',#2334);
#2334 = AXIS2_PLACEMENT_3D('',#2335,#2336,#2337);
#2335 = CARTESIAN_POINT('',(10.4,51.9,0.));
#2336 = DIRECTION('',(0.,1.,0.));
#2337 = DIRECTION('',(1.,0.,0.));
#2338 = DEFINITIONAL_REPRESENTATION('',(#2339),#2343);
#2339 = LINE('',#2340,#2341);
#2340 = CARTESIAN_POINT('',(0.,0.));
#2341 = VECTOR('',#2342,1.);
#2342 = DIRECTION('',(1.,0.));
#2343 = ( GEOMETRIC_REPRESENTATION_CONTEXT(2) 
PARAMETRIC_REPRESENTATION_CONTEXT() REPRESENTATION_CONTEXT('2D SPACE',''
  ) );
#2344 = ORIENTED_EDGE('',*,*,#2345,.T.);
#2345 = EDGE_CURVE('',#2318,#2204,#2346,.T.);
#2346 = SURFACE_CURVE('',#2347,(#2351,#2358),.PCURVE_S1.);
#2347 = LINE('',#2348,#2349);
#2348 = CARTESIAN_POINT('',(46.371,-29.28525,0.));
#2349 = VECTOR('',#2350,1.);
#2350 = DIRECTION('',(0.,-1.,0.));
#2351 = PCURVE('',#44,#2352);
#2352 = DEFINITIONAL_REPRESENTATION('',(#2353),#2357);
#2353 = LINE('',#2354,#2355);
#2354 = CARTESIAN_POINT('',(46.3355,-29.28525));
#2355 = VECTOR('',#2356,1.);
#2356 = DIRECTION('',(0.,-1.));
#2357 = ( GEOMETRIC_REPRESENTATION_CONTEXT(2) 
PARAMETRIC_REPRESENTATION_CONTEXT() REPRESENTATION_CONTEXT('2D SPACE',''
  ) );
#2358 = PCURVE('',#2359,#2364);
#2359 = PLANE('',#2360);
#2360 = AXIS2_PLACEMENT_3D('',#2361,#2362,#2363);
#2361 = CARTESIAN_POINT('',(46.371,-58.5705,-1.));
#2362 = DIRECTION('',(-1.,0.,0.));
#2363 = DIRECTION('',(0.,1.,0.));
#2364 = DEFINITIONAL_REPRESENTATION('',(#2365),#2368);
#2365 = B_SPLINE_CURVE_WITH_KNOTS('',1,(#2366,#2367),.UNSPECIFIED.,.F.,
  .F.,(2,2),(-87.85575,29.28525),.PIECEWISE_BEZIER_KNOTS.);
#2366 = CARTESIAN_POINT('',(117.141,-1.));
#2367 = CARTESIAN_POINT('',(0.,-1.));
#2368 = ( GEOMETRIC_REPRESENTATION_CONTEXT(2) 
PARAMETRIC_REPRESENTATION_CONTEXT() REPRESENTATION_CONTEXT('2D SPACE',''
  ) );
#2369 = FACE_BOUND('',#2370,.F.);
#2370 = EDGE_LOOP('',(#2371,#2402,#2430));
#2371 = ORIENTED_EDGE('',*,*,#2372,.F.);
#2372 = EDGE_CURVE('',#2373,#2375,#2377,.T.);
#2373 = VERTEX_POINT('',#2374);
#2374 = CARTESIAN_POINT('',(45.811737978436,55.1,0.));
#2375 = VERTEX_POINT('',#2376);
#2376 = CARTESIAN_POINT('',(45.175,56.165160484663,0.));
#2377 = SURFACE_CURVE('',#2378,(#2383,#2390),.PCURVE_S1.);
#2378 = CIRCLE('',#2379,6.);
#2379 = AXIS2_PLACEMENT_3D('',#2380,#2381,#2382);
#2380 = CARTESIAN_POINT('',(40.371,52.5705,0.));
#2381 = DIRECTION('',(0.,0.,1.));
#2382 = DIRECTION('',(0.,-1.,0.));
#2383 = PCURVE('',#44,#2384);
#2384 = DEFINITIONAL_REPRESENTATION('',(#2385),#2389);
#2385 = CIRCLE('',#2386,6.);
#2386 = AXIS2_PLACEMENT_2D('',#2387,#2388);
#2387 = CARTESIAN_POINT('',(40.3355,52.5705));
#2388 = DIRECTION('',(0.,-1.));
#2389 = ( GEOMETRIC_REPRESENTATION_CONTEXT(2) 
PARAMETRIC_REPRESENTATION_CONTEXT() REPRESENTATION_CONTEXT('2D SPACE',''
  ) );
#2390 = PCURVE('',#2391,#2396);
#2391 = CYLINDRICAL_SURFACE('',#2392,6.);
#2392 = AXIS2_PLACEMENT_3D('',#2393,#2394,#2395);
#2393 = CARTESIAN_POINT('',(40.371,52.5705,0.));
#2394 = DIRECTION('',(0.,0.,1.));
#2395 = DIRECTION('',(1.,0.,-0.));
#2396 = DEFINITIONAL_REPRESENTATION('',(#2397),#2401);
#2397 = LINE('',#2398,#2399);
#2398 = CARTESIAN_POINT('',(-1.570796326795,0.));
#2399 = VECTOR('',#2400,1.);
#2400 = DIRECTION('',(1.,0.));
#2401 = ( GEOMETRIC_REPRESENTATION_CONTEXT(2) 
PARAMETRIC_REPRESENTATION_CONTEXT() REPRESENTATION_CONTEXT('2D SPACE',''
  ) );
#2402 = ORIENTED_EDGE('',*,*,#2403,.T.);
#2403 = EDGE_CURVE('',#2373,#2404,#2406,.T.);
#2404 = VERTEX_POINT('',#2405);
#2405 = CARTESIAN_POINT('',(45.175,55.1,0.));
#2406 = SURFACE_CURVE('',#2407,(#2411,#2418),.PCURVE_S1.);
#2407 = LINE('',#2408,#2409);
#2408 = CARTESIAN_POINT('',(46.371,55.1,0.));
#2409 = VECTOR('',#2410,1.);
#2410 = DIRECTION('',(-1.,0.,0.));
#2411 = PCURVE('',#44,#2412);
#2412 = DEFINITIONAL_REPRESENTATION('',(#2413),#2417);
#2413 = LINE('',#2414,#2415);
#2414 = CARTESIAN_POINT('',(46.3355,55.1));
#2415 = VECTOR('',#2416,1.);
#2416 = DIRECTION('',(-1.,0.));
#2417 = ( GEOMETRIC_REPRESENTATION_CONTEXT(2) 
PARAMETRIC_REPRESENTATION_CONTEXT() REPRESENTATION_CONTEXT('2D SPACE',''
  ) );
#2418 = PCURVE('',#2419,#2424);
#2419 = PLANE('',#2420);
#2420 = AXIS2_PLACEMENT_3D('',#2421,#2422,#2423);
#2421 = CARTESIAN_POINT('',(46.371,55.1,0.));
#2422 = DIRECTION('',(0.,-1.,0.));
#2423 = DIRECTION('',(-1.,0.,0.));
#2424 = DEFINITIONAL_REPRESENTATION('',(#2425),#2429);
#2425 = LINE('',#2426,#2427);
#2426 = CARTESIAN_POINT('',(0.,-0.));
#2427 = VECTOR('',#2428,1.);
#2428 = DIRECTION('',(1.,0.));
#2429 = ( GEOMETRIC_REPRESENTATION_CONTEXT(2) 
PARAMETRIC_REPRESENTATION_CONTEXT() REPRESENTATION_CONTEXT('2D SPACE',''
  ) );
#2430 = ORIENTED_EDGE('',*,*,#2431,.T.);
#2431 = EDGE_CURVE('',#2404,#2375,#2432,.T.);
#2432 = SURFACE_CURVE('',#2433,(#2437,#2444),.PCURVE_S1.);
#2433 = LINE('',#2434,#2435);
#2434 = CARTESIAN_POINT('',(45.175,48.2345,0.));
#2435 = VECTOR('',#2436,1.);
#2436 = DIRECTION('',(0.,1.,0.));
#2437 = PCURVE('',#44,#2438);
#2438 = DEFINITIONAL_REPRESENTATION('',(#2439),#2443);
#2439 = LINE('',#2440,#2441);
#2440 = CARTESIAN_POINT('',(45.1395,48.2345));
#2441 = VECTOR('',#2442,1.);
#2442 = DIRECTION('',(0.,1.));
#2443 = ( GEOMETRIC_REPRESENTATION_CONTEXT(2) 
PARAMETRIC_REPRESENTATION_CONTEXT() REPRESENTATION_CONTEXT('2D SPACE',''
  ) );
#2444 = PCURVE('',#2445,#2450);
#2445 = PLANE('',#2446);
#2446 = AXIS2_PLACEMENT_3D('',#2447,#2448,#2449);
#2447 = CARTESIAN_POINT('',(45.175,48.2345,0.));
#2448 = DIRECTION('',(-1.,0.,0.));
#2449 = DIRECTION('',(0.,1.,0.));
#2450 = DEFINITIONAL_REPRESENTATION('',(#2451),#2455);
#2451 = LINE('',#2452,#2453);
#2452 = CARTESIAN_POINT('',(0.,0.));
#2453 = VECTOR('',#2454,1.);
#2454 = DIRECTION('',(1.,0.));
#2455 = ( GEOMETRIC_REPRESENTATION_CONTEXT(2) 
PARAMETRIC_REPRESENTATION_CONTEXT() REPRESENTATION_CONTEXT('2D SPACE',''
  ) );
#2456 = FACE_BOUND('',#2457,.F.);
#2457 = EDGE_LOOP('',(#2458,#2486,#2519,#2545));
#2458 = ORIENTED_EDGE('',*,*,#2459,.F.);
#2459 = EDGE_CURVE('',#2460,#2462,#2464,.T.);
#2460 = VERTEX_POINT('',#2461);
#2461 = CARTESIAN_POINT('',(58.621,57.4705,0.));
#2462 = VERTEX_POINT('',#2463);
#2463 = CARTESIAN_POINT('',(54.521,57.4705,0.));
#2464 = SURFACE_CURVE('',#2465,(#2469,#2475),.PCURVE_S1.);
#2465 = LINE('',#2466,#2467);
#2466 = CARTESIAN_POINT('',(27.27825,57.4705,0.));
#2467 = VECTOR('',#2468,1.);
#2468 = DIRECTION('',(-1.,0.,0.));
#2469 = PCURVE('',#44,#2470);
#2470 = DEFINITIONAL_REPRESENTATION('',(#2471),#2474);
#2471 = B_SPLINE_CURVE_WITH_KNOTS('',1,(#2472,#2473),.UNSPECIFIED.,.F.,
  .F.,(2,2),(-31.34275,-27.24275),.PIECEWISE_BEZIER_KNOTS.);
#2472 = CARTESIAN_POINT('',(58.5855,57.4705));
#2473 = CARTESIAN_POINT('',(54.4855,57.4705));
#2474 = ( GEOMETRIC_REPRESENTATION_CONTEXT(2) 
PARAMETRIC_REPRESENTATION_CONTEXT() REPRESENTATION_CONTEXT('2D SPACE',''
  ) );
#2475 = PCURVE('',#2476,#2481);
#2476 = PLANE('',#2477);
#2477 = AXIS2_PLACEMENT_3D('',#2478,#2479,#2480);
#2478 = CARTESIAN_POINT('',(54.521,57.4705,-1.));
#2479 = DIRECTION('',(0.,1.,0.));
#2480 = DIRECTION('',(1.,0.,0.));
#2481 = DEFINITIONAL_REPRESENTATION('',(#2482),#2485);
#2482 = B_SPLINE_CURVE_WITH_KNOTS('',1,(#2483,#2484),.UNSPECIFIED.,.F.,
  .F.,(2,2),(-31.34275,-27.24275),.PIECEWISE_BEZIER_KNOTS.);
#2483 = CARTESIAN_POINT('',(4.1,-1.));
#2484 = CARTESIAN_POINT('',(0.,-1.));
#2485 = ( GEOMETRIC_REPRESENTATION_CONTEXT(2) 
PARAMETRIC_REPRESENTATION_CONTEXT() REPRESENTATION_CONTEXT('2D SPACE',''
  ) );
#2486 = ORIENTED_EDGE('',*,*,#2487,.T.);
#2487 = EDGE_CURVE('',#2460,#2488,#2490,.T.);
#2488 = VERTEX_POINT('',#2489);
#2489 = CARTESIAN_POINT('',(58.621,54.0705,0.));
#2490 = SURFACE_CURVE('',#2491,(#2496,#2507),.PCURVE_S1.);
#2491 = CIRCLE('',#2492,1.7);
#2492 = AXIS2_PLACEMENT_3D('',#2493,#2494,#2495);
#2493 = CARTESIAN_POINT('',(58.621,55.7705,0.));
#2494 = DIRECTION('',(0.,0.,-1.));
#2495 = DIRECTION('',(0.,1.,0.));
#2496 = PCURVE('',#44,#2497);
#2497 = DEFINITIONAL_REPRESENTATION('',(#2498),#2506);
#2498 = ( BOUNDED_CURVE() B_SPLINE_CURVE(2,(#2499,#2500,#2501,#2502,
#2503,#2504,#2505),.UNSPECIFIED.,.T.,.F.) B_SPLINE_CURVE_WITH_KNOTS((1,2
    ,2,2,2,1),(-2.094395102393,0.,2.094395102393,4.188790204786,
6.28318530718,8.377580409573),.UNSPECIFIED.) CURVE() 
GEOMETRIC_REPRESENTATION_ITEM() RATIONAL_B_SPLINE_CURVE((1.,0.5,1.,0.5,
1.,0.5,1.)) REPRESENTATION_ITEM('') );
#2499 = CARTESIAN_POINT('',(58.5855,57.4705));
#2500 = CARTESIAN_POINT('',(61.529986372867,57.4705));
#2501 = CARTESIAN_POINT('',(60.057743186434,54.9205));
#2502 = CARTESIAN_POINT('',(58.5855,52.3705));
#2503 = CARTESIAN_POINT('',(57.113256813566,54.9205));
#2504 = CARTESIAN_POINT('',(55.641013627133,57.4705));
#2505 = CARTESIAN_POINT('',(58.5855,57.4705));
#2506 = ( GEOMETRIC_REPRESENTATION_CONTEXT(2) 
PARAMETRIC_REPRESENTATION_CONTEXT() REPRESENTATION_CONTEXT('2D SPACE',''
  ) );
#2507 = PCURVE('',#2508,#2513);
#2508 = CYLINDRICAL_SURFACE('',#2509,1.7);
#2509 = AXIS2_PLACEMENT_3D('',#2510,#2511,#2512);
#2510 = CARTESIAN_POINT('',(58.621,55.7705,-1.));
#2511 = DIRECTION('',(0.,0.,-1.));
#2512 = DIRECTION('',(0.,1.,0.));
#2513 = DEFINITIONAL_REPRESENTATION('',(#2514),#2518);
#2514 = LINE('',#2515,#2516);
#2515 = CARTESIAN_POINT('',(0.,-1.));
#2516 = VECTOR('',#2517,1.);
#2517 = DIRECTION('',(1.,0.));
#2518 = ( GEOMETRIC_REPRESENTATION_CONTEXT(2) 
PARAMETRIC_REPRESENTATION_CONTEXT() REPRESENTATION_CONTEXT('2D SPACE',''
  ) );
#2519 = ORIENTED_EDGE('',*,*,#2520,.F.);
#2520 = EDGE_CURVE('',#2521,#2488,#2523,.T.);
#2521 = VERTEX_POINT('',#2522);
#2522 = CARTESIAN_POINT('',(54.521,54.0705,0.));
#2523 = SURFACE_CURVE('',#2524,(#2528,#2534),.PCURVE_S1.);
#2524 = LINE('',#2525,#2526);
#2525 = CARTESIAN_POINT('',(29.32825,54.0705,0.));
#2526 = VECTOR('',#2527,1.);
#2527 = DIRECTION('',(1.,0.,-0.));
#2528 = PCURVE('',#44,#2529);
#2529 = DEFINITIONAL_REPRESENTATION('',(#2530),#2533);
#2530 = B_SPLINE_CURVE_WITH_KNOTS('',1,(#2531,#2532),.UNSPECIFIED.,.F.,
  .F.,(2,2),(25.19275,29.29275),.PIECEWISE_BEZIER_KNOTS.);
#2531 = CARTESIAN_POINT('',(54.4855,54.0705));
#2532 = CARTESIAN_POINT('',(58.5855,54.0705));
#2533 = ( GEOMETRIC_REPRESENTATION_CONTEXT(2) 
PARAMETRIC_REPRESENTATION_CONTEXT() REPRESENTATION_CONTEXT('2D SPACE',''
  ) );
#2534 = PCURVE('',#2535,#2540);
#2535 = PLANE('',#2536);
#2536 = AXIS2_PLACEMENT_3D('',#2537,#2538,#2539);
#2537 = CARTESIAN_POINT('',(58.621,54.0705,-1.));
#2538 = DIRECTION('',(0.,-1.,0.));
#2539 = DIRECTION('',(-1.,0.,0.));
#2540 = DEFINITIONAL_REPRESENTATION('',(#2541),#2544);
#2541 = B_SPLINE_CURVE_WITH_KNOTS('',1,(#2542,#2543),.UNSPECIFIED.,.F.,
  .F.,(2,2),(25.19275,29.29275),.PIECEWISE_BEZIER_KNOTS.);
#2542 = CARTESIAN_POINT('',(4.1,-1.));
#2543 = CARTESIAN_POINT('',(0.,-1.));
#2544 = ( GEOMETRIC_REPRESENTATION_CONTEXT(2) 
PARAMETRIC_REPRESENTATION_CONTEXT() REPRESENTATION_CONTEXT('2D SPACE',''
  ) );
#2545 = ORIENTED_EDGE('',*,*,#2546,.T.);
#2546 = EDGE_CURVE('',#2521,#2462,#2547,.T.);
#2547 = SURFACE_CURVE('',#2548,(#2553,#2564),.PCURVE_S1.);
#2548 = CIRCLE('',#2549,1.7);
#2549 = AXIS2_PLACEMENT_3D('',#2550,#2551,#2552);
#2550 = CARTESIAN_POINT('',(54.521,55.7705,0.));
#2551 = DIRECTION('',(0.,-0.,-1.));
#2552 = DIRECTION('',(0.,-1.,0.));
#2553 = PCURVE('',#44,#2554);
#2554 = DEFINITIONAL_REPRESENTATION('',(#2555),#2563);
#2555 = ( BOUNDED_CURVE() B_SPLINE_CURVE(2,(#2556,#2557,#2558,#2559,
#2560,#2561,#2562),.UNSPECIFIED.,.T.,.F.) B_SPLINE_CURVE_WITH_KNOTS((1,2
    ,2,2,2,1),(-2.094395102393,0.,2.094395102393,4.188790204786,
6.28318530718,8.377580409573),.UNSPECIFIED.) CURVE() 
GEOMETRIC_REPRESENTATION_ITEM() RATIONAL_B_SPLINE_CURVE((1.,0.5,1.,0.5,
1.,0.5,1.)) REPRESENTATION_ITEM('') );
#2556 = CARTESIAN_POINT('',(54.4855,54.0705));
#2557 = CARTESIAN_POINT('',(51.541013627133,54.0705));
#2558 = CARTESIAN_POINT('',(53.013256813566,56.6205));
#2559 = CARTESIAN_POINT('',(54.4855,59.1705));
#2560 = CARTESIAN_POINT('',(55.957743186434,56.6205));
#2561 = CARTESIAN_POINT('',(57.429986372867,54.0705));
#2562 = CARTESIAN_POINT('',(54.4855,54.0705));
#2563 = ( GEOMETRIC_REPRESENTATION_CONTEXT(2) 
PARAMETRIC_REPRESENTATION_CONTEXT() REPRESENTATION_CONTEXT('2D SPACE',''
  ) );
#2564 = PCURVE('',#2565,#2570);
#2565 = CYLINDRICAL_SURFACE('',#2566,1.7);
#2566 = AXIS2_PLACEMENT_3D('',#2567,#2568,#2569);
#2567 = CARTESIAN_POINT('',(54.521,55.7705,-1.));
#2568 = DIRECTION('',(0.,-0.,-1.));
#2569 = DIRECTION('',(0.,-1.,0.));
#2570 = DEFINITIONAL_REPRESENTATION('',(#2571),#2575);
#2571 = LINE('',#2572,#2573);
#2572 = CARTESIAN_POINT('',(0.,-1.));
#2573 = VECTOR('',#2574,1.);
#2574 = DIRECTION('',(1.,0.));
#2575 = ( GEOMETRIC_REPRESENTATION_CONTEXT(2) 
PARAMETRIC_REPRESENTATION_CONTEXT() REPRESENTATION_CONTEXT('2D SPACE',''
  ) );
#2576 = ADVANCED_FACE('',(#2577),#124,.T.);
#2577 = FACE_BOUND('',#2578,.T.);
#2578 = EDGE_LOOP('',(#2579,#2580,#2603,#2625));
#2579 = ORIENTED_EDGE('',*,*,#161,.T.);
#2580 = ORIENTED_EDGE('',*,*,#2581,.T.);
#2581 = EDGE_CURVE('',#162,#2582,#2584,.T.);
#2582 = VERTEX_POINT('',#2583);
#2583 = CARTESIAN_POINT('',(49.571,-55.7705,3.2));
#2584 = SURFACE_CURVE('',#2585,(#2589,#2596),.PCURVE_S1.);
#2585 = LINE('',#2586,#2587);
#2586 = CARTESIAN_POINT('',(49.571,-55.7705,0.));
#2587 = VECTOR('',#2588,1.);
#2588 = DIRECTION('',(0.,0.,1.));
#2589 = PCURVE('',#124,#2590);
#2590 = DEFINITIONAL_REPRESENTATION('',(#2591),#2595);
#2591 = LINE('',#2592,#2593);
#2592 = CARTESIAN_POINT('',(1.570796326795,0.));
#2593 = VECTOR('',#2594,1.);
#2594 = DIRECTION('',(0.,1.));
#2595 = ( GEOMETRIC_REPRESENTATION_CONTEXT(2) 
PARAMETRIC_REPRESENTATION_CONTEXT() REPRESENTATION_CONTEXT('2D SPACE',''
  ) );
#2596 = PCURVE('',#201,#2597);
#2597 = DEFINITIONAL_REPRESENTATION('',(#2598),#2602);
#2598 = LINE('',#2599,#2600);
#2599 = CARTESIAN_POINT('',(8.,0.));
#2600 = VECTOR('',#2601,1.);
#2601 = DIRECTION('',(0.,-1.));
#2602 = ( GEOMETRIC_REPRESENTATION_CONTEXT(2) 
PARAMETRIC_REPRESENTATION_CONTEXT() REPRESENTATION_CONTEXT('2D SPACE',''
  ) );
#2603 = ORIENTED_EDGE('',*,*,#2604,.F.);
#2604 = EDGE_CURVE('',#83,#2582,#2605,.T.);
#2605 = SURFACE_CURVE('',#2606,(#2611,#2618),.PCURVE_S1.);
#2606 = CIRCLE('',#2607,6.);
#2607 = AXIS2_PLACEMENT_3D('',#2608,#2609,#2610);
#2608 = CARTESIAN_POINT('',(43.571,-55.7705,3.2));
#2609 = DIRECTION('',(0.,0.,1.));
#2610 = DIRECTION('',(0.,-1.,0.));
#2611 = PCURVE('',#124,#2612);
#2612 = DEFINITIONAL_REPRESENTATION('',(#2613),#2617);
#2613 = LINE('',#2614,#2615);
#2614 = CARTESIAN_POINT('',(0.,3.2));
#2615 = VECTOR('',#2616,1.);
#2616 = DIRECTION('',(1.,0.));
#2617 = ( GEOMETRIC_REPRESENTATION_CONTEXT(2) 
PARAMETRIC_REPRESENTATION_CONTEXT() REPRESENTATION_CONTEXT('2D SPACE',''
  ) );
#2618 = PCURVE('',#98,#2619);
#2619 = DEFINITIONAL_REPRESENTATION('',(#2620),#2624);
#2620 = CIRCLE('',#2621,6.);
#2621 = AXIS2_PLACEMENT_2D('',#2622,#2623);
#2622 = CARTESIAN_POINT('',(43.5355,-55.7705));
#2623 = DIRECTION('',(0.,-1.));
#2624 = ( GEOMETRIC_REPRESENTATION_CONTEXT(2) 
PARAMETRIC_REPRESENTATION_CONTEXT() REPRESENTATION_CONTEXT('2D SPACE',''
  ) );
#2625 = ORIENTED_EDGE('',*,*,#110,.F.);
#2626 = ADVANCED_FACE('',(#2627,#3895,#3971,#4047,#4147,#4286,#4379,
    #4472,#4658,#4797,#4869),#98,.T.);
#2627 = FACE_BOUND('',#2628,.T.);
#2628 = EDGE_LOOP('',(#2629,#2650,#2651,#2652,#2675,#2698,#2726,#2749,
    #2772,#2795,#2823,#2846,#2869,#2893,#2916,#2937,#2959,#2982,#3005,
    #3028,#3051,#3074,#3095,#3123,#3156,#3184,#3217,#3245,#3273,#3306,
    #3334,#3362,#3390,#3418,#3446,#3474,#3502,#3525,#3553,#3576,#3604,
    #3627,#3655,#3683,#3716,#3739,#3760,#3783,#3806,#3829,#3852,#3875));
#2629 = ORIENTED_EDGE('',*,*,#2630,.F.);
#2630 = EDGE_CURVE('',#57,#2631,#2633,.T.);
#2631 = VERTEX_POINT('',#2632);
#2632 = CARTESIAN_POINT('',(0.,-58.5705,3.2));
#2633 = SURFACE_CURVE('',#2634,(#2638,#2644),.PCURVE_S1.);
#2634 = LINE('',#2635,#2636);
#2635 = CARTESIAN_POINT('',(0.,-75.,3.2));
#2636 = VECTOR('',#2637,1.);
#2637 = DIRECTION('',(-0.,1.,0.));
#2638 = PCURVE('',#98,#2639);
#2639 = DEFINITIONAL_REPRESENTATION('',(#2640),#2643);
#2640 = B_SPLINE_CURVE_WITH_KNOTS('',1,(#2641,#2642),.UNSPECIFIED.,.F.,
  .F.,(2,2),(11.2295,138.7705),.PIECEWISE_BEZIER_KNOTS.);
#2641 = CARTESIAN_POINT('',(-3.55E-02,-63.7705));
#2642 = CARTESIAN_POINT('',(-3.55E-02,63.7705));
#2643 = ( GEOMETRIC_REPRESENTATION_CONTEXT(2) 
PARAMETRIC_REPRESENTATION_CONTEXT() REPRESENTATION_CONTEXT('2D SPACE',''
  ) );
#2644 = PCURVE('',#71,#2645);
#2645 = DEFINITIONAL_REPRESENTATION('',(#2646),#2649);
#2646 = B_SPLINE_CURVE_WITH_KNOTS('',1,(#2647,#2648),.UNSPECIFIED.,.F.,
  .F.,(2,2),(11.2295,138.7705),.PIECEWISE_BEZIER_KNOTS.);
#2647 = CARTESIAN_POINT('',(13.2,-86.2295));
#2648 = CARTESIAN_POINT('',(13.2,-213.7705));
#2649 = ( GEOMETRIC_REPRESENTATION_CONTEXT(2) 
PARAMETRIC_REPRESENTATION_CONTEXT() REPRESENTATION_CONTEXT('2D SPACE',''
  ) );
#2650 = ORIENTED_EDGE('',*,*,#82,.T.);
#2651 = ORIENTED_EDGE('',*,*,#2604,.T.);
#2652 = ORIENTED_EDGE('',*,*,#2653,.T.);
#2653 = EDGE_CURVE('',#2582,#2654,#2656,.T.);
#2654 = VERTEX_POINT('',#2655);
#2655 = CARTESIAN_POINT('',(49.571,-63.7705,3.2));
#2656 = SURFACE_CURVE('',#2657,(#2661,#2668),.PCURVE_S1.);
#2657 = LINE('',#2658,#2659);
#2658 = CARTESIAN_POINT('',(49.571,-47.7705,3.2));
#2659 = VECTOR('',#2660,1.);
#2660 = DIRECTION('',(0.,-1.,0.));
#2661 = PCURVE('',#98,#2662);
#2662 = DEFINITIONAL_REPRESENTATION('',(#2663),#2667);
#2663 = LINE('',#2664,#2665);
#2664 = CARTESIAN_POINT('',(49.5355,-47.7705));
#2665 = VECTOR('',#2666,1.);
#2666 = DIRECTION('',(0.,-1.));
#2667 = ( GEOMETRIC_REPRESENTATION_CONTEXT(2) 
PARAMETRIC_REPRESENTATION_CONTEXT() REPRESENTATION_CONTEXT('2D SPACE',''
  ) );
#2668 = PCURVE('',#201,#2669);
#2669 = DEFINITIONAL_REPRESENTATION('',(#2670),#2674);
#2670 = LINE('',#2671,#2672);
#2671 = CARTESIAN_POINT('',(0.,-3.2));
#2672 = VECTOR('',#2673,1.);
#2673 = DIRECTION('',(1.,0.));
#2674 = ( GEOMETRIC_REPRESENTATION_CONTEXT(2) 
PARAMETRIC_REPRESENTATION_CONTEXT() REPRESENTATION_CONTEXT('2D SPACE',''
  ) );
#2675 = ORIENTED_EDGE('',*,*,#2676,.T.);
#2676 = EDGE_CURVE('',#2654,#2677,#2679,.T.);
#2677 = VERTEX_POINT('',#2678);
#2678 = CARTESIAN_POINT('',(60.571,-63.7705,3.2));
#2679 = SURFACE_CURVE('',#2680,(#2684,#2691),.PCURVE_S1.);
#2680 = LINE('',#2681,#2682);
#2681 = CARTESIAN_POINT('',(49.571,-63.7705,3.2));
#2682 = VECTOR('',#2683,1.);
#2683 = DIRECTION('',(1.,0.,0.));
#2684 = PCURVE('',#98,#2685);
#2685 = DEFINITIONAL_REPRESENTATION('',(#2686),#2690);
#2686 = LINE('',#2687,#2688);
#2687 = CARTESIAN_POINT('',(49.5355,-63.7705));
#2688 = VECTOR('',#2689,1.);
#2689 = DIRECTION('',(1.,0.));
#2690 = ( GEOMETRIC_REPRESENTATION_CONTEXT(2) 
PARAMETRIC_REPRESENTATION_CONTEXT() REPRESENTATION_CONTEXT('2D SPACE',''
  ) );
#2691 = PCURVE('',#229,#2692);
#2692 = DEFINITIONAL_REPRESENTATION('',(#2693),#2697);
#2693 = LINE('',#2694,#2695);
#2694 = CARTESIAN_POINT('',(0.,-3.2));
#2695 = VECTOR('',#2696,1.);
#2696 = DIRECTION('',(1.,0.));
#2697 = ( GEOMETRIC_REPRESENTATION_CONTEXT(2) 
PARAMETRIC_REPRESENTATION_CONTEXT() REPRESENTATION_CONTEXT('2D SPACE',''
  ) );
#2698 = ORIENTED_EDGE('',*,*,#2699,.F.);
#2699 = EDGE_CURVE('',#2700,#2677,#2702,.T.);
#2700 = VERTEX_POINT('',#2701);
#2701 = CARTESIAN_POINT('',(60.571,-47.7705,3.2));
#2702 = SURFACE_CURVE('',#2703,(#2708,#2719),.PCURVE_S1.);
#2703 = CIRCLE('',#2704,8.);
#2704 = AXIS2_PLACEMENT_3D('',#2705,#2706,#2707);
#2705 = CARTESIAN_POINT('',(60.571,-55.7705,3.2));
#2706 = DIRECTION('',(0.,0.,-1.));
#2707 = DIRECTION('',(0.,1.,0.));
#2708 = PCURVE('',#98,#2709);
#2709 = DEFINITIONAL_REPRESENTATION('',(#2710),#2718);
#2710 = ( BOUNDED_CURVE() B_SPLINE_CURVE(2,(#2711,#2712,#2713,#2714,
#2715,#2716,#2717),.UNSPECIFIED.,.T.,.F.) B_SPLINE_CURVE_WITH_KNOTS((1,2
    ,2,2,2,1),(-2.094395102393,0.,2.094395102393,4.188790204786,
6.28318530718,8.377580409573),.UNSPECIFIED.) CURVE() 
GEOMETRIC_REPRESENTATION_ITEM() RATIONAL_B_SPLINE_CURVE((1.,0.5,1.,0.5,
1.,0.5,1.)) REPRESENTATION_ITEM('') );
#2711 = CARTESIAN_POINT('',(60.5355,-47.7705));
#2712 = CARTESIAN_POINT('',(74.391906460551,-47.7705));
#2713 = CARTESIAN_POINT('',(67.463703230276,-59.7705));
#2714 = CARTESIAN_POINT('',(60.5355,-71.7705));
#2715 = CARTESIAN_POINT('',(53.607296769724,-59.7705));
#2716 = CARTESIAN_POINT('',(46.679093539449,-47.7705));
#2717 = CARTESIAN_POINT('',(60.5355,-47.7705));
#2718 = ( GEOMETRIC_REPRESENTATION_CONTEXT(2) 
PARAMETRIC_REPRESENTATION_CONTEXT() REPRESENTATION_CONTEXT('2D SPACE',''
  ) );
#2719 = PCURVE('',#258,#2720);
#2720 = DEFINITIONAL_REPRESENTATION('',(#2721),#2725);
#2721 = LINE('',#2722,#2723);
#2722 = CARTESIAN_POINT('',(-7.853981633974,-3.2));
#2723 = VECTOR('',#2724,1.);
#2724 = DIRECTION('',(1.,-0.));
#2725 = ( GEOMETRIC_REPRESENTATION_CONTEXT(2) 
PARAMETRIC_REPRESENTATION_CONTEXT() REPRESENTATION_CONTEXT('2D SPACE',''
  ) );
#2726 = ORIENTED_EDGE('',*,*,#2727,.T.);
#2727 = EDGE_CURVE('',#2700,#2728,#2730,.T.);
#2728 = VERTEX_POINT('',#2729);
#2729 = CARTESIAN_POINT('',(49.571,-47.7705,3.2));
#2730 = SURFACE_CURVE('',#2731,(#2735,#2742),.PCURVE_S1.);
#2731 = LINE('',#2732,#2733);
#2732 = CARTESIAN_POINT('',(60.571,-47.7705,3.2));
#2733 = VECTOR('',#2734,1.);
#2734 = DIRECTION('',(-1.,0.,0.));
#2735 = PCURVE('',#98,#2736);
#2736 = DEFINITIONAL_REPRESENTATION('',(#2737),#2741);
#2737 = LINE('',#2738,#2739);
#2738 = CARTESIAN_POINT('',(60.5355,-47.7705));
#2739 = VECTOR('',#2740,1.);
#2740 = DIRECTION('',(-1.,0.));
#2741 = ( GEOMETRIC_REPRESENTATION_CONTEXT(2) 
PARAMETRIC_REPRESENTATION_CONTEXT() REPRESENTATION_CONTEXT('2D SPACE',''
  ) );
#2742 = PCURVE('',#286,#2743);
#2743 = DEFINITIONAL_REPRESENTATION('',(#2744),#2748);
#2744 = LINE('',#2745,#2746);
#2745 = CARTESIAN_POINT('',(0.,-3.2));
#2746 = VECTOR('',#2747,1.);
#2747 = DIRECTION('',(1.,0.));
#2748 = ( GEOMETRIC_REPRESENTATION_CONTEXT(2) 
PARAMETRIC_REPRESENTATION_CONTEXT() REPRESENTATION_CONTEXT('2D SPACE',''
  ) );
#2749 = ORIENTED_EDGE('',*,*,#2750,.T.);
#2750 = EDGE_CURVE('',#2728,#2751,#2753,.T.);
#2751 = VERTEX_POINT('',#2752);
#2752 = CARTESIAN_POINT('',(49.571,47.7705,3.2));
#2753 = SURFACE_CURVE('',#2754,(#2758,#2765),.PCURVE_S1.);
#2754 = LINE('',#2755,#2756);
#2755 = CARTESIAN_POINT('',(49.571,-61.7705,3.2));
#2756 = VECTOR('',#2757,1.);
#2757 = DIRECTION('',(0.,1.,0.));
#2758 = PCURVE('',#98,#2759);
#2759 = DEFINITIONAL_REPRESENTATION('',(#2760),#2764);
#2760 = LINE('',#2761,#2762);
#2761 = CARTESIAN_POINT('',(49.5355,-61.7705));
#2762 = VECTOR('',#2763,1.);
#2763 = DIRECTION('',(0.,1.));
#2764 = ( GEOMETRIC_REPRESENTATION_CONTEXT(2) 
PARAMETRIC_REPRESENTATION_CONTEXT() REPRESENTATION_CONTEXT('2D SPACE',''
  ) );
#2765 = PCURVE('',#314,#2766);
#2766 = DEFINITIONAL_REPRESENTATION('',(#2767),#2771);
#2767 = LINE('',#2768,#2769);
#2768 = CARTESIAN_POINT('',(0.,-3.2));
#2769 = VECTOR('',#2770,1.);
#2770 = DIRECTION('',(1.,0.));
#2771 = ( GEOMETRIC_REPRESENTATION_CONTEXT(2) 
PARAMETRIC_REPRESENTATION_CONTEXT() REPRESENTATION_CONTEXT('2D SPACE',''
  ) );
#2772 = ORIENTED_EDGE('',*,*,#2773,.T.);
#2773 = EDGE_CURVE('',#2751,#2774,#2776,.T.);
#2774 = VERTEX_POINT('',#2775);
#2775 = CARTESIAN_POINT('',(60.571,47.7705,3.2));
#2776 = SURFACE_CURVE('',#2777,(#2781,#2788),.PCURVE_S1.);
#2777 = LINE('',#2778,#2779);
#2778 = CARTESIAN_POINT('',(49.571,47.7705,3.2));
#2779 = VECTOR('',#2780,1.);
#2780 = DIRECTION('',(1.,0.,0.));
#2781 = PCURVE('',#98,#2782);
#2782 = DEFINITIONAL_REPRESENTATION('',(#2783),#2787);
#2783 = LINE('',#2784,#2785);
#2784 = CARTESIAN_POINT('',(49.5355,47.7705));
#2785 = VECTOR('',#2786,1.);
#2786 = DIRECTION('',(1.,0.));
#2787 = ( GEOMETRIC_REPRESENTATION_CONTEXT(2) 
PARAMETRIC_REPRESENTATION_CONTEXT() REPRESENTATION_CONTEXT('2D SPACE',''
  ) );
#2788 = PCURVE('',#342,#2789);
#2789 = DEFINITIONAL_REPRESENTATION('',(#2790),#2794);
#2790 = LINE('',#2791,#2792);
#2791 = CARTESIAN_POINT('',(0.,-3.2));
#2792 = VECTOR('',#2793,1.);
#2793 = DIRECTION('',(1.,0.));
#2794 = ( GEOMETRIC_REPRESENTATION_CONTEXT(2) 
PARAMETRIC_REPRESENTATION_CONTEXT() REPRESENTATION_CONTEXT('2D SPACE',''
  ) );
#2795 = ORIENTED_EDGE('',*,*,#2796,.F.);
#2796 = EDGE_CURVE('',#2797,#2774,#2799,.T.);
#2797 = VERTEX_POINT('',#2798);
#2798 = CARTESIAN_POINT('',(60.571,63.7705,3.2));
#2799 = SURFACE_CURVE('',#2800,(#2805,#2816),.PCURVE_S1.);
#2800 = CIRCLE('',#2801,8.);
#2801 = AXIS2_PLACEMENT_3D('',#2802,#2803,#2804);
#2802 = CARTESIAN_POINT('',(60.571,55.7705,3.2));
#2803 = DIRECTION('',(0.,0.,-1.));
#2804 = DIRECTION('',(0.,1.,0.));
#2805 = PCURVE('',#98,#2806);
#2806 = DEFINITIONAL_REPRESENTATION('',(#2807),#2815);
#2807 = ( BOUNDED_CURVE() B_SPLINE_CURVE(2,(#2808,#2809,#2810,#2811,
#2812,#2813,#2814),.UNSPECIFIED.,.T.,.F.) B_SPLINE_CURVE_WITH_KNOTS((1,2
    ,2,2,2,1),(-2.094395102393,0.,2.094395102393,4.188790204786,
6.28318530718,8.377580409573),.UNSPECIFIED.) CURVE() 
GEOMETRIC_REPRESENTATION_ITEM() RATIONAL_B_SPLINE_CURVE((1.,0.5,1.,0.5,
1.,0.5,1.)) REPRESENTATION_ITEM('') );
#2808 = CARTESIAN_POINT('',(60.5355,63.7705));
#2809 = CARTESIAN_POINT('',(74.391906460551,63.7705));
#2810 = CARTESIAN_POINT('',(67.463703230276,51.7705));
#2811 = CARTESIAN_POINT('',(60.5355,39.7705));
#2812 = CARTESIAN_POINT('',(53.607296769724,51.7705));
#2813 = CARTESIAN_POINT('',(46.679093539449,63.7705));
#2814 = CARTESIAN_POINT('',(60.5355,63.7705));
#2815 = ( GEOMETRIC_REPRESENTATION_CONTEXT(2) 
PARAMETRIC_REPRESENTATION_CONTEXT() REPRESENTATION_CONTEXT('2D SPACE',''
  ) );
#2816 = PCURVE('',#371,#2817);
#2817 = DEFINITIONAL_REPRESENTATION('',(#2818),#2822);
#2818 = LINE('',#2819,#2820);
#2819 = CARTESIAN_POINT('',(-7.853981633974,-3.2));
#2820 = VECTOR('',#2821,1.);
#2821 = DIRECTION('',(1.,-0.));
#2822 = ( GEOMETRIC_REPRESENTATION_CONTEXT(2) 
PARAMETRIC_REPRESENTATION_CONTEXT() REPRESENTATION_CONTEXT('2D SPACE',''
  ) );
#2823 = ORIENTED_EDGE('',*,*,#2824,.T.);
#2824 = EDGE_CURVE('',#2797,#2825,#2827,.T.);
#2825 = VERTEX_POINT('',#2826);
#2826 = CARTESIAN_POINT('',(49.571,63.7705,3.2));
#2827 = SURFACE_CURVE('',#2828,(#2832,#2839),.PCURVE_S1.);
#2828 = LINE('',#2829,#2830);
#2829 = CARTESIAN_POINT('',(60.571,63.7705,3.2));
#2830 = VECTOR('',#2831,1.);
#2831 = DIRECTION('',(-1.,0.,0.));
#2832 = PCURVE('',#98,#2833);
#2833 = DEFINITIONAL_REPRESENTATION('',(#2834),#2838);
#2834 = LINE('',#2835,#2836);
#2835 = CARTESIAN_POINT('',(60.5355,63.7705));
#2836 = VECTOR('',#2837,1.);
#2837 = DIRECTION('',(-1.,0.));
#2838 = ( GEOMETRIC_REPRESENTATION_CONTEXT(2) 
PARAMETRIC_REPRESENTATION_CONTEXT() REPRESENTATION_CONTEXT('2D SPACE',''
  ) );
#2839 = PCURVE('',#399,#2840);
#2840 = DEFINITIONAL_REPRESENTATION('',(#2841),#2845);
#2841 = LINE('',#2842,#2843);
#2842 = CARTESIAN_POINT('',(0.,-3.2));
#2843 = VECTOR('',#2844,1.);
#2844 = DIRECTION('',(1.,0.));
#2845 = ( GEOMETRIC_REPRESENTATION_CONTEXT(2) 
PARAMETRIC_REPRESENTATION_CONTEXT() REPRESENTATION_CONTEXT('2D SPACE',''
  ) );
#2846 = ORIENTED_EDGE('',*,*,#2847,.T.);
#2847 = EDGE_CURVE('',#2825,#2848,#2850,.T.);
#2848 = VERTEX_POINT('',#2849);
#2849 = CARTESIAN_POINT('',(49.571,55.7705,3.2));
#2850 = SURFACE_CURVE('',#2851,(#2855,#2862),.PCURVE_S1.);
#2851 = LINE('',#2852,#2853);
#2852 = CARTESIAN_POINT('',(49.571,63.7705,3.2));
#2853 = VECTOR('',#2854,1.);
#2854 = DIRECTION('',(0.,-1.,0.));
#2855 = PCURVE('',#98,#2856);
#2856 = DEFINITIONAL_REPRESENTATION('',(#2857),#2861);
#2857 = LINE('',#2858,#2859);
#2858 = CARTESIAN_POINT('',(49.5355,63.7705));
#2859 = VECTOR('',#2860,1.);
#2860 = DIRECTION('',(0.,-1.));
#2861 = ( GEOMETRIC_REPRESENTATION_CONTEXT(2) 
PARAMETRIC_REPRESENTATION_CONTEXT() REPRESENTATION_CONTEXT('2D SPACE',''
  ) );
#2862 = PCURVE('',#427,#2863);
#2863 = DEFINITIONAL_REPRESENTATION('',(#2864),#2868);
#2864 = LINE('',#2865,#2866);
#2865 = CARTESIAN_POINT('',(0.,-3.2));
#2866 = VECTOR('',#2867,1.);
#2867 = DIRECTION('',(1.,0.));
#2868 = ( GEOMETRIC_REPRESENTATION_CONTEXT(2) 
PARAMETRIC_REPRESENTATION_CONTEXT() REPRESENTATION_CONTEXT('2D SPACE',''
  ) );
#2869 = ORIENTED_EDGE('',*,*,#2870,.T.);
#2870 = EDGE_CURVE('',#2848,#2871,#2873,.T.);
#2871 = VERTEX_POINT('',#2872);
#2872 = CARTESIAN_POINT('',(43.571,61.7705,3.2));
#2873 = SURFACE_CURVE('',#2874,(#2879,#2886),.PCURVE_S1.);
#2874 = CIRCLE('',#2875,6.);
#2875 = AXIS2_PLACEMENT_3D('',#2876,#2877,#2878);
#2876 = CARTESIAN_POINT('',(43.571,55.7705,3.2));
#2877 = DIRECTION('',(0.,0.,1.));
#2878 = DIRECTION('',(0.,-1.,0.));
#2879 = PCURVE('',#98,#2880);
#2880 = DEFINITIONAL_REPRESENTATION('',(#2881),#2885);
#2881 = CIRCLE('',#2882,6.);
#2882 = AXIS2_PLACEMENT_2D('',#2883,#2884);
#2883 = CARTESIAN_POINT('',(43.5355,55.7705));
#2884 = DIRECTION('',(0.,-1.));
#2885 = ( GEOMETRIC_REPRESENTATION_CONTEXT(2) 
PARAMETRIC_REPRESENTATION_CONTEXT() REPRESENTATION_CONTEXT('2D SPACE',''
  ) );
#2886 = PCURVE('',#456,#2887);
#2887 = DEFINITIONAL_REPRESENTATION('',(#2888),#2892);
#2888 = LINE('',#2889,#2890);
#2889 = CARTESIAN_POINT('',(-1.570796326795,3.2));
#2890 = VECTOR('',#2891,1.);
#2891 = DIRECTION('',(1.,0.));
#2892 = ( GEOMETRIC_REPRESENTATION_CONTEXT(2) 
PARAMETRIC_REPRESENTATION_CONTEXT() REPRESENTATION_CONTEXT('2D SPACE',''
  ) );
#2893 = ORIENTED_EDGE('',*,*,#2894,.T.);
#2894 = EDGE_CURVE('',#2871,#2895,#2897,.T.);
#2895 = VERTEX_POINT('',#2896);
#2896 = CARTESIAN_POINT('',(0.,61.7705,3.2));
#2897 = SURFACE_CURVE('',#2898,(#2902,#2909),.PCURVE_S1.);
#2898 = LINE('',#2899,#2900);
#2899 = CARTESIAN_POINT('',(49.571,61.7705,3.2));
#2900 = VECTOR('',#2901,1.);
#2901 = DIRECTION('',(-1.,0.,0.));
#2902 = PCURVE('',#98,#2903);
#2903 = DEFINITIONAL_REPRESENTATION('',(#2904),#2908);
#2904 = LINE('',#2905,#2906);
#2905 = CARTESIAN_POINT('',(49.5355,61.7705));
#2906 = VECTOR('',#2907,1.);
#2907 = DIRECTION('',(-1.,0.));
#2908 = ( GEOMETRIC_REPRESENTATION_CONTEXT(2) 
PARAMETRIC_REPRESENTATION_CONTEXT() REPRESENTATION_CONTEXT('2D SPACE',''
  ) );
#2909 = PCURVE('',#484,#2910);
#2910 = DEFINITIONAL_REPRESENTATION('',(#2911),#2915);
#2911 = LINE('',#2912,#2913);
#2912 = CARTESIAN_POINT('',(0.,-3.2));
#2913 = VECTOR('',#2914,1.);
#2914 = DIRECTION('',(1.,0.));
#2915 = ( GEOMETRIC_REPRESENTATION_CONTEXT(2) 
PARAMETRIC_REPRESENTATION_CONTEXT() REPRESENTATION_CONTEXT('2D SPACE',''
  ) );
#2916 = ORIENTED_EDGE('',*,*,#2917,.F.);
#2917 = EDGE_CURVE('',#2918,#2895,#2920,.T.);
#2918 = VERTEX_POINT('',#2919);
#2919 = CARTESIAN_POINT('',(0.,58.5705,3.2));
#2920 = SURFACE_CURVE('',#2921,(#2925,#2931),.PCURVE_S1.);
#2921 = LINE('',#2922,#2923);
#2922 = CARTESIAN_POINT('',(0.,-75.,3.2));
#2923 = VECTOR('',#2924,1.);
#2924 = DIRECTION('',(-0.,1.,0.));
#2925 = PCURVE('',#98,#2926);
#2926 = DEFINITIONAL_REPRESENTATION('',(#2927),#2930);
#2927 = B_SPLINE_CURVE_WITH_KNOTS('',1,(#2928,#2929),.UNSPECIFIED.,.F.,
  .F.,(2,2),(11.2295,138.7705),.PIECEWISE_BEZIER_KNOTS.);
#2928 = CARTESIAN_POINT('',(-3.55E-02,-63.7705));
#2929 = CARTESIAN_POINT('',(-3.55E-02,63.7705));
#2930 = ( GEOMETRIC_REPRESENTATION_CONTEXT(2) 
PARAMETRIC_REPRESENTATION_CONTEXT() REPRESENTATION_CONTEXT('2D SPACE',''
  ) );
#2931 = PCURVE('',#511,#2932);
#2932 = DEFINITIONAL_REPRESENTATION('',(#2933),#2936);
#2933 = B_SPLINE_CURVE_WITH_KNOTS('',1,(#2934,#2935),.UNSPECIFIED.,.F.,
  .F.,(2,2),(11.2295,138.7705),.PIECEWISE_BEZIER_KNOTS.);
#2934 = CARTESIAN_POINT('',(13.2,-86.2295));
#2935 = CARTESIAN_POINT('',(13.2,-213.7705));
#2936 = ( GEOMETRIC_REPRESENTATION_CONTEXT(2) 
PARAMETRIC_REPRESENTATION_CONTEXT() REPRESENTATION_CONTEXT('2D SPACE',''
  ) );
#2937 = ORIENTED_EDGE('',*,*,#2938,.T.);
#2938 = EDGE_CURVE('',#2918,#2939,#2941,.T.);
#2939 = VERTEX_POINT('',#2940);
#2940 = CARTESIAN_POINT('',(10.4,58.5705,3.2));
#2941 = SURFACE_CURVE('',#2942,(#2946,#2953),.PCURVE_S1.);
#2942 = LINE('',#2943,#2944);
#2943 = CARTESIAN_POINT('',(23.20325,58.5705,3.2));
#2944 = VECTOR('',#2945,1.);
#2945 = DIRECTION('',(1.,0.,-0.));
#2946 = PCURVE('',#98,#2947);
#2947 = DEFINITIONAL_REPRESENTATION('',(#2948),#2952);
#2948 = LINE('',#2949,#2950);
#2949 = CARTESIAN_POINT('',(23.16775,58.5705));
#2950 = VECTOR('',#2951,1.);
#2951 = DIRECTION('',(1.,0.));
#2952 = ( GEOMETRIC_REPRESENTATION_CONTEXT(2) 
PARAMETRIC_REPRESENTATION_CONTEXT() REPRESENTATION_CONTEXT('2D SPACE',''
  ) );
#2953 = PCURVE('',#538,#2954);
#2954 = DEFINITIONAL_REPRESENTATION('',(#2955),#2958);
#2955 = B_SPLINE_CURVE_WITH_KNOTS('',1,(#2956,#2957),.UNSPECIFIED.,.F.,
  .F.,(2,2),(-69.50325,23.16775),.PIECEWISE_BEZIER_KNOTS.);
#2956 = CARTESIAN_POINT('',(92.671,-4.2));
#2957 = CARTESIAN_POINT('',(0.,-4.2));
#2958 = ( GEOMETRIC_REPRESENTATION_CONTEXT(2) 
PARAMETRIC_REPRESENTATION_CONTEXT() REPRESENTATION_CONTEXT('2D SPACE',''
  ) );
#2959 = ORIENTED_EDGE('',*,*,#2960,.T.);
#2960 = EDGE_CURVE('',#2939,#2961,#2963,.T.);
#2961 = VERTEX_POINT('',#2962);
#2962 = CARTESIAN_POINT('',(10.4,58.1835,3.2));
#2963 = SURFACE_CURVE('',#2964,(#2968,#2975),.PCURVE_S1.);
#2964 = LINE('',#2965,#2966);
#2965 = CARTESIAN_POINT('',(10.4,58.5705,3.2));
#2966 = VECTOR('',#2967,1.);
#2967 = DIRECTION('',(0.,-1.,0.));
#2968 = PCURVE('',#98,#2969);
#2969 = DEFINITIONAL_REPRESENTATION('',(#2970),#2974);
#2970 = LINE('',#2971,#2972);
#2971 = CARTESIAN_POINT('',(10.3645,58.5705));
#2972 = VECTOR('',#2973,1.);
#2973 = DIRECTION('',(0.,-1.));
#2974 = ( GEOMETRIC_REPRESENTATION_CONTEXT(2) 
PARAMETRIC_REPRESENTATION_CONTEXT() REPRESENTATION_CONTEXT('2D SPACE',''
  ) );
#2975 = PCURVE('',#565,#2976);
#2976 = DEFINITIONAL_REPRESENTATION('',(#2977),#2981);
#2977 = LINE('',#2978,#2979);
#2978 = CARTESIAN_POINT('',(0.,-3.2));
#2979 = VECTOR('',#2980,1.);
#2980 = DIRECTION('',(1.,0.));
#2981 = ( GEOMETRIC_REPRESENTATION_CONTEXT(2) 
PARAMETRIC_REPRESENTATION_CONTEXT() REPRESENTATION_CONTEXT('2D SPACE',''
  ) );
#2982 = ORIENTED_EDGE('',*,*,#2983,.T.);
#2983 = EDGE_CURVE('',#2961,#2984,#2986,.T.);
#2984 = VERTEX_POINT('',#2985);
#2985 = CARTESIAN_POINT('',(7.438,58.1835,3.2));
#2986 = SURFACE_CURVE('',#2987,(#2991,#2998),.PCURVE_S1.);
#2987 = LINE('',#2988,#2989);
#2988 = CARTESIAN_POINT('',(17.438,58.1835,3.2));
#2989 = VECTOR('',#2990,1.);
#2990 = DIRECTION('',(-1.,0.,0.));
#2991 = PCURVE('',#98,#2992);
#2992 = DEFINITIONAL_REPRESENTATION('',(#2993),#2997);
#2993 = LINE('',#2994,#2995);
#2994 = CARTESIAN_POINT('',(17.4025,58.1835));
#2995 = VECTOR('',#2996,1.);
#2996 = DIRECTION('',(-1.,0.));
#2997 = ( GEOMETRIC_REPRESENTATION_CONTEXT(2) 
PARAMETRIC_REPRESENTATION_CONTEXT() REPRESENTATION_CONTEXT('2D SPACE',''
  ) );
#2998 = PCURVE('',#593,#2999);
#2999 = DEFINITIONAL_REPRESENTATION('',(#3000),#3004);
#3000 = LINE('',#3001,#3002);
#3001 = CARTESIAN_POINT('',(0.,-3.2));
#3002 = VECTOR('',#3003,1.);
#3003 = DIRECTION('',(1.,0.));
#3004 = ( GEOMETRIC_REPRESENTATION_CONTEXT(2) 
PARAMETRIC_REPRESENTATION_CONTEXT() REPRESENTATION_CONTEXT('2D SPACE',''
  ) );
#3005 = ORIENTED_EDGE('',*,*,#3006,.T.);
#3006 = EDGE_CURVE('',#2984,#3007,#3009,.T.);
#3007 = VERTEX_POINT('',#3008);
#3008 = CARTESIAN_POINT('',(7.438,48.1835,3.2));
#3009 = SURFACE_CURVE('',#3010,(#3014,#3021),.PCURVE_S1.);
#3010 = LINE('',#3011,#3012);
#3011 = CARTESIAN_POINT('',(7.438,58.1835,3.2));
#3012 = VECTOR('',#3013,1.);
#3013 = DIRECTION('',(0.,-1.,0.));
#3014 = PCURVE('',#98,#3015);
#3015 = DEFINITIONAL_REPRESENTATION('',(#3016),#3020);
#3016 = LINE('',#3017,#3018);
#3017 = CARTESIAN_POINT('',(7.4025,58.1835));
#3018 = VECTOR('',#3019,1.);
#3019 = DIRECTION('',(0.,-1.));
#3020 = ( GEOMETRIC_REPRESENTATION_CONTEXT(2) 
PARAMETRIC_REPRESENTATION_CONTEXT() REPRESENTATION_CONTEXT('2D SPACE',''
  ) );
#3021 = PCURVE('',#621,#3022);
#3022 = DEFINITIONAL_REPRESENTATION('',(#3023),#3027);
#3023 = LINE('',#3024,#3025);
#3024 = CARTESIAN_POINT('',(0.,-3.2));
#3025 = VECTOR('',#3026,1.);
#3026 = DIRECTION('',(1.,0.));
#3027 = ( GEOMETRIC_REPRESENTATION_CONTEXT(2) 
PARAMETRIC_REPRESENTATION_CONTEXT() REPRESENTATION_CONTEXT('2D SPACE',''
  ) );
#3028 = ORIENTED_EDGE('',*,*,#3029,.T.);
#3029 = EDGE_CURVE('',#3007,#3030,#3032,.T.);
#3030 = VERTEX_POINT('',#3031);
#3031 = CARTESIAN_POINT('',(10.4,48.1835,3.2));
#3032 = SURFACE_CURVE('',#3033,(#3037,#3044),.PCURVE_S1.);
#3033 = LINE('',#3034,#3035);
#3034 = CARTESIAN_POINT('',(7.438,48.1835,3.2));
#3035 = VECTOR('',#3036,1.);
#3036 = DIRECTION('',(1.,0.,0.));
#3037 = PCURVE('',#98,#3038);
#3038 = DEFINITIONAL_REPRESENTATION('',(#3039),#3043);
#3039 = LINE('',#3040,#3041);
#3040 = CARTESIAN_POINT('',(7.4025,48.1835));
#3041 = VECTOR('',#3042,1.);
#3042 = DIRECTION('',(1.,0.));
#3043 = ( GEOMETRIC_REPRESENTATION_CONTEXT(2) 
PARAMETRIC_REPRESENTATION_CONTEXT() REPRESENTATION_CONTEXT('2D SPACE',''
  ) );
#3044 = PCURVE('',#649,#3045);
#3045 = DEFINITIONAL_REPRESENTATION('',(#3046),#3050);
#3046 = LINE('',#3047,#3048);
#3047 = CARTESIAN_POINT('',(0.,-3.2));
#3048 = VECTOR('',#3049,1.);
#3049 = DIRECTION('',(1.,0.));
#3050 = ( GEOMETRIC_REPRESENTATION_CONTEXT(2) 
PARAMETRIC_REPRESENTATION_CONTEXT() REPRESENTATION_CONTEXT('2D SPACE',''
  ) );
#3051 = ORIENTED_EDGE('',*,*,#3052,.T.);
#3052 = EDGE_CURVE('',#3030,#3053,#3055,.T.);
#3053 = VERTEX_POINT('',#3054);
#3054 = CARTESIAN_POINT('',(10.4,43.7,3.2));
#3055 = SURFACE_CURVE('',#3056,(#3060,#3067),.PCURVE_S1.);
#3056 = LINE('',#3057,#3058);
#3057 = CARTESIAN_POINT('',(10.4,58.5705,3.2));
#3058 = VECTOR('',#3059,1.);
#3059 = DIRECTION('',(0.,-1.,0.));
#3060 = PCURVE('',#98,#3061);
#3061 = DEFINITIONAL_REPRESENTATION('',(#3062),#3066);
#3062 = LINE('',#3063,#3064);
#3063 = CARTESIAN_POINT('',(10.3645,58.5705));
#3064 = VECTOR('',#3065,1.);
#3065 = DIRECTION('',(0.,-1.));
#3066 = ( GEOMETRIC_REPRESENTATION_CONTEXT(2) 
PARAMETRIC_REPRESENTATION_CONTEXT() REPRESENTATION_CONTEXT('2D SPACE',''
  ) );
#3067 = PCURVE('',#677,#3068);
#3068 = DEFINITIONAL_REPRESENTATION('',(#3069),#3073);
#3069 = LINE('',#3070,#3071);
#3070 = CARTESIAN_POINT('',(0.,-3.2));
#3071 = VECTOR('',#3072,1.);
#3072 = DIRECTION('',(1.,0.));
#3073 = ( GEOMETRIC_REPRESENTATION_CONTEXT(2) 
PARAMETRIC_REPRESENTATION_CONTEXT() REPRESENTATION_CONTEXT('2D SPACE',''
  ) );
#3074 = ORIENTED_EDGE('',*,*,#3075,.F.);
#3075 = EDGE_CURVE('',#3076,#3053,#3078,.T.);
#3076 = VERTEX_POINT('',#3077);
#3077 = CARTESIAN_POINT('',(12.886072889091,43.7,3.2));
#3078 = SURFACE_CURVE('',#3079,(#3083,#3089),.PCURVE_S1.);
#3079 = LINE('',#3080,#3081);
#3080 = CARTESIAN_POINT('',(4.99275,43.7,3.2));
#3081 = VECTOR('',#3082,1.);
#3082 = DIRECTION('',(-1.,0.,0.));
#3083 = PCURVE('',#98,#3084);
#3084 = DEFINITIONAL_REPRESENTATION('',(#3085),#3088);
#3085 = B_SPLINE_CURVE_WITH_KNOTS('',1,(#3086,#3087),.UNSPECIFIED.,.F.,
  .F.,(2,2),(-9.05725,-4.95725),.PIECEWISE_BEZIER_KNOTS.);
#3086 = CARTESIAN_POINT('',(14.0145,43.7));
#3087 = CARTESIAN_POINT('',(9.9145,43.7));
#3088 = ( GEOMETRIC_REPRESENTATION_CONTEXT(2) 
PARAMETRIC_REPRESENTATION_CONTEXT() REPRESENTATION_CONTEXT('2D SPACE',''
  ) );
#3089 = PCURVE('',#704,#3090);
#3090 = DEFINITIONAL_REPRESENTATION('',(#3091),#3094);
#3091 = B_SPLINE_CURVE_WITH_KNOTS('',1,(#3092,#3093),.UNSPECIFIED.,.F.,
  .F.,(2,2),(-9.05725,-4.95725),.PIECEWISE_BEZIER_KNOTS.);
#3092 = CARTESIAN_POINT('',(4.1,-4.2));
#3093 = CARTESIAN_POINT('',(0.,-4.2));
#3094 = ( GEOMETRIC_REPRESENTATION_CONTEXT(2) 
PARAMETRIC_REPRESENTATION_CONTEXT() REPRESENTATION_CONTEXT('2D SPACE',''
  ) );
#3095 = ORIENTED_EDGE('',*,*,#3096,.F.);
#3096 = EDGE_CURVE('',#3097,#3076,#3099,.T.);
#3097 = VERTEX_POINT('',#3098);
#3098 = CARTESIAN_POINT('',(12.840231922477,50.918944970741,3.2));
#3099 = SURFACE_CURVE('',#3100,(#3104,#3111),.PCURVE_S1.);
#3100 = LINE('',#3101,#3102);
#3101 = CARTESIAN_POINT('',(12.830192077166,52.5,3.2));
#3102 = VECTOR('',#3103,1.);
#3103 = DIRECTION('',(6.349964238581E-03,-0.999979838774,0.));
#3104 = PCURVE('',#98,#3105);
#3105 = DEFINITIONAL_REPRESENTATION('',(#3106),#3110);
#3106 = LINE('',#3107,#3108);
#3107 = CARTESIAN_POINT('',(12.794692077166,52.5));
#3108 = VECTOR('',#3109,1.);
#3109 = DIRECTION('',(6.349964238581E-03,-0.999979838774));
#3110 = ( GEOMETRIC_REPRESENTATION_CONTEXT(2) 
PARAMETRIC_REPRESENTATION_CONTEXT() REPRESENTATION_CONTEXT('2D SPACE',''
  ) );
#3111 = PCURVE('',#3112,#3117);
#3112 = PLANE('',#3113);
#3113 = AXIS2_PLACEMENT_3D('',#3114,#3115,#3116);
#3114 = CARTESIAN_POINT('',(12.830192077166,52.5,3.2));
#3115 = DIRECTION('',(0.999979838774,6.349964238581E-03,-0.));
#3116 = DIRECTION('',(6.349964238581E-03,-0.999979838774,0.));
#3117 = DEFINITIONAL_REPRESENTATION('',(#3118),#3122);
#3118 = LINE('',#3119,#3120);
#3119 = CARTESIAN_POINT('',(0.,0.));
#3120 = VECTOR('',#3121,1.);
#3121 = DIRECTION('',(1.,0.));
#3122 = ( GEOMETRIC_REPRESENTATION_CONTEXT(2) 
PARAMETRIC_REPRESENTATION_CONTEXT() REPRESENTATION_CONTEXT('2D SPACE',''
  ) );
#3123 = ORIENTED_EDGE('',*,*,#3124,.T.);
#3124 = EDGE_CURVE('',#3097,#3125,#3127,.T.);
#3125 = VERTEX_POINT('',#3126);
#3126 = CARTESIAN_POINT('',(13.968891162036,54.9,3.2));
#3127 = SURFACE_CURVE('',#3128,(#3133,#3144),.PCURVE_S1.);
#3128 = CIRCLE('',#3129,2.3);
#3129 = AXIS2_PLACEMENT_3D('',#3130,#3131,#3132);
#3130 = CARTESIAN_POINT('',(12.438,53.1835,3.2));
#3131 = DIRECTION('',(0.,-0.,-1.));
#3132 = DIRECTION('',(0.174883444555,-0.984589143156,0.));
#3133 = PCURVE('',#98,#3134);
#3134 = DEFINITIONAL_REPRESENTATION('',(#3135),#3143);
#3135 = ( BOUNDED_CURVE() B_SPLINE_CURVE(2,(#3136,#3137,#3138,#3139,
#3140,#3141,#3142),.UNSPECIFIED.,.T.,.F.) B_SPLINE_CURVE_WITH_KNOTS((1,2
    ,2,2,2,1),(-2.094395102393,0.,2.094395102393,4.188790204786,
6.28318530718,8.377580409573),.UNSPECIFIED.) CURVE() 
GEOMETRIC_REPRESENTATION_ITEM() RATIONAL_B_SPLINE_CURVE((1.,0.5,1.,0.5,
1.,0.5,1.)) REPRESENTATION_ITEM('') );
#3136 = CARTESIAN_POINT('',(12.804731922477,50.918944970741));
#3137 = CARTESIAN_POINT('',(8.882407555265,50.222258844586));
#3138 = CARTESIAN_POINT('',(10.240221855156,53.967434451551));
#3139 = CARTESIAN_POINT('',(11.598036155047,57.712610058517));
#3140 = CARTESIAN_POINT('',(14.162546222367,54.664120577707));
#3141 = CARTESIAN_POINT('',(16.727056289688,51.615631096897));
#3142 = CARTESIAN_POINT('',(12.804731922477,50.918944970741));
#3143 = ( GEOMETRIC_REPRESENTATION_CONTEXT(2) 
PARAMETRIC_REPRESENTATION_CONTEXT() REPRESENTATION_CONTEXT('2D SPACE',''
  ) );
#3144 = PCURVE('',#3145,#3150);
#3145 = CYLINDRICAL_SURFACE('',#3146,2.3);
#3146 = AXIS2_PLACEMENT_3D('',#3147,#3148,#3149);
#3147 = CARTESIAN_POINT('',(12.438,53.1835,3.2));
#3148 = DIRECTION('',(-0.,-0.,-1.));
#3149 = DIRECTION('',(1.,0.,0.));
#3150 = DEFINITIONAL_REPRESENTATION('',(#3151),#3155);
#3151 = LINE('',#3152,#3153);
#3152 = CARTESIAN_POINT('',(-4.888176367525,0.));
#3153 = VECTOR('',#3154,1.);
#3154 = DIRECTION('',(1.,-0.));
#3155 = ( GEOMETRIC_REPRESENTATION_CONTEXT(2) 
PARAMETRIC_REPRESENTATION_CONTEXT() REPRESENTATION_CONTEXT('2D SPACE',''
  ) );
#3156 = ORIENTED_EDGE('',*,*,#3157,.F.);
#3157 = EDGE_CURVE('',#3158,#3125,#3160,.T.);
#3158 = VERTEX_POINT('',#3159);
#3159 = CARTESIAN_POINT('',(38.588775000197,54.9,3.2));
#3160 = SURFACE_CURVE('',#3161,(#3165,#3172),.PCURVE_S1.);
#3161 = LINE('',#3162,#3163);
#3162 = CARTESIAN_POINT('',(41.5355,54.9,3.2));
#3163 = VECTOR('',#3164,1.);
#3164 = DIRECTION('',(-1.,0.,0.));
#3165 = PCURVE('',#98,#3166);
#3166 = DEFINITIONAL_REPRESENTATION('',(#3167),#3171);
#3167 = LINE('',#3168,#3169);
#3168 = CARTESIAN_POINT('',(41.5,54.9));
#3169 = VECTOR('',#3170,1.);
#3170 = DIRECTION('',(-1.,0.));
#3171 = ( GEOMETRIC_REPRESENTATION_CONTEXT(2) 
PARAMETRIC_REPRESENTATION_CONTEXT() REPRESENTATION_CONTEXT('2D SPACE',''
  ) );
#3172 = PCURVE('',#3173,#3178);
#3173 = PLANE('',#3174);
#3174 = AXIS2_PLACEMENT_3D('',#3175,#3176,#3177);
#3175 = CARTESIAN_POINT('',(41.5355,54.9,3.2));
#3176 = DIRECTION('',(0.,-1.,0.));
#3177 = DIRECTION('',(-1.,0.,0.));
#3178 = DEFINITIONAL_REPRESENTATION('',(#3179),#3183);
#3179 = LINE('',#3180,#3181);
#3180 = CARTESIAN_POINT('',(0.,-0.));
#3181 = VECTOR('',#3182,1.);
#3182 = DIRECTION('',(1.,0.));
#3183 = ( GEOMETRIC_REPRESENTATION_CONTEXT(2) 
PARAMETRIC_REPRESENTATION_CONTEXT() REPRESENTATION_CONTEXT('2D SPACE',''
  ) );
#3184 = ORIENTED_EDGE('',*,*,#3185,.T.);
#3185 = EDGE_CURVE('',#3158,#3186,#3188,.T.);
#3186 = VERTEX_POINT('',#3187);
#3187 = CARTESIAN_POINT('',(42.475,53.2345,3.2));
#3188 = SURFACE_CURVE('',#3189,(#3194,#3205),.PCURVE_S1.);
#3189 = CIRCLE('',#3190,2.3);
#3190 = AXIS2_PLACEMENT_3D('',#3191,#3192,#3193);
#3191 = CARTESIAN_POINT('',(40.175,53.2345,3.2));
#3192 = DIRECTION('',(0.,0.,-1.));
#3193 = DIRECTION('',(1.,3.089316242435E-15,0.));
#3194 = PCURVE('',#98,#3195);
#3195 = DEFINITIONAL_REPRESENTATION('',(#3196),#3204);
#3196 = ( BOUNDED_CURVE() B_SPLINE_CURVE(2,(#3197,#3198,#3199,#3200,
#3201,#3202,#3203),.UNSPECIFIED.,.T.,.F.) B_SPLINE_CURVE_WITH_KNOTS((1,2
    ,2,2,2,1),(-2.094395102393,0.,2.094395102393,4.188790204786,
6.28318530718,8.377580409573),.UNSPECIFIED.) CURVE() 
GEOMETRIC_REPRESENTATION_ITEM() RATIONAL_B_SPLINE_CURVE((1.,0.5,1.,0.5,
1.,0.5,1.)) REPRESENTATION_ITEM('') );
#3197 = CARTESIAN_POINT('',(42.4395,53.2345));
#3198 = CARTESIAN_POINT('',(42.4395,49.250783142592));
#3199 = CARTESIAN_POINT('',(38.9895,51.242641571296));
#3200 = CARTESIAN_POINT('',(35.5395,53.2345));
#3201 = CARTESIAN_POINT('',(38.9895,55.226358428704));
#3202 = CARTESIAN_POINT('',(42.4395,57.218216857408));
#3203 = CARTESIAN_POINT('',(42.4395,53.2345));
#3204 = ( GEOMETRIC_REPRESENTATION_CONTEXT(2) 
PARAMETRIC_REPRESENTATION_CONTEXT() REPRESENTATION_CONTEXT('2D SPACE',''
  ) );
#3205 = PCURVE('',#3206,#3211);
#3206 = CYLINDRICAL_SURFACE('',#3207,2.3);
#3207 = AXIS2_PLACEMENT_3D('',#3208,#3209,#3210);
#3208 = CARTESIAN_POINT('',(40.175,53.2345,3.2));
#3209 = DIRECTION('',(-0.,-0.,-1.));
#3210 = DIRECTION('',(1.,0.,0.));
#3211 = DEFINITIONAL_REPRESENTATION('',(#3212),#3216);
#3212 = LINE('',#3213,#3214);
#3213 = CARTESIAN_POINT('',(-6.28318530718,0.));
#3214 = VECTOR('',#3215,1.);
#3215 = DIRECTION('',(1.,-0.));
#3216 = ( GEOMETRIC_REPRESENTATION_CONTEXT(2) 
PARAMETRIC_REPRESENTATION_CONTEXT() REPRESENTATION_CONTEXT('2D SPACE',''
  ) );
#3217 = ORIENTED_EDGE('',*,*,#3218,.T.);
#3218 = EDGE_CURVE('',#3186,#3219,#3221,.T.);
#3219 = VERTEX_POINT('',#3220);
#3220 = CARTESIAN_POINT('',(40.23087116324,50.935178705983,3.2));
#3221 = SURFACE_CURVE('',#3222,(#3227,#3238),.PCURVE_S1.);
#3222 = CIRCLE('',#3223,2.3);
#3223 = AXIS2_PLACEMENT_3D('',#3224,#3225,#3226);
#3224 = CARTESIAN_POINT('',(40.175,53.2345,3.2));
#3225 = DIRECTION('',(0.,0.,-1.));
#3226 = DIRECTION('',(1.,3.089316242435E-15,0.));
#3227 = PCURVE('',#98,#3228);
#3228 = DEFINITIONAL_REPRESENTATION('',(#3229),#3237);
#3229 = ( BOUNDED_CURVE() B_SPLINE_CURVE(2,(#3230,#3231,#3232,#3233,
#3234,#3235,#3236),.UNSPECIFIED.,.T.,.F.) B_SPLINE_CURVE_WITH_KNOTS((1,2
    ,2,2,2,1),(-2.094395102393,0.,2.094395102393,4.188790204786,
6.28318530718,8.377580409573),.UNSPECIFIED.) CURVE() 
GEOMETRIC_REPRESENTATION_ITEM() RATIONAL_B_SPLINE_CURVE((1.,0.5,1.,0.5,
1.,0.5,1.)) REPRESENTATION_ITEM('') );
#3230 = CARTESIAN_POINT('',(42.4395,53.2345));
#3231 = CARTESIAN_POINT('',(42.4395,49.250783142592));
#3232 = CARTESIAN_POINT('',(38.9895,51.242641571296));
#3233 = CARTESIAN_POINT('',(35.5395,53.2345));
#3234 = CARTESIAN_POINT('',(38.9895,55.226358428704));
#3235 = CARTESIAN_POINT('',(42.4395,57.218216857408));
#3236 = CARTESIAN_POINT('',(42.4395,53.2345));
#3237 = ( GEOMETRIC_REPRESENTATION_CONTEXT(2) 
PARAMETRIC_REPRESENTATION_CONTEXT() REPRESENTATION_CONTEXT('2D SPACE',''
  ) );
#3238 = PCURVE('',#3206,#3239);
#3239 = DEFINITIONAL_REPRESENTATION('',(#3240),#3244);
#3240 = LINE('',#3241,#3242);
#3241 = CARTESIAN_POINT('',(-6.28318530718,0.));
#3242 = VECTOR('',#3243,1.);
#3243 = DIRECTION('',(1.,-0.));
#3244 = ( GEOMETRIC_REPRESENTATION_CONTEXT(2) 
PARAMETRIC_REPRESENTATION_CONTEXT() REPRESENTATION_CONTEXT('2D SPACE',''
  ) );
#3245 = ORIENTED_EDGE('',*,*,#3246,.T.);
#3246 = EDGE_CURVE('',#3219,#3247,#3249,.T.);
#3247 = VERTEX_POINT('',#3248);
#3248 = CARTESIAN_POINT('',(39.589144441956,-50.12267912997,3.2));
#3249 = SURFACE_CURVE('',#3250,(#3254,#3261),.PCURVE_S1.);
#3250 = LINE('',#3251,#3252);
#3251 = CARTESIAN_POINT('',(40.23087116324,50.935178705983,3.2));
#3252 = VECTOR('',#3253,1.);
#3253 = DIRECTION('',(-6.34996423858E-03,-0.999979838774,0.));
#3254 = PCURVE('',#98,#3255);
#3255 = DEFINITIONAL_REPRESENTATION('',(#3256),#3260);
#3256 = LINE('',#3257,#3258);
#3257 = CARTESIAN_POINT('',(40.19537116324,50.935178705983));
#3258 = VECTOR('',#3259,1.);
#3259 = DIRECTION('',(-6.34996423858E-03,-0.999979838774));
#3260 = ( GEOMETRIC_REPRESENTATION_CONTEXT(2) 
PARAMETRIC_REPRESENTATION_CONTEXT() REPRESENTATION_CONTEXT('2D SPACE',''
  ) );
#3261 = PCURVE('',#3262,#3267);
#3262 = PLANE('',#3263);
#3263 = AXIS2_PLACEMENT_3D('',#3264,#3265,#3266);
#3264 = CARTESIAN_POINT('',(40.240807922834,52.5,3.2));
#3265 = DIRECTION('',(0.999979838774,-6.349964238581E-03,0.));
#3266 = DIRECTION('',(-6.349964238581E-03,-0.999979838774,0.));
#3267 = DEFINITIONAL_REPRESENTATION('',(#3268),#3272);
#3268 = LINE('',#3269,#3270);
#3269 = CARTESIAN_POINT('',(1.564852843369,0.));
#3270 = VECTOR('',#3271,1.);
#3271 = DIRECTION('',(1.,0.));
#3272 = ( GEOMETRIC_REPRESENTATION_CONTEXT(2) 
PARAMETRIC_REPRESENTATION_CONTEXT() REPRESENTATION_CONTEXT('2D SPACE',''
  ) );
#3273 = ORIENTED_EDGE('',*,*,#3274,.T.);
#3274 = EDGE_CURVE('',#3247,#3275,#3277,.T.);
#3275 = VERTEX_POINT('',#3276);
#3276 = CARTESIAN_POINT('',(42.449,-52.3535,3.2));
#3277 = SURFACE_CURVE('',#3278,(#3283,#3294),.PCURVE_S1.);
#3278 = CIRCLE('',#3279,2.3);
#3279 = AXIS2_PLACEMENT_3D('',#3280,#3281,#3282);
#3280 = CARTESIAN_POINT('',(40.149,-52.3535,3.2));
#3281 = DIRECTION('',(0.,0.,-1.));
#3282 = DIRECTION('',(-0.243415460019,0.969922117401,0.));
#3283 = PCURVE('',#98,#3284);
#3284 = DEFINITIONAL_REPRESENTATION('',(#3285),#3293);
#3285 = ( BOUNDED_CURVE() B_SPLINE_CURVE(2,(#3286,#3287,#3288,#3289,
#3290,#3291,#3292),.UNSPECIFIED.,.T.,.F.) B_SPLINE_CURVE_WITH_KNOTS((1,2
    ,2,2,2,1),(-2.094395102393,0.,2.094395102393,4.188790204786,
6.28318530718,8.377580409573),.UNSPECIFIED.) CURVE() 
GEOMETRIC_REPRESENTATION_ITEM() RATIONAL_B_SPLINE_CURVE((1.,0.5,1.,0.5,
1.,0.5,1.)) REPRESENTATION_ITEM('') );
#3286 = CARTESIAN_POINT('',(39.553644441956,-50.12267912997));
#3287 = CARTESIAN_POINT('',(43.41753953142,-49.15298085854));
#3288 = CARTESIAN_POINT('',(42.325375323754,-52.98406129929));
#3289 = CARTESIAN_POINT('',(41.233211116087,-56.81514174004));
#3290 = CARTESIAN_POINT('',(38.46148023429,-53.95375957072));
#3291 = CARTESIAN_POINT('',(35.689749352493,-51.0923774014));
#3292 = CARTESIAN_POINT('',(39.553644441956,-50.12267912997));
#3293 = ( GEOMETRIC_REPRESENTATION_CONTEXT(2) 
PARAMETRIC_REPRESENTATION_CONTEXT() REPRESENTATION_CONTEXT('2D SPACE',''
  ) );
#3294 = PCURVE('',#3295,#3300);
#3295 = CYLINDRICAL_SURFACE('',#3296,2.3);
#3296 = AXIS2_PLACEMENT_3D('',#3297,#3298,#3299);
#3297 = CARTESIAN_POINT('',(40.149,-52.3535,3.2));
#3298 = DIRECTION('',(-0.,-0.,-1.));
#3299 = DIRECTION('',(1.,0.,0.));
#3300 = DEFINITIONAL_REPRESENTATION('',(#3301),#3305);
#3301 = LINE('',#3302,#3303);
#3302 = CARTESIAN_POINT('',(-1.816682006023,0.));
#3303 = VECTOR('',#3304,1.);
#3304 = DIRECTION('',(1.,-0.));
#3305 = ( GEOMETRIC_REPRESENTATION_CONTEXT(2) 
PARAMETRIC_REPRESENTATION_CONTEXT() REPRESENTATION_CONTEXT('2D SPACE',''
  ) );
#3306 = ORIENTED_EDGE('',*,*,#3307,.T.);
#3307 = EDGE_CURVE('',#3275,#3308,#3310,.T.);
#3308 = VERTEX_POINT('',#3309);
#3309 = CARTESIAN_POINT('',(39.560858896698,-54.5770309853,3.2));
#3310 = SURFACE_CURVE('',#3311,(#3316,#3327),.PCURVE_S1.);
#3311 = CIRCLE('',#3312,2.3);
#3312 = AXIS2_PLACEMENT_3D('',#3313,#3314,#3315);
#3313 = CARTESIAN_POINT('',(40.149,-52.3535,3.2));
#3314 = DIRECTION('',(0.,0.,-1.));
#3315 = DIRECTION('',(1.,0.,0.));
#3316 = PCURVE('',#98,#3317);
#3317 = DEFINITIONAL_REPRESENTATION('',(#3318),#3326);
#3318 = ( BOUNDED_CURVE() B_SPLINE_CURVE(2,(#3319,#3320,#3321,#3322,
#3323,#3324,#3325),.UNSPECIFIED.,.T.,.F.) B_SPLINE_CURVE_WITH_KNOTS((1,2
    ,2,2,2,1),(-2.094395102393,0.,2.094395102393,4.188790204786,
6.28318530718,8.377580409573),.UNSPECIFIED.) CURVE() 
GEOMETRIC_REPRESENTATION_ITEM() RATIONAL_B_SPLINE_CURVE((1.,0.5,1.,0.5,
1.,0.5,1.)) REPRESENTATION_ITEM('') );
#3319 = CARTESIAN_POINT('',(42.4135,-52.3535));
#3320 = CARTESIAN_POINT('',(42.4135,-56.3372168574));
#3321 = CARTESIAN_POINT('',(38.9635,-54.3453584287));
#3322 = CARTESIAN_POINT('',(35.5135,-52.3535));
#3323 = CARTESIAN_POINT('',(38.9635,-50.36164157129));
#3324 = CARTESIAN_POINT('',(42.4135,-48.36978314259));
#3325 = CARTESIAN_POINT('',(42.4135,-52.3535));
#3326 = ( GEOMETRIC_REPRESENTATION_CONTEXT(2) 
PARAMETRIC_REPRESENTATION_CONTEXT() REPRESENTATION_CONTEXT('2D SPACE',''
  ) );
#3327 = PCURVE('',#3295,#3328);
#3328 = DEFINITIONAL_REPRESENTATION('',(#3329),#3333);
#3329 = LINE('',#3330,#3331);
#3330 = CARTESIAN_POINT('',(-6.28318530718,0.));
#3331 = VECTOR('',#3332,1.);
#3332 = DIRECTION('',(1.,-0.));
#3333 = ( GEOMETRIC_REPRESENTATION_CONTEXT(2) 
PARAMETRIC_REPRESENTATION_CONTEXT() REPRESENTATION_CONTEXT('2D SPACE',''
  ) );
#3334 = ORIENTED_EDGE('',*,*,#3335,.T.);
#3335 = EDGE_CURVE('',#3308,#3336,#3338,.T.);
#3336 = VERTEX_POINT('',#3337);
#3337 = CARTESIAN_POINT('',(39.5355,-58.5705,3.2));
#3338 = SURFACE_CURVE('',#3339,(#3343,#3350),.PCURVE_S1.);
#3339 = LINE('',#3340,#3341);
#3340 = CARTESIAN_POINT('',(39.560858896698,-54.5770309853,3.2));
#3341 = VECTOR('',#3342,1.);
#3342 = DIRECTION('',(-6.349964238595E-03,-0.999979838774,0.));
#3343 = PCURVE('',#98,#3344);
#3344 = DEFINITIONAL_REPRESENTATION('',(#3345),#3349);
#3345 = LINE('',#3346,#3347);
#3346 = CARTESIAN_POINT('',(39.525358896698,-54.5770309853));
#3347 = VECTOR('',#3348,1.);
#3348 = DIRECTION('',(-6.349964238595E-03,-0.999979838774));
#3349 = ( GEOMETRIC_REPRESENTATION_CONTEXT(2) 
PARAMETRIC_REPRESENTATION_CONTEXT() REPRESENTATION_CONTEXT('2D SPACE',''
  ) );
#3350 = PCURVE('',#3351,#3356);
#3351 = PLANE('',#3352);
#3352 = AXIS2_PLACEMENT_3D('',#3353,#3354,#3355);
#3353 = CARTESIAN_POINT('',(40.240807922834,52.5,3.2));
#3354 = DIRECTION('',(0.999979838774,-6.349964238581E-03,0.));
#3355 = DIRECTION('',(-6.349964238581E-03,-0.999979838774,0.));
#3356 = DEFINITIONAL_REPRESENTATION('',(#3357),#3361);
#3357 = LINE('',#3358,#3359);
#3358 = CARTESIAN_POINT('',(107.07918983306,0.));
#3359 = VECTOR('',#3360,1.);
#3360 = DIRECTION('',(1.,0.));
#3361 = ( GEOMETRIC_REPRESENTATION_CONTEXT(2) 
PARAMETRIC_REPRESENTATION_CONTEXT() REPRESENTATION_CONTEXT('2D SPACE',''
  ) );
#3362 = ORIENTED_EDGE('',*,*,#3363,.T.);
#3363 = EDGE_CURVE('',#3336,#3364,#3366,.T.);
#3364 = VERTEX_POINT('',#3365);
#3365 = CARTESIAN_POINT('',(37.1355,-58.5705,3.2));
#3366 = SURFACE_CURVE('',#3367,(#3371,#3378),.PCURVE_S1.);
#3367 = LINE('',#3368,#3369);
#3368 = CARTESIAN_POINT('',(-23.13225,-58.5705,3.2));
#3369 = VECTOR('',#3370,1.);
#3370 = DIRECTION('',(-1.,0.,0.));
#3371 = PCURVE('',#98,#3372);
#3372 = DEFINITIONAL_REPRESENTATION('',(#3373),#3377);
#3373 = LINE('',#3374,#3375);
#3374 = CARTESIAN_POINT('',(-23.16775,-58.5705));
#3375 = VECTOR('',#3376,1.);
#3376 = DIRECTION('',(-1.,0.));
#3377 = ( GEOMETRIC_REPRESENTATION_CONTEXT(2) 
PARAMETRIC_REPRESENTATION_CONTEXT() REPRESENTATION_CONTEXT('2D SPACE',''
  ) );
#3378 = PCURVE('',#3379,#3384);
#3379 = PLANE('',#3380);
#3380 = AXIS2_PLACEMENT_3D('',#3381,#3382,#3383);
#3381 = CARTESIAN_POINT('',(13.5355,-58.5705,3.2));
#3382 = DIRECTION('',(0.,1.,0.));
#3383 = DIRECTION('',(1.,0.,0.));
#3384 = DEFINITIONAL_REPRESENTATION('',(#3385),#3389);
#3385 = LINE('',#3386,#3387);
#3386 = CARTESIAN_POINT('',(-36.66775,0.));
#3387 = VECTOR('',#3388,1.);
#3388 = DIRECTION('',(-1.,0.));
#3389 = ( GEOMETRIC_REPRESENTATION_CONTEXT(2) 
PARAMETRIC_REPRESENTATION_CONTEXT() REPRESENTATION_CONTEXT('2D SPACE',''
  ) );
#3390 = ORIENTED_EDGE('',*,*,#3391,.T.);
#3391 = EDGE_CURVE('',#3364,#3392,#3394,.T.);
#3392 = VERTEX_POINT('',#3393);
#3393 = CARTESIAN_POINT('',(37.840807922834,52.5,3.2));
#3394 = SURFACE_CURVE('',#3395,(#3399,#3406),.PCURVE_S1.);
#3395 = LINE('',#3396,#3397);
#3396 = CARTESIAN_POINT('',(37.1355,-58.5705,3.2));
#3397 = VECTOR('',#3398,1.);
#3398 = DIRECTION('',(6.349964238581E-03,0.999979838774,0.));
#3399 = PCURVE('',#98,#3400);
#3400 = DEFINITIONAL_REPRESENTATION('',(#3401),#3405);
#3401 = LINE('',#3402,#3403);
#3402 = CARTESIAN_POINT('',(37.1,-58.5705));
#3403 = VECTOR('',#3404,1.);
#3404 = DIRECTION('',(6.349964238581E-03,0.999979838774));
#3405 = ( GEOMETRIC_REPRESENTATION_CONTEXT(2) 
PARAMETRIC_REPRESENTATION_CONTEXT() REPRESENTATION_CONTEXT('2D SPACE',''
  ) );
#3406 = PCURVE('',#3407,#3412);
#3407 = PLANE('',#3408);
#3408 = AXIS2_PLACEMENT_3D('',#3409,#3410,#3411);
#3409 = CARTESIAN_POINT('',(37.1355,-58.5705,3.2));
#3410 = DIRECTION('',(-0.999979838774,6.349964238581E-03,0.));
#3411 = DIRECTION('',(6.349964238581E-03,0.999979838774,0.));
#3412 = DEFINITIONAL_REPRESENTATION('',(#3413),#3417);
#3413 = LINE('',#3414,#3415);
#3414 = CARTESIAN_POINT('',(0.,0.));
#3415 = VECTOR('',#3416,1.);
#3416 = DIRECTION('',(1.,0.));
#3417 = ( GEOMETRIC_REPRESENTATION_CONTEXT(2) 
PARAMETRIC_REPRESENTATION_CONTEXT() REPRESENTATION_CONTEXT('2D SPACE',''
  ) );
#3418 = ORIENTED_EDGE('',*,*,#3419,.F.);
#3419 = EDGE_CURVE('',#3420,#3392,#3422,.T.);
#3420 = VERTEX_POINT('',#3421);
#3421 = CARTESIAN_POINT('',(15.230192077166,52.5,3.2));
#3422 = SURFACE_CURVE('',#3423,(#3427,#3434),.PCURVE_S1.);
#3423 = LINE('',#3424,#3425);
#3424 = CARTESIAN_POINT('',(11.5355,52.5,3.2));
#3425 = VECTOR('',#3426,1.);
#3426 = DIRECTION('',(1.,0.,0.));
#3427 = PCURVE('',#98,#3428);
#3428 = DEFINITIONAL_REPRESENTATION('',(#3429),#3433);
#3429 = LINE('',#3430,#3431);
#3430 = CARTESIAN_POINT('',(11.5,52.5));
#3431 = VECTOR('',#3432,1.);
#3432 = DIRECTION('',(1.,0.));
#3433 = ( GEOMETRIC_REPRESENTATION_CONTEXT(2) 
PARAMETRIC_REPRESENTATION_CONTEXT() REPRESENTATION_CONTEXT('2D SPACE',''
  ) );
#3434 = PCURVE('',#3435,#3440);
#3435 = PLANE('',#3436);
#3436 = AXIS2_PLACEMENT_3D('',#3437,#3438,#3439);
#3437 = CARTESIAN_POINT('',(11.5355,52.5,3.2));
#3438 = DIRECTION('',(0.,1.,0.));
#3439 = DIRECTION('',(1.,0.,0.));
#3440 = DEFINITIONAL_REPRESENTATION('',(#3441),#3445);
#3441 = LINE('',#3442,#3443);
#3442 = CARTESIAN_POINT('',(0.,0.));
#3443 = VECTOR('',#3444,1.);
#3444 = DIRECTION('',(1.,0.));
#3445 = ( GEOMETRIC_REPRESENTATION_CONTEXT(2) 
PARAMETRIC_REPRESENTATION_CONTEXT() REPRESENTATION_CONTEXT('2D SPACE',''
  ) );
#3446 = ORIENTED_EDGE('',*,*,#3447,.T.);
#3447 = EDGE_CURVE('',#3420,#3448,#3450,.T.);
#3448 = VERTEX_POINT('',#3449);
#3449 = CARTESIAN_POINT('',(15.289479829563,43.163481736902,3.2));
#3450 = SURFACE_CURVE('',#3451,(#3455,#3462),.PCURVE_S1.);
#3451 = LINE('',#3452,#3453);
#3452 = CARTESIAN_POINT('',(15.230192077166,52.5,3.2));
#3453 = VECTOR('',#3454,1.);
#3454 = DIRECTION('',(6.349964238581E-03,-0.999979838774,0.));
#3455 = PCURVE('',#98,#3456);
#3456 = DEFINITIONAL_REPRESENTATION('',(#3457),#3461);
#3457 = LINE('',#3458,#3459);
#3458 = CARTESIAN_POINT('',(15.194692077166,52.5));
#3459 = VECTOR('',#3460,1.);
#3460 = DIRECTION('',(6.349964238581E-03,-0.999979838774));
#3461 = ( GEOMETRIC_REPRESENTATION_CONTEXT(2) 
PARAMETRIC_REPRESENTATION_CONTEXT() REPRESENTATION_CONTEXT('2D SPACE',''
  ) );
#3462 = PCURVE('',#3463,#3468);
#3463 = PLANE('',#3464);
#3464 = AXIS2_PLACEMENT_3D('',#3465,#3466,#3467);
#3465 = CARTESIAN_POINT('',(15.9355,-58.5705,3.2));
#3466 = DIRECTION('',(-0.999979838774,-6.349964238581E-03,0.));
#3467 = DIRECTION('',(-6.349964238581E-03,0.999979838774,0.));
#3468 = DEFINITIONAL_REPRESENTATION('',(#3469),#3473);
#3469 = LINE('',#3470,#3471);
#3470 = CARTESIAN_POINT('',(111.07273936261,0.));
#3471 = VECTOR('',#3472,1.);
#3472 = DIRECTION('',(-1.,-0.));
#3473 = ( GEOMETRIC_REPRESENTATION_CONTEXT(2) 
PARAMETRIC_REPRESENTATION_CONTEXT() REPRESENTATION_CONTEXT('2D SPACE',''
  ) );
#3474 = ORIENTED_EDGE('',*,*,#3475,.T.);
#3475 = EDGE_CURVE('',#3448,#3476,#3478,.T.);
#3476 = VERTEX_POINT('',#3477);
#3477 = CARTESIAN_POINT('',(15.304155709777,40.852353078846,3.2));
#3478 = SURFACE_CURVE('',#3479,(#3484,#3495),.PCURVE_S1.);
#3479 = CIRCLE('',#3480,1.7);
#3480 = AXIS2_PLACEMENT_3D('',#3481,#3482,#3483);
#3481 = CARTESIAN_POINT('',(14.05,42.,3.2));
#3482 = DIRECTION('',(0.,0.,-1.));
#3483 = DIRECTION('',(0.,1.,0.));
#3484 = PCURVE('',#98,#3485);
#3485 = DEFINITIONAL_REPRESENTATION('',(#3486),#3494);
#3486 = ( BOUNDED_CURVE() B_SPLINE_CURVE(2,(#3487,#3488,#3489,#3490,
#3491,#3492,#3493),.UNSPECIFIED.,.T.,.F.) B_SPLINE_CURVE_WITH_KNOTS((1,2
    ,2,2,2,1),(-2.094395102393,0.,2.094395102393,4.188790204786,
6.28318530718,8.377580409573),.UNSPECIFIED.) CURVE() 
GEOMETRIC_REPRESENTATION_ITEM() RATIONAL_B_SPLINE_CURVE((1.,0.5,1.,0.5,
1.,0.5,1.)) REPRESENTATION_ITEM('') );
#3487 = CARTESIAN_POINT('',(14.0145,43.7));
#3488 = CARTESIAN_POINT('',(16.958986372867,43.7));
#3489 = CARTESIAN_POINT('',(15.486743186434,41.15));
#3490 = CARTESIAN_POINT('',(14.0145,38.6));
#3491 = CARTESIAN_POINT('',(12.542256813566,41.15));
#3492 = CARTESIAN_POINT('',(11.070013627133,43.7));
#3493 = CARTESIAN_POINT('',(14.0145,43.7));
#3494 = ( GEOMETRIC_REPRESENTATION_CONTEXT(2) 
PARAMETRIC_REPRESENTATION_CONTEXT() REPRESENTATION_CONTEXT('2D SPACE',''
  ) );
#3495 = PCURVE('',#736,#3496);
#3496 = DEFINITIONAL_REPRESENTATION('',(#3497),#3501);
#3497 = LINE('',#3498,#3499);
#3498 = CARTESIAN_POINT('',(0.,-4.2));
#3499 = VECTOR('',#3500,1.);
#3500 = DIRECTION('',(1.,0.));
#3501 = ( GEOMETRIC_REPRESENTATION_CONTEXT(2) 
PARAMETRIC_REPRESENTATION_CONTEXT() REPRESENTATION_CONTEXT('2D SPACE',''
  ) );
#3502 = ORIENTED_EDGE('',*,*,#3503,.T.);
#3503 = EDGE_CURVE('',#3476,#3504,#3506,.T.);
#3504 = VERTEX_POINT('',#3505);
#3505 = CARTESIAN_POINT('',(15.468723115426,14.936602755578,3.2));
#3506 = SURFACE_CURVE('',#3507,(#3511,#3518),.PCURVE_S1.);
#3507 = LINE('',#3508,#3509);
#3508 = CARTESIAN_POINT('',(15.230192077166,52.5,3.2));
#3509 = VECTOR('',#3510,1.);
#3510 = DIRECTION('',(6.349964238581E-03,-0.999979838774,0.));
#3511 = PCURVE('',#98,#3512);
#3512 = DEFINITIONAL_REPRESENTATION('',(#3513),#3517);
#3513 = LINE('',#3514,#3515);
#3514 = CARTESIAN_POINT('',(15.194692077166,52.5));
#3515 = VECTOR('',#3516,1.);
#3516 = DIRECTION('',(6.349964238581E-03,-0.999979838774));
#3517 = ( GEOMETRIC_REPRESENTATION_CONTEXT(2) 
PARAMETRIC_REPRESENTATION_CONTEXT() REPRESENTATION_CONTEXT('2D SPACE',''
  ) );
#3518 = PCURVE('',#3463,#3519);
#3519 = DEFINITIONAL_REPRESENTATION('',(#3520),#3524);
#3520 = LINE('',#3521,#3522);
#3521 = CARTESIAN_POINT('',(111.07273936261,0.));
#3522 = VECTOR('',#3523,1.);
#3523 = DIRECTION('',(-1.,-0.));
#3524 = ( GEOMETRIC_REPRESENTATION_CONTEXT(2) 
PARAMETRIC_REPRESENTATION_CONTEXT() REPRESENTATION_CONTEXT('2D SPACE',''
  ) );
#3525 = ORIENTED_EDGE('',*,*,#3526,.T.);
#3526 = EDGE_CURVE('',#3504,#3527,#3529,.T.);
#3527 = VERTEX_POINT('',#3528);
#3528 = CARTESIAN_POINT('',(15.480503251983,13.081490094737,3.2));
#3529 = SURFACE_CURVE('',#3530,(#3535,#3546),.PCURVE_S1.);
#3530 = CIRCLE('',#3531,1.7);
#3531 = AXIS2_PLACEMENT_3D('',#3532,#3533,#3534);
#3532 = CARTESIAN_POINT('',(14.05,14.,3.2));
#3533 = DIRECTION('',(0.,0.,-1.));
#3534 = DIRECTION('',(0.,1.,0.));
#3535 = PCURVE('',#98,#3536);
#3536 = DEFINITIONAL_REPRESENTATION('',(#3537),#3545);
#3537 = ( BOUNDED_CURVE() B_SPLINE_CURVE(2,(#3538,#3539,#3540,#3541,
#3542,#3543,#3544),.UNSPECIFIED.,.T.,.F.) B_SPLINE_CURVE_WITH_KNOTS((1,2
    ,2,2,2,1),(-2.094395102393,0.,2.094395102393,4.188790204786,
6.28318530718,8.377580409573),.UNSPECIFIED.) CURVE() 
GEOMETRIC_REPRESENTATION_ITEM() RATIONAL_B_SPLINE_CURVE((1.,0.5,1.,0.5,
1.,0.5,1.)) REPRESENTATION_ITEM('') );
#3538 = CARTESIAN_POINT('',(14.0145,15.7));
#3539 = CARTESIAN_POINT('',(16.958986372867,15.7));
#3540 = CARTESIAN_POINT('',(15.486743186434,13.15));
#3541 = CARTESIAN_POINT('',(14.0145,10.6));
#3542 = CARTESIAN_POINT('',(12.542256813566,13.15));
#3543 = CARTESIAN_POINT('',(11.070013627133,15.7));
#3544 = CARTESIAN_POINT('',(14.0145,15.7));
#3545 = ( GEOMETRIC_REPRESENTATION_CONTEXT(2) 
PARAMETRIC_REPRESENTATION_CONTEXT() REPRESENTATION_CONTEXT('2D SPACE',''
  ) );
#3546 = PCURVE('',#849,#3547);
#3547 = DEFINITIONAL_REPRESENTATION('',(#3548),#3552);
#3548 = LINE('',#3549,#3550);
#3549 = CARTESIAN_POINT('',(0.,-4.2));
#3550 = VECTOR('',#3551,1.);
#3551 = DIRECTION('',(1.,0.));
#3552 = ( GEOMETRIC_REPRESENTATION_CONTEXT(2) 
PARAMETRIC_REPRESENTATION_CONTEXT() REPRESENTATION_CONTEXT('2D SPACE',''
  ) );
#3553 = ORIENTED_EDGE('',*,*,#3554,.T.);
#3554 = EDGE_CURVE('',#3527,#3555,#3557,.T.);
#3555 = VERTEX_POINT('',#3556);
#3556 = CARTESIAN_POINT('',(15.648804283159,-13.42222420944,3.2));
#3557 = SURFACE_CURVE('',#3558,(#3562,#3569),.PCURVE_S1.);
#3558 = LINE('',#3559,#3560);
#3559 = CARTESIAN_POINT('',(15.230192077166,52.5,3.2));
#3560 = VECTOR('',#3561,1.);
#3561 = DIRECTION('',(6.349964238581E-03,-0.999979838774,0.));
#3562 = PCURVE('',#98,#3563);
#3563 = DEFINITIONAL_REPRESENTATION('',(#3564),#3568);
#3564 = LINE('',#3565,#3566);
#3565 = CARTESIAN_POINT('',(15.194692077166,52.5));
#3566 = VECTOR('',#3567,1.);
#3567 = DIRECTION('',(6.349964238581E-03,-0.999979838774));
#3568 = ( GEOMETRIC_REPRESENTATION_CONTEXT(2) 
PARAMETRIC_REPRESENTATION_CONTEXT() REPRESENTATION_CONTEXT('2D SPACE',''
  ) );
#3569 = PCURVE('',#3463,#3570);
#3570 = DEFINITIONAL_REPRESENTATION('',(#3571),#3575);
#3571 = LINE('',#3572,#3573);
#3572 = CARTESIAN_POINT('',(111.07273936261,0.));
#3573 = VECTOR('',#3574,1.);
#3574 = DIRECTION('',(-1.,-0.));
#3575 = ( GEOMETRIC_REPRESENTATION_CONTEXT(2) 
PARAMETRIC_REPRESENTATION_CONTEXT() REPRESENTATION_CONTEXT('2D SPACE',''
  ) );
#3576 = ORIENTED_EDGE('',*,*,#3577,.T.);
#3577 = EDGE_CURVE('',#3555,#3578,#3580,.T.);
#3578 = VERTEX_POINT('',#3579);
#3579 = CARTESIAN_POINT('',(15.656012912319,-14.55742490567,3.2));
#3580 = SURFACE_CURVE('',#3581,(#3586,#3597),.PCURVE_S1.);
#3581 = CIRCLE('',#3582,1.7);
#3582 = AXIS2_PLACEMENT_3D('',#3583,#3584,#3585);
#3583 = CARTESIAN_POINT('',(14.05,-14.,3.2));
#3584 = DIRECTION('',(0.,0.,-1.));
#3585 = DIRECTION('',(0.,1.,0.));
#3586 = PCURVE('',#98,#3587);
#3587 = DEFINITIONAL_REPRESENTATION('',(#3588),#3596);
#3588 = ( BOUNDED_CURVE() B_SPLINE_CURVE(2,(#3589,#3590,#3591,#3592,
#3593,#3594,#3595),.UNSPECIFIED.,.T.,.F.) B_SPLINE_CURVE_WITH_KNOTS((1,2
    ,2,2,2,1),(-2.094395102393,0.,2.094395102393,4.188790204786,
6.28318530718,8.377580409573),.UNSPECIFIED.) CURVE() 
GEOMETRIC_REPRESENTATION_ITEM() RATIONAL_B_SPLINE_CURVE((1.,0.5,1.,0.5,
1.,0.5,1.)) REPRESENTATION_ITEM('') );
#3589 = CARTESIAN_POINT('',(14.0145,-12.3));
#3590 = CARTESIAN_POINT('',(16.958986372867,-12.3));
#3591 = CARTESIAN_POINT('',(15.486743186434,-14.85));
#3592 = CARTESIAN_POINT('',(14.0145,-17.4));
#3593 = CARTESIAN_POINT('',(12.542256813566,-14.85));
#3594 = CARTESIAN_POINT('',(11.070013627133,-12.3));
#3595 = CARTESIAN_POINT('',(14.0145,-12.3));
#3596 = ( GEOMETRIC_REPRESENTATION_CONTEXT(2) 
PARAMETRIC_REPRESENTATION_CONTEXT() REPRESENTATION_CONTEXT('2D SPACE',''
  ) );
#3597 = PCURVE('',#962,#3598);
#3598 = DEFINITIONAL_REPRESENTATION('',(#3599),#3603);
#3599 = LINE('',#3600,#3601);
#3600 = CARTESIAN_POINT('',(0.,-4.2));
#3601 = VECTOR('',#3602,1.);
#3602 = DIRECTION('',(1.,0.));
#3603 = ( GEOMETRIC_REPRESENTATION_CONTEXT(2) 
PARAMETRIC_REPRESENTATION_CONTEXT() REPRESENTATION_CONTEXT('2D SPACE',''
  ) );
#3604 = ORIENTED_EDGE('',*,*,#3605,.T.);
#3605 = EDGE_CURVE('',#3578,#3606,#3608,.T.);
#3606 = VERTEX_POINT('',#3607);
#3607 = CARTESIAN_POINT('',(15.9355,-58.5705,3.2));
#3608 = SURFACE_CURVE('',#3609,(#3613,#3620),.PCURVE_S1.);
#3609 = LINE('',#3610,#3611);
#3610 = CARTESIAN_POINT('',(15.230192077166,52.5,3.2));
#3611 = VECTOR('',#3612,1.);
#3612 = DIRECTION('',(6.349964238581E-03,-0.999979838774,0.));
#3613 = PCURVE('',#98,#3614);
#3614 = DEFINITIONAL_REPRESENTATION('',(#3615),#3619);
#3615 = LINE('',#3616,#3617);
#3616 = CARTESIAN_POINT('',(15.194692077166,52.5));
#3617 = VECTOR('',#3618,1.);
#3618 = DIRECTION('',(6.349964238581E-03,-0.999979838774));
#3619 = ( GEOMETRIC_REPRESENTATION_CONTEXT(2) 
PARAMETRIC_REPRESENTATION_CONTEXT() REPRESENTATION_CONTEXT('2D SPACE',''
  ) );
#3620 = PCURVE('',#3463,#3621);
#3621 = DEFINITIONAL_REPRESENTATION('',(#3622),#3626);
#3622 = LINE('',#3623,#3624);
#3623 = CARTESIAN_POINT('',(111.07273936261,0.));
#3624 = VECTOR('',#3625,1.);
#3625 = DIRECTION('',(-1.,-0.));
#3626 = ( GEOMETRIC_REPRESENTATION_CONTEXT(2) 
PARAMETRIC_REPRESENTATION_CONTEXT() REPRESENTATION_CONTEXT('2D SPACE',''
  ) );
#3627 = ORIENTED_EDGE('',*,*,#3628,.T.);
#3628 = EDGE_CURVE('',#3606,#3629,#3631,.T.);
#3629 = VERTEX_POINT('',#3630);
#3630 = CARTESIAN_POINT('',(13.5355,-58.5705,3.2));
#3631 = SURFACE_CURVE('',#3632,(#3636,#3643),.PCURVE_S1.);
#3632 = LINE('',#3633,#3634);
#3633 = CARTESIAN_POINT('',(15.9355,-58.5705,3.2));
#3634 = VECTOR('',#3635,1.);
#3635 = DIRECTION('',(-1.,0.,0.));
#3636 = PCURVE('',#98,#3637);
#3637 = DEFINITIONAL_REPRESENTATION('',(#3638),#3642);
#3638 = LINE('',#3639,#3640);
#3639 = CARTESIAN_POINT('',(15.9,-58.5705));
#3640 = VECTOR('',#3641,1.);
#3641 = DIRECTION('',(-1.,0.));
#3642 = ( GEOMETRIC_REPRESENTATION_CONTEXT(2) 
PARAMETRIC_REPRESENTATION_CONTEXT() REPRESENTATION_CONTEXT('2D SPACE',''
  ) );
#3643 = PCURVE('',#3644,#3649);
#3644 = PLANE('',#3645);
#3645 = AXIS2_PLACEMENT_3D('',#3646,#3647,#3648);
#3646 = CARTESIAN_POINT('',(13.5355,-58.5705,3.2));
#3647 = DIRECTION('',(0.,1.,0.));
#3648 = DIRECTION('',(1.,0.,0.));
#3649 = DEFINITIONAL_REPRESENTATION('',(#3650),#3654);
#3650 = LINE('',#3651,#3652);
#3651 = CARTESIAN_POINT('',(2.4,0.));
#3652 = VECTOR('',#3653,1.);
#3653 = DIRECTION('',(-1.,0.));
#3654 = ( GEOMETRIC_REPRESENTATION_CONTEXT(2) 
PARAMETRIC_REPRESENTATION_CONTEXT() REPRESENTATION_CONTEXT('2D SPACE',''
  ) );
#3655 = ORIENTED_EDGE('',*,*,#3656,.F.);
#3656 = EDGE_CURVE('',#3657,#3629,#3659,.T.);
#3657 = VERTEX_POINT('',#3658);
#3658 = CARTESIAN_POINT('',(13.508946797049,-54.38895399306,3.2));
#3659 = SURFACE_CURVE('',#3660,(#3664,#3671),.PCURVE_S1.);
#3660 = LINE('',#3661,#3662);
#3661 = CARTESIAN_POINT('',(12.830192077166,52.5,3.2));
#3662 = VECTOR('',#3663,1.);
#3663 = DIRECTION('',(6.349964238581E-03,-0.999979838774,0.));
#3664 = PCURVE('',#98,#3665);
#3665 = DEFINITIONAL_REPRESENTATION('',(#3666),#3670);
#3666 = LINE('',#3667,#3668);
#3667 = CARTESIAN_POINT('',(12.794692077166,52.5));
#3668 = VECTOR('',#3669,1.);
#3669 = DIRECTION('',(6.349964238581E-03,-0.999979838774));
#3670 = ( GEOMETRIC_REPRESENTATION_CONTEXT(2) 
PARAMETRIC_REPRESENTATION_CONTEXT() REPRESENTATION_CONTEXT('2D SPACE',''
  ) );
#3671 = PCURVE('',#3672,#3677);
#3672 = PLANE('',#3673);
#3673 = AXIS2_PLACEMENT_3D('',#3674,#3675,#3676);
#3674 = CARTESIAN_POINT('',(12.830192077166,52.5,3.2));
#3675 = DIRECTION('',(0.999979838774,6.349964238581E-03,-0.));
#3676 = DIRECTION('',(6.349964238581E-03,-0.999979838774,0.));
#3677 = DEFINITIONAL_REPRESENTATION('',(#3678),#3682);
#3678 = LINE('',#3679,#3680);
#3679 = CARTESIAN_POINT('',(0.,0.));
#3680 = VECTOR('',#3681,1.);
#3681 = DIRECTION('',(1.,0.));
#3682 = ( GEOMETRIC_REPRESENTATION_CONTEXT(2) 
PARAMETRIC_REPRESENTATION_CONTEXT() REPRESENTATION_CONTEXT('2D SPACE',''
  ) );
#3683 = ORIENTED_EDGE('',*,*,#3684,.T.);
#3684 = EDGE_CURVE('',#3657,#3685,#3687,.T.);
#3685 = VERTEX_POINT('',#3686);
#3686 = CARTESIAN_POINT('',(13.483010832557,-50.30460948075,3.2));
#3687 = SURFACE_CURVE('',#3688,(#3693,#3704),.PCURVE_S1.);
#3688 = CIRCLE('',#3689,2.3);
#3689 = AXIS2_PLACEMENT_3D('',#3690,#3691,#3692);
#3690 = CARTESIAN_POINT('',(12.438,-52.3535,3.2));
#3691 = DIRECTION('',(0.,-0.,-1.));
#3692 = DIRECTION('',(0.465629042195,-0.884979996985,0.));
#3693 = PCURVE('',#98,#3694);
#3694 = DEFINITIONAL_REPRESENTATION('',(#3695),#3703);
#3695 = ( BOUNDED_CURVE() B_SPLINE_CURVE(2,(#3696,#3697,#3698,#3699,
#3700,#3701,#3702),.UNSPECIFIED.,.T.,.F.) B_SPLINE_CURVE_WITH_KNOTS((1,2
    ,2,2,2,1),(-2.094395102393,0.,2.094395102393,4.188790204786,
6.28318530718,8.377580409573),.UNSPECIFIED.) CURVE() 
GEOMETRIC_REPRESENTATION_ITEM() RATIONAL_B_SPLINE_CURVE((1.,0.5,1.,0.5,
1.,0.5,1.)) REPRESENTATION_ITEM('') );
#3696 = CARTESIAN_POINT('',(13.473446797049,-54.38895399306));
#3697 = CARTESIAN_POINT('',(9.947937064589,-56.24388825775));
#3698 = CARTESIAN_POINT('',(10.104271735245,-52.26324013581));
#3699 = CARTESIAN_POINT('',(10.260606405902,-48.28259201386));
#3700 = CARTESIAN_POINT('',(13.629781467706,-50.40830587112));
#3701 = CARTESIAN_POINT('',(16.998956529509,-52.53401972837));
#3702 = CARTESIAN_POINT('',(13.473446797049,-54.38895399306));
#3703 = ( GEOMETRIC_REPRESENTATION_CONTEXT(2) 
PARAMETRIC_REPRESENTATION_CONTEXT() REPRESENTATION_CONTEXT('2D SPACE',''
  ) );
#3704 = PCURVE('',#3705,#3710);
#3705 = CYLINDRICAL_SURFACE('',#3706,2.3);
#3706 = AXIS2_PLACEMENT_3D('',#3707,#3708,#3709);
#3707 = CARTESIAN_POINT('',(12.438,-52.3535,3.2));
#3708 = DIRECTION('',(-0.,-0.,-1.));
#3709 = DIRECTION('',(1.,0.,0.));
#3710 = DEFINITIONAL_REPRESENTATION('',(#3711),#3715);
#3711 = LINE('',#3712,#3713);
#3712 = CARTESIAN_POINT('',(-5.196734257006,0.));
#3713 = VECTOR('',#3714,1.);
#3714 = DIRECTION('',(1.,-0.));
#3715 = ( GEOMETRIC_REPRESENTATION_CONTEXT(2) 
PARAMETRIC_REPRESENTATION_CONTEXT() REPRESENTATION_CONTEXT('2D SPACE',''
  ) );
#3716 = ORIENTED_EDGE('',*,*,#3717,.F.);
#3717 = EDGE_CURVE('',#3718,#3685,#3720,.T.);
#3718 = VERTEX_POINT('',#3719);
#3719 = CARTESIAN_POINT('',(13.441070952985,-43.7,3.2));
#3720 = SURFACE_CURVE('',#3721,(#3725,#3732),.PCURVE_S1.);
#3721 = LINE('',#3722,#3723);
#3722 = CARTESIAN_POINT('',(12.830192077166,52.5,3.2));
#3723 = VECTOR('',#3724,1.);
#3724 = DIRECTION('',(6.349964238581E-03,-0.999979838774,0.));
#3725 = PCURVE('',#98,#3726);
#3726 = DEFINITIONAL_REPRESENTATION('',(#3727),#3731);
#3727 = LINE('',#3728,#3729);
#3728 = CARTESIAN_POINT('',(12.794692077166,52.5));
#3729 = VECTOR('',#3730,1.);
#3730 = DIRECTION('',(6.349964238581E-03,-0.999979838774));
#3731 = ( GEOMETRIC_REPRESENTATION_CONTEXT(2) 
PARAMETRIC_REPRESENTATION_CONTEXT() REPRESENTATION_CONTEXT('2D SPACE',''
  ) );
#3732 = PCURVE('',#3112,#3733);
#3733 = DEFINITIONAL_REPRESENTATION('',(#3734),#3738);
#3734 = LINE('',#3735,#3736);
#3735 = CARTESIAN_POINT('',(0.,0.));
#3736 = VECTOR('',#3737,1.);
#3737 = DIRECTION('',(1.,0.));
#3738 = ( GEOMETRIC_REPRESENTATION_CONTEXT(2) 
PARAMETRIC_REPRESENTATION_CONTEXT() REPRESENTATION_CONTEXT('2D SPACE',''
  ) );
#3739 = ORIENTED_EDGE('',*,*,#3740,.F.);
#3740 = EDGE_CURVE('',#3741,#3718,#3743,.T.);
#3741 = VERTEX_POINT('',#3742);
#3742 = CARTESIAN_POINT('',(10.4,-43.7,3.2));
#3743 = SURFACE_CURVE('',#3744,(#3748,#3754),.PCURVE_S1.);
#3744 = LINE('',#3745,#3746);
#3745 = CARTESIAN_POINT('',(7.04275,-43.7,3.2));
#3746 = VECTOR('',#3747,1.);
#3747 = DIRECTION('',(1.,0.,-0.));
#3748 = PCURVE('',#98,#3749);
#3749 = DEFINITIONAL_REPRESENTATION('',(#3750),#3753);
#3750 = B_SPLINE_CURVE_WITH_KNOTS('',1,(#3751,#3752),.UNSPECIFIED.,.F.,
  .F.,(2,2),(2.90725,7.00725),.PIECEWISE_BEZIER_KNOTS.);
#3751 = CARTESIAN_POINT('',(9.9145,-43.7));
#3752 = CARTESIAN_POINT('',(14.0145,-43.7));
#3753 = ( GEOMETRIC_REPRESENTATION_CONTEXT(2) 
PARAMETRIC_REPRESENTATION_CONTEXT() REPRESENTATION_CONTEXT('2D SPACE',''
  ) );
#3754 = PCURVE('',#1102,#3755);
#3755 = DEFINITIONAL_REPRESENTATION('',(#3756),#3759);
#3756 = B_SPLINE_CURVE_WITH_KNOTS('',1,(#3757,#3758),.UNSPECIFIED.,.F.,
  .F.,(2,2),(2.90725,7.00725),.PIECEWISE_BEZIER_KNOTS.);
#3757 = CARTESIAN_POINT('',(4.1,-4.2));
#3758 = CARTESIAN_POINT('',(0.,-4.2));
#3759 = ( GEOMETRIC_REPRESENTATION_CONTEXT(2) 
PARAMETRIC_REPRESENTATION_CONTEXT() REPRESENTATION_CONTEXT('2D SPACE',''
  ) );
#3760 = ORIENTED_EDGE('',*,*,#3761,.T.);
#3761 = EDGE_CURVE('',#3741,#3762,#3764,.T.);
#3762 = VERTEX_POINT('',#3763);
#3763 = CARTESIAN_POINT('',(10.4,-47.3535,3.2));
#3764 = SURFACE_CURVE('',#3765,(#3769,#3776),.PCURVE_S1.);
#3765 = LINE('',#3766,#3767);
#3766 = CARTESIAN_POINT('',(10.4,58.5705,3.2));
#3767 = VECTOR('',#3768,1.);
#3768 = DIRECTION('',(0.,-1.,0.));
#3769 = PCURVE('',#98,#3770);
#3770 = DEFINITIONAL_REPRESENTATION('',(#3771),#3775);
#3771 = LINE('',#3772,#3773);
#3772 = CARTESIAN_POINT('',(10.3645,58.5705));
#3773 = VECTOR('',#3774,1.);
#3774 = DIRECTION('',(0.,-1.));
#3775 = ( GEOMETRIC_REPRESENTATION_CONTEXT(2) 
PARAMETRIC_REPRESENTATION_CONTEXT() REPRESENTATION_CONTEXT('2D SPACE',''
  ) );
#3776 = PCURVE('',#1129,#3777);
#3777 = DEFINITIONAL_REPRESENTATION('',(#3778),#3782);
#3778 = LINE('',#3779,#3780);
#3779 = CARTESIAN_POINT('',(0.,-3.2));
#3780 = VECTOR('',#3781,1.);
#3781 = DIRECTION('',(1.,0.));
#3782 = ( GEOMETRIC_REPRESENTATION_CONTEXT(2) 
PARAMETRIC_REPRESENTATION_CONTEXT() REPRESENTATION_CONTEXT('2D SPACE',''
  ) );
#3783 = ORIENTED_EDGE('',*,*,#3784,.T.);
#3784 = EDGE_CURVE('',#3762,#3785,#3787,.T.);
#3785 = VERTEX_POINT('',#3786);
#3786 = CARTESIAN_POINT('',(7.438,-47.3535,3.2));
#3787 = SURFACE_CURVE('',#3788,(#3792,#3799),.PCURVE_S1.);
#3788 = LINE('',#3789,#3790);
#3789 = CARTESIAN_POINT('',(17.438,-47.3535,3.2));
#3790 = VECTOR('',#3791,1.);
#3791 = DIRECTION('',(-1.,0.,0.));
#3792 = PCURVE('',#98,#3793);
#3793 = DEFINITIONAL_REPRESENTATION('',(#3794),#3798);
#3794 = LINE('',#3795,#3796);
#3795 = CARTESIAN_POINT('',(17.4025,-47.3535));
#3796 = VECTOR('',#3797,1.);
#3797 = DIRECTION('',(-1.,0.));
#3798 = ( GEOMETRIC_REPRESENTATION_CONTEXT(2) 
PARAMETRIC_REPRESENTATION_CONTEXT() REPRESENTATION_CONTEXT('2D SPACE',''
  ) );
#3799 = PCURVE('',#1157,#3800);
#3800 = DEFINITIONAL_REPRESENTATION('',(#3801),#3805);
#3801 = LINE('',#3802,#3803);
#3802 = CARTESIAN_POINT('',(0.,-3.2));
#3803 = VECTOR('',#3804,1.);
#3804 = DIRECTION('',(1.,0.));
#3805 = ( GEOMETRIC_REPRESENTATION_CONTEXT(2) 
PARAMETRIC_REPRESENTATION_CONTEXT() REPRESENTATION_CONTEXT('2D SPACE',''
  ) );
#3806 = ORIENTED_EDGE('',*,*,#3807,.T.);
#3807 = EDGE_CURVE('',#3785,#3808,#3810,.T.);
#3808 = VERTEX_POINT('',#3809);
#3809 = CARTESIAN_POINT('',(7.438,-57.3535,3.2));
#3810 = SURFACE_CURVE('',#3811,(#3815,#3822),.PCURVE_S1.);
#3811 = LINE('',#3812,#3813);
#3812 = CARTESIAN_POINT('',(7.438,-47.3535,3.2));
#3813 = VECTOR('',#3814,1.);
#3814 = DIRECTION('',(0.,-1.,0.));
#3815 = PCURVE('',#98,#3816);
#3816 = DEFINITIONAL_REPRESENTATION('',(#3817),#3821);
#3817 = LINE('',#3818,#3819);
#3818 = CARTESIAN_POINT('',(7.4025,-47.3535));
#3819 = VECTOR('',#3820,1.);
#3820 = DIRECTION('',(0.,-1.));
#3821 = ( GEOMETRIC_REPRESENTATION_CONTEXT(2) 
PARAMETRIC_REPRESENTATION_CONTEXT() REPRESENTATION_CONTEXT('2D SPACE',''
  ) );
#3822 = PCURVE('',#1185,#3823);
#3823 = DEFINITIONAL_REPRESENTATION('',(#3824),#3828);
#3824 = LINE('',#3825,#3826);
#3825 = CARTESIAN_POINT('',(0.,-3.2));
#3826 = VECTOR('',#3827,1.);
#3827 = DIRECTION('',(1.,0.));
#3828 = ( GEOMETRIC_REPRESENTATION_CONTEXT(2) 
PARAMETRIC_REPRESENTATION_CONTEXT() REPRESENTATION_CONTEXT('2D SPACE',''
  ) );
#3829 = ORIENTED_EDGE('',*,*,#3830,.T.);
#3830 = EDGE_CURVE('',#3808,#3831,#3833,.T.);
#3831 = VERTEX_POINT('',#3832);
#3832 = CARTESIAN_POINT('',(10.4,-57.3535,3.2));
#3833 = SURFACE_CURVE('',#3834,(#3838,#3845),.PCURVE_S1.);
#3834 = LINE('',#3835,#3836);
#3835 = CARTESIAN_POINT('',(7.438,-57.3535,3.2));
#3836 = VECTOR('',#3837,1.);
#3837 = DIRECTION('',(1.,0.,0.));
#3838 = PCURVE('',#98,#3839);
#3839 = DEFINITIONAL_REPRESENTATION('',(#3840),#3844);
#3840 = LINE('',#3841,#3842);
#3841 = CARTESIAN_POINT('',(7.4025,-57.3535));
#3842 = VECTOR('',#3843,1.);
#3843 = DIRECTION('',(1.,0.));
#3844 = ( GEOMETRIC_REPRESENTATION_CONTEXT(2) 
PARAMETRIC_REPRESENTATION_CONTEXT() REPRESENTATION_CONTEXT('2D SPACE',''
  ) );
#3845 = PCURVE('',#1213,#3846);
#3846 = DEFINITIONAL_REPRESENTATION('',(#3847),#3851);
#3847 = LINE('',#3848,#3849);
#3848 = CARTESIAN_POINT('',(0.,-3.2));
#3849 = VECTOR('',#3850,1.);
#3850 = DIRECTION('',(1.,0.));
#3851 = ( GEOMETRIC_REPRESENTATION_CONTEXT(2) 
PARAMETRIC_REPRESENTATION_CONTEXT() REPRESENTATION_CONTEXT('2D SPACE',''
  ) );
#3852 = ORIENTED_EDGE('',*,*,#3853,.T.);
#3853 = EDGE_CURVE('',#3831,#3854,#3856,.T.);
#3854 = VERTEX_POINT('',#3855);
#3855 = CARTESIAN_POINT('',(10.4,-58.5705,3.2));
#3856 = SURFACE_CURVE('',#3857,(#3861,#3868),.PCURVE_S1.);
#3857 = LINE('',#3858,#3859);
#3858 = CARTESIAN_POINT('',(10.4,58.5705,3.2));
#3859 = VECTOR('',#3860,1.);
#3860 = DIRECTION('',(0.,-1.,0.));
#3861 = PCURVE('',#98,#3862);
#3862 = DEFINITIONAL_REPRESENTATION('',(#3863),#3867);
#3863 = LINE('',#3864,#3865);
#3864 = CARTESIAN_POINT('',(10.3645,58.5705));
#3865 = VECTOR('',#3866,1.);
#3866 = DIRECTION('',(0.,-1.));
#3867 = ( GEOMETRIC_REPRESENTATION_CONTEXT(2) 
PARAMETRIC_REPRESENTATION_CONTEXT() REPRESENTATION_CONTEXT('2D SPACE',''
  ) );
#3868 = PCURVE('',#1241,#3869);
#3869 = DEFINITIONAL_REPRESENTATION('',(#3870),#3874);
#3870 = LINE('',#3871,#3872);
#3871 = CARTESIAN_POINT('',(0.,-3.2));
#3872 = VECTOR('',#3873,1.);
#3873 = DIRECTION('',(1.,0.));
#3874 = ( GEOMETRIC_REPRESENTATION_CONTEXT(2) 
PARAMETRIC_REPRESENTATION_CONTEXT() REPRESENTATION_CONTEXT('2D SPACE',''
  ) );
#3875 = ORIENTED_EDGE('',*,*,#3876,.T.);
#3876 = EDGE_CURVE('',#3854,#2631,#3877,.T.);
#3877 = SURFACE_CURVE('',#3878,(#3882,#3889),.PCURVE_S1.);
#3878 = LINE('',#3879,#3880);
#3879 = CARTESIAN_POINT('',(-23.13225,-58.5705,3.2));
#3880 = VECTOR('',#3881,1.);
#3881 = DIRECTION('',(-1.,0.,0.));
#3882 = PCURVE('',#98,#3883);
#3883 = DEFINITIONAL_REPRESENTATION('',(#3884),#3888);
#3884 = LINE('',#3885,#3886);
#3885 = CARTESIAN_POINT('',(-23.16775,-58.5705));
#3886 = VECTOR('',#3887,1.);
#3887 = DIRECTION('',(-1.,0.));
#3888 = ( GEOMETRIC_REPRESENTATION_CONTEXT(2) 
PARAMETRIC_REPRESENTATION_CONTEXT() REPRESENTATION_CONTEXT('2D SPACE',''
  ) );
#3889 = PCURVE('',#1267,#3890);
#3890 = DEFINITIONAL_REPRESENTATION('',(#3891),#3894);
#3891 = B_SPLINE_CURVE_WITH_KNOTS('',1,(#3892,#3893),.UNSPECIFIED.,.F.,
  .F.,(2,2),(-69.50325,23.16775),.PIECEWISE_BEZIER_KNOTS.);
#3892 = CARTESIAN_POINT('',(92.671,-4.2));
#3893 = CARTESIAN_POINT('',(0.,-4.2));
#3894 = ( GEOMETRIC_REPRESENTATION_CONTEXT(2) 
PARAMETRIC_REPRESENTATION_CONTEXT() REPRESENTATION_CONTEXT('2D SPACE',''
  ) );
#3895 = FACE_BOUND('',#3896,.T.);
#3896 = EDGE_LOOP('',(#3897,#3927,#3950));
#3897 = ORIENTED_EDGE('',*,*,#3898,.T.);
#3898 = EDGE_CURVE('',#3899,#3901,#3903,.T.);
#3899 = VERTEX_POINT('',#3900);
#3900 = CARTESIAN_POINT('',(43.993555865684,-57.3535,3.2));
#3901 = VERTEX_POINT('',#3902);
#3902 = CARTESIAN_POINT('',(41.5355,-58.45641027369,3.2));
#3903 = SURFACE_CURVE('',#3904,(#3909,#3920),.PCURVE_S1.);
#3904 = CIRCLE('',#3905,6.);
#3905 = AXIS2_PLACEMENT_3D('',#3906,#3907,#3908);
#3906 = CARTESIAN_POINT('',(40.371,-52.5705,3.2));
#3907 = DIRECTION('',(-0.,-0.,-1.));
#3908 = DIRECTION('',(0.,-1.,0.));
#3909 = PCURVE('',#98,#3910);
#3910 = DEFINITIONAL_REPRESENTATION('',(#3911),#3919);
#3911 = ( BOUNDED_CURVE() B_SPLINE_CURVE(2,(#3912,#3913,#3914,#3915,
#3916,#3917,#3918),.UNSPECIFIED.,.T.,.F.) B_SPLINE_CURVE_WITH_KNOTS((1,2
    ,2,2,2,1),(-2.094395102393,0.,2.094395102393,4.188790204786,
6.28318530718,8.377580409573),.UNSPECIFIED.) CURVE() 
GEOMETRIC_REPRESENTATION_ITEM() RATIONAL_B_SPLINE_CURVE((1.,0.5,1.,0.5,
1.,0.5,1.)) REPRESENTATION_ITEM('') );
#3912 = CARTESIAN_POINT('',(40.3355,-58.5705));
#3913 = CARTESIAN_POINT('',(29.943195154587,-58.5705));
#3914 = CARTESIAN_POINT('',(35.139347577293,-49.5705));
#3915 = CARTESIAN_POINT('',(40.3355,-40.5705));
#3916 = CARTESIAN_POINT('',(45.531652422707,-49.5705));
#3917 = CARTESIAN_POINT('',(50.727804845413,-58.5705));
#3918 = CARTESIAN_POINT('',(40.3355,-58.5705));
#3919 = ( GEOMETRIC_REPRESENTATION_CONTEXT(2) 
PARAMETRIC_REPRESENTATION_CONTEXT() REPRESENTATION_CONTEXT('2D SPACE',''
  ) );
#3920 = PCURVE('',#1303,#3921);
#3921 = DEFINITIONAL_REPRESENTATION('',(#3922),#3926);
#3922 = LINE('',#3923,#3924);
#3923 = CARTESIAN_POINT('',(4.712388980385,3.2));
#3924 = VECTOR('',#3925,1.);
#3925 = DIRECTION('',(-1.,0.));
#3926 = ( GEOMETRIC_REPRESENTATION_CONTEXT(2) 
PARAMETRIC_REPRESENTATION_CONTEXT() REPRESENTATION_CONTEXT('2D SPACE',''
  ) );
#3927 = ORIENTED_EDGE('',*,*,#3928,.T.);
#3928 = EDGE_CURVE('',#3901,#3929,#3931,.T.);
#3929 = VERTEX_POINT('',#3930);
#3930 = CARTESIAN_POINT('',(41.5355,-57.3535,3.2));
#3931 = SURFACE_CURVE('',#3932,(#3936,#3943),.PCURVE_S1.);
#3932 = LINE('',#3933,#3934);
#3933 = CARTESIAN_POINT('',(41.5355,-58.5705,3.2));
#3934 = VECTOR('',#3935,1.);
#3935 = DIRECTION('',(0.,1.,0.));
#3936 = PCURVE('',#98,#3937);
#3937 = DEFINITIONAL_REPRESENTATION('',(#3938),#3942);
#3938 = LINE('',#3939,#3940);
#3939 = CARTESIAN_POINT('',(41.5,-58.5705));
#3940 = VECTOR('',#3941,1.);
#3941 = DIRECTION('',(0.,1.));
#3942 = ( GEOMETRIC_REPRESENTATION_CONTEXT(2) 
PARAMETRIC_REPRESENTATION_CONTEXT() REPRESENTATION_CONTEXT('2D SPACE',''
  ) );
#3943 = PCURVE('',#1331,#3944);
#3944 = DEFINITIONAL_REPRESENTATION('',(#3945),#3949);
#3945 = LINE('',#3946,#3947);
#3946 = CARTESIAN_POINT('',(0.,-3.2));
#3947 = VECTOR('',#3948,1.);
#3948 = DIRECTION('',(1.,0.));
#3949 = ( GEOMETRIC_REPRESENTATION_CONTEXT(2) 
PARAMETRIC_REPRESENTATION_CONTEXT() REPRESENTATION_CONTEXT('2D SPACE',''
  ) );
#3950 = ORIENTED_EDGE('',*,*,#3951,.T.);
#3951 = EDGE_CURVE('',#3929,#3899,#3952,.T.);
#3952 = SURFACE_CURVE('',#3953,(#3957,#3964),.PCURVE_S1.);
#3953 = LINE('',#3954,#3955);
#3954 = CARTESIAN_POINT('',(35.149,-57.3535,3.2));
#3955 = VECTOR('',#3956,1.);
#3956 = DIRECTION('',(1.,0.,0.));
#3957 = PCURVE('',#98,#3958);
#3958 = DEFINITIONAL_REPRESENTATION('',(#3959),#3963);
#3959 = LINE('',#3960,#3961);
#3960 = CARTESIAN_POINT('',(35.1135,-57.3535));
#3961 = VECTOR('',#3962,1.);
#3962 = DIRECTION('',(1.,0.));
#3963 = ( GEOMETRIC_REPRESENTATION_CONTEXT(2) 
PARAMETRIC_REPRESENTATION_CONTEXT() REPRESENTATION_CONTEXT('2D SPACE',''
  ) );
#3964 = PCURVE('',#1357,#3965);
#3965 = DEFINITIONAL_REPRESENTATION('',(#3966),#3970);
#3966 = LINE('',#3967,#3968);
#3967 = CARTESIAN_POINT('',(0.,-3.2));
#3968 = VECTOR('',#3969,1.);
#3969 = DIRECTION('',(1.,0.));
#3970 = ( GEOMETRIC_REPRESENTATION_CONTEXT(2) 
PARAMETRIC_REPRESENTATION_CONTEXT() REPRESENTATION_CONTEXT('2D SPACE',''
  ) );
#3971 = FACE_BOUND('',#3972,.T.);
#3972 = EDGE_LOOP('',(#3973,#4003,#4026));
#3973 = ORIENTED_EDGE('',*,*,#3974,.T.);
#3974 = EDGE_CURVE('',#3975,#3977,#3979,.T.);
#3975 = VERTEX_POINT('',#3976);
#3976 = CARTESIAN_POINT('',(45.811737978436,-55.1,3.2));
#3977 = VERTEX_POINT('',#3978);
#3978 = CARTESIAN_POINT('',(45.149,-56.1996481094,3.2));
#3979 = SURFACE_CURVE('',#3980,(#3985,#3996),.PCURVE_S1.);
#3980 = CIRCLE('',#3981,6.);
#3981 = AXIS2_PLACEMENT_3D('',#3982,#3983,#3984);
#3982 = CARTESIAN_POINT('',(40.371,-52.5705,3.2));
#3983 = DIRECTION('',(-0.,-0.,-1.));
#3984 = DIRECTION('',(0.,-1.,0.));
#3985 = PCURVE('',#98,#3986);
#3986 = DEFINITIONAL_REPRESENTATION('',(#3987),#3995);
#3987 = ( BOUNDED_CURVE() B_SPLINE_CURVE(2,(#3988,#3989,#3990,#3991,
#3992,#3993,#3994),.UNSPECIFIED.,.T.,.F.) B_SPLINE_CURVE_WITH_KNOTS((1,2
    ,2,2,2,1),(-2.094395102393,0.,2.094395102393,4.188790204786,
6.28318530718,8.377580409573),.UNSPECIFIED.) CURVE() 
GEOMETRIC_REPRESENTATION_ITEM() RATIONAL_B_SPLINE_CURVE((1.,0.5,1.,0.5,
1.,0.5,1.)) REPRESENTATION_ITEM('') );
#3988 = CARTESIAN_POINT('',(40.3355,-58.5705));
#3989 = CARTESIAN_POINT('',(29.943195154587,-58.5705));
#3990 = CARTESIAN_POINT('',(35.139347577293,-49.5705));
#3991 = CARTESIAN_POINT('',(40.3355,-40.5705));
#3992 = CARTESIAN_POINT('',(45.531652422707,-49.5705));
#3993 = CARTESIAN_POINT('',(50.727804845413,-58.5705));
#3994 = CARTESIAN_POINT('',(40.3355,-58.5705));
#3995 = ( GEOMETRIC_REPRESENTATION_CONTEXT(2) 
PARAMETRIC_REPRESENTATION_CONTEXT() REPRESENTATION_CONTEXT('2D SPACE',''
  ) );
#3996 = PCURVE('',#1394,#3997);
#3997 = DEFINITIONAL_REPRESENTATION('',(#3998),#4002);
#3998 = LINE('',#3999,#4000);
#3999 = CARTESIAN_POINT('',(4.712388980385,3.2));
#4000 = VECTOR('',#4001,1.);
#4001 = DIRECTION('',(-1.,0.));
#4002 = ( GEOMETRIC_REPRESENTATION_CONTEXT(2) 
PARAMETRIC_REPRESENTATION_CONTEXT() REPRESENTATION_CONTEXT('2D SPACE',''
  ) );
#4003 = ORIENTED_EDGE('',*,*,#4004,.T.);
#4004 = EDGE_CURVE('',#3977,#4005,#4007,.T.);
#4005 = VERTEX_POINT('',#4006);
#4006 = CARTESIAN_POINT('',(45.149,-55.1,3.2));
#4007 = SURFACE_CURVE('',#4008,(#4012,#4019),.PCURVE_S1.);
#4008 = LINE('',#4009,#4010);
#4009 = CARTESIAN_POINT('',(45.149,-57.3535,3.2));
#4010 = VECTOR('',#4011,1.);
#4011 = DIRECTION('',(0.,1.,0.));
#4012 = PCURVE('',#98,#4013);
#4013 = DEFINITIONAL_REPRESENTATION('',(#4014),#4018);
#4014 = LINE('',#4015,#4016);
#4015 = CARTESIAN_POINT('',(45.1135,-57.3535));
#4016 = VECTOR('',#4017,1.);
#4017 = DIRECTION('',(0.,1.));
#4018 = ( GEOMETRIC_REPRESENTATION_CONTEXT(2) 
PARAMETRIC_REPRESENTATION_CONTEXT() REPRESENTATION_CONTEXT('2D SPACE',''
  ) );
#4019 = PCURVE('',#1422,#4020);
#4020 = DEFINITIONAL_REPRESENTATION('',(#4021),#4025);
#4021 = LINE('',#4022,#4023);
#4022 = CARTESIAN_POINT('',(0.,-3.2));
#4023 = VECTOR('',#4024,1.);
#4024 = DIRECTION('',(1.,0.));
#4025 = ( GEOMETRIC_REPRESENTATION_CONTEXT(2) 
PARAMETRIC_REPRESENTATION_CONTEXT() REPRESENTATION_CONTEXT('2D SPACE',''
  ) );
#4026 = ORIENTED_EDGE('',*,*,#4027,.T.);
#4027 = EDGE_CURVE('',#4005,#3975,#4028,.T.);
#4028 = SURFACE_CURVE('',#4029,(#4033,#4040),.PCURVE_S1.);
#4029 = LINE('',#4030,#4031);
#4030 = CARTESIAN_POINT('',(10.4,-55.1,3.2));
#4031 = VECTOR('',#4032,1.);
#4032 = DIRECTION('',(1.,0.,0.));
#4033 = PCURVE('',#98,#4034);
#4034 = DEFINITIONAL_REPRESENTATION('',(#4035),#4039);
#4035 = LINE('',#4036,#4037);
#4036 = CARTESIAN_POINT('',(10.3645,-55.1));
#4037 = VECTOR('',#4038,1.);
#4038 = DIRECTION('',(1.,0.));
#4039 = ( GEOMETRIC_REPRESENTATION_CONTEXT(2) 
PARAMETRIC_REPRESENTATION_CONTEXT() REPRESENTATION_CONTEXT('2D SPACE',''
  ) );
#4040 = PCURVE('',#1448,#4041);
#4041 = DEFINITIONAL_REPRESENTATION('',(#4042),#4046);
#4042 = LINE('',#4043,#4044);
#4043 = CARTESIAN_POINT('',(0.,-3.2));
#4044 = VECTOR('',#4045,1.);
#4045 = DIRECTION('',(1.,0.));
#4046 = ( GEOMETRIC_REPRESENTATION_CONTEXT(2) 
PARAMETRIC_REPRESENTATION_CONTEXT() REPRESENTATION_CONTEXT('2D SPACE',''
  ) );
#4047 = FACE_BOUND('',#4048,.T.);
#4048 = EDGE_LOOP('',(#4049,#4072,#4100,#4121));
#4049 = ORIENTED_EDGE('',*,*,#4050,.F.);
#4050 = EDGE_CURVE('',#4051,#4053,#4055,.T.);
#4051 = VERTEX_POINT('',#4052);
#4052 = CARTESIAN_POINT('',(58.621,-54.0705,3.2));
#4053 = VERTEX_POINT('',#4054);
#4054 = CARTESIAN_POINT('',(54.521,-54.0705,3.2));
#4055 = SURFACE_CURVE('',#4056,(#4060,#4066),.PCURVE_S1.);
#4056 = LINE('',#4057,#4058);
#4057 = CARTESIAN_POINT('',(27.27825,-54.0705,3.2));
#4058 = VECTOR('',#4059,1.);
#4059 = DIRECTION('',(-1.,0.,0.));
#4060 = PCURVE('',#98,#4061);
#4061 = DEFINITIONAL_REPRESENTATION('',(#4062),#4065);
#4062 = B_SPLINE_CURVE_WITH_KNOTS('',1,(#4063,#4064),.UNSPECIFIED.,.F.,
  .F.,(2,2),(-31.34275,-27.24275),.PIECEWISE_BEZIER_KNOTS.);
#4063 = CARTESIAN_POINT('',(58.5855,-54.0705));
#4064 = CARTESIAN_POINT('',(54.4855,-54.0705));
#4065 = ( GEOMETRIC_REPRESENTATION_CONTEXT(2) 
PARAMETRIC_REPRESENTATION_CONTEXT() REPRESENTATION_CONTEXT('2D SPACE',''
  ) );
#4066 = PCURVE('',#1479,#4067);
#4067 = DEFINITIONAL_REPRESENTATION('',(#4068),#4071);
#4068 = B_SPLINE_CURVE_WITH_KNOTS('',1,(#4069,#4070),.UNSPECIFIED.,.F.,
  .F.,(2,2),(-31.34275,-27.24275),.PIECEWISE_BEZIER_KNOTS.);
#4069 = CARTESIAN_POINT('',(4.1,-4.2));
#4070 = CARTESIAN_POINT('',(0.,-4.2));
#4071 = ( GEOMETRIC_REPRESENTATION_CONTEXT(2) 
PARAMETRIC_REPRESENTATION_CONTEXT() REPRESENTATION_CONTEXT('2D SPACE',''
  ) );
#4072 = ORIENTED_EDGE('',*,*,#4073,.T.);
#4073 = EDGE_CURVE('',#4051,#4074,#4076,.T.);
#4074 = VERTEX_POINT('',#4075);
#4075 = CARTESIAN_POINT('',(58.621,-57.4705,3.2));
#4076 = SURFACE_CURVE('',#4077,(#4082,#4093),.PCURVE_S1.);
#4077 = CIRCLE('',#4078,1.7);
#4078 = AXIS2_PLACEMENT_3D('',#4079,#4080,#4081);
#4079 = CARTESIAN_POINT('',(58.621,-55.7705,3.2));
#4080 = DIRECTION('',(0.,0.,-1.));
#4081 = DIRECTION('',(0.,1.,0.));
#4082 = PCURVE('',#98,#4083);
#4083 = DEFINITIONAL_REPRESENTATION('',(#4084),#4092);
#4084 = ( BOUNDED_CURVE() B_SPLINE_CURVE(2,(#4085,#4086,#4087,#4088,
#4089,#4090,#4091),.UNSPECIFIED.,.T.,.F.) B_SPLINE_CURVE_WITH_KNOTS((1,2
    ,2,2,2,1),(-2.094395102393,0.,2.094395102393,4.188790204786,
6.28318530718,8.377580409573),.UNSPECIFIED.) CURVE() 
GEOMETRIC_REPRESENTATION_ITEM() RATIONAL_B_SPLINE_CURVE((1.,0.5,1.,0.5,
1.,0.5,1.)) REPRESENTATION_ITEM('') );
#4085 = CARTESIAN_POINT('',(58.5855,-54.0705));
#4086 = CARTESIAN_POINT('',(61.529986372867,-54.0705));
#4087 = CARTESIAN_POINT('',(60.057743186434,-56.6205));
#4088 = CARTESIAN_POINT('',(58.5855,-59.1705));
#4089 = CARTESIAN_POINT('',(57.113256813566,-56.6205));
#4090 = CARTESIAN_POINT('',(55.641013627133,-54.0705));
#4091 = CARTESIAN_POINT('',(58.5855,-54.0705));
#4092 = ( GEOMETRIC_REPRESENTATION_CONTEXT(2) 
PARAMETRIC_REPRESENTATION_CONTEXT() REPRESENTATION_CONTEXT('2D SPACE',''
  ) );
#4093 = PCURVE('',#1511,#4094);
#4094 = DEFINITIONAL_REPRESENTATION('',(#4095),#4099);
#4095 = LINE('',#4096,#4097);
#4096 = CARTESIAN_POINT('',(0.,-4.2));
#4097 = VECTOR('',#4098,1.);
#4098 = DIRECTION('',(1.,0.));
#4099 = ( GEOMETRIC_REPRESENTATION_CONTEXT(2) 
PARAMETRIC_REPRESENTATION_CONTEXT() REPRESENTATION_CONTEXT('2D SPACE',''
  ) );
#4100 = ORIENTED_EDGE('',*,*,#4101,.F.);
#4101 = EDGE_CURVE('',#4102,#4074,#4104,.T.);
#4102 = VERTEX_POINT('',#4103);
#4103 = CARTESIAN_POINT('',(54.521,-57.4705,3.2));
#4104 = SURFACE_CURVE('',#4105,(#4109,#4115),.PCURVE_S1.);
#4105 = LINE('',#4106,#4107);
#4106 = CARTESIAN_POINT('',(29.32825,-57.4705,3.2));
#4107 = VECTOR('',#4108,1.);
#4108 = DIRECTION('',(1.,0.,-0.));
#4109 = PCURVE('',#98,#4110);
#4110 = DEFINITIONAL_REPRESENTATION('',(#4111),#4114);
#4111 = B_SPLINE_CURVE_WITH_KNOTS('',1,(#4112,#4113),.UNSPECIFIED.,.F.,
  .F.,(2,2),(25.19275,29.29275),.PIECEWISE_BEZIER_KNOTS.);
#4112 = CARTESIAN_POINT('',(54.4855,-57.4705));
#4113 = CARTESIAN_POINT('',(58.5855,-57.4705));
#4114 = ( GEOMETRIC_REPRESENTATION_CONTEXT(2) 
PARAMETRIC_REPRESENTATION_CONTEXT() REPRESENTATION_CONTEXT('2D SPACE',''
  ) );
#4115 = PCURVE('',#1538,#4116);
#4116 = DEFINITIONAL_REPRESENTATION('',(#4117),#4120);
#4117 = B_SPLINE_CURVE_WITH_KNOTS('',1,(#4118,#4119),.UNSPECIFIED.,.F.,
  .F.,(2,2),(25.19275,29.29275),.PIECEWISE_BEZIER_KNOTS.);
#4118 = CARTESIAN_POINT('',(4.1,-4.2));
#4119 = CARTESIAN_POINT('',(0.,-4.2));
#4120 = ( GEOMETRIC_REPRESENTATION_CONTEXT(2) 
PARAMETRIC_REPRESENTATION_CONTEXT() REPRESENTATION_CONTEXT('2D SPACE',''
  ) );
#4121 = ORIENTED_EDGE('',*,*,#4122,.T.);
#4122 = EDGE_CURVE('',#4102,#4053,#4123,.T.);
#4123 = SURFACE_CURVE('',#4124,(#4129,#4140),.PCURVE_S1.);
#4124 = CIRCLE('',#4125,1.7);
#4125 = AXIS2_PLACEMENT_3D('',#4126,#4127,#4128);
#4126 = CARTESIAN_POINT('',(54.521,-55.7705,3.2));
#4127 = DIRECTION('',(0.,-0.,-1.));
#4128 = DIRECTION('',(0.,-1.,0.));
#4129 = PCURVE('',#98,#4130);
#4130 = DEFINITIONAL_REPRESENTATION('',(#4131),#4139);
#4131 = ( BOUNDED_CURVE() B_SPLINE_CURVE(2,(#4132,#4133,#4134,#4135,
#4136,#4137,#4138),.UNSPECIFIED.,.T.,.F.) B_SPLINE_CURVE_WITH_KNOTS((1,2
    ,2,2,2,1),(-2.094395102393,0.,2.094395102393,4.188790204786,
6.28318530718,8.377580409573),.UNSPECIFIED.) CURVE() 
GEOMETRIC_REPRESENTATION_ITEM() RATIONAL_B_SPLINE_CURVE((1.,0.5,1.,0.5,
1.,0.5,1.)) REPRESENTATION_ITEM('') );
#4132 = CARTESIAN_POINT('',(54.4855,-57.4705));
#4133 = CARTESIAN_POINT('',(51.541013627133,-57.4705));
#4134 = CARTESIAN_POINT('',(53.013256813566,-54.9205));
#4135 = CARTESIAN_POINT('',(54.4855,-52.3705));
#4136 = CARTESIAN_POINT('',(55.957743186434,-54.9205));
#4137 = CARTESIAN_POINT('',(57.429986372867,-57.4705));
#4138 = CARTESIAN_POINT('',(54.4855,-57.4705));
#4139 = ( GEOMETRIC_REPRESENTATION_CONTEXT(2) 
PARAMETRIC_REPRESENTATION_CONTEXT() REPRESENTATION_CONTEXT('2D SPACE',''
  ) );
#4140 = PCURVE('',#1568,#4141);
#4141 = DEFINITIONAL_REPRESENTATION('',(#4142),#4146);
#4142 = LINE('',#4143,#4144);
#4143 = CARTESIAN_POINT('',(0.,-4.2));
#4144 = VECTOR('',#4145,1.);
#4145 = DIRECTION('',(1.,0.));
#4146 = ( GEOMETRIC_REPRESENTATION_CONTEXT(2) 
PARAMETRIC_REPRESENTATION_CONTEXT() REPRESENTATION_CONTEXT('2D SPACE',''
  ) );
#4147 = FACE_BOUND('',#4148,.T.);
#4148 = EDGE_LOOP('',(#4149,#4174,#4197,#4220,#4242,#4265));
#4149 = ORIENTED_EDGE('',*,*,#4150,.T.);
#4150 = EDGE_CURVE('',#4151,#4153,#4155,.T.);
#4151 = VERTEX_POINT('',#4152);
#4152 = CARTESIAN_POINT('',(45.149,-47.3535,3.2));
#4153 = VERTEX_POINT('',#4154);
#4154 = CARTESIAN_POINT('',(41.5355,-47.3535,3.2));
#4155 = SURFACE_CURVE('',#4156,(#4160,#4167),.PCURVE_S1.);
#4156 = LINE('',#4157,#4158);
#4157 = CARTESIAN_POINT('',(45.149,-47.3535,3.2));
#4158 = VECTOR('',#4159,1.);
#4159 = DIRECTION('',(-1.,0.,0.));
#4160 = PCURVE('',#98,#4161);
#4161 = DEFINITIONAL_REPRESENTATION('',(#4162),#4166);
#4162 = LINE('',#4163,#4164);
#4163 = CARTESIAN_POINT('',(45.1135,-47.3535));
#4164 = VECTOR('',#4165,1.);
#4165 = DIRECTION('',(-1.,0.));
#4166 = ( GEOMETRIC_REPRESENTATION_CONTEXT(2) 
PARAMETRIC_REPRESENTATION_CONTEXT() REPRESENTATION_CONTEXT('2D SPACE',''
  ) );
#4167 = PCURVE('',#1600,#4168);
#4168 = DEFINITIONAL_REPRESENTATION('',(#4169),#4173);
#4169 = LINE('',#4170,#4171);
#4170 = CARTESIAN_POINT('',(0.,-3.2));
#4171 = VECTOR('',#4172,1.);
#4172 = DIRECTION('',(1.,0.));
#4173 = ( GEOMETRIC_REPRESENTATION_CONTEXT(2) 
PARAMETRIC_REPRESENTATION_CONTEXT() REPRESENTATION_CONTEXT('2D SPACE',''
  ) );
#4174 = ORIENTED_EDGE('',*,*,#4175,.T.);
#4175 = EDGE_CURVE('',#4153,#4176,#4178,.T.);
#4176 = VERTEX_POINT('',#4177);
#4177 = CARTESIAN_POINT('',(41.5355,-29.6,3.2));
#4178 = SURFACE_CURVE('',#4179,(#4183,#4190),.PCURVE_S1.);
#4179 = LINE('',#4180,#4181);
#4180 = CARTESIAN_POINT('',(41.5355,-58.5705,3.2));
#4181 = VECTOR('',#4182,1.);
#4182 = DIRECTION('',(0.,1.,0.));
#4183 = PCURVE('',#98,#4184);
#4184 = DEFINITIONAL_REPRESENTATION('',(#4185),#4189);
#4185 = LINE('',#4186,#4187);
#4186 = CARTESIAN_POINT('',(41.5,-58.5705));
#4187 = VECTOR('',#4188,1.);
#4188 = DIRECTION('',(0.,1.));
#4189 = ( GEOMETRIC_REPRESENTATION_CONTEXT(2) 
PARAMETRIC_REPRESENTATION_CONTEXT() REPRESENTATION_CONTEXT('2D SPACE',''
  ) );
#4190 = PCURVE('',#1628,#4191);
#4191 = DEFINITIONAL_REPRESENTATION('',(#4192),#4196);
#4192 = LINE('',#4193,#4194);
#4193 = CARTESIAN_POINT('',(0.,-3.2));
#4194 = VECTOR('',#4195,1.);
#4195 = DIRECTION('',(1.,0.));
#4196 = ( GEOMETRIC_REPRESENTATION_CONTEXT(2) 
PARAMETRIC_REPRESENTATION_CONTEXT() REPRESENTATION_CONTEXT('2D SPACE',''
  ) );
#4197 = ORIENTED_EDGE('',*,*,#4198,.T.);
#4198 = EDGE_CURVE('',#4176,#4199,#4201,.T.);
#4199 = VERTEX_POINT('',#4200);
#4200 = CARTESIAN_POINT('',(46.371,-29.6,3.2));
#4201 = SURFACE_CURVE('',#4202,(#4206,#4213),.PCURVE_S1.);
#4202 = LINE('',#4203,#4204);
#4203 = CARTESIAN_POINT('',(10.4,-29.6,3.2));
#4204 = VECTOR('',#4205,1.);
#4205 = DIRECTION('',(1.,0.,0.));
#4206 = PCURVE('',#98,#4207);
#4207 = DEFINITIONAL_REPRESENTATION('',(#4208),#4212);
#4208 = LINE('',#4209,#4210);
#4209 = CARTESIAN_POINT('',(10.3645,-29.6));
#4210 = VECTOR('',#4211,1.);
#4211 = DIRECTION('',(1.,0.));
#4212 = ( GEOMETRIC_REPRESENTATION_CONTEXT(2) 
PARAMETRIC_REPRESENTATION_CONTEXT() REPRESENTATION_CONTEXT('2D SPACE',''
  ) );
#4213 = PCURVE('',#1656,#4214);
#4214 = DEFINITIONAL_REPRESENTATION('',(#4215),#4219);
#4215 = LINE('',#4216,#4217);
#4216 = CARTESIAN_POINT('',(0.,-3.2));
#4217 = VECTOR('',#4218,1.);
#4218 = DIRECTION('',(1.,0.));
#4219 = ( GEOMETRIC_REPRESENTATION_CONTEXT(2) 
PARAMETRIC_REPRESENTATION_CONTEXT() REPRESENTATION_CONTEXT('2D SPACE',''
  ) );
#4220 = ORIENTED_EDGE('',*,*,#4221,.T.);
#4221 = EDGE_CURVE('',#4199,#4222,#4224,.T.);
#4222 = VERTEX_POINT('',#4223);
#4223 = CARTESIAN_POINT('',(46.371,-51.9,3.2));
#4224 = SURFACE_CURVE('',#4225,(#4229,#4236),.PCURVE_S1.);
#4225 = LINE('',#4226,#4227);
#4226 = CARTESIAN_POINT('',(46.371,-29.28525,3.2));
#4227 = VECTOR('',#4228,1.);
#4228 = DIRECTION('',(0.,-1.,0.));
#4229 = PCURVE('',#98,#4230);
#4230 = DEFINITIONAL_REPRESENTATION('',(#4231),#4235);
#4231 = LINE('',#4232,#4233);
#4232 = CARTESIAN_POINT('',(46.3355,-29.28525));
#4233 = VECTOR('',#4234,1.);
#4234 = DIRECTION('',(0.,-1.));
#4235 = ( GEOMETRIC_REPRESENTATION_CONTEXT(2) 
PARAMETRIC_REPRESENTATION_CONTEXT() REPRESENTATION_CONTEXT('2D SPACE',''
  ) );
#4236 = PCURVE('',#1684,#4237);
#4237 = DEFINITIONAL_REPRESENTATION('',(#4238),#4241);
#4238 = B_SPLINE_CURVE_WITH_KNOTS('',1,(#4239,#4240),.UNSPECIFIED.,.F.,
  .F.,(2,2),(-87.85575,29.28525),.PIECEWISE_BEZIER_KNOTS.);
#4239 = CARTESIAN_POINT('',(117.141,-4.2));
#4240 = CARTESIAN_POINT('',(0.,-4.2));
#4241 = ( GEOMETRIC_REPRESENTATION_CONTEXT(2) 
PARAMETRIC_REPRESENTATION_CONTEXT() REPRESENTATION_CONTEXT('2D SPACE',''
  ) );
#4242 = ORIENTED_EDGE('',*,*,#4243,.T.);
#4243 = EDGE_CURVE('',#4222,#4244,#4246,.T.);
#4244 = VERTEX_POINT('',#4245);
#4245 = CARTESIAN_POINT('',(45.149,-51.9,3.2));
#4246 = SURFACE_CURVE('',#4247,(#4251,#4258),.PCURVE_S1.);
#4247 = LINE('',#4248,#4249);
#4248 = CARTESIAN_POINT('',(46.371,-51.9,3.2));
#4249 = VECTOR('',#4250,1.);
#4250 = DIRECTION('',(-1.,0.,0.));
#4251 = PCURVE('',#98,#4252);
#4252 = DEFINITIONAL_REPRESENTATION('',(#4253),#4257);
#4253 = LINE('',#4254,#4255);
#4254 = CARTESIAN_POINT('',(46.3355,-51.9));
#4255 = VECTOR('',#4256,1.);
#4256 = DIRECTION('',(-1.,0.));
#4257 = ( GEOMETRIC_REPRESENTATION_CONTEXT(2) 
PARAMETRIC_REPRESENTATION_CONTEXT() REPRESENTATION_CONTEXT('2D SPACE',''
  ) );
#4258 = PCURVE('',#1711,#4259);
#4259 = DEFINITIONAL_REPRESENTATION('',(#4260),#4264);
#4260 = LINE('',#4261,#4262);
#4261 = CARTESIAN_POINT('',(0.,-3.2));
#4262 = VECTOR('',#4263,1.);
#4263 = DIRECTION('',(1.,0.));
#4264 = ( GEOMETRIC_REPRESENTATION_CONTEXT(2) 
PARAMETRIC_REPRESENTATION_CONTEXT() REPRESENTATION_CONTEXT('2D SPACE',''
  ) );
#4265 = ORIENTED_EDGE('',*,*,#4266,.T.);
#4266 = EDGE_CURVE('',#4244,#4151,#4267,.T.);
#4267 = SURFACE_CURVE('',#4268,(#4272,#4279),.PCURVE_S1.);
#4268 = LINE('',#4269,#4270);
#4269 = CARTESIAN_POINT('',(45.149,-57.3535,3.2));
#4270 = VECTOR('',#4271,1.);
#4271 = DIRECTION('',(0.,1.,0.));
#4272 = PCURVE('',#98,#4273);
#4273 = DEFINITIONAL_REPRESENTATION('',(#4274),#4278);
#4274 = LINE('',#4275,#4276);
#4275 = CARTESIAN_POINT('',(45.1135,-57.3535));
#4276 = VECTOR('',#4277,1.);
#4277 = DIRECTION('',(0.,1.));
#4278 = ( GEOMETRIC_REPRESENTATION_CONTEXT(2) 
PARAMETRIC_REPRESENTATION_CONTEXT() REPRESENTATION_CONTEXT('2D SPACE',''
  ) );
#4279 = PCURVE('',#1737,#4280);
#4280 = DEFINITIONAL_REPRESENTATION('',(#4281),#4285);
#4281 = LINE('',#4282,#4283);
#4282 = CARTESIAN_POINT('',(0.,-3.2));
#4283 = VECTOR('',#4284,1.);
#4284 = DIRECTION('',(1.,0.));
#4285 = ( GEOMETRIC_REPRESENTATION_CONTEXT(2) 
PARAMETRIC_REPRESENTATION_CONTEXT() REPRESENTATION_CONTEXT('2D SPACE',''
  ) );
#4286 = FACE_BOUND('',#4287,.T.);
#4287 = EDGE_LOOP('',(#4288,#4313,#4336,#4359));
#4288 = ORIENTED_EDGE('',*,*,#4289,.T.);
#4289 = EDGE_CURVE('',#4290,#4292,#4294,.T.);
#4290 = VERTEX_POINT('',#4291);
#4291 = CARTESIAN_POINT('',(46.371,-26.4,3.2));
#4292 = VERTEX_POINT('',#4293);
#4293 = CARTESIAN_POINT('',(41.5355,-26.4,3.2));
#4294 = SURFACE_CURVE('',#4295,(#4299,#4306),.PCURVE_S1.);
#4295 = LINE('',#4296,#4297);
#4296 = CARTESIAN_POINT('',(46.371,-26.4,3.2));
#4297 = VECTOR('',#4298,1.);
#4298 = DIRECTION('',(-1.,0.,0.));
#4299 = PCURVE('',#98,#4300);
#4300 = DEFINITIONAL_REPRESENTATION('',(#4301),#4305);
#4301 = LINE('',#4302,#4303);
#4302 = CARTESIAN_POINT('',(46.3355,-26.4));
#4303 = VECTOR('',#4304,1.);
#4304 = DIRECTION('',(-1.,0.));
#4305 = ( GEOMETRIC_REPRESENTATION_CONTEXT(2) 
PARAMETRIC_REPRESENTATION_CONTEXT() REPRESENTATION_CONTEXT('2D SPACE',''
  ) );
#4306 = PCURVE('',#1769,#4307);
#4307 = DEFINITIONAL_REPRESENTATION('',(#4308),#4312);
#4308 = LINE('',#4309,#4310);
#4309 = CARTESIAN_POINT('',(0.,-3.2));
#4310 = VECTOR('',#4311,1.);
#4311 = DIRECTION('',(1.,0.));
#4312 = ( GEOMETRIC_REPRESENTATION_CONTEXT(2) 
PARAMETRIC_REPRESENTATION_CONTEXT() REPRESENTATION_CONTEXT('2D SPACE',''
  ) );
#4313 = ORIENTED_EDGE('',*,*,#4314,.T.);
#4314 = EDGE_CURVE('',#4292,#4315,#4317,.T.);
#4315 = VERTEX_POINT('',#4316);
#4316 = CARTESIAN_POINT('',(41.5355,-1.6,3.2));
#4317 = SURFACE_CURVE('',#4318,(#4322,#4329),.PCURVE_S1.);
#4318 = LINE('',#4319,#4320);
#4319 = CARTESIAN_POINT('',(41.5355,-58.5705,3.2));
#4320 = VECTOR('',#4321,1.);
#4321 = DIRECTION('',(0.,1.,0.));
#4322 = PCURVE('',#98,#4323);
#4323 = DEFINITIONAL_REPRESENTATION('',(#4324),#4328);
#4324 = LINE('',#4325,#4326);
#4325 = CARTESIAN_POINT('',(41.5,-58.5705));
#4326 = VECTOR('',#4327,1.);
#4327 = DIRECTION('',(0.,1.));
#4328 = ( GEOMETRIC_REPRESENTATION_CONTEXT(2) 
PARAMETRIC_REPRESENTATION_CONTEXT() REPRESENTATION_CONTEXT('2D SPACE',''
  ) );
#4329 = PCURVE('',#1797,#4330);
#4330 = DEFINITIONAL_REPRESENTATION('',(#4331),#4335);
#4331 = LINE('',#4332,#4333);
#4332 = CARTESIAN_POINT('',(0.,-3.2));
#4333 = VECTOR('',#4334,1.);
#4334 = DIRECTION('',(1.,0.));
#4335 = ( GEOMETRIC_REPRESENTATION_CONTEXT(2) 
PARAMETRIC_REPRESENTATION_CONTEXT() REPRESENTATION_CONTEXT('2D SPACE',''
  ) );
#4336 = ORIENTED_EDGE('',*,*,#4337,.T.);
#4337 = EDGE_CURVE('',#4315,#4338,#4340,.T.);
#4338 = VERTEX_POINT('',#4339);
#4339 = CARTESIAN_POINT('',(46.371,-1.6,3.2));
#4340 = SURFACE_CURVE('',#4341,(#4345,#4352),.PCURVE_S1.);
#4341 = LINE('',#4342,#4343);
#4342 = CARTESIAN_POINT('',(10.4,-1.6,3.2));
#4343 = VECTOR('',#4344,1.);
#4344 = DIRECTION('',(1.,0.,0.));
#4345 = PCURVE('',#98,#4346);
#4346 = DEFINITIONAL_REPRESENTATION('',(#4347),#4351);
#4347 = LINE('',#4348,#4349);
#4348 = CARTESIAN_POINT('',(10.3645,-1.6));
#4349 = VECTOR('',#4350,1.);
#4350 = DIRECTION('',(1.,0.));
#4351 = ( GEOMETRIC_REPRESENTATION_CONTEXT(2) 
PARAMETRIC_REPRESENTATION_CONTEXT() REPRESENTATION_CONTEXT('2D SPACE',''
  ) );
#4352 = PCURVE('',#1825,#4353);
#4353 = DEFINITIONAL_REPRESENTATION('',(#4354),#4358);
#4354 = LINE('',#4355,#4356);
#4355 = CARTESIAN_POINT('',(0.,-3.2));
#4356 = VECTOR('',#4357,1.);
#4357 = DIRECTION('',(1.,0.));
#4358 = ( GEOMETRIC_REPRESENTATION_CONTEXT(2) 
PARAMETRIC_REPRESENTATION_CONTEXT() REPRESENTATION_CONTEXT('2D SPACE',''
  ) );
#4359 = ORIENTED_EDGE('',*,*,#4360,.T.);
#4360 = EDGE_CURVE('',#4338,#4290,#4361,.T.);
#4361 = SURFACE_CURVE('',#4362,(#4366,#4373),.PCURVE_S1.);
#4362 = LINE('',#4363,#4364);
#4363 = CARTESIAN_POINT('',(46.371,-29.28525,3.2));
#4364 = VECTOR('',#4365,1.);
#4365 = DIRECTION('',(0.,-1.,0.));
#4366 = PCURVE('',#98,#4367);
#4367 = DEFINITIONAL_REPRESENTATION('',(#4368),#4372);
#4368 = LINE('',#4369,#4370);
#4369 = CARTESIAN_POINT('',(46.3355,-29.28525));
#4370 = VECTOR('',#4371,1.);
#4371 = DIRECTION('',(0.,-1.));
#4372 = ( GEOMETRIC_REPRESENTATION_CONTEXT(2) 
PARAMETRIC_REPRESENTATION_CONTEXT() REPRESENTATION_CONTEXT('2D SPACE',''
  ) );
#4373 = PCURVE('',#1851,#4374);
#4374 = DEFINITIONAL_REPRESENTATION('',(#4375),#4378);
#4375 = B_SPLINE_CURVE_WITH_KNOTS('',1,(#4376,#4377),.UNSPECIFIED.,.F.,
  .F.,(2,2),(-87.85575,29.28525),.PIECEWISE_BEZIER_KNOTS.);
#4376 = CARTESIAN_POINT('',(117.141,-4.2));
#4377 = CARTESIAN_POINT('',(0.,-4.2));
#4378 = ( GEOMETRIC_REPRESENTATION_CONTEXT(2) 
PARAMETRIC_REPRESENTATION_CONTEXT() REPRESENTATION_CONTEXT('2D SPACE',''
  ) );
#4379 = FACE_BOUND('',#4380,.T.);
#4380 = EDGE_LOOP('',(#4381,#4406,#4429,#4452));
#4381 = ORIENTED_EDGE('',*,*,#4382,.T.);
#4382 = EDGE_CURVE('',#4383,#4385,#4387,.T.);
#4383 = VERTEX_POINT('',#4384);
#4384 = CARTESIAN_POINT('',(46.371,1.6,3.2));
#4385 = VERTEX_POINT('',#4386);
#4386 = CARTESIAN_POINT('',(41.5355,1.6,3.2));
#4387 = SURFACE_CURVE('',#4388,(#4392,#4399),.PCURVE_S1.);
#4388 = LINE('',#4389,#4390);
#4389 = CARTESIAN_POINT('',(46.371,1.6,3.2));
#4390 = VECTOR('',#4391,1.);
#4391 = DIRECTION('',(-1.,0.,0.));
#4392 = PCURVE('',#98,#4393);
#4393 = DEFINITIONAL_REPRESENTATION('',(#4394),#4398);
#4394 = LINE('',#4395,#4396);
#4395 = CARTESIAN_POINT('',(46.3355,1.6));
#4396 = VECTOR('',#4397,1.);
#4397 = DIRECTION('',(-1.,0.));
#4398 = ( GEOMETRIC_REPRESENTATION_CONTEXT(2) 
PARAMETRIC_REPRESENTATION_CONTEXT() REPRESENTATION_CONTEXT('2D SPACE',''
  ) );
#4399 = PCURVE('',#1882,#4400);
#4400 = DEFINITIONAL_REPRESENTATION('',(#4401),#4405);
#4401 = LINE('',#4402,#4403);
#4402 = CARTESIAN_POINT('',(0.,-3.2));
#4403 = VECTOR('',#4404,1.);
#4404 = DIRECTION('',(1.,0.));
#4405 = ( GEOMETRIC_REPRESENTATION_CONTEXT(2) 
PARAMETRIC_REPRESENTATION_CONTEXT() REPRESENTATION_CONTEXT('2D SPACE',''
  ) );
#4406 = ORIENTED_EDGE('',*,*,#4407,.T.);
#4407 = EDGE_CURVE('',#4385,#4408,#4410,.T.);
#4408 = VERTEX_POINT('',#4409);
#4409 = CARTESIAN_POINT('',(41.5355,26.4,3.2));
#4410 = SURFACE_CURVE('',#4411,(#4415,#4422),.PCURVE_S1.);
#4411 = LINE('',#4412,#4413);
#4412 = CARTESIAN_POINT('',(41.5355,-58.5705,3.2));
#4413 = VECTOR('',#4414,1.);
#4414 = DIRECTION('',(0.,1.,0.));
#4415 = PCURVE('',#98,#4416);
#4416 = DEFINITIONAL_REPRESENTATION('',(#4417),#4421);
#4417 = LINE('',#4418,#4419);
#4418 = CARTESIAN_POINT('',(41.5,-58.5705));
#4419 = VECTOR('',#4420,1.);
#4420 = DIRECTION('',(0.,1.));
#4421 = ( GEOMETRIC_REPRESENTATION_CONTEXT(2) 
PARAMETRIC_REPRESENTATION_CONTEXT() REPRESENTATION_CONTEXT('2D SPACE',''
  ) );
#4422 = PCURVE('',#1910,#4423);
#4423 = DEFINITIONAL_REPRESENTATION('',(#4424),#4428);
#4424 = LINE('',#4425,#4426);
#4425 = CARTESIAN_POINT('',(0.,-3.2));
#4426 = VECTOR('',#4427,1.);
#4427 = DIRECTION('',(1.,0.));
#4428 = ( GEOMETRIC_REPRESENTATION_CONTEXT(2) 
PARAMETRIC_REPRESENTATION_CONTEXT() REPRESENTATION_CONTEXT('2D SPACE',''
  ) );
#4429 = ORIENTED_EDGE('',*,*,#4430,.T.);
#4430 = EDGE_CURVE('',#4408,#4431,#4433,.T.);
#4431 = VERTEX_POINT('',#4432);
#4432 = CARTESIAN_POINT('',(46.371,26.4,3.2));
#4433 = SURFACE_CURVE('',#4434,(#4438,#4445),.PCURVE_S1.);
#4434 = LINE('',#4435,#4436);
#4435 = CARTESIAN_POINT('',(10.4,26.4,3.2));
#4436 = VECTOR('',#4437,1.);
#4437 = DIRECTION('',(1.,0.,0.));
#4438 = PCURVE('',#98,#4439);
#4439 = DEFINITIONAL_REPRESENTATION('',(#4440),#4444);
#4440 = LINE('',#4441,#4442);
#4441 = CARTESIAN_POINT('',(10.3645,26.4));
#4442 = VECTOR('',#4443,1.);
#4443 = DIRECTION('',(1.,0.));
#4444 = ( GEOMETRIC_REPRESENTATION_CONTEXT(2) 
PARAMETRIC_REPRESENTATION_CONTEXT() REPRESENTATION_CONTEXT('2D SPACE',''
  ) );
#4445 = PCURVE('',#1938,#4446);
#4446 = DEFINITIONAL_REPRESENTATION('',(#4447),#4451);
#4447 = LINE('',#4448,#4449);
#4448 = CARTESIAN_POINT('',(0.,-3.2));
#4449 = VECTOR('',#4450,1.);
#4450 = DIRECTION('',(1.,0.));
#4451 = ( GEOMETRIC_REPRESENTATION_CONTEXT(2) 
PARAMETRIC_REPRESENTATION_CONTEXT() REPRESENTATION_CONTEXT('2D SPACE',''
  ) );
#4452 = ORIENTED_EDGE('',*,*,#4453,.T.);
#4453 = EDGE_CURVE('',#4431,#4383,#4454,.T.);
#4454 = SURFACE_CURVE('',#4455,(#4459,#4466),.PCURVE_S1.);
#4455 = LINE('',#4456,#4457);
#4456 = CARTESIAN_POINT('',(46.371,-29.28525,3.2));
#4457 = VECTOR('',#4458,1.);
#4458 = DIRECTION('',(0.,-1.,0.));
#4459 = PCURVE('',#98,#4460);
#4460 = DEFINITIONAL_REPRESENTATION('',(#4461),#4465);
#4461 = LINE('',#4462,#4463);
#4462 = CARTESIAN_POINT('',(46.3355,-29.28525));
#4463 = VECTOR('',#4464,1.);
#4464 = DIRECTION('',(0.,-1.));
#4465 = ( GEOMETRIC_REPRESENTATION_CONTEXT(2) 
PARAMETRIC_REPRESENTATION_CONTEXT() REPRESENTATION_CONTEXT('2D SPACE',''
  ) );
#4466 = PCURVE('',#1964,#4467);
#4467 = DEFINITIONAL_REPRESENTATION('',(#4468),#4471);
#4468 = B_SPLINE_CURVE_WITH_KNOTS('',1,(#4469,#4470),.UNSPECIFIED.,.F.,
  .F.,(2,2),(-87.85575,29.28525),.PIECEWISE_BEZIER_KNOTS.);
#4469 = CARTESIAN_POINT('',(117.141,-4.2));
#4470 = CARTESIAN_POINT('',(0.,-4.2));
#4471 = ( GEOMETRIC_REPRESENTATION_CONTEXT(2) 
PARAMETRIC_REPRESENTATION_CONTEXT() REPRESENTATION_CONTEXT('2D SPACE',''
  ) );
#4472 = FACE_BOUND('',#4473,.T.);
#4473 = EDGE_LOOP('',(#4474,#4500,#4523,#4546,#4569,#4592,#4615,#4638));
#4474 = ORIENTED_EDGE('',*,*,#4475,.F.);
#4475 = EDGE_CURVE('',#4476,#4478,#4480,.T.);
#4476 = VERTEX_POINT('',#4477);
#4477 = CARTESIAN_POINT('',(42.350672700221,58.2345,3.2));
#4478 = VERTEX_POINT('',#4479);
#4479 = CARTESIAN_POINT('',(40.371,58.5705,3.2));
#4480 = SURFACE_CURVE('',#4481,(#4486,#4493),.PCURVE_S1.);
#4481 = CIRCLE('',#4482,6.);
#4482 = AXIS2_PLACEMENT_3D('',#4483,#4484,#4485);
#4483 = CARTESIAN_POINT('',(40.371,52.5705,3.2));
#4484 = DIRECTION('',(0.,0.,1.));
#4485 = DIRECTION('',(0.,-1.,0.));
#4486 = PCURVE('',#98,#4487);
#4487 = DEFINITIONAL_REPRESENTATION('',(#4488),#4492);
#4488 = CIRCLE('',#4489,6.);
#4489 = AXIS2_PLACEMENT_2D('',#4490,#4491);
#4490 = CARTESIAN_POINT('',(40.3355,52.5705));
#4491 = DIRECTION('',(0.,-1.));
#4492 = ( GEOMETRIC_REPRESENTATION_CONTEXT(2) 
PARAMETRIC_REPRESENTATION_CONTEXT() REPRESENTATION_CONTEXT('2D SPACE',''
  ) );
#4493 = PCURVE('',#1996,#4494);
#4494 = DEFINITIONAL_REPRESENTATION('',(#4495),#4499);
#4495 = LINE('',#4496,#4497);
#4496 = CARTESIAN_POINT('',(-1.570796326795,3.2));
#4497 = VECTOR('',#4498,1.);
#4498 = DIRECTION('',(1.,0.));
#4499 = ( GEOMETRIC_REPRESENTATION_CONTEXT(2) 
PARAMETRIC_REPRESENTATION_CONTEXT() REPRESENTATION_CONTEXT('2D SPACE',''
  ) );
#4500 = ORIENTED_EDGE('',*,*,#4501,.T.);
#4501 = EDGE_CURVE('',#4476,#4502,#4504,.T.);
#4502 = VERTEX_POINT('',#4503);
#4503 = CARTESIAN_POINT('',(35.175,58.2345,3.2));
#4504 = SURFACE_CURVE('',#4505,(#4509,#4516),.PCURVE_S1.);
#4505 = LINE('',#4506,#4507);
#4506 = CARTESIAN_POINT('',(45.175,58.2345,3.2));
#4507 = VECTOR('',#4508,1.);
#4508 = DIRECTION('',(-1.,0.,0.));
#4509 = PCURVE('',#98,#4510);
#4510 = DEFINITIONAL_REPRESENTATION('',(#4511),#4515);
#4511 = LINE('',#4512,#4513);
#4512 = CARTESIAN_POINT('',(45.1395,58.2345));
#4513 = VECTOR('',#4514,1.);
#4514 = DIRECTION('',(-1.,0.));
#4515 = ( GEOMETRIC_REPRESENTATION_CONTEXT(2) 
PARAMETRIC_REPRESENTATION_CONTEXT() REPRESENTATION_CONTEXT('2D SPACE',''
  ) );
#4516 = PCURVE('',#2024,#4517);
#4517 = DEFINITIONAL_REPRESENTATION('',(#4518),#4522);
#4518 = LINE('',#4519,#4520);
#4519 = CARTESIAN_POINT('',(0.,-3.2));
#4520 = VECTOR('',#4521,1.);
#4521 = DIRECTION('',(1.,0.));
#4522 = ( GEOMETRIC_REPRESENTATION_CONTEXT(2) 
PARAMETRIC_REPRESENTATION_CONTEXT() REPRESENTATION_CONTEXT('2D SPACE',''
  ) );
#4523 = ORIENTED_EDGE('',*,*,#4524,.T.);
#4524 = EDGE_CURVE('',#4502,#4525,#4527,.T.);
#4525 = VERTEX_POINT('',#4526);
#4526 = CARTESIAN_POINT('',(35.175,55.1,3.2));
#4527 = SURFACE_CURVE('',#4528,(#4532,#4539),.PCURVE_S1.);
#4528 = LINE('',#4529,#4530);
#4529 = CARTESIAN_POINT('',(35.175,58.2345,3.2));
#4530 = VECTOR('',#4531,1.);
#4531 = DIRECTION('',(0.,-1.,0.));
#4532 = PCURVE('',#98,#4533);
#4533 = DEFINITIONAL_REPRESENTATION('',(#4534),#4538);
#4534 = LINE('',#4535,#4536);
#4535 = CARTESIAN_POINT('',(35.1395,58.2345));
#4536 = VECTOR('',#4537,1.);
#4537 = DIRECTION('',(0.,-1.));
#4538 = ( GEOMETRIC_REPRESENTATION_CONTEXT(2) 
PARAMETRIC_REPRESENTATION_CONTEXT() REPRESENTATION_CONTEXT('2D SPACE',''
  ) );
#4539 = PCURVE('',#2052,#4540);
#4540 = DEFINITIONAL_REPRESENTATION('',(#4541),#4545);
#4541 = LINE('',#4542,#4543);
#4542 = CARTESIAN_POINT('',(0.,-3.2));
#4543 = VECTOR('',#4544,1.);
#4544 = DIRECTION('',(1.,0.));
#4545 = ( GEOMETRIC_REPRESENTATION_CONTEXT(2) 
PARAMETRIC_REPRESENTATION_CONTEXT() REPRESENTATION_CONTEXT('2D SPACE',''
  ) );
#4546 = ORIENTED_EDGE('',*,*,#4547,.T.);
#4547 = EDGE_CURVE('',#4525,#4548,#4550,.T.);
#4548 = VERTEX_POINT('',#4549);
#4549 = CARTESIAN_POINT('',(17.438,55.1,3.2));
#4550 = SURFACE_CURVE('',#4551,(#4555,#4562),.PCURVE_S1.);
#4551 = LINE('',#4552,#4553);
#4552 = CARTESIAN_POINT('',(46.371,55.1,3.2));
#4553 = VECTOR('',#4554,1.);
#4554 = DIRECTION('',(-1.,0.,0.));
#4555 = PCURVE('',#98,#4556);
#4556 = DEFINITIONAL_REPRESENTATION('',(#4557),#4561);
#4557 = LINE('',#4558,#4559);
#4558 = CARTESIAN_POINT('',(46.3355,55.1));
#4559 = VECTOR('',#4560,1.);
#4560 = DIRECTION('',(-1.,0.));
#4561 = ( GEOMETRIC_REPRESENTATION_CONTEXT(2) 
PARAMETRIC_REPRESENTATION_CONTEXT() REPRESENTATION_CONTEXT('2D SPACE',''
  ) );
#4562 = PCURVE('',#2080,#4563);
#4563 = DEFINITIONAL_REPRESENTATION('',(#4564),#4568);
#4564 = LINE('',#4565,#4566);
#4565 = CARTESIAN_POINT('',(0.,-3.2));
#4566 = VECTOR('',#4567,1.);
#4567 = DIRECTION('',(1.,0.));
#4568 = ( GEOMETRIC_REPRESENTATION_CONTEXT(2) 
PARAMETRIC_REPRESENTATION_CONTEXT() REPRESENTATION_CONTEXT('2D SPACE',''
  ) );
#4569 = ORIENTED_EDGE('',*,*,#4570,.T.);
#4570 = EDGE_CURVE('',#4548,#4571,#4573,.T.);
#4571 = VERTEX_POINT('',#4572);
#4572 = CARTESIAN_POINT('',(17.438,58.1835,3.2));
#4573 = SURFACE_CURVE('',#4574,(#4578,#4585),.PCURVE_S1.);
#4574 = LINE('',#4575,#4576);
#4575 = CARTESIAN_POINT('',(17.438,48.1835,3.2));
#4576 = VECTOR('',#4577,1.);
#4577 = DIRECTION('',(0.,1.,0.));
#4578 = PCURVE('',#98,#4579);
#4579 = DEFINITIONAL_REPRESENTATION('',(#4580),#4584);
#4580 = LINE('',#4581,#4582);
#4581 = CARTESIAN_POINT('',(17.4025,48.1835));
#4582 = VECTOR('',#4583,1.);
#4583 = DIRECTION('',(0.,1.));
#4584 = ( GEOMETRIC_REPRESENTATION_CONTEXT(2) 
PARAMETRIC_REPRESENTATION_CONTEXT() REPRESENTATION_CONTEXT('2D SPACE',''
  ) );
#4585 = PCURVE('',#2108,#4586);
#4586 = DEFINITIONAL_REPRESENTATION('',(#4587),#4591);
#4587 = LINE('',#4588,#4589);
#4588 = CARTESIAN_POINT('',(0.,-3.2));
#4589 = VECTOR('',#4590,1.);
#4590 = DIRECTION('',(1.,0.));
#4591 = ( GEOMETRIC_REPRESENTATION_CONTEXT(2) 
PARAMETRIC_REPRESENTATION_CONTEXT() REPRESENTATION_CONTEXT('2D SPACE',''
  ) );
#4592 = ORIENTED_EDGE('',*,*,#4593,.T.);
#4593 = EDGE_CURVE('',#4571,#4594,#4596,.T.);
#4594 = VERTEX_POINT('',#4595);
#4595 = CARTESIAN_POINT('',(13.6,58.1835,3.2));
#4596 = SURFACE_CURVE('',#4597,(#4601,#4608),.PCURVE_S1.);
#4597 = LINE('',#4598,#4599);
#4598 = CARTESIAN_POINT('',(17.438,58.1835,3.2));
#4599 = VECTOR('',#4600,1.);
#4600 = DIRECTION('',(-1.,0.,0.));
#4601 = PCURVE('',#98,#4602);
#4602 = DEFINITIONAL_REPRESENTATION('',(#4603),#4607);
#4603 = LINE('',#4604,#4605);
#4604 = CARTESIAN_POINT('',(17.4025,58.1835));
#4605 = VECTOR('',#4606,1.);
#4606 = DIRECTION('',(-1.,0.));
#4607 = ( GEOMETRIC_REPRESENTATION_CONTEXT(2) 
PARAMETRIC_REPRESENTATION_CONTEXT() REPRESENTATION_CONTEXT('2D SPACE',''
  ) );
#4608 = PCURVE('',#2136,#4609);
#4609 = DEFINITIONAL_REPRESENTATION('',(#4610),#4614);
#4610 = LINE('',#4611,#4612);
#4611 = CARTESIAN_POINT('',(0.,-3.2));
#4612 = VECTOR('',#4613,1.);
#4613 = DIRECTION('',(1.,0.));
#4614 = ( GEOMETRIC_REPRESENTATION_CONTEXT(2) 
PARAMETRIC_REPRESENTATION_CONTEXT() REPRESENTATION_CONTEXT('2D SPACE',''
  ) );
#4615 = ORIENTED_EDGE('',*,*,#4616,.T.);
#4616 = EDGE_CURVE('',#4594,#4617,#4619,.T.);
#4617 = VERTEX_POINT('',#4618);
#4618 = CARTESIAN_POINT('',(13.6,58.5705,3.2));
#4619 = SURFACE_CURVE('',#4620,(#4624,#4631),.PCURVE_S1.);
#4620 = LINE('',#4621,#4622);
#4621 = CARTESIAN_POINT('',(13.6,-58.5705,3.2));
#4622 = VECTOR('',#4623,1.);
#4623 = DIRECTION('',(0.,1.,0.));
#4624 = PCURVE('',#98,#4625);
#4625 = DEFINITIONAL_REPRESENTATION('',(#4626),#4630);
#4626 = LINE('',#4627,#4628);
#4627 = CARTESIAN_POINT('',(13.5645,-58.5705));
#4628 = VECTOR('',#4629,1.);
#4629 = DIRECTION('',(0.,1.));
#4630 = ( GEOMETRIC_REPRESENTATION_CONTEXT(2) 
PARAMETRIC_REPRESENTATION_CONTEXT() REPRESENTATION_CONTEXT('2D SPACE',''
  ) );
#4631 = PCURVE('',#2164,#4632);
#4632 = DEFINITIONAL_REPRESENTATION('',(#4633),#4637);
#4633 = LINE('',#4634,#4635);
#4634 = CARTESIAN_POINT('',(0.,-3.2));
#4635 = VECTOR('',#4636,1.);
#4636 = DIRECTION('',(1.,0.));
#4637 = ( GEOMETRIC_REPRESENTATION_CONTEXT(2) 
PARAMETRIC_REPRESENTATION_CONTEXT() REPRESENTATION_CONTEXT('2D SPACE',''
  ) );
#4638 = ORIENTED_EDGE('',*,*,#4639,.T.);
#4639 = EDGE_CURVE('',#4617,#4478,#4640,.T.);
#4640 = SURFACE_CURVE('',#4641,(#4645,#4652),.PCURVE_S1.);
#4641 = LINE('',#4642,#4643);
#4642 = CARTESIAN_POINT('',(23.20325,58.5705,3.2));
#4643 = VECTOR('',#4644,1.);
#4644 = DIRECTION('',(1.,0.,-0.));
#4645 = PCURVE('',#98,#4646);
#4646 = DEFINITIONAL_REPRESENTATION('',(#4647),#4651);
#4647 = LINE('',#4648,#4649);
#4648 = CARTESIAN_POINT('',(23.16775,58.5705));
#4649 = VECTOR('',#4650,1.);
#4650 = DIRECTION('',(1.,0.));
#4651 = ( GEOMETRIC_REPRESENTATION_CONTEXT(2) 
PARAMETRIC_REPRESENTATION_CONTEXT() REPRESENTATION_CONTEXT('2D SPACE',''
  ) );
#4652 = PCURVE('',#2190,#4653);
#4653 = DEFINITIONAL_REPRESENTATION('',(#4654),#4657);
#4654 = B_SPLINE_CURVE_WITH_KNOTS('',1,(#4655,#4656),.UNSPECIFIED.,.F.,
  .F.,(2,2),(-69.50325,23.16775),.PIECEWISE_BEZIER_KNOTS.);
#4655 = CARTESIAN_POINT('',(92.671,-4.2));
#4656 = CARTESIAN_POINT('',(0.,-4.2));
#4657 = ( GEOMETRIC_REPRESENTATION_CONTEXT(2) 
PARAMETRIC_REPRESENTATION_CONTEXT() REPRESENTATION_CONTEXT('2D SPACE',''
  ) );
#4658 = FACE_BOUND('',#4659,.T.);
#4659 = EDGE_LOOP('',(#4660,#4685,#4708,#4731,#4754,#4777));
#4660 = ORIENTED_EDGE('',*,*,#4661,.T.);
#4661 = EDGE_CURVE('',#4662,#4664,#4666,.T.);
#4662 = VERTEX_POINT('',#4663);
#4663 = CARTESIAN_POINT('',(46.371,29.6,3.2));
#4664 = VERTEX_POINT('',#4665);
#4665 = CARTESIAN_POINT('',(41.5355,29.6,3.2));
#4666 = SURFACE_CURVE('',#4667,(#4671,#4678),.PCURVE_S1.);
#4667 = LINE('',#4668,#4669);
#4668 = CARTESIAN_POINT('',(46.371,29.6,3.2));
#4669 = VECTOR('',#4670,1.);
#4670 = DIRECTION('',(-1.,0.,0.));
#4671 = PCURVE('',#98,#4672);
#4672 = DEFINITIONAL_REPRESENTATION('',(#4673),#4677);
#4673 = LINE('',#4674,#4675);
#4674 = CARTESIAN_POINT('',(46.3355,29.6));
#4675 = VECTOR('',#4676,1.);
#4676 = DIRECTION('',(-1.,0.));
#4677 = ( GEOMETRIC_REPRESENTATION_CONTEXT(2) 
PARAMETRIC_REPRESENTATION_CONTEXT() REPRESENTATION_CONTEXT('2D SPACE',''
  ) );
#4678 = PCURVE('',#2221,#4679);
#4679 = DEFINITIONAL_REPRESENTATION('',(#4680),#4684);
#4680 = LINE('',#4681,#4682);
#4681 = CARTESIAN_POINT('',(0.,-3.2));
#4682 = VECTOR('',#4683,1.);
#4683 = DIRECTION('',(1.,0.));
#4684 = ( GEOMETRIC_REPRESENTATION_CONTEXT(2) 
PARAMETRIC_REPRESENTATION_CONTEXT() REPRESENTATION_CONTEXT('2D SPACE',''
  ) );
#4685 = ORIENTED_EDGE('',*,*,#4686,.T.);
#4686 = EDGE_CURVE('',#4664,#4687,#4689,.T.);
#4687 = VERTEX_POINT('',#4688);
#4688 = CARTESIAN_POINT('',(41.5355,48.2345,3.2));
#4689 = SURFACE_CURVE('',#4690,(#4694,#4701),.PCURVE_S1.);
#4690 = LINE('',#4691,#4692);
#4691 = CARTESIAN_POINT('',(41.5355,-58.5705,3.2));
#4692 = VECTOR('',#4693,1.);
#4693 = DIRECTION('',(0.,1.,0.));
#4694 = PCURVE('',#98,#4695);
#4695 = DEFINITIONAL_REPRESENTATION('',(#4696),#4700);
#4696 = LINE('',#4697,#4698);
#4697 = CARTESIAN_POINT('',(41.5,-58.5705));
#4698 = VECTOR('',#4699,1.);
#4699 = DIRECTION('',(0.,1.));
#4700 = ( GEOMETRIC_REPRESENTATION_CONTEXT(2) 
PARAMETRIC_REPRESENTATION_CONTEXT() REPRESENTATION_CONTEXT('2D SPACE',''
  ) );
#4701 = PCURVE('',#2249,#4702);
#4702 = DEFINITIONAL_REPRESENTATION('',(#4703),#4707);
#4703 = LINE('',#4704,#4705);
#4704 = CARTESIAN_POINT('',(0.,-3.2));
#4705 = VECTOR('',#4706,1.);
#4706 = DIRECTION('',(1.,0.));
#4707 = ( GEOMETRIC_REPRESENTATION_CONTEXT(2) 
PARAMETRIC_REPRESENTATION_CONTEXT() REPRESENTATION_CONTEXT('2D SPACE',''
  ) );
#4708 = ORIENTED_EDGE('',*,*,#4709,.T.);
#4709 = EDGE_CURVE('',#4687,#4710,#4712,.T.);
#4710 = VERTEX_POINT('',#4711);
#4711 = CARTESIAN_POINT('',(45.175,48.2345,3.2));
#4712 = SURFACE_CURVE('',#4713,(#4717,#4724),.PCURVE_S1.);
#4713 = LINE('',#4714,#4715);
#4714 = CARTESIAN_POINT('',(35.175,48.2345,3.2));
#4715 = VECTOR('',#4716,1.);
#4716 = DIRECTION('',(1.,0.,0.));
#4717 = PCURVE('',#98,#4718);
#4718 = DEFINITIONAL_REPRESENTATION('',(#4719),#4723);
#4719 = LINE('',#4720,#4721);
#4720 = CARTESIAN_POINT('',(35.1395,48.2345));
#4721 = VECTOR('',#4722,1.);
#4722 = DIRECTION('',(1.,0.));
#4723 = ( GEOMETRIC_REPRESENTATION_CONTEXT(2) 
PARAMETRIC_REPRESENTATION_CONTEXT() REPRESENTATION_CONTEXT('2D SPACE',''
  ) );
#4724 = PCURVE('',#2277,#4725);
#4725 = DEFINITIONAL_REPRESENTATION('',(#4726),#4730);
#4726 = LINE('',#4727,#4728);
#4727 = CARTESIAN_POINT('',(0.,-3.2));
#4728 = VECTOR('',#4729,1.);
#4729 = DIRECTION('',(1.,0.));
#4730 = ( GEOMETRIC_REPRESENTATION_CONTEXT(2) 
PARAMETRIC_REPRESENTATION_CONTEXT() REPRESENTATION_CONTEXT('2D SPACE',''
  ) );
#4731 = ORIENTED_EDGE('',*,*,#4732,.T.);
#4732 = EDGE_CURVE('',#4710,#4733,#4735,.T.);
#4733 = VERTEX_POINT('',#4734);
#4734 = CARTESIAN_POINT('',(45.175,51.9,3.2));
#4735 = SURFACE_CURVE('',#4736,(#4740,#4747),.PCURVE_S1.);
#4736 = LINE('',#4737,#4738);
#4737 = CARTESIAN_POINT('',(45.175,48.2345,3.2));
#4738 = VECTOR('',#4739,1.);
#4739 = DIRECTION('',(0.,1.,0.));
#4740 = PCURVE('',#98,#4741);
#4741 = DEFINITIONAL_REPRESENTATION('',(#4742),#4746);
#4742 = LINE('',#4743,#4744);
#4743 = CARTESIAN_POINT('',(45.1395,48.2345));
#4744 = VECTOR('',#4745,1.);
#4745 = DIRECTION('',(0.,1.));
#4746 = ( GEOMETRIC_REPRESENTATION_CONTEXT(2) 
PARAMETRIC_REPRESENTATION_CONTEXT() REPRESENTATION_CONTEXT('2D SPACE',''
  ) );
#4747 = PCURVE('',#2305,#4748);
#4748 = DEFINITIONAL_REPRESENTATION('',(#4749),#4753);
#4749 = LINE('',#4750,#4751);
#4750 = CARTESIAN_POINT('',(0.,-3.2));
#4751 = VECTOR('',#4752,1.);
#4752 = DIRECTION('',(1.,0.));
#4753 = ( GEOMETRIC_REPRESENTATION_CONTEXT(2) 
PARAMETRIC_REPRESENTATION_CONTEXT() REPRESENTATION_CONTEXT('2D SPACE',''
  ) );
#4754 = ORIENTED_EDGE('',*,*,#4755,.T.);
#4755 = EDGE_CURVE('',#4733,#4756,#4758,.T.);
#4756 = VERTEX_POINT('',#4757);
#4757 = CARTESIAN_POINT('',(46.371,51.9,3.2));
#4758 = SURFACE_CURVE('',#4759,(#4763,#4770),.PCURVE_S1.);
#4759 = LINE('',#4760,#4761);
#4760 = CARTESIAN_POINT('',(10.4,51.9,3.2));
#4761 = VECTOR('',#4762,1.);
#4762 = DIRECTION('',(1.,0.,0.));
#4763 = PCURVE('',#98,#4764);
#4764 = DEFINITIONAL_REPRESENTATION('',(#4765),#4769);
#4765 = LINE('',#4766,#4767);
#4766 = CARTESIAN_POINT('',(10.3645,51.9));
#4767 = VECTOR('',#4768,1.);
#4768 = DIRECTION('',(1.,0.));
#4769 = ( GEOMETRIC_REPRESENTATION_CONTEXT(2) 
PARAMETRIC_REPRESENTATION_CONTEXT() REPRESENTATION_CONTEXT('2D SPACE',''
  ) );
#4770 = PCURVE('',#2333,#4771);
#4771 = DEFINITIONAL_REPRESENTATION('',(#4772),#4776);
#4772 = LINE('',#4773,#4774);
#4773 = CARTESIAN_POINT('',(0.,-3.2));
#4774 = VECTOR('',#4775,1.);
#4775 = DIRECTION('',(1.,0.));
#4776 = ( GEOMETRIC_REPRESENTATION_CONTEXT(2) 
PARAMETRIC_REPRESENTATION_CONTEXT() REPRESENTATION_CONTEXT('2D SPACE',''
  ) );
#4777 = ORIENTED_EDGE('',*,*,#4778,.T.);
#4778 = EDGE_CURVE('',#4756,#4662,#4779,.T.);
#4779 = SURFACE_CURVE('',#4780,(#4784,#4791),.PCURVE_S1.);
#4780 = LINE('',#4781,#4782);
#4781 = CARTESIAN_POINT('',(46.371,-29.28525,3.2));
#4782 = VECTOR('',#4783,1.);
#4783 = DIRECTION('',(0.,-1.,0.));
#4784 = PCURVE('',#98,#4785);
#4785 = DEFINITIONAL_REPRESENTATION('',(#4786),#4790);
#4786 = LINE('',#4787,#4788);
#4787 = CARTESIAN_POINT('',(46.3355,-29.28525));
#4788 = VECTOR('',#4789,1.);
#4789 = DIRECTION('',(0.,-1.));
#4790 = ( GEOMETRIC_REPRESENTATION_CONTEXT(2) 
PARAMETRIC_REPRESENTATION_CONTEXT() REPRESENTATION_CONTEXT('2D SPACE',''
  ) );
#4791 = PCURVE('',#2359,#4792);
#4792 = DEFINITIONAL_REPRESENTATION('',(#4793),#4796);
#4793 = B_SPLINE_CURVE_WITH_KNOTS('',1,(#4794,#4795),.UNSPECIFIED.,.F.,
  .F.,(2,2),(-87.85575,29.28525),.PIECEWISE_BEZIER_KNOTS.);
#4794 = CARTESIAN_POINT('',(117.141,-4.2));
#4795 = CARTESIAN_POINT('',(0.,-4.2));
#4796 = ( GEOMETRIC_REPRESENTATION_CONTEXT(2) 
PARAMETRIC_REPRESENTATION_CONTEXT() REPRESENTATION_CONTEXT('2D SPACE',''
  ) );
#4797 = FACE_BOUND('',#4798,.T.);
#4798 = EDGE_LOOP('',(#4799,#4825,#4848));
#4799 = ORIENTED_EDGE('',*,*,#4800,.F.);
#4800 = EDGE_CURVE('',#4801,#4803,#4805,.T.);
#4801 = VERTEX_POINT('',#4802);
#4802 = CARTESIAN_POINT('',(45.811737978436,55.1,3.2));
#4803 = VERTEX_POINT('',#4804);
#4804 = CARTESIAN_POINT('',(45.175,56.165160484663,3.2));
#4805 = SURFACE_CURVE('',#4806,(#4811,#4818),.PCURVE_S1.);
#4806 = CIRCLE('',#4807,6.);
#4807 = AXIS2_PLACEMENT_3D('',#4808,#4809,#4810);
#4808 = CARTESIAN_POINT('',(40.371,52.5705,3.2));
#4809 = DIRECTION('',(0.,0.,1.));
#4810 = DIRECTION('',(0.,-1.,0.));
#4811 = PCURVE('',#98,#4812);
#4812 = DEFINITIONAL_REPRESENTATION('',(#4813),#4817);
#4813 = CIRCLE('',#4814,6.);
#4814 = AXIS2_PLACEMENT_2D('',#4815,#4816);
#4815 = CARTESIAN_POINT('',(40.3355,52.5705));
#4816 = DIRECTION('',(0.,-1.));
#4817 = ( GEOMETRIC_REPRESENTATION_CONTEXT(2) 
PARAMETRIC_REPRESENTATION_CONTEXT() REPRESENTATION_CONTEXT('2D SPACE',''
  ) );
#4818 = PCURVE('',#2391,#4819);
#4819 = DEFINITIONAL_REPRESENTATION('',(#4820),#4824);
#4820 = LINE('',#4821,#4822);
#4821 = CARTESIAN_POINT('',(-1.570796326795,3.2));
#4822 = VECTOR('',#4823,1.);
#4823 = DIRECTION('',(1.,0.));
#4824 = ( GEOMETRIC_REPRESENTATION_CONTEXT(2) 
PARAMETRIC_REPRESENTATION_CONTEXT() REPRESENTATION_CONTEXT('2D SPACE',''
  ) );
#4825 = ORIENTED_EDGE('',*,*,#4826,.T.);
#4826 = EDGE_CURVE('',#4801,#4827,#4829,.T.);
#4827 = VERTEX_POINT('',#4828);
#4828 = CARTESIAN_POINT('',(45.175,55.1,3.2));
#4829 = SURFACE_CURVE('',#4830,(#4834,#4841),.PCURVE_S1.);
#4830 = LINE('',#4831,#4832);
#4831 = CARTESIAN_POINT('',(46.371,55.1,3.2));
#4832 = VECTOR('',#4833,1.);
#4833 = DIRECTION('',(-1.,0.,0.));
#4834 = PCURVE('',#98,#4835);
#4835 = DEFINITIONAL_REPRESENTATION('',(#4836),#4840);
#4836 = LINE('',#4837,#4838);
#4837 = CARTESIAN_POINT('',(46.3355,55.1));
#4838 = VECTOR('',#4839,1.);
#4839 = DIRECTION('',(-1.,0.));
#4840 = ( GEOMETRIC_REPRESENTATION_CONTEXT(2) 
PARAMETRIC_REPRESENTATION_CONTEXT() REPRESENTATION_CONTEXT('2D SPACE',''
  ) );
#4841 = PCURVE('',#2419,#4842);
#4842 = DEFINITIONAL_REPRESENTATION('',(#4843),#4847);
#4843 = LINE('',#4844,#4845);
#4844 = CARTESIAN_POINT('',(0.,-3.2));
#4845 = VECTOR('',#4846,1.);
#4846 = DIRECTION('',(1.,0.));
#4847 = ( GEOMETRIC_REPRESENTATION_CONTEXT(2) 
PARAMETRIC_REPRESENTATION_CONTEXT() REPRESENTATION_CONTEXT('2D SPACE',''
  ) );
#4848 = ORIENTED_EDGE('',*,*,#4849,.T.);
#4849 = EDGE_CURVE('',#4827,#4803,#4850,.T.);
#4850 = SURFACE_CURVE('',#4851,(#4855,#4862),.PCURVE_S1.);
#4851 = LINE('',#4852,#4853);
#4852 = CARTESIAN_POINT('',(45.175,48.2345,3.2));
#4853 = VECTOR('',#4854,1.);
#4854 = DIRECTION('',(0.,1.,0.));
#4855 = PCURVE('',#98,#4856);
#4856 = DEFINITIONAL_REPRESENTATION('',(#4857),#4861);
#4857 = LINE('',#4858,#4859);
#4858 = CARTESIAN_POINT('',(45.1395,48.2345));
#4859 = VECTOR('',#4860,1.);
#4860 = DIRECTION('',(0.,1.));
#4861 = ( GEOMETRIC_REPRESENTATION_CONTEXT(2) 
PARAMETRIC_REPRESENTATION_CONTEXT() REPRESENTATION_CONTEXT('2D SPACE',''
  ) );
#4862 = PCURVE('',#2445,#4863);
#4863 = DEFINITIONAL_REPRESENTATION('',(#4864),#4868);
#4864 = LINE('',#4865,#4866);
#4865 = CARTESIAN_POINT('',(0.,-3.2));
#4866 = VECTOR('',#4867,1.);
#4867 = DIRECTION('',(1.,0.));
#4868 = ( GEOMETRIC_REPRESENTATION_CONTEXT(2) 
PARAMETRIC_REPRESENTATION_CONTEXT() REPRESENTATION_CONTEXT('2D SPACE',''
  ) );
#4869 = FACE_BOUND('',#4870,.T.);
#4870 = EDGE_LOOP('',(#4871,#4894,#4922,#4943));
#4871 = ORIENTED_EDGE('',*,*,#4872,.F.);
#4872 = EDGE_CURVE('',#4873,#4875,#4877,.T.);
#4873 = VERTEX_POINT('',#4874);
#4874 = CARTESIAN_POINT('',(58.621,57.4705,3.2));
#4875 = VERTEX_POINT('',#4876);
#4876 = CARTESIAN_POINT('',(54.521,57.4705,3.2));
#4877 = SURFACE_CURVE('',#4878,(#4882,#4888),.PCURVE_S1.);
#4878 = LINE('',#4879,#4880);
#4879 = CARTESIAN_POINT('',(27.27825,57.4705,3.2));
#4880 = VECTOR('',#4881,1.);
#4881 = DIRECTION('',(-1.,0.,0.));
#4882 = PCURVE('',#98,#4883);
#4883 = DEFINITIONAL_REPRESENTATION('',(#4884),#4887);
#4884 = B_SPLINE_CURVE_WITH_KNOTS('',1,(#4885,#4886),.UNSPECIFIED.,.F.,
  .F.,(2,2),(-31.34275,-27.24275),.PIECEWISE_BEZIER_KNOTS.);
#4885 = CARTESIAN_POINT('',(58.5855,57.4705));
#4886 = CARTESIAN_POINT('',(54.4855,57.4705));
#4887 = ( GEOMETRIC_REPRESENTATION_CONTEXT(2) 
PARAMETRIC_REPRESENTATION_CONTEXT() REPRESENTATION_CONTEXT('2D SPACE',''
  ) );
#4888 = PCURVE('',#2476,#4889);
#4889 = DEFINITIONAL_REPRESENTATION('',(#4890),#4893);
#4890 = B_SPLINE_CURVE_WITH_KNOTS('',1,(#4891,#4892),.UNSPECIFIED.,.F.,
  .F.,(2,2),(-31.34275,-27.24275),.PIECEWISE_BEZIER_KNOTS.);
#4891 = CARTESIAN_POINT('',(4.1,-4.2));
#4892 = CARTESIAN_POINT('',(0.,-4.2));
#4893 = ( GEOMETRIC_REPRESENTATION_CONTEXT(2) 
PARAMETRIC_REPRESENTATION_CONTEXT() REPRESENTATION_CONTEXT('2D SPACE',''
  ) );
#4894 = ORIENTED_EDGE('',*,*,#4895,.T.);
#4895 = EDGE_CURVE('',#4873,#4896,#4898,.T.);
#4896 = VERTEX_POINT('',#4897);
#4897 = CARTESIAN_POINT('',(58.621,54.0705,3.2));
#4898 = SURFACE_CURVE('',#4899,(#4904,#4915),.PCURVE_S1.);
#4899 = CIRCLE('',#4900,1.7);
#4900 = AXIS2_PLACEMENT_3D('',#4901,#4902,#4903);
#4901 = CARTESIAN_POINT('',(58.621,55.7705,3.2));
#4902 = DIRECTION('',(0.,0.,-1.));
#4903 = DIRECTION('',(0.,1.,0.));
#4904 = PCURVE('',#98,#4905);
#4905 = DEFINITIONAL_REPRESENTATION('',(#4906),#4914);
#4906 = ( BOUNDED_CURVE() B_SPLINE_CURVE(2,(#4907,#4908,#4909,#4910,
#4911,#4912,#4913),.UNSPECIFIED.,.T.,.F.) B_SPLINE_CURVE_WITH_KNOTS((1,2
    ,2,2,2,1),(-2.094395102393,0.,2.094395102393,4.188790204786,
6.28318530718,8.377580409573),.UNSPECIFIED.) CURVE() 
GEOMETRIC_REPRESENTATION_ITEM() RATIONAL_B_SPLINE_CURVE((1.,0.5,1.,0.5,
1.,0.5,1.)) REPRESENTATION_ITEM('') );
#4907 = CARTESIAN_POINT('',(58.5855,57.4705));
#4908 = CARTESIAN_POINT('',(61.529986372867,57.4705));
#4909 = CARTESIAN_POINT('',(60.057743186434,54.9205));
#4910 = CARTESIAN_POINT('',(58.5855,52.3705));
#4911 = CARTESIAN_POINT('',(57.113256813566,54.9205));
#4912 = CARTESIAN_POINT('',(55.641013627133,57.4705));
#4913 = CARTESIAN_POINT('',(58.5855,57.4705));
#4914 = ( GEOMETRIC_REPRESENTATION_CONTEXT(2) 
PARAMETRIC_REPRESENTATION_CONTEXT() REPRESENTATION_CONTEXT('2D SPACE',''
  ) );
#4915 = PCURVE('',#2508,#4916);
#4916 = DEFINITIONAL_REPRESENTATION('',(#4917),#4921);
#4917 = LINE('',#4918,#4919);
#4918 = CARTESIAN_POINT('',(0.,-4.2));
#4919 = VECTOR('',#4920,1.);
#4920 = DIRECTION('',(1.,0.));
#4921 = ( GEOMETRIC_REPRESENTATION_CONTEXT(2) 
PARAMETRIC_REPRESENTATION_CONTEXT() REPRESENTATION_CONTEXT('2D SPACE',''
  ) );
#4922 = ORIENTED_EDGE('',*,*,#4923,.F.);
#4923 = EDGE_CURVE('',#4924,#4896,#4926,.T.);
#4924 = VERTEX_POINT('',#4925);
#4925 = CARTESIAN_POINT('',(54.521,54.0705,3.2));
#4926 = SURFACE_CURVE('',#4927,(#4931,#4937),.PCURVE_S1.);
#4927 = LINE('',#4928,#4929);
#4928 = CARTESIAN_POINT('',(29.32825,54.0705,3.2));
#4929 = VECTOR('',#4930,1.);
#4930 = DIRECTION('',(1.,0.,-0.));
#4931 = PCURVE('',#98,#4932);
#4932 = DEFINITIONAL_REPRESENTATION('',(#4933),#4936);
#4933 = B_SPLINE_CURVE_WITH_KNOTS('',1,(#4934,#4935),.UNSPECIFIED.,.F.,
  .F.,(2,2),(25.19275,29.29275),.PIECEWISE_BEZIER_KNOTS.);
#4934 = CARTESIAN_POINT('',(54.4855,54.0705));
#4935 = CARTESIAN_POINT('',(58.5855,54.0705));
#4936 = ( GEOMETRIC_REPRESENTATION_CONTEXT(2) 
PARAMETRIC_REPRESENTATION_CONTEXT() REPRESENTATION_CONTEXT('2D SPACE',''
  ) );
#4937 = PCURVE('',#2535,#4938);
#4938 = DEFINITIONAL_REPRESENTATION('',(#4939),#4942);
#4939 = B_SPLINE_CURVE_WITH_KNOTS('',1,(#4940,#4941),.UNSPECIFIED.,.F.,
  .F.,(2,2),(25.19275,29.29275),.PIECEWISE_BEZIER_KNOTS.);
#4940 = CARTESIAN_POINT('',(4.1,-4.2));
#4941 = CARTESIAN_POINT('',(0.,-4.2));
#4942 = ( GEOMETRIC_REPRESENTATION_CONTEXT(2) 
PARAMETRIC_REPRESENTATION_CONTEXT() REPRESENTATION_CONTEXT('2D SPACE',''
  ) );
#4943 = ORIENTED_EDGE('',*,*,#4944,.T.);
#4944 = EDGE_CURVE('',#4924,#4875,#4945,.T.);
#4945 = SURFACE_CURVE('',#4946,(#4951,#4962),.PCURVE_S1.);
#4946 = CIRCLE('',#4947,1.7);
#4947 = AXIS2_PLACEMENT_3D('',#4948,#4949,#4950);
#4948 = CARTESIAN_POINT('',(54.521,55.7705,3.2));
#4949 = DIRECTION('',(0.,-0.,-1.));
#4950 = DIRECTION('',(0.,-1.,0.));
#4951 = PCURVE('',#98,#4952);
#4952 = DEFINITIONAL_REPRESENTATION('',(#4953),#4961);
#4953 = ( BOUNDED_CURVE() B_SPLINE_CURVE(2,(#4954,#4955,#4956,#4957,
#4958,#4959,#4960),.UNSPECIFIED.,.T.,.F.) B_SPLINE_CURVE_WITH_KNOTS((1,2
    ,2,2,2,1),(-2.094395102393,0.,2.094395102393,4.188790204786,
6.28318530718,8.377580409573),.UNSPECIFIED.) CURVE() 
GEOMETRIC_REPRESENTATION_ITEM() RATIONAL_B_SPLINE_CURVE((1.,0.5,1.,0.5,
1.,0.5,1.)) REPRESENTATION_ITEM('') );
#4954 = CARTESIAN_POINT('',(54.4855,54.0705));
#4955 = CARTESIAN_POINT('',(51.541013627133,54.0705));
#4956 = CARTESIAN_POINT('',(53.013256813566,56.6205));
#4957 = CARTESIAN_POINT('',(54.4855,59.1705));
#4958 = CARTESIAN_POINT('',(55.957743186434,56.6205));
#4959 = CARTESIAN_POINT('',(57.429986372867,54.0705));
#4960 = CARTESIAN_POINT('',(54.4855,54.0705));
#4961 = ( GEOMETRIC_REPRESENTATION_CONTEXT(2) 
PARAMETRIC_REPRESENTATION_CONTEXT() REPRESENTATION_CONTEXT('2D SPACE',''
  ) );
#4962 = PCURVE('',#2565,#4963);
#4963 = DEFINITIONAL_REPRESENTATION('',(#4964),#4968);
#4964 = LINE('',#4965,#4966);
#4965 = CARTESIAN_POINT('',(0.,-4.2));
#4966 = VECTOR('',#4967,1.);
#4967 = DIRECTION('',(1.,0.));
#4968 = ( GEOMETRIC_REPRESENTATION_CONTEXT(2) 
PARAMETRIC_REPRESENTATION_CONTEXT() REPRESENTATION_CONTEXT('2D SPACE',''
  ) );
#4969 = ADVANCED_FACE('',(#4970),#71,.F.);
#4970 = FACE_BOUND('',#4971,.F.);
#4971 = EDGE_LOOP('',(#4972,#4973,#4974,#4975));
#4972 = ORIENTED_EDGE('',*,*,#2630,.F.);
#4973 = ORIENTED_EDGE('',*,*,#56,.T.);
#4974 = ORIENTED_EDGE('',*,*,#139,.T.);
#4975 = ORIENTED_EDGE('',*,*,#4976,.F.);
#4976 = EDGE_CURVE('',#2631,#140,#4977,.T.);
#4977 = SURFACE_CURVE('',#4978,(#4982,#4988),.PCURVE_S1.);
#4978 = LINE('',#4979,#4980);
#4979 = CARTESIAN_POINT('',(0.,-58.5705,-5.5));
#4980 = VECTOR('',#4981,1.);
#4981 = DIRECTION('',(-0.,0.,-1.));
#4982 = PCURVE('',#71,#4983);
#4983 = DEFINITIONAL_REPRESENTATION('',(#4984),#4987);
#4984 = B_SPLINE_CURVE_WITH_KNOTS('',1,(#4985,#4986),.UNSPECIFIED.,.F.,
  .F.,(2,2),(-8.7,-5.5),.PIECEWISE_BEZIER_KNOTS.);
#4985 = CARTESIAN_POINT('',(13.2,-91.4295));
#4986 = CARTESIAN_POINT('',(10.,-91.4295));
#4987 = ( GEOMETRIC_REPRESENTATION_CONTEXT(2) 
PARAMETRIC_REPRESENTATION_CONTEXT() REPRESENTATION_CONTEXT('2D SPACE',''
  ) );
#4988 = PCURVE('',#1267,#4989);
#4989 = DEFINITIONAL_REPRESENTATION('',(#4990),#4993);
#4990 = B_SPLINE_CURVE_WITH_KNOTS('',1,(#4991,#4992),.UNSPECIFIED.,.F.,
  .F.,(2,2),(-8.7,-5.5),.PIECEWISE_BEZIER_KNOTS.);
#4991 = CARTESIAN_POINT('',(46.3,-4.2));
#4992 = CARTESIAN_POINT('',(46.3,-1.));
#4993 = ( GEOMETRIC_REPRESENTATION_CONTEXT(2) 
PARAMETRIC_REPRESENTATION_CONTEXT() REPRESENTATION_CONTEXT('2D SPACE',''
  ) );
#4994 = ADVANCED_FACE('',(#4995),#1267,.T.);
#4995 = FACE_BOUND('',#4996,.T.);
#4996 = EDGE_LOOP('',(#4997,#5018,#5019,#5020));
#4997 = ORIENTED_EDGE('',*,*,#4998,.F.);
#4998 = EDGE_CURVE('',#1226,#3854,#4999,.T.);
#4999 = SURFACE_CURVE('',#5000,(#5004,#5011),.PCURVE_S1.);
#5000 = LINE('',#5001,#5002);
#5001 = CARTESIAN_POINT('',(10.4,-58.5705,0.));
#5002 = VECTOR('',#5003,1.);
#5003 = DIRECTION('',(0.,0.,1.));
#5004 = PCURVE('',#1267,#5005);
#5005 = DEFINITIONAL_REPRESENTATION('',(#5006),#5010);
#5006 = LINE('',#5007,#5008);
#5007 = CARTESIAN_POINT('',(56.7,-1.));
#5008 = VECTOR('',#5009,1.);
#5009 = DIRECTION('',(0.,-1.));
#5010 = ( GEOMETRIC_REPRESENTATION_CONTEXT(2) 
PARAMETRIC_REPRESENTATION_CONTEXT() REPRESENTATION_CONTEXT('2D SPACE',''
  ) );
#5011 = PCURVE('',#1241,#5012);
#5012 = DEFINITIONAL_REPRESENTATION('',(#5013),#5017);
#5013 = LINE('',#5014,#5015);
#5014 = CARTESIAN_POINT('',(117.141,0.));
#5015 = VECTOR('',#5016,1.);
#5016 = DIRECTION('',(0.,-1.));
#5017 = ( GEOMETRIC_REPRESENTATION_CONTEXT(2) 
PARAMETRIC_REPRESENTATION_CONTEXT() REPRESENTATION_CONTEXT('2D SPACE',''
  ) );
#5018 = ORIENTED_EDGE('',*,*,#1253,.T.);
#5019 = ORIENTED_EDGE('',*,*,#4976,.F.);
#5020 = ORIENTED_EDGE('',*,*,#3876,.F.);
#5021 = ADVANCED_FACE('',(#5022),#1241,.F.);
#5022 = FACE_BOUND('',#5023,.F.);
#5023 = EDGE_LOOP('',(#5024,#5025,#5044,#5045));
#5024 = ORIENTED_EDGE('',*,*,#1225,.T.);
#5025 = ORIENTED_EDGE('',*,*,#5026,.T.);
#5026 = EDGE_CURVE('',#1198,#3831,#5027,.T.);
#5027 = SURFACE_CURVE('',#5028,(#5032,#5038),.PCURVE_S1.);
#5028 = LINE('',#5029,#5030);
#5029 = CARTESIAN_POINT('',(10.4,-57.3535,0.));
#5030 = VECTOR('',#5031,1.);
#5031 = DIRECTION('',(0.,-0.,1.));
#5032 = PCURVE('',#1241,#5033);
#5033 = DEFINITIONAL_REPRESENTATION('',(#5034),#5037);
#5034 = B_SPLINE_CURVE_WITH_KNOTS('',1,(#5035,#5036),.UNSPECIFIED.,.F.,
  .F.,(2,2),(0.,3.2),.PIECEWISE_BEZIER_KNOTS.);
#5035 = CARTESIAN_POINT('',(115.924,0.));
#5036 = CARTESIAN_POINT('',(115.924,-3.2));
#5037 = ( GEOMETRIC_REPRESENTATION_CONTEXT(2) 
PARAMETRIC_REPRESENTATION_CONTEXT() REPRESENTATION_CONTEXT('2D SPACE',''
  ) );
#5038 = PCURVE('',#1213,#5039);
#5039 = DEFINITIONAL_REPRESENTATION('',(#5040),#5043);
#5040 = B_SPLINE_CURVE_WITH_KNOTS('',1,(#5041,#5042),.UNSPECIFIED.,.F.,
  .F.,(2,2),(0.,3.2),.PIECEWISE_BEZIER_KNOTS.);
#5041 = CARTESIAN_POINT('',(2.962,0.));
#5042 = CARTESIAN_POINT('',(2.962,-3.2));
#5043 = ( GEOMETRIC_REPRESENTATION_CONTEXT(2) 
PARAMETRIC_REPRESENTATION_CONTEXT() REPRESENTATION_CONTEXT('2D SPACE',''
  ) );
#5044 = ORIENTED_EDGE('',*,*,#3853,.T.);
#5045 = ORIENTED_EDGE('',*,*,#4998,.F.);
#5046 = ADVANCED_FACE('',(#5047),#1213,.F.);
#5047 = FACE_BOUND('',#5048,.F.);
#5048 = EDGE_LOOP('',(#5049,#5050,#5071,#5072));
#5049 = ORIENTED_EDGE('',*,*,#1197,.F.);
#5050 = ORIENTED_EDGE('',*,*,#5051,.T.);
#5051 = EDGE_CURVE('',#1170,#3808,#5052,.T.);
#5052 = SURFACE_CURVE('',#5053,(#5057,#5064),.PCURVE_S1.);
#5053 = LINE('',#5054,#5055);
#5054 = CARTESIAN_POINT('',(7.438,-57.3535,0.));
#5055 = VECTOR('',#5056,1.);
#5056 = DIRECTION('',(0.,0.,1.));
#5057 = PCURVE('',#1213,#5058);
#5058 = DEFINITIONAL_REPRESENTATION('',(#5059),#5063);
#5059 = LINE('',#5060,#5061);
#5060 = CARTESIAN_POINT('',(0.,0.));
#5061 = VECTOR('',#5062,1.);
#5062 = DIRECTION('',(0.,-1.));
#5063 = ( GEOMETRIC_REPRESENTATION_CONTEXT(2) 
PARAMETRIC_REPRESENTATION_CONTEXT() REPRESENTATION_CONTEXT('2D SPACE',''
  ) );
#5064 = PCURVE('',#1185,#5065);
#5065 = DEFINITIONAL_REPRESENTATION('',(#5066),#5070);
#5066 = LINE('',#5067,#5068);
#5067 = CARTESIAN_POINT('',(10.,0.));
#5068 = VECTOR('',#5069,1.);
#5069 = DIRECTION('',(0.,-1.));
#5070 = ( GEOMETRIC_REPRESENTATION_CONTEXT(2) 
PARAMETRIC_REPRESENTATION_CONTEXT() REPRESENTATION_CONTEXT('2D SPACE',''
  ) );
#5071 = ORIENTED_EDGE('',*,*,#3830,.T.);
#5072 = ORIENTED_EDGE('',*,*,#5026,.F.);
#5073 = ADVANCED_FACE('',(#5074),#1185,.F.);
#5074 = FACE_BOUND('',#5075,.F.);
#5075 = EDGE_LOOP('',(#5076,#5097,#5098,#5099));
#5076 = ORIENTED_EDGE('',*,*,#5077,.T.);
#5077 = EDGE_CURVE('',#1142,#3785,#5078,.T.);
#5078 = SURFACE_CURVE('',#5079,(#5083,#5090),.PCURVE_S1.);
#5079 = LINE('',#5080,#5081);
#5080 = CARTESIAN_POINT('',(7.438,-47.3535,0.));
#5081 = VECTOR('',#5082,1.);
#5082 = DIRECTION('',(0.,0.,1.));
#5083 = PCURVE('',#1185,#5084);
#5084 = DEFINITIONAL_REPRESENTATION('',(#5085),#5089);
#5085 = LINE('',#5086,#5087);
#5086 = CARTESIAN_POINT('',(0.,0.));
#5087 = VECTOR('',#5088,1.);
#5088 = DIRECTION('',(0.,-1.));
#5089 = ( GEOMETRIC_REPRESENTATION_CONTEXT(2) 
PARAMETRIC_REPRESENTATION_CONTEXT() REPRESENTATION_CONTEXT('2D SPACE',''
  ) );
#5090 = PCURVE('',#1157,#5091);
#5091 = DEFINITIONAL_REPRESENTATION('',(#5092),#5096);
#5092 = LINE('',#5093,#5094);
#5093 = CARTESIAN_POINT('',(10.,0.));
#5094 = VECTOR('',#5095,1.);
#5095 = DIRECTION('',(0.,-1.));
#5096 = ( GEOMETRIC_REPRESENTATION_CONTEXT(2) 
PARAMETRIC_REPRESENTATION_CONTEXT() REPRESENTATION_CONTEXT('2D SPACE',''
  ) );
#5097 = ORIENTED_EDGE('',*,*,#3807,.T.);
#5098 = ORIENTED_EDGE('',*,*,#5051,.F.);
#5099 = ORIENTED_EDGE('',*,*,#1169,.F.);
#5100 = ADVANCED_FACE('',(#5101),#1157,.F.);
#5101 = FACE_BOUND('',#5102,.F.);
#5102 = EDGE_LOOP('',(#5103,#5104,#5123,#5124));
#5103 = ORIENTED_EDGE('',*,*,#1141,.F.);
#5104 = ORIENTED_EDGE('',*,*,#5105,.F.);
#5105 = EDGE_CURVE('',#3762,#1114,#5106,.T.);
#5106 = SURFACE_CURVE('',#5107,(#5111,#5117),.PCURVE_S1.);
#5107 = LINE('',#5108,#5109);
#5108 = CARTESIAN_POINT('',(10.4,-47.3535,0.));
#5109 = VECTOR('',#5110,1.);
#5110 = DIRECTION('',(0.,-0.,-1.));
#5111 = PCURVE('',#1157,#5112);
#5112 = DEFINITIONAL_REPRESENTATION('',(#5113),#5116);
#5113 = B_SPLINE_CURVE_WITH_KNOTS('',1,(#5114,#5115),.UNSPECIFIED.,.F.,
  .F.,(2,2),(-3.2,0.),.PIECEWISE_BEZIER_KNOTS.);
#5114 = CARTESIAN_POINT('',(7.038,-3.2));
#5115 = CARTESIAN_POINT('',(7.038,0.));
#5116 = ( GEOMETRIC_REPRESENTATION_CONTEXT(2) 
PARAMETRIC_REPRESENTATION_CONTEXT() REPRESENTATION_CONTEXT('2D SPACE',''
  ) );
#5117 = PCURVE('',#1129,#5118);
#5118 = DEFINITIONAL_REPRESENTATION('',(#5119),#5122);
#5119 = B_SPLINE_CURVE_WITH_KNOTS('',1,(#5120,#5121),.UNSPECIFIED.,.F.,
  .F.,(2,2),(-3.2,0.),.PIECEWISE_BEZIER_KNOTS.);
#5120 = CARTESIAN_POINT('',(105.924,-3.2));
#5121 = CARTESIAN_POINT('',(105.924,0.));
#5122 = ( GEOMETRIC_REPRESENTATION_CONTEXT(2) 
PARAMETRIC_REPRESENTATION_CONTEXT() REPRESENTATION_CONTEXT('2D SPACE',''
  ) );
#5123 = ORIENTED_EDGE('',*,*,#3784,.T.);
#5124 = ORIENTED_EDGE('',*,*,#5077,.F.);
#5125 = ADVANCED_FACE('',(#5126),#1129,.F.);
#5126 = FACE_BOUND('',#5127,.F.);
#5127 = EDGE_LOOP('',(#5128,#5129,#5130,#5149));
#5128 = ORIENTED_EDGE('',*,*,#5105,.T.);
#5129 = ORIENTED_EDGE('',*,*,#1113,.T.);
#5130 = ORIENTED_EDGE('',*,*,#5131,.F.);
#5131 = EDGE_CURVE('',#3741,#1088,#5132,.T.);
#5132 = SURFACE_CURVE('',#5133,(#5137,#5143),.PCURVE_S1.);
#5133 = LINE('',#5134,#5135);
#5134 = CARTESIAN_POINT('',(10.4,-43.7,-0.5));
#5135 = VECTOR('',#5136,1.);
#5136 = DIRECTION('',(0.,-0.,-1.));
#5137 = PCURVE('',#1129,#5138);
#5138 = DEFINITIONAL_REPRESENTATION('',(#5139),#5142);
#5139 = B_SPLINE_CURVE_WITH_KNOTS('',1,(#5140,#5141),.UNSPECIFIED.,.F.,
  .F.,(2,2),(-3.7,-0.5),.PIECEWISE_BEZIER_KNOTS.);
#5140 = CARTESIAN_POINT('',(102.2705,-3.2));
#5141 = CARTESIAN_POINT('',(102.2705,0.));
#5142 = ( GEOMETRIC_REPRESENTATION_CONTEXT(2) 
PARAMETRIC_REPRESENTATION_CONTEXT() REPRESENTATION_CONTEXT('2D SPACE',''
  ) );
#5143 = PCURVE('',#1102,#5144);
#5144 = DEFINITIONAL_REPRESENTATION('',(#5145),#5148);
#5145 = B_SPLINE_CURVE_WITH_KNOTS('',1,(#5146,#5147),.UNSPECIFIED.,.F.,
  .F.,(2,2),(-3.7,-0.5),.PIECEWISE_BEZIER_KNOTS.);
#5146 = CARTESIAN_POINT('',(3.65,-4.2));
#5147 = CARTESIAN_POINT('',(3.65,-1.));
#5148 = ( GEOMETRIC_REPRESENTATION_CONTEXT(2) 
PARAMETRIC_REPRESENTATION_CONTEXT() REPRESENTATION_CONTEXT('2D SPACE',''
  ) );
#5149 = ORIENTED_EDGE('',*,*,#3761,.T.);
#5150 = ADVANCED_FACE('',(#5151),#1102,.F.);
#5151 = FACE_BOUND('',#5152,.F.);
#5152 = EDGE_LOOP('',(#5153,#5154,#5177,#5205,#5224,#5225));
#5153 = ORIENTED_EDGE('',*,*,#1087,.T.);
#5154 = ORIENTED_EDGE('',*,*,#5155,.T.);
#5155 = EDGE_CURVE('',#1055,#5156,#5158,.T.);
#5156 = VERTEX_POINT('',#5157);
#5157 = CARTESIAN_POINT('',(14.05,-43.7,4.2));
#5158 = SURFACE_CURVE('',#5159,(#5163,#5170),.PCURVE_S1.);
#5159 = LINE('',#5160,#5161);
#5160 = CARTESIAN_POINT('',(14.05,-43.7,-1.));
#5161 = VECTOR('',#5162,1.);
#5162 = DIRECTION('',(0.,0.,1.));
#5163 = PCURVE('',#1102,#5164);
#5164 = DEFINITIONAL_REPRESENTATION('',(#5165),#5169);
#5165 = LINE('',#5166,#5167);
#5166 = CARTESIAN_POINT('',(0.,-0.));
#5167 = VECTOR('',#5168,1.);
#5168 = DIRECTION('',(0.,-1.));
#5169 = ( GEOMETRIC_REPRESENTATION_CONTEXT(2) 
PARAMETRIC_REPRESENTATION_CONTEXT() REPRESENTATION_CONTEXT('2D SPACE',''
  ) );
#5170 = PCURVE('',#1075,#5171);
#5171 = DEFINITIONAL_REPRESENTATION('',(#5172),#5176);
#5172 = LINE('',#5173,#5174);
#5173 = CARTESIAN_POINT('',(3.14159265359,0.));
#5174 = VECTOR('',#5175,1.);
#5175 = DIRECTION('',(0.,-1.));
#5176 = ( GEOMETRIC_REPRESENTATION_CONTEXT(2) 
PARAMETRIC_REPRESENTATION_CONTEXT() REPRESENTATION_CONTEXT('2D SPACE',''
  ) );
#5177 = ORIENTED_EDGE('',*,*,#5178,.T.);
#5178 = EDGE_CURVE('',#5156,#5179,#5181,.T.);
#5179 = VERTEX_POINT('',#5180);
#5180 = CARTESIAN_POINT('',(13.441070952985,-43.7,4.2));
#5181 = SURFACE_CURVE('',#5182,(#5186,#5193),.PCURVE_S1.);
#5182 = LINE('',#5183,#5184);
#5183 = CARTESIAN_POINT('',(14.05,-43.7,4.2));
#5184 = VECTOR('',#5185,1.);
#5185 = DIRECTION('',(-1.,0.,0.));
#5186 = PCURVE('',#1102,#5187);
#5187 = DEFINITIONAL_REPRESENTATION('',(#5188),#5192);
#5188 = LINE('',#5189,#5190);
#5189 = CARTESIAN_POINT('',(0.,-5.2));
#5190 = VECTOR('',#5191,1.);
#5191 = DIRECTION('',(1.,0.));
#5192 = ( GEOMETRIC_REPRESENTATION_CONTEXT(2) 
PARAMETRIC_REPRESENTATION_CONTEXT() REPRESENTATION_CONTEXT('2D SPACE',''
  ) );
#5193 = PCURVE('',#5194,#5199);
#5194 = PLANE('',#5195);
#5195 = AXIS2_PLACEMENT_3D('',#5196,#5197,#5198);
#5196 = CARTESIAN_POINT('',(12.,-42.,4.2));
#5197 = DIRECTION('',(-0.,-0.,-1.));
#5198 = DIRECTION('',(-1.,0.,0.));
#5199 = DEFINITIONAL_REPRESENTATION('',(#5200),#5204);
#5200 = LINE('',#5201,#5202);
#5201 = CARTESIAN_POINT('',(-2.05,-1.7));
#5202 = VECTOR('',#5203,1.);
#5203 = DIRECTION('',(1.,0.));
#5204 = ( GEOMETRIC_REPRESENTATION_CONTEXT(2) 
PARAMETRIC_REPRESENTATION_CONTEXT() REPRESENTATION_CONTEXT('2D SPACE',''
  ) );
#5205 = ORIENTED_EDGE('',*,*,#5206,.T.);
#5206 = EDGE_CURVE('',#5179,#3718,#5207,.T.);
#5207 = SURFACE_CURVE('',#5208,(#5212,#5218),.PCURVE_S1.);
#5208 = LINE('',#5209,#5210);
#5209 = CARTESIAN_POINT('',(13.441070952985,-43.7,1.1));
#5210 = VECTOR('',#5211,1.);
#5211 = DIRECTION('',(0.,-0.,-1.));
#5212 = PCURVE('',#1102,#5213);
#5213 = DEFINITIONAL_REPRESENTATION('',(#5214),#5217);
#5214 = B_SPLINE_CURVE_WITH_KNOTS('',1,(#5215,#5216),.UNSPECIFIED.,.F.,
  .F.,(2,2),(-3.1,-2.1),.PIECEWISE_BEZIER_KNOTS.);
#5215 = CARTESIAN_POINT('',(0.608929047015,-5.2));
#5216 = CARTESIAN_POINT('',(0.608929047015,-4.2));
#5217 = ( GEOMETRIC_REPRESENTATION_CONTEXT(2) 
PARAMETRIC_REPRESENTATION_CONTEXT() REPRESENTATION_CONTEXT('2D SPACE',''
  ) );
#5218 = PCURVE('',#3112,#5219);
#5219 = DEFINITIONAL_REPRESENTATION('',(#5220),#5223);
#5220 = B_SPLINE_CURVE_WITH_KNOTS('',1,(#5221,#5222),.UNSPECIFIED.,.F.,
  .F.,(2,2),(-3.1,-2.1),.PIECEWISE_BEZIER_KNOTS.);
#5221 = CARTESIAN_POINT('',(96.20193954906,-1.));
#5222 = CARTESIAN_POINT('',(96.20193954906,0.));
#5223 = ( GEOMETRIC_REPRESENTATION_CONTEXT(2) 
PARAMETRIC_REPRESENTATION_CONTEXT() REPRESENTATION_CONTEXT('2D SPACE',''
  ) );
#5224 = ORIENTED_EDGE('',*,*,#3740,.F.);
#5225 = ORIENTED_EDGE('',*,*,#5131,.T.);
#5226 = ADVANCED_FACE('',(#5227),#1075,.F.);
#5227 = FACE_BOUND('',#5228,.F.);
#5228 = EDGE_LOOP('',(#5229,#5230,#5253,#5275));
#5229 = ORIENTED_EDGE('',*,*,#1054,.F.);
#5230 = ORIENTED_EDGE('',*,*,#5231,.T.);
#5231 = EDGE_CURVE('',#1029,#5232,#5234,.T.);
#5232 = VERTEX_POINT('',#5233);
#5233 = CARTESIAN_POINT('',(14.05,-40.3,4.2));
#5234 = SURFACE_CURVE('',#5235,(#5239,#5246),.PCURVE_S1.);
#5235 = LINE('',#5236,#5237);
#5236 = CARTESIAN_POINT('',(14.05,-40.3,-1.));
#5237 = VECTOR('',#5238,1.);
#5238 = DIRECTION('',(0.,0.,1.));
#5239 = PCURVE('',#1075,#5240);
#5240 = DEFINITIONAL_REPRESENTATION('',(#5241),#5245);
#5241 = LINE('',#5242,#5243);
#5242 = CARTESIAN_POINT('',(0.,0.));
#5243 = VECTOR('',#5244,1.);
#5244 = DIRECTION('',(0.,-1.));
#5245 = ( GEOMETRIC_REPRESENTATION_CONTEXT(2) 
PARAMETRIC_REPRESENTATION_CONTEXT() REPRESENTATION_CONTEXT('2D SPACE',''
  ) );
#5246 = PCURVE('',#1043,#5247);
#5247 = DEFINITIONAL_REPRESENTATION('',(#5248),#5252);
#5248 = LINE('',#5249,#5250);
#5249 = CARTESIAN_POINT('',(4.1,0.));
#5250 = VECTOR('',#5251,1.);
#5251 = DIRECTION('',(0.,-1.));
#5252 = ( GEOMETRIC_REPRESENTATION_CONTEXT(2) 
PARAMETRIC_REPRESENTATION_CONTEXT() REPRESENTATION_CONTEXT('2D SPACE',''
  ) );
#5253 = ORIENTED_EDGE('',*,*,#5254,.T.);
#5254 = EDGE_CURVE('',#5232,#5156,#5255,.T.);
#5255 = SURFACE_CURVE('',#5256,(#5261,#5268),.PCURVE_S1.);
#5256 = CIRCLE('',#5257,1.7);
#5257 = AXIS2_PLACEMENT_3D('',#5258,#5259,#5260);
#5258 = CARTESIAN_POINT('',(14.05,-42.,4.2));
#5259 = DIRECTION('',(0.,0.,-1.));
#5260 = DIRECTION('',(0.,1.,0.));
#5261 = PCURVE('',#1075,#5262);
#5262 = DEFINITIONAL_REPRESENTATION('',(#5263),#5267);
#5263 = LINE('',#5264,#5265);
#5264 = CARTESIAN_POINT('',(0.,-5.2));
#5265 = VECTOR('',#5266,1.);
#5266 = DIRECTION('',(1.,0.));
#5267 = ( GEOMETRIC_REPRESENTATION_CONTEXT(2) 
PARAMETRIC_REPRESENTATION_CONTEXT() REPRESENTATION_CONTEXT('2D SPACE',''
  ) );
#5268 = PCURVE('',#5194,#5269);
#5269 = DEFINITIONAL_REPRESENTATION('',(#5270),#5274);
#5270 = CIRCLE('',#5271,1.7);
#5271 = AXIS2_PLACEMENT_2D('',#5272,#5273);
#5272 = CARTESIAN_POINT('',(-2.05,-7.105427357601E-15));
#5273 = DIRECTION('',(0.,1.));
#5274 = ( GEOMETRIC_REPRESENTATION_CONTEXT(2) 
PARAMETRIC_REPRESENTATION_CONTEXT() REPRESENTATION_CONTEXT('2D SPACE',''
  ) );
#5275 = ORIENTED_EDGE('',*,*,#5155,.F.);
#5276 = ADVANCED_FACE('',(#5277),#1043,.F.);
#5277 = FACE_BOUND('',#5278,.F.);
#5278 = EDGE_LOOP('',(#5279,#5302,#5323,#5324,#5325,#5346));
#5279 = ORIENTED_EDGE('',*,*,#5280,.T.);
#5280 = EDGE_CURVE('',#5281,#5283,#5285,.T.);
#5281 = VERTEX_POINT('',#5282);
#5282 = CARTESIAN_POINT('',(13.419480639286,-40.3,3.2));
#5283 = VERTEX_POINT('',#5284);
#5284 = CARTESIAN_POINT('',(13.419480639286,-40.3,4.2));
#5285 = SURFACE_CURVE('',#5286,(#5290,#5296),.PCURVE_S1.);
#5286 = LINE('',#5287,#5288);
#5287 = CARTESIAN_POINT('',(13.419480639286,-40.3,1.1));
#5288 = VECTOR('',#5289,1.);
#5289 = DIRECTION('',(0.,-0.,1.));
#5290 = PCURVE('',#1043,#5291);
#5291 = DEFINITIONAL_REPRESENTATION('',(#5292),#5295);
#5292 = B_SPLINE_CURVE_WITH_KNOTS('',1,(#5293,#5294),.UNSPECIFIED.,.F.,
  .F.,(2,2),(2.1,3.1),.PIECEWISE_BEZIER_KNOTS.);
#5293 = CARTESIAN_POINT('',(3.469480639286,-4.2));
#5294 = CARTESIAN_POINT('',(3.469480639286,-5.2));
#5295 = ( GEOMETRIC_REPRESENTATION_CONTEXT(2) 
PARAMETRIC_REPRESENTATION_CONTEXT() REPRESENTATION_CONTEXT('2D SPACE',''
  ) );
#5296 = PCURVE('',#3112,#5297);
#5297 = DEFINITIONAL_REPRESENTATION('',(#5298),#5301);
#5298 = B_SPLINE_CURVE_WITH_KNOTS('',1,(#5299,#5300),.UNSPECIFIED.,.F.,
  .F.,(2,2),(2.1,3.1),.PIECEWISE_BEZIER_KNOTS.);
#5299 = CARTESIAN_POINT('',(92.801870999509,0.));
#5300 = CARTESIAN_POINT('',(92.801870999509,-1.));
#5301 = ( GEOMETRIC_REPRESENTATION_CONTEXT(2) 
PARAMETRIC_REPRESENTATION_CONTEXT() REPRESENTATION_CONTEXT('2D SPACE',''
  ) );
#5302 = ORIENTED_EDGE('',*,*,#5303,.T.);
#5303 = EDGE_CURVE('',#5283,#5232,#5304,.T.);
#5304 = SURFACE_CURVE('',#5305,(#5309,#5316),.PCURVE_S1.);
#5305 = LINE('',#5306,#5307);
#5306 = CARTESIAN_POINT('',(9.95,-40.3,4.2));
#5307 = VECTOR('',#5308,1.);
#5308 = DIRECTION('',(1.,0.,0.));
#5309 = PCURVE('',#1043,#5310);
#5310 = DEFINITIONAL_REPRESENTATION('',(#5311),#5315);
#5311 = LINE('',#5312,#5313);
#5312 = CARTESIAN_POINT('',(0.,-5.2));
#5313 = VECTOR('',#5314,1.);
#5314 = DIRECTION('',(1.,0.));
#5315 = ( GEOMETRIC_REPRESENTATION_CONTEXT(2) 
PARAMETRIC_REPRESENTATION_CONTEXT() REPRESENTATION_CONTEXT('2D SPACE',''
  ) );
#5316 = PCURVE('',#5194,#5317);
#5317 = DEFINITIONAL_REPRESENTATION('',(#5318),#5322);
#5318 = LINE('',#5319,#5320);
#5319 = CARTESIAN_POINT('',(2.05,1.7));
#5320 = VECTOR('',#5321,1.);
#5321 = DIRECTION('',(-1.,0.));
#5322 = ( GEOMETRIC_REPRESENTATION_CONTEXT(2) 
PARAMETRIC_REPRESENTATION_CONTEXT() REPRESENTATION_CONTEXT('2D SPACE',''
  ) );
#5323 = ORIENTED_EDGE('',*,*,#5231,.F.);
#5324 = ORIENTED_EDGE('',*,*,#1028,.T.);
#5325 = ORIENTED_EDGE('',*,*,#5326,.T.);
#5326 = EDGE_CURVE('',#1001,#5327,#5329,.T.);
#5327 = VERTEX_POINT('',#5328);
#5328 = CARTESIAN_POINT('',(10.4,-40.3,3.2));
#5329 = SURFACE_CURVE('',#5330,(#5334,#5340),.PCURVE_S1.);
#5330 = LINE('',#5331,#5332);
#5331 = CARTESIAN_POINT('',(10.4,-40.3,-0.5));
#5332 = VECTOR('',#5333,1.);
#5333 = DIRECTION('',(0.,-0.,1.));
#5334 = PCURVE('',#1043,#5335);
#5335 = DEFINITIONAL_REPRESENTATION('',(#5336),#5339);
#5336 = B_SPLINE_CURVE_WITH_KNOTS('',1,(#5337,#5338),.UNSPECIFIED.,.F.,
  .F.,(2,2),(0.5,3.7),.PIECEWISE_BEZIER_KNOTS.);
#5337 = CARTESIAN_POINT('',(0.45,-1.));
#5338 = CARTESIAN_POINT('',(0.45,-4.2));
#5339 = ( GEOMETRIC_REPRESENTATION_CONTEXT(2) 
PARAMETRIC_REPRESENTATION_CONTEXT() REPRESENTATION_CONTEXT('2D SPACE',''
  ) );
#5340 = PCURVE('',#1016,#5341);
#5341 = DEFINITIONAL_REPRESENTATION('',(#5342),#5345);
#5342 = B_SPLINE_CURVE_WITH_KNOTS('',1,(#5343,#5344),.UNSPECIFIED.,.F.,
  .F.,(2,2),(0.5,3.7),.PIECEWISE_BEZIER_KNOTS.);
#5343 = CARTESIAN_POINT('',(98.8705,0.));
#5344 = CARTESIAN_POINT('',(98.8705,-3.2));
#5345 = ( GEOMETRIC_REPRESENTATION_CONTEXT(2) 
PARAMETRIC_REPRESENTATION_CONTEXT() REPRESENTATION_CONTEXT('2D SPACE',''
  ) );
#5346 = ORIENTED_EDGE('',*,*,#5347,.F.);
#5347 = EDGE_CURVE('',#5281,#5327,#5348,.T.);
#5348 = SURFACE_CURVE('',#5349,(#5353,#5359),.PCURVE_S1.);
#5349 = LINE('',#5350,#5351);
#5350 = CARTESIAN_POINT('',(4.99275,-40.3,3.2));
#5351 = VECTOR('',#5352,1.);
#5352 = DIRECTION('',(-1.,0.,0.));
#5353 = PCURVE('',#1043,#5354);
#5354 = DEFINITIONAL_REPRESENTATION('',(#5355),#5358);
#5355 = B_SPLINE_CURVE_WITH_KNOTS('',1,(#5356,#5357),.UNSPECIFIED.,.F.,
  .F.,(2,2),(-9.05725,-4.95725),.PIECEWISE_BEZIER_KNOTS.);
#5356 = CARTESIAN_POINT('',(4.1,-4.2));
#5357 = CARTESIAN_POINT('',(0.,-4.2));
#5358 = ( GEOMETRIC_REPRESENTATION_CONTEXT(2) 
PARAMETRIC_REPRESENTATION_CONTEXT() REPRESENTATION_CONTEXT('2D SPACE',''
  ) );
#5359 = PCURVE('',#5360,#5365);
#5360 = PLANE('',#5361);
#5361 = AXIS2_PLACEMENT_3D('',#5362,#5363,#5364);
#5362 = CARTESIAN_POINT('',(3.55E-02,2.042780042794E-15,3.2));
#5363 = DIRECTION('',(0.,0.,1.));
#5364 = DIRECTION('',(1.,0.,-0.));
#5365 = DEFINITIONAL_REPRESENTATION('',(#5366),#5369);
#5366 = B_SPLINE_CURVE_WITH_KNOTS('',1,(#5367,#5368),.UNSPECIFIED.,.F.,
  .F.,(2,2),(-9.05725,-4.95725),.PIECEWISE_BEZIER_KNOTS.);
#5367 = CARTESIAN_POINT('',(14.0145,-40.3));
#5368 = CARTESIAN_POINT('',(9.9145,-40.3));
#5369 = ( GEOMETRIC_REPRESENTATION_CONTEXT(2) 
PARAMETRIC_REPRESENTATION_CONTEXT() REPRESENTATION_CONTEXT('2D SPACE',''
  ) );
#5370 = ADVANCED_FACE('',(#5371),#1016,.F.);
#5371 = FACE_BOUND('',#5372,.F.);
#5372 = EDGE_LOOP('',(#5373,#5374,#5375,#5396));
#5373 = ORIENTED_EDGE('',*,*,#5326,.F.);
#5374 = ORIENTED_EDGE('',*,*,#1000,.T.);
#5375 = ORIENTED_EDGE('',*,*,#5376,.F.);
#5376 = EDGE_CURVE('',#5377,#975,#5379,.T.);
#5377 = VERTEX_POINT('',#5378);
#5378 = CARTESIAN_POINT('',(10.4,-15.7,3.2));
#5379 = SURFACE_CURVE('',#5380,(#5384,#5390),.PCURVE_S1.);
#5380 = LINE('',#5381,#5382);
#5381 = CARTESIAN_POINT('',(10.4,-15.7,-0.5));
#5382 = VECTOR('',#5383,1.);
#5383 = DIRECTION('',(0.,-0.,-1.));
#5384 = PCURVE('',#1016,#5385);
#5385 = DEFINITIONAL_REPRESENTATION('',(#5386),#5389);
#5386 = B_SPLINE_CURVE_WITH_KNOTS('',1,(#5387,#5388),.UNSPECIFIED.,.F.,
  .F.,(2,2),(-3.7,-0.5),.PIECEWISE_BEZIER_KNOTS.);
#5387 = CARTESIAN_POINT('',(74.2705,-3.2));
#5388 = CARTESIAN_POINT('',(74.2705,0.));
#5389 = ( GEOMETRIC_REPRESENTATION_CONTEXT(2) 
PARAMETRIC_REPRESENTATION_CONTEXT() REPRESENTATION_CONTEXT('2D SPACE',''
  ) );
#5390 = PCURVE('',#989,#5391);
#5391 = DEFINITIONAL_REPRESENTATION('',(#5392),#5395);
#5392 = B_SPLINE_CURVE_WITH_KNOTS('',1,(#5393,#5394),.UNSPECIFIED.,.F.,
  .F.,(2,2),(-3.7,-0.5),.PIECEWISE_BEZIER_KNOTS.);
#5393 = CARTESIAN_POINT('',(3.65,-4.2));
#5394 = CARTESIAN_POINT('',(3.65,-1.));
#5395 = ( GEOMETRIC_REPRESENTATION_CONTEXT(2) 
PARAMETRIC_REPRESENTATION_CONTEXT() REPRESENTATION_CONTEXT('2D SPACE',''
  ) );
#5396 = ORIENTED_EDGE('',*,*,#5397,.T.);
#5397 = EDGE_CURVE('',#5377,#5327,#5398,.T.);
#5398 = SURFACE_CURVE('',#5399,(#5403,#5410),.PCURVE_S1.);
#5399 = LINE('',#5400,#5401);
#5400 = CARTESIAN_POINT('',(10.4,58.5705,3.2));
#5401 = VECTOR('',#5402,1.);
#5402 = DIRECTION('',(0.,-1.,0.));
#5403 = PCURVE('',#1016,#5404);
#5404 = DEFINITIONAL_REPRESENTATION('',(#5405),#5409);
#5405 = LINE('',#5406,#5407);
#5406 = CARTESIAN_POINT('',(0.,-3.2));
#5407 = VECTOR('',#5408,1.);
#5408 = DIRECTION('',(1.,0.));
#5409 = ( GEOMETRIC_REPRESENTATION_CONTEXT(2) 
PARAMETRIC_REPRESENTATION_CONTEXT() REPRESENTATION_CONTEXT('2D SPACE',''
  ) );
#5410 = PCURVE('',#5360,#5411);
#5411 = DEFINITIONAL_REPRESENTATION('',(#5412),#5416);
#5412 = LINE('',#5413,#5414);
#5413 = CARTESIAN_POINT('',(10.3645,58.5705));
#5414 = VECTOR('',#5415,1.);
#5415 = DIRECTION('',(0.,-1.));
#5416 = ( GEOMETRIC_REPRESENTATION_CONTEXT(2) 
PARAMETRIC_REPRESENTATION_CONTEXT() REPRESENTATION_CONTEXT('2D SPACE',''
  ) );
#5417 = ADVANCED_FACE('',(#5418),#989,.F.);
#5418 = FACE_BOUND('',#5419,.F.);
#5419 = EDGE_LOOP('',(#5420,#5421,#5444,#5472,#5493,#5512));
#5420 = ORIENTED_EDGE('',*,*,#974,.T.);
#5421 = ORIENTED_EDGE('',*,*,#5422,.T.);
#5422 = EDGE_CURVE('',#942,#5423,#5425,.T.);
#5423 = VERTEX_POINT('',#5424);
#5424 = CARTESIAN_POINT('',(14.05,-15.7,4.2));
#5425 = SURFACE_CURVE('',#5426,(#5430,#5437),.PCURVE_S1.);
#5426 = LINE('',#5427,#5428);
#5427 = CARTESIAN_POINT('',(14.05,-15.7,-1.));
#5428 = VECTOR('',#5429,1.);
#5429 = DIRECTION('',(0.,0.,1.));
#5430 = PCURVE('',#989,#5431);
#5431 = DEFINITIONAL_REPRESENTATION('',(#5432),#5436);
#5432 = LINE('',#5433,#5434);
#5433 = CARTESIAN_POINT('',(0.,-0.));
#5434 = VECTOR('',#5435,1.);
#5435 = DIRECTION('',(0.,-1.));
#5436 = ( GEOMETRIC_REPRESENTATION_CONTEXT(2) 
PARAMETRIC_REPRESENTATION_CONTEXT() REPRESENTATION_CONTEXT('2D SPACE',''
  ) );
#5437 = PCURVE('',#962,#5438);
#5438 = DEFINITIONAL_REPRESENTATION('',(#5439),#5443);
#5439 = LINE('',#5440,#5441);
#5440 = CARTESIAN_POINT('',(3.14159265359,0.));
#5441 = VECTOR('',#5442,1.);
#5442 = DIRECTION('',(0.,-1.));
#5443 = ( GEOMETRIC_REPRESENTATION_CONTEXT(2) 
PARAMETRIC_REPRESENTATION_CONTEXT() REPRESENTATION_CONTEXT('2D SPACE',''
  ) );
#5444 = ORIENTED_EDGE('',*,*,#5445,.T.);
#5445 = EDGE_CURVE('',#5423,#5446,#5448,.T.);
#5446 = VERTEX_POINT('',#5447);
#5447 = CARTESIAN_POINT('',(13.263268369586,-15.7,4.2));
#5448 = SURFACE_CURVE('',#5449,(#5453,#5460),.PCURVE_S1.);
#5449 = LINE('',#5450,#5451);
#5450 = CARTESIAN_POINT('',(14.05,-15.7,4.2));
#5451 = VECTOR('',#5452,1.);
#5452 = DIRECTION('',(-1.,0.,0.));
#5453 = PCURVE('',#989,#5454);
#5454 = DEFINITIONAL_REPRESENTATION('',(#5455),#5459);
#5455 = LINE('',#5456,#5457);
#5456 = CARTESIAN_POINT('',(0.,-5.2));
#5457 = VECTOR('',#5458,1.);
#5458 = DIRECTION('',(1.,0.));
#5459 = ( GEOMETRIC_REPRESENTATION_CONTEXT(2) 
PARAMETRIC_REPRESENTATION_CONTEXT() REPRESENTATION_CONTEXT('2D SPACE',''
  ) );
#5460 = PCURVE('',#5461,#5466);
#5461 = PLANE('',#5462);
#5462 = AXIS2_PLACEMENT_3D('',#5463,#5464,#5465);
#5463 = CARTESIAN_POINT('',(12.,-14.,4.2));
#5464 = DIRECTION('',(-0.,-0.,-1.));
#5465 = DIRECTION('',(-1.,0.,0.));
#5466 = DEFINITIONAL_REPRESENTATION('',(#5467),#5471);
#5467 = LINE('',#5468,#5469);
#5468 = CARTESIAN_POINT('',(-2.05,-1.7));
#5469 = VECTOR('',#5470,1.);
#5470 = DIRECTION('',(1.,0.));
#5471 = ( GEOMETRIC_REPRESENTATION_CONTEXT(2) 
PARAMETRIC_REPRESENTATION_CONTEXT() REPRESENTATION_CONTEXT('2D SPACE',''
  ) );
#5472 = ORIENTED_EDGE('',*,*,#5473,.T.);
#5473 = EDGE_CURVE('',#5446,#5474,#5476,.T.);
#5474 = VERTEX_POINT('',#5475);
#5475 = CARTESIAN_POINT('',(13.263268369586,-15.7,3.2));
#5476 = SURFACE_CURVE('',#5477,(#5481,#5487),.PCURVE_S1.);
#5477 = LINE('',#5478,#5479);
#5478 = CARTESIAN_POINT('',(13.263268369586,-15.7,1.1));
#5479 = VECTOR('',#5480,1.);
#5480 = DIRECTION('',(0.,-0.,-1.));
#5481 = PCURVE('',#989,#5482);
#5482 = DEFINITIONAL_REPRESENTATION('',(#5483),#5486);
#5483 = B_SPLINE_CURVE_WITH_KNOTS('',1,(#5484,#5485),.UNSPECIFIED.,.F.,
  .F.,(2,2),(-3.1,-2.1),.PIECEWISE_BEZIER_KNOTS.);
#5484 = CARTESIAN_POINT('',(0.786731630414,-5.2));
#5485 = CARTESIAN_POINT('',(0.786731630414,-4.2));
#5486 = ( GEOMETRIC_REPRESENTATION_CONTEXT(2) 
PARAMETRIC_REPRESENTATION_CONTEXT() REPRESENTATION_CONTEXT('2D SPACE',''
  ) );
#5487 = PCURVE('',#3112,#5488);
#5488 = DEFINITIONAL_REPRESENTATION('',(#5489),#5492);
#5489 = B_SPLINE_CURVE_WITH_KNOTS('',1,(#5490,#5491),.UNSPECIFIED.,.F.,
  .F.,(2,2),(-3.1,-2.1),.PIECEWISE_BEZIER_KNOTS.);
#5490 = CARTESIAN_POINT('',(68.201375023346,-1.));
#5491 = CARTESIAN_POINT('',(68.201375023346,0.));
#5492 = ( GEOMETRIC_REPRESENTATION_CONTEXT(2) 
PARAMETRIC_REPRESENTATION_CONTEXT() REPRESENTATION_CONTEXT('2D SPACE',''
  ) );
#5493 = ORIENTED_EDGE('',*,*,#5494,.F.);
#5494 = EDGE_CURVE('',#5377,#5474,#5495,.T.);
#5495 = SURFACE_CURVE('',#5496,(#5500,#5506),.PCURVE_S1.);
#5496 = LINE('',#5497,#5498);
#5497 = CARTESIAN_POINT('',(7.04275,-15.7,3.2));
#5498 = VECTOR('',#5499,1.);
#5499 = DIRECTION('',(1.,0.,-0.));
#5500 = PCURVE('',#989,#5501);
#5501 = DEFINITIONAL_REPRESENTATION('',(#5502),#5505);
#5502 = B_SPLINE_CURVE_WITH_KNOTS('',1,(#5503,#5504),.UNSPECIFIED.,.F.,
  .F.,(2,2),(2.90725,7.00725),.PIECEWISE_BEZIER_KNOTS.);
#5503 = CARTESIAN_POINT('',(4.1,-4.2));
#5504 = CARTESIAN_POINT('',(0.,-4.2));
#5505 = ( GEOMETRIC_REPRESENTATION_CONTEXT(2) 
PARAMETRIC_REPRESENTATION_CONTEXT() REPRESENTATION_CONTEXT('2D SPACE',''
  ) );
#5506 = PCURVE('',#5360,#5507);
#5507 = DEFINITIONAL_REPRESENTATION('',(#5508),#5511);
#5508 = B_SPLINE_CURVE_WITH_KNOTS('',1,(#5509,#5510),.UNSPECIFIED.,.F.,
  .F.,(2,2),(2.90725,7.00725),.PIECEWISE_BEZIER_KNOTS.);
#5509 = CARTESIAN_POINT('',(9.9145,-15.7));
#5510 = CARTESIAN_POINT('',(14.0145,-15.7));
#5511 = ( GEOMETRIC_REPRESENTATION_CONTEXT(2) 
PARAMETRIC_REPRESENTATION_CONTEXT() REPRESENTATION_CONTEXT('2D SPACE',''
  ) );
#5512 = ORIENTED_EDGE('',*,*,#5376,.T.);
#5513 = ADVANCED_FACE('',(#5514),#962,.F.);
#5514 = FACE_BOUND('',#5515,.F.);
#5515 = EDGE_LOOP('',(#5516,#5517,#5540,#5564,#5583,#5584,#5605,#5627));
#5516 = ORIENTED_EDGE('',*,*,#941,.F.);
#5517 = ORIENTED_EDGE('',*,*,#5518,.T.);
#5518 = EDGE_CURVE('',#916,#5519,#5521,.T.);
#5519 = VERTEX_POINT('',#5520);
#5520 = CARTESIAN_POINT('',(14.05,-12.3,4.2));
#5521 = SURFACE_CURVE('',#5522,(#5526,#5533),.PCURVE_S1.);
#5522 = LINE('',#5523,#5524);
#5523 = CARTESIAN_POINT('',(14.05,-12.3,-1.));
#5524 = VECTOR('',#5525,1.);
#5525 = DIRECTION('',(0.,0.,1.));
#5526 = PCURVE('',#962,#5527);
#5527 = DEFINITIONAL_REPRESENTATION('',(#5528),#5532);
#5528 = LINE('',#5529,#5530);
#5529 = CARTESIAN_POINT('',(0.,0.));
#5530 = VECTOR('',#5531,1.);
#5531 = DIRECTION('',(0.,-1.));
#5532 = ( GEOMETRIC_REPRESENTATION_CONTEXT(2) 
PARAMETRIC_REPRESENTATION_CONTEXT() REPRESENTATION_CONTEXT('2D SPACE',''
  ) );
#5533 = PCURVE('',#930,#5534);
#5534 = DEFINITIONAL_REPRESENTATION('',(#5535),#5539);
#5535 = LINE('',#5536,#5537);
#5536 = CARTESIAN_POINT('',(4.1,0.));
#5537 = VECTOR('',#5538,1.);
#5538 = DIRECTION('',(0.,-1.));
#5539 = ( GEOMETRIC_REPRESENTATION_CONTEXT(2) 
PARAMETRIC_REPRESENTATION_CONTEXT() REPRESENTATION_CONTEXT('2D SPACE',''
  ) );
#5540 = ORIENTED_EDGE('',*,*,#5541,.T.);
#5541 = EDGE_CURVE('',#5519,#5542,#5544,.T.);
#5542 = VERTEX_POINT('',#5543);
#5543 = CARTESIAN_POINT('',(15.648804283159,-13.42222420944,4.2));
#5544 = SURFACE_CURVE('',#5545,(#5550,#5557),.PCURVE_S1.);
#5545 = CIRCLE('',#5546,1.7);
#5546 = AXIS2_PLACEMENT_3D('',#5547,#5548,#5549);
#5547 = CARTESIAN_POINT('',(14.05,-14.,4.2));
#5548 = DIRECTION('',(0.,0.,-1.));
#5549 = DIRECTION('',(0.,1.,0.));
#5550 = PCURVE('',#962,#5551);
#5551 = DEFINITIONAL_REPRESENTATION('',(#5552),#5556);
#5552 = LINE('',#5553,#5554);
#5553 = CARTESIAN_POINT('',(0.,-5.2));
#5554 = VECTOR('',#5555,1.);
#5555 = DIRECTION('',(1.,0.));
#5556 = ( GEOMETRIC_REPRESENTATION_CONTEXT(2) 
PARAMETRIC_REPRESENTATION_CONTEXT() REPRESENTATION_CONTEXT('2D SPACE',''
  ) );
#5557 = PCURVE('',#5461,#5558);
#5558 = DEFINITIONAL_REPRESENTATION('',(#5559),#5563);
#5559 = CIRCLE('',#5560,1.7);
#5560 = AXIS2_PLACEMENT_2D('',#5561,#5562);
#5561 = CARTESIAN_POINT('',(-2.05,1.7763568394E-15));
#5562 = DIRECTION('',(0.,1.));
#5563 = ( GEOMETRIC_REPRESENTATION_CONTEXT(2) 
PARAMETRIC_REPRESENTATION_CONTEXT() REPRESENTATION_CONTEXT('2D SPACE',''
  ) );
#5564 = ORIENTED_EDGE('',*,*,#5565,.T.);
#5565 = EDGE_CURVE('',#5542,#3555,#5566,.T.);
#5566 = SURFACE_CURVE('',#5567,(#5571,#5577),.PCURVE_S1.);
#5567 = LINE('',#5568,#5569);
#5568 = CARTESIAN_POINT('',(15.648804283159,-13.42222420944,-1.));
#5569 = VECTOR('',#5570,1.);
#5570 = DIRECTION('',(0.,0.,-1.));
#5571 = PCURVE('',#962,#5572);
#5572 = DEFINITIONAL_REPRESENTATION('',(#5573),#5576);
#5573 = B_SPLINE_CURVE_WITH_KNOTS('',1,(#5574,#5575),.UNSPECIFIED.,.F.,
  .F.,(2,2),(-5.2000006,-3.48),.PIECEWISE_BEZIER_KNOTS.);
#5574 = CARTESIAN_POINT('',(1.224019668526,-5.2000006));
#5575 = CARTESIAN_POINT('',(1.224019668526,-3.48));
#5576 = ( GEOMETRIC_REPRESENTATION_CONTEXT(2) 
PARAMETRIC_REPRESENTATION_CONTEXT() REPRESENTATION_CONTEXT('2D SPACE',''
  ) );
#5577 = PCURVE('',#3463,#5578);
#5578 = DEFINITIONAL_REPRESENTATION('',(#5579),#5582);
#5579 = B_SPLINE_CURVE_WITH_KNOTS('',1,(#5580,#5581),.UNSPECIFIED.,.F.,
  .F.,(2,2),(-5.2000006,-3.48),.PIECEWISE_BEZIER_KNOTS.);
#5580 = CARTESIAN_POINT('',(45.149186053506,-1.0000006));
#5581 = CARTESIAN_POINT('',(45.149186053506,0.72));
#5582 = ( GEOMETRIC_REPRESENTATION_CONTEXT(2) 
PARAMETRIC_REPRESENTATION_CONTEXT() REPRESENTATION_CONTEXT('2D SPACE',''
  ) );
#5583 = ORIENTED_EDGE('',*,*,#3577,.T.);
#5584 = ORIENTED_EDGE('',*,*,#5585,.F.);
#5585 = EDGE_CURVE('',#5586,#3578,#5588,.T.);
#5586 = VERTEX_POINT('',#5587);
#5587 = CARTESIAN_POINT('',(15.656012912319,-14.55742490567,4.2));
#5588 = SURFACE_CURVE('',#5589,(#5593,#5599),.PCURVE_S1.);
#5589 = LINE('',#5590,#5591);
#5590 = CARTESIAN_POINT('',(15.656012912319,-14.55742490567,-1.));
#5591 = VECTOR('',#5592,1.);
#5592 = DIRECTION('',(0.,0.,-1.));
#5593 = PCURVE('',#962,#5594);
#5594 = DEFINITIONAL_REPRESENTATION('',(#5595),#5598);
#5595 = B_SPLINE_CURVE_WITH_KNOTS('',1,(#5596,#5597),.UNSPECIFIED.,.F.,
  .F.,(2,2),(-5.2000006,-3.48),.PIECEWISE_BEZIER_KNOTS.);
#5596 = CARTESIAN_POINT('',(1.904872971237,-5.2000006));
#5597 = CARTESIAN_POINT('',(1.904872971237,-3.48));
#5598 = ( GEOMETRIC_REPRESENTATION_CONTEXT(2) 
PARAMETRIC_REPRESENTATION_CONTEXT() REPRESENTATION_CONTEXT('2D SPACE',''
  ) );
#5599 = PCURVE('',#3463,#5600);
#5600 = DEFINITIONAL_REPRESENTATION('',(#5601),#5604);
#5601 = B_SPLINE_CURVE_WITH_KNOTS('',1,(#5602,#5603),.UNSPECIFIED.,.F.,
  .F.,(2,2),(-5.2000006,-3.48),.PIECEWISE_BEZIER_KNOTS.);
#5602 = CARTESIAN_POINT('',(44.013962469777,-1.0000006));
#5603 = CARTESIAN_POINT('',(44.013962469777,0.72));
#5604 = ( GEOMETRIC_REPRESENTATION_CONTEXT(2) 
PARAMETRIC_REPRESENTATION_CONTEXT() REPRESENTATION_CONTEXT('2D SPACE',''
  ) );
#5605 = ORIENTED_EDGE('',*,*,#5606,.T.);
#5606 = EDGE_CURVE('',#5586,#5423,#5607,.T.);
#5607 = SURFACE_CURVE('',#5608,(#5613,#5620),.PCURVE_S1.);
#5608 = CIRCLE('',#5609,1.7);
#5609 = AXIS2_PLACEMENT_3D('',#5610,#5611,#5612);
#5610 = CARTESIAN_POINT('',(14.05,-14.,4.2));
#5611 = DIRECTION('',(0.,0.,-1.));
#5612 = DIRECTION('',(0.,1.,0.));
#5613 = PCURVE('',#962,#5614);
#5614 = DEFINITIONAL_REPRESENTATION('',(#5615),#5619);
#5615 = LINE('',#5616,#5617);
#5616 = CARTESIAN_POINT('',(0.,-5.2));
#5617 = VECTOR('',#5618,1.);
#5618 = DIRECTION('',(1.,0.));
#5619 = ( GEOMETRIC_REPRESENTATION_CONTEXT(2) 
PARAMETRIC_REPRESENTATION_CONTEXT() REPRESENTATION_CONTEXT('2D SPACE',''
  ) );
#5620 = PCURVE('',#5461,#5621);
#5621 = DEFINITIONAL_REPRESENTATION('',(#5622),#5626);
#5622 = CIRCLE('',#5623,1.7);
#5623 = AXIS2_PLACEMENT_2D('',#5624,#5625);
#5624 = CARTESIAN_POINT('',(-2.05,1.7763568394E-15));
#5625 = DIRECTION('',(0.,1.));
#5626 = ( GEOMETRIC_REPRESENTATION_CONTEXT(2) 
PARAMETRIC_REPRESENTATION_CONTEXT() REPRESENTATION_CONTEXT('2D SPACE',''
  ) );
#5627 = ORIENTED_EDGE('',*,*,#5422,.F.);
#5628 = ADVANCED_FACE('',(#5629),#930,.F.);
#5629 = FACE_BOUND('',#5630,.F.);
#5630 = EDGE_LOOP('',(#5631,#5654,#5675,#5676,#5677,#5698));
#5631 = ORIENTED_EDGE('',*,*,#5632,.T.);
#5632 = EDGE_CURVE('',#5633,#5635,#5637,.T.);
#5633 = VERTEX_POINT('',#5634);
#5634 = CARTESIAN_POINT('',(13.241678055888,-12.3,3.2));
#5635 = VERTEX_POINT('',#5636);
#5636 = CARTESIAN_POINT('',(13.241678055888,-12.3,4.2));
#5637 = SURFACE_CURVE('',#5638,(#5642,#5648),.PCURVE_S1.);
#5638 = LINE('',#5639,#5640);
#5639 = CARTESIAN_POINT('',(13.241678055888,-12.3,1.1));
#5640 = VECTOR('',#5641,1.);
#5641 = DIRECTION('',(0.,-0.,1.));
#5642 = PCURVE('',#930,#5643);
#5643 = DEFINITIONAL_REPRESENTATION('',(#5644),#5647);
#5644 = B_SPLINE_CURVE_WITH_KNOTS('',1,(#5645,#5646),.UNSPECIFIED.,.F.,
  .F.,(2,2),(2.1,3.1),.PIECEWISE_BEZIER_KNOTS.);
#5645 = CARTESIAN_POINT('',(3.291678055888,-4.2));
#5646 = CARTESIAN_POINT('',(3.291678055888,-5.2));
#5647 = ( GEOMETRIC_REPRESENTATION_CONTEXT(2) 
PARAMETRIC_REPRESENTATION_CONTEXT() REPRESENTATION_CONTEXT('2D SPACE',''
  ) );
#5648 = PCURVE('',#3112,#5649);
#5649 = DEFINITIONAL_REPRESENTATION('',(#5650),#5653);
#5650 = B_SPLINE_CURVE_WITH_KNOTS('',1,(#5651,#5652),.UNSPECIFIED.,.F.,
  .F.,(2,2),(2.1,3.1),.PIECEWISE_BEZIER_KNOTS.);
#5651 = CARTESIAN_POINT('',(64.801306473795,0.));
#5652 = CARTESIAN_POINT('',(64.801306473795,-1.));
#5653 = ( GEOMETRIC_REPRESENTATION_CONTEXT(2) 
PARAMETRIC_REPRESENTATION_CONTEXT() REPRESENTATION_CONTEXT('2D SPACE',''
  ) );
#5654 = ORIENTED_EDGE('',*,*,#5655,.T.);
#5655 = EDGE_CURVE('',#5635,#5519,#5656,.T.);
#5656 = SURFACE_CURVE('',#5657,(#5661,#5668),.PCURVE_S1.);
#5657 = LINE('',#5658,#5659);
#5658 = CARTESIAN_POINT('',(9.95,-12.3,4.2));
#5659 = VECTOR('',#5660,1.);
#5660 = DIRECTION('',(1.,0.,0.));
#5661 = PCURVE('',#930,#5662);
#5662 = DEFINITIONAL_REPRESENTATION('',(#5663),#5667);
#5663 = LINE('',#5664,#5665);
#5664 = CARTESIAN_POINT('',(0.,-5.2));
#5665 = VECTOR('',#5666,1.);
#5666 = DIRECTION('',(1.,0.));
#5667 = ( GEOMETRIC_REPRESENTATION_CONTEXT(2) 
PARAMETRIC_REPRESENTATION_CONTEXT() REPRESENTATION_CONTEXT('2D SPACE',''
  ) );
#5668 = PCURVE('',#5461,#5669);
#5669 = DEFINITIONAL_REPRESENTATION('',(#5670),#5674);
#5670 = LINE('',#5671,#5672);
#5671 = CARTESIAN_POINT('',(2.05,1.7));
#5672 = VECTOR('',#5673,1.);
#5673 = DIRECTION('',(-1.,0.));
#5674 = ( GEOMETRIC_REPRESENTATION_CONTEXT(2) 
PARAMETRIC_REPRESENTATION_CONTEXT() REPRESENTATION_CONTEXT('2D SPACE',''
  ) );
#5675 = ORIENTED_EDGE('',*,*,#5518,.F.);
#5676 = ORIENTED_EDGE('',*,*,#915,.T.);
#5677 = ORIENTED_EDGE('',*,*,#5678,.T.);
#5678 = EDGE_CURVE('',#888,#5679,#5681,.T.);
#5679 = VERTEX_POINT('',#5680);
#5680 = CARTESIAN_POINT('',(10.4,-12.3,3.2));
#5681 = SURFACE_CURVE('',#5682,(#5686,#5692),.PCURVE_S1.);
#5682 = LINE('',#5683,#5684);
#5683 = CARTESIAN_POINT('',(10.4,-12.3,-0.5));
#5684 = VECTOR('',#5685,1.);
#5685 = DIRECTION('',(0.,-0.,1.));
#5686 = PCURVE('',#930,#5687);
#5687 = DEFINITIONAL_REPRESENTATION('',(#5688),#5691);
#5688 = B_SPLINE_CURVE_WITH_KNOTS('',1,(#5689,#5690),.UNSPECIFIED.,.F.,
  .F.,(2,2),(0.5,3.7),.PIECEWISE_BEZIER_KNOTS.);
#5689 = CARTESIAN_POINT('',(0.45,-1.));
#5690 = CARTESIAN_POINT('',(0.45,-4.2));
#5691 = ( GEOMETRIC_REPRESENTATION_CONTEXT(2) 
PARAMETRIC_REPRESENTATION_CONTEXT() REPRESENTATION_CONTEXT('2D SPACE',''
  ) );
#5692 = PCURVE('',#903,#5693);
#5693 = DEFINITIONAL_REPRESENTATION('',(#5694),#5697);
#5694 = B_SPLINE_CURVE_WITH_KNOTS('',1,(#5695,#5696),.UNSPECIFIED.,.F.,
  .F.,(2,2),(0.5,3.7),.PIECEWISE_BEZIER_KNOTS.);
#5695 = CARTESIAN_POINT('',(70.8705,0.));
#5696 = CARTESIAN_POINT('',(70.8705,-3.2));
#5697 = ( GEOMETRIC_REPRESENTATION_CONTEXT(2) 
PARAMETRIC_REPRESENTATION_CONTEXT() REPRESENTATION_CONTEXT('2D SPACE',''
  ) );
#5698 = ORIENTED_EDGE('',*,*,#5699,.F.);
#5699 = EDGE_CURVE('',#5633,#5679,#5700,.T.);
#5700 = SURFACE_CURVE('',#5701,(#5705,#5711),.PCURVE_S1.);
#5701 = LINE('',#5702,#5703);
#5702 = CARTESIAN_POINT('',(4.99275,-12.3,3.2));
#5703 = VECTOR('',#5704,1.);
#5704 = DIRECTION('',(-1.,0.,0.));
#5705 = PCURVE('',#930,#5706);
#5706 = DEFINITIONAL_REPRESENTATION('',(#5707),#5710);
#5707 = B_SPLINE_CURVE_WITH_KNOTS('',1,(#5708,#5709),.UNSPECIFIED.,.F.,
  .F.,(2,2),(-9.05725,-4.95725),.PIECEWISE_BEZIER_KNOTS.);
#5708 = CARTESIAN_POINT('',(4.1,-4.2));
#5709 = CARTESIAN_POINT('',(0.,-4.2));
#5710 = ( GEOMETRIC_REPRESENTATION_CONTEXT(2) 
PARAMETRIC_REPRESENTATION_CONTEXT() REPRESENTATION_CONTEXT('2D SPACE',''
  ) );
#5711 = PCURVE('',#5712,#5717);
#5712 = PLANE('',#5713);
#5713 = AXIS2_PLACEMENT_3D('',#5714,#5715,#5716);
#5714 = CARTESIAN_POINT('',(3.55E-02,2.042780042794E-15,3.2));
#5715 = DIRECTION('',(0.,0.,1.));
#5716 = DIRECTION('',(1.,0.,-0.));
#5717 = DEFINITIONAL_REPRESENTATION('',(#5718),#5721);
#5718 = B_SPLINE_CURVE_WITH_KNOTS('',1,(#5719,#5720),.UNSPECIFIED.,.F.,
  .F.,(2,2),(-9.05725,-4.95725),.PIECEWISE_BEZIER_KNOTS.);
#5719 = CARTESIAN_POINT('',(14.0145,-12.3));
#5720 = CARTESIAN_POINT('',(9.9145,-12.3));
#5721 = ( GEOMETRIC_REPRESENTATION_CONTEXT(2) 
PARAMETRIC_REPRESENTATION_CONTEXT() REPRESENTATION_CONTEXT('2D SPACE',''
  ) );
#5722 = ADVANCED_FACE('',(#5723),#903,.F.);
#5723 = FACE_BOUND('',#5724,.F.);
#5724 = EDGE_LOOP('',(#5725,#5726,#5727,#5748));
#5725 = ORIENTED_EDGE('',*,*,#5678,.F.);
#5726 = ORIENTED_EDGE('',*,*,#887,.T.);
#5727 = ORIENTED_EDGE('',*,*,#5728,.F.);
#5728 = EDGE_CURVE('',#5729,#862,#5731,.T.);
#5729 = VERTEX_POINT('',#5730);
#5730 = CARTESIAN_POINT('',(10.4,12.3,3.2));
#5731 = SURFACE_CURVE('',#5732,(#5736,#5742),.PCURVE_S1.);
#5732 = LINE('',#5733,#5734);
#5733 = CARTESIAN_POINT('',(10.4,12.3,-0.5));
#5734 = VECTOR('',#5735,1.);
#5735 = DIRECTION('',(0.,-0.,-1.));
#5736 = PCURVE('',#903,#5737);
#5737 = DEFINITIONAL_REPRESENTATION('',(#5738),#5741);
#5738 = B_SPLINE_CURVE_WITH_KNOTS('',1,(#5739,#5740),.UNSPECIFIED.,.F.,
  .F.,(2,2),(-3.7,-0.5),.PIECEWISE_BEZIER_KNOTS.);
#5739 = CARTESIAN_POINT('',(46.2705,-3.2));
#5740 = CARTESIAN_POINT('',(46.2705,0.));
#5741 = ( GEOMETRIC_REPRESENTATION_CONTEXT(2) 
PARAMETRIC_REPRESENTATION_CONTEXT() REPRESENTATION_CONTEXT('2D SPACE',''
  ) );
#5742 = PCURVE('',#876,#5743);
#5743 = DEFINITIONAL_REPRESENTATION('',(#5744),#5747);
#5744 = B_SPLINE_CURVE_WITH_KNOTS('',1,(#5745,#5746),.UNSPECIFIED.,.F.,
  .F.,(2,2),(-3.7,-0.5),.PIECEWISE_BEZIER_KNOTS.);
#5745 = CARTESIAN_POINT('',(3.65,-4.2));
#5746 = CARTESIAN_POINT('',(3.65,-1.));
#5747 = ( GEOMETRIC_REPRESENTATION_CONTEXT(2) 
PARAMETRIC_REPRESENTATION_CONTEXT() REPRESENTATION_CONTEXT('2D SPACE',''
  ) );
#5748 = ORIENTED_EDGE('',*,*,#5749,.T.);
#5749 = EDGE_CURVE('',#5729,#5679,#5750,.T.);
#5750 = SURFACE_CURVE('',#5751,(#5755,#5762),.PCURVE_S1.);
#5751 = LINE('',#5752,#5753);
#5752 = CARTESIAN_POINT('',(10.4,58.5705,3.2));
#5753 = VECTOR('',#5754,1.);
#5754 = DIRECTION('',(0.,-1.,0.));
#5755 = PCURVE('',#903,#5756);
#5756 = DEFINITIONAL_REPRESENTATION('',(#5757),#5761);
#5757 = LINE('',#5758,#5759);
#5758 = CARTESIAN_POINT('',(0.,-3.2));
#5759 = VECTOR('',#5760,1.);
#5760 = DIRECTION('',(1.,0.));
#5761 = ( GEOMETRIC_REPRESENTATION_CONTEXT(2) 
PARAMETRIC_REPRESENTATION_CONTEXT() REPRESENTATION_CONTEXT('2D SPACE',''
  ) );
#5762 = PCURVE('',#5712,#5763);
#5763 = DEFINITIONAL_REPRESENTATION('',(#5764),#5768);
#5764 = LINE('',#5765,#5766);
#5765 = CARTESIAN_POINT('',(10.3645,58.5705));
#5766 = VECTOR('',#5767,1.);
#5767 = DIRECTION('',(0.,-1.));
#5768 = ( GEOMETRIC_REPRESENTATION_CONTEXT(2) 
PARAMETRIC_REPRESENTATION_CONTEXT() REPRESENTATION_CONTEXT('2D SPACE',''
  ) );
#5769 = ADVANCED_FACE('',(#5770),#876,.F.);
#5770 = FACE_BOUND('',#5771,.F.);
#5771 = EDGE_LOOP('',(#5772,#5773,#5796,#5824,#5845,#5864));
#5772 = ORIENTED_EDGE('',*,*,#861,.T.);
#5773 = ORIENTED_EDGE('',*,*,#5774,.T.);
#5774 = EDGE_CURVE('',#829,#5775,#5777,.T.);
#5775 = VERTEX_POINT('',#5776);
#5776 = CARTESIAN_POINT('',(14.05,12.3,4.2));
#5777 = SURFACE_CURVE('',#5778,(#5782,#5789),.PCURVE_S1.);
#5778 = LINE('',#5779,#5780);
#5779 = CARTESIAN_POINT('',(14.05,12.3,-1.));
#5780 = VECTOR('',#5781,1.);
#5781 = DIRECTION('',(0.,0.,1.));
#5782 = PCURVE('',#876,#5783);
#5783 = DEFINITIONAL_REPRESENTATION('',(#5784),#5788);
#5784 = LINE('',#5785,#5786);
#5785 = CARTESIAN_POINT('',(0.,-0.));
#5786 = VECTOR('',#5787,1.);
#5787 = DIRECTION('',(0.,-1.));
#5788 = ( GEOMETRIC_REPRESENTATION_CONTEXT(2) 
PARAMETRIC_REPRESENTATION_CONTEXT() REPRESENTATION_CONTEXT('2D SPACE',''
  ) );
#5789 = PCURVE('',#849,#5790);
#5790 = DEFINITIONAL_REPRESENTATION('',(#5791),#5795);
#5791 = LINE('',#5792,#5793);
#5792 = CARTESIAN_POINT('',(3.14159265359,0.));
#5793 = VECTOR('',#5794,1.);
#5794 = DIRECTION('',(0.,-1.));
#5795 = ( GEOMETRIC_REPRESENTATION_CONTEXT(2) 
PARAMETRIC_REPRESENTATION_CONTEXT() REPRESENTATION_CONTEXT('2D SPACE',''
  ) );
#5796 = ORIENTED_EDGE('',*,*,#5797,.T.);
#5797 = EDGE_CURVE('',#5775,#5798,#5800,.T.);
#5798 = VERTEX_POINT('',#5799);
#5799 = CARTESIAN_POINT('',(13.085465786188,12.3,4.2));
#5800 = SURFACE_CURVE('',#5801,(#5805,#5812),.PCURVE_S1.);
#5801 = LINE('',#5802,#5803);
#5802 = CARTESIAN_POINT('',(14.05,12.3,4.2));
#5803 = VECTOR('',#5804,1.);
#5804 = DIRECTION('',(-1.,0.,0.));
#5805 = PCURVE('',#876,#5806);
#5806 = DEFINITIONAL_REPRESENTATION('',(#5807),#5811);
#5807 = LINE('',#5808,#5809);
#5808 = CARTESIAN_POINT('',(0.,-5.2));
#5809 = VECTOR('',#5810,1.);
#5810 = DIRECTION('',(1.,0.));
#5811 = ( GEOMETRIC_REPRESENTATION_CONTEXT(2) 
PARAMETRIC_REPRESENTATION_CONTEXT() REPRESENTATION_CONTEXT('2D SPACE',''
  ) );
#5812 = PCURVE('',#5813,#5818);
#5813 = PLANE('',#5814);
#5814 = AXIS2_PLACEMENT_3D('',#5815,#5816,#5817);
#5815 = CARTESIAN_POINT('',(12.,14.,4.2));
#5816 = DIRECTION('',(-0.,-0.,-1.));
#5817 = DIRECTION('',(-1.,0.,0.));
#5818 = DEFINITIONAL_REPRESENTATION('',(#5819),#5823);
#5819 = LINE('',#5820,#5821);
#5820 = CARTESIAN_POINT('',(-2.05,-1.7));
#5821 = VECTOR('',#5822,1.);
#5822 = DIRECTION('',(1.,0.));
#5823 = ( GEOMETRIC_REPRESENTATION_CONTEXT(2) 
PARAMETRIC_REPRESENTATION_CONTEXT() REPRESENTATION_CONTEXT('2D SPACE',''
  ) );
#5824 = ORIENTED_EDGE('',*,*,#5825,.T.);
#5825 = EDGE_CURVE('',#5798,#5826,#5828,.T.);
#5826 = VERTEX_POINT('',#5827);
#5827 = CARTESIAN_POINT('',(13.085465786188,12.3,3.2));
#5828 = SURFACE_CURVE('',#5829,(#5833,#5839),.PCURVE_S1.);
#5829 = LINE('',#5830,#5831);
#5830 = CARTESIAN_POINT('',(13.085465786188,12.3,1.1));
#5831 = VECTOR('',#5832,1.);
#5832 = DIRECTION('',(0.,-0.,-1.));
#5833 = PCURVE('',#876,#5834);
#5834 = DEFINITIONAL_REPRESENTATION('',(#5835),#5838);
#5835 = B_SPLINE_CURVE_WITH_KNOTS('',1,(#5836,#5837),.UNSPECIFIED.,.F.,
  .F.,(2,2),(-3.1,-2.1),.PIECEWISE_BEZIER_KNOTS.);
#5836 = CARTESIAN_POINT('',(0.964534213812,-5.2));
#5837 = CARTESIAN_POINT('',(0.964534213812,-4.2));
#5838 = ( GEOMETRIC_REPRESENTATION_CONTEXT(2) 
PARAMETRIC_REPRESENTATION_CONTEXT() REPRESENTATION_CONTEXT('2D SPACE',''
  ) );
#5839 = PCURVE('',#3112,#5840);
#5840 = DEFINITIONAL_REPRESENTATION('',(#5841),#5844);
#5841 = B_SPLINE_CURVE_WITH_KNOTS('',1,(#5842,#5843),.UNSPECIFIED.,.F.,
  .F.,(2,2),(-3.1,-2.1),.PIECEWISE_BEZIER_KNOTS.);
#5842 = CARTESIAN_POINT('',(40.200810497632,-1.));
#5843 = CARTESIAN_POINT('',(40.200810497632,0.));
#5844 = ( GEOMETRIC_REPRESENTATION_CONTEXT(2) 
PARAMETRIC_REPRESENTATION_CONTEXT() REPRESENTATION_CONTEXT('2D SPACE',''
  ) );
#5845 = ORIENTED_EDGE('',*,*,#5846,.F.);
#5846 = EDGE_CURVE('',#5729,#5826,#5847,.T.);
#5847 = SURFACE_CURVE('',#5848,(#5852,#5858),.PCURVE_S1.);
#5848 = LINE('',#5849,#5850);
#5849 = CARTESIAN_POINT('',(7.04275,12.3,3.2));
#5850 = VECTOR('',#5851,1.);
#5851 = DIRECTION('',(1.,0.,-0.));
#5852 = PCURVE('',#876,#5853);
#5853 = DEFINITIONAL_REPRESENTATION('',(#5854),#5857);
#5854 = B_SPLINE_CURVE_WITH_KNOTS('',1,(#5855,#5856),.UNSPECIFIED.,.F.,
  .F.,(2,2),(2.90725,7.00725),.PIECEWISE_BEZIER_KNOTS.);
#5855 = CARTESIAN_POINT('',(4.1,-4.2));
#5856 = CARTESIAN_POINT('',(0.,-4.2));
#5857 = ( GEOMETRIC_REPRESENTATION_CONTEXT(2) 
PARAMETRIC_REPRESENTATION_CONTEXT() REPRESENTATION_CONTEXT('2D SPACE',''
  ) );
#5858 = PCURVE('',#5712,#5859);
#5859 = DEFINITIONAL_REPRESENTATION('',(#5860),#5863);
#5860 = B_SPLINE_CURVE_WITH_KNOTS('',1,(#5861,#5862),.UNSPECIFIED.,.F.,
  .F.,(2,2),(2.90725,7.00725),.PIECEWISE_BEZIER_KNOTS.);
#5861 = CARTESIAN_POINT('',(9.9145,12.3));
#5862 = CARTESIAN_POINT('',(14.0145,12.3));
#5863 = ( GEOMETRIC_REPRESENTATION_CONTEXT(2) 
PARAMETRIC_REPRESENTATION_CONTEXT() REPRESENTATION_CONTEXT('2D SPACE',''
  ) );
#5864 = ORIENTED_EDGE('',*,*,#5728,.T.);
#5865 = ADVANCED_FACE('',(#5866),#849,.F.);
#5866 = FACE_BOUND('',#5867,.F.);
#5867 = EDGE_LOOP('',(#5868,#5869,#5892,#5916,#5935,#5936,#5957,#5979));
#5868 = ORIENTED_EDGE('',*,*,#828,.F.);
#5869 = ORIENTED_EDGE('',*,*,#5870,.T.);
#5870 = EDGE_CURVE('',#803,#5871,#5873,.T.);
#5871 = VERTEX_POINT('',#5872);
#5872 = CARTESIAN_POINT('',(14.05,15.7,4.2));
#5873 = SURFACE_CURVE('',#5874,(#5878,#5885),.PCURVE_S1.);
#5874 = LINE('',#5875,#5876);
#5875 = CARTESIAN_POINT('',(14.05,15.7,-1.));
#5876 = VECTOR('',#5877,1.);
#5877 = DIRECTION('',(0.,0.,1.));
#5878 = PCURVE('',#849,#5879);
#5879 = DEFINITIONAL_REPRESENTATION('',(#5880),#5884);
#5880 = LINE('',#5881,#5882);
#5881 = CARTESIAN_POINT('',(0.,0.));
#5882 = VECTOR('',#5883,1.);
#5883 = DIRECTION('',(0.,-1.));
#5884 = ( GEOMETRIC_REPRESENTATION_CONTEXT(2) 
PARAMETRIC_REPRESENTATION_CONTEXT() REPRESENTATION_CONTEXT('2D SPACE',''
  ) );
#5885 = PCURVE('',#817,#5886);
#5886 = DEFINITIONAL_REPRESENTATION('',(#5887),#5891);
#5887 = LINE('',#5888,#5889);
#5888 = CARTESIAN_POINT('',(4.1,0.));
#5889 = VECTOR('',#5890,1.);
#5890 = DIRECTION('',(0.,-1.));
#5891 = ( GEOMETRIC_REPRESENTATION_CONTEXT(2) 
PARAMETRIC_REPRESENTATION_CONTEXT() REPRESENTATION_CONTEXT('2D SPACE',''
  ) );
#5892 = ORIENTED_EDGE('',*,*,#5893,.T.);
#5893 = EDGE_CURVE('',#5871,#5894,#5896,.T.);
#5894 = VERTEX_POINT('',#5895);
#5895 = CARTESIAN_POINT('',(15.468723115426,14.936602755578,4.2));
#5896 = SURFACE_CURVE('',#5897,(#5902,#5909),.PCURVE_S1.);
#5897 = CIRCLE('',#5898,1.7);
#5898 = AXIS2_PLACEMENT_3D('',#5899,#5900,#5901);
#5899 = CARTESIAN_POINT('',(14.05,14.,4.2));
#5900 = DIRECTION('',(0.,0.,-1.));
#5901 = DIRECTION('',(0.,1.,0.));
#5902 = PCURVE('',#849,#5903);
#5903 = DEFINITIONAL_REPRESENTATION('',(#5904),#5908);
#5904 = LINE('',#5905,#5906);
#5905 = CARTESIAN_POINT('',(0.,-5.2));
#5906 = VECTOR('',#5907,1.);
#5907 = DIRECTION('',(1.,0.));
#5908 = ( GEOMETRIC_REPRESENTATION_CONTEXT(2) 
PARAMETRIC_REPRESENTATION_CONTEXT() REPRESENTATION_CONTEXT('2D SPACE',''
  ) );
#5909 = PCURVE('',#5813,#5910);
#5910 = DEFINITIONAL_REPRESENTATION('',(#5911),#5915);
#5911 = CIRCLE('',#5912,1.7);
#5912 = AXIS2_PLACEMENT_2D('',#5913,#5914);
#5913 = CARTESIAN_POINT('',(-2.05,1.7763568394E-15));
#5914 = DIRECTION('',(0.,1.));
#5915 = ( GEOMETRIC_REPRESENTATION_CONTEXT(2) 
PARAMETRIC_REPRESENTATION_CONTEXT() REPRESENTATION_CONTEXT('2D SPACE',''
  ) );
#5916 = ORIENTED_EDGE('',*,*,#5917,.T.);
#5917 = EDGE_CURVE('',#5894,#3504,#5918,.T.);
#5918 = SURFACE_CURVE('',#5919,(#5923,#5929),.PCURVE_S1.);
#5919 = LINE('',#5920,#5921);
#5920 = CARTESIAN_POINT('',(15.468723115426,14.936602755578,-1.));
#5921 = VECTOR('',#5922,1.);
#5922 = DIRECTION('',(0.,0.,-1.));
#5923 = PCURVE('',#849,#5924);
#5924 = DEFINITIONAL_REPRESENTATION('',(#5925),#5928);
#5925 = B_SPLINE_CURVE_WITH_KNOTS('',1,(#5926,#5927),.UNSPECIFIED.,.F.,
  .F.,(2,2),(-5.2000006,-3.48),.PIECEWISE_BEZIER_KNOTS.);
#5926 = CARTESIAN_POINT('',(0.98730279268,-5.2000006));
#5927 = CARTESIAN_POINT('',(0.98730279268,-3.48));
#5928 = ( GEOMETRIC_REPRESENTATION_CONTEXT(2) 
PARAMETRIC_REPRESENTATION_CONTEXT() REPRESENTATION_CONTEXT('2D SPACE',''
  ) );
#5929 = PCURVE('',#3463,#5930);
#5930 = DEFINITIONAL_REPRESENTATION('',(#5931),#5934);
#5931 = B_SPLINE_CURVE_WITH_KNOTS('',1,(#5932,#5933),.UNSPECIFIED.,.F.,
  .F.,(2,2),(-5.2000006,-3.48),.PIECEWISE_BEZIER_KNOTS.);
#5932 = CARTESIAN_POINT('',(73.50858477878,-1.0000006));
#5933 = CARTESIAN_POINT('',(73.50858477878,0.72));
#5934 = ( GEOMETRIC_REPRESENTATION_CONTEXT(2) 
PARAMETRIC_REPRESENTATION_CONTEXT() REPRESENTATION_CONTEXT('2D SPACE',''
  ) );
#5935 = ORIENTED_EDGE('',*,*,#3526,.T.);
#5936 = ORIENTED_EDGE('',*,*,#5937,.F.);
#5937 = EDGE_CURVE('',#5938,#3527,#5940,.T.);
#5938 = VERTEX_POINT('',#5939);
#5939 = CARTESIAN_POINT('',(15.480503251983,13.081490094737,4.2));
#5940 = SURFACE_CURVE('',#5941,(#5945,#5951),.PCURVE_S1.);
#5941 = LINE('',#5942,#5943);
#5942 = CARTESIAN_POINT('',(15.480503251983,13.081490094737,-1.));
#5943 = VECTOR('',#5944,1.);
#5944 = DIRECTION('',(0.,0.,-1.));
#5945 = PCURVE('',#849,#5946);
#5946 = DEFINITIONAL_REPRESENTATION('',(#5947),#5950);
#5947 = B_SPLINE_CURVE_WITH_KNOTS('',1,(#5948,#5949),.UNSPECIFIED.,.F.,
  .F.,(2,2),(-5.2000006,-3.48),.PIECEWISE_BEZIER_KNOTS.);
#5948 = CARTESIAN_POINT('',(2.141589847083,-5.2000006));
#5949 = CARTESIAN_POINT('',(2.141589847083,-3.48));
#5950 = ( GEOMETRIC_REPRESENTATION_CONTEXT(2) 
PARAMETRIC_REPRESENTATION_CONTEXT() REPRESENTATION_CONTEXT('2D SPACE',''
  ) );
#5951 = PCURVE('',#3463,#5952);
#5952 = DEFINITIONAL_REPRESENTATION('',(#5953),#5956);
#5953 = B_SPLINE_CURVE_WITH_KNOTS('',1,(#5954,#5955),.UNSPECIFIED.,.F.,
  .F.,(2,2),(-5.2000006,-3.48),.PIECEWISE_BEZIER_KNOTS.);
#5954 = CARTESIAN_POINT('',(71.653434715839,-1.0000006));
#5955 = CARTESIAN_POINT('',(71.653434715839,0.72));
#5956 = ( GEOMETRIC_REPRESENTATION_CONTEXT(2) 
PARAMETRIC_REPRESENTATION_CONTEXT() REPRESENTATION_CONTEXT('2D SPACE',''
  ) );
#5957 = ORIENTED_EDGE('',*,*,#5958,.T.);
#5958 = EDGE_CURVE('',#5938,#5775,#5959,.T.);
#5959 = SURFACE_CURVE('',#5960,(#5965,#5972),.PCURVE_S1.);
#5960 = CIRCLE('',#5961,1.7);
#5961 = AXIS2_PLACEMENT_3D('',#5962,#5963,#5964);
#5962 = CARTESIAN_POINT('',(14.05,14.,4.2));
#5963 = DIRECTION('',(0.,0.,-1.));
#5964 = DIRECTION('',(0.,1.,0.));
#5965 = PCURVE('',#849,#5966);
#5966 = DEFINITIONAL_REPRESENTATION('',(#5967),#5971);
#5967 = LINE('',#5968,#5969);
#5968 = CARTESIAN_POINT('',(0.,-5.2));
#5969 = VECTOR('',#5970,1.);
#5970 = DIRECTION('',(1.,0.));
#5971 = ( GEOMETRIC_REPRESENTATION_CONTEXT(2) 
PARAMETRIC_REPRESENTATION_CONTEXT() REPRESENTATION_CONTEXT('2D SPACE',''
  ) );
#5972 = PCURVE('',#5813,#5973);
#5973 = DEFINITIONAL_REPRESENTATION('',(#5974),#5978);
#5974 = CIRCLE('',#5975,1.7);
#5975 = AXIS2_PLACEMENT_2D('',#5976,#5977);
#5976 = CARTESIAN_POINT('',(-2.05,1.7763568394E-15));
#5977 = DIRECTION('',(0.,1.));
#5978 = ( GEOMETRIC_REPRESENTATION_CONTEXT(2) 
PARAMETRIC_REPRESENTATION_CONTEXT() REPRESENTATION_CONTEXT('2D SPACE',''
  ) );
#5979 = ORIENTED_EDGE('',*,*,#5774,.F.);
#5980 = ADVANCED_FACE('',(#5981),#817,.F.);
#5981 = FACE_BOUND('',#5982,.F.);
#5982 = EDGE_LOOP('',(#5983,#6006,#6027,#6028,#6029,#6050));
#5983 = ORIENTED_EDGE('',*,*,#5984,.T.);
#5984 = EDGE_CURVE('',#5985,#5987,#5989,.T.);
#5985 = VERTEX_POINT('',#5986);
#5986 = CARTESIAN_POINT('',(13.06387547249,15.7,3.2));
#5987 = VERTEX_POINT('',#5988);
#5988 = CARTESIAN_POINT('',(13.06387547249,15.7,4.2));
#5989 = SURFACE_CURVE('',#5990,(#5994,#6000),.PCURVE_S1.);
#5990 = LINE('',#5991,#5992);
#5991 = CARTESIAN_POINT('',(13.06387547249,15.7,1.1));
#5992 = VECTOR('',#5993,1.);
#5993 = DIRECTION('',(0.,-0.,1.));
#5994 = PCURVE('',#817,#5995);
#5995 = DEFINITIONAL_REPRESENTATION('',(#5996),#5999);
#5996 = B_SPLINE_CURVE_WITH_KNOTS('',1,(#5997,#5998),.UNSPECIFIED.,.F.,
  .F.,(2,2),(2.1,3.1),.PIECEWISE_BEZIER_KNOTS.);
#5997 = CARTESIAN_POINT('',(3.11387547249,-4.2));
#5998 = CARTESIAN_POINT('',(3.11387547249,-5.2));
#5999 = ( GEOMETRIC_REPRESENTATION_CONTEXT(2) 
PARAMETRIC_REPRESENTATION_CONTEXT() REPRESENTATION_CONTEXT('2D SPACE',''
  ) );
#6000 = PCURVE('',#3112,#6001);
#6001 = DEFINITIONAL_REPRESENTATION('',(#6002),#6005);
#6002 = B_SPLINE_CURVE_WITH_KNOTS('',1,(#6003,#6004),.UNSPECIFIED.,.F.,
  .F.,(2,2),(2.1,3.1),.PIECEWISE_BEZIER_KNOTS.);
#6003 = CARTESIAN_POINT('',(36.800741948081,0.));
#6004 = CARTESIAN_POINT('',(36.800741948081,-1.));
#6005 = ( GEOMETRIC_REPRESENTATION_CONTEXT(2) 
PARAMETRIC_REPRESENTATION_CONTEXT() REPRESENTATION_CONTEXT('2D SPACE',''
  ) );
#6006 = ORIENTED_EDGE('',*,*,#6007,.T.);
#6007 = EDGE_CURVE('',#5987,#5871,#6008,.T.);
#6008 = SURFACE_CURVE('',#6009,(#6013,#6020),.PCURVE_S1.);
#6009 = LINE('',#6010,#6011);
#6010 = CARTESIAN_POINT('',(9.95,15.7,4.2));
#6011 = VECTOR('',#6012,1.);
#6012 = DIRECTION('',(1.,0.,0.));
#6013 = PCURVE('',#817,#6014);
#6014 = DEFINITIONAL_REPRESENTATION('',(#6015),#6019);
#6015 = LINE('',#6016,#6017);
#6016 = CARTESIAN_POINT('',(0.,-5.2));
#6017 = VECTOR('',#6018,1.);
#6018 = DIRECTION('',(1.,0.));
#6019 = ( GEOMETRIC_REPRESENTATION_CONTEXT(2) 
PARAMETRIC_REPRESENTATION_CONTEXT() REPRESENTATION_CONTEXT('2D SPACE',''
  ) );
#6020 = PCURVE('',#5813,#6021);
#6021 = DEFINITIONAL_REPRESENTATION('',(#6022),#6026);
#6022 = LINE('',#6023,#6024);
#6023 = CARTESIAN_POINT('',(2.05,1.7));
#6024 = VECTOR('',#6025,1.);
#6025 = DIRECTION('',(-1.,0.));
#6026 = ( GEOMETRIC_REPRESENTATION_CONTEXT(2) 
PARAMETRIC_REPRESENTATION_CONTEXT() REPRESENTATION_CONTEXT('2D SPACE',''
  ) );
#6027 = ORIENTED_EDGE('',*,*,#5870,.F.);
#6028 = ORIENTED_EDGE('',*,*,#802,.T.);
#6029 = ORIENTED_EDGE('',*,*,#6030,.T.);
#6030 = EDGE_CURVE('',#775,#6031,#6033,.T.);
#6031 = VERTEX_POINT('',#6032);
#6032 = CARTESIAN_POINT('',(10.4,15.7,3.2));
#6033 = SURFACE_CURVE('',#6034,(#6038,#6044),.PCURVE_S1.);
#6034 = LINE('',#6035,#6036);
#6035 = CARTESIAN_POINT('',(10.4,15.7,-0.5));
#6036 = VECTOR('',#6037,1.);
#6037 = DIRECTION('',(0.,-0.,1.));
#6038 = PCURVE('',#817,#6039);
#6039 = DEFINITIONAL_REPRESENTATION('',(#6040),#6043);
#6040 = B_SPLINE_CURVE_WITH_KNOTS('',1,(#6041,#6042),.UNSPECIFIED.,.F.,
  .F.,(2,2),(0.5,3.7),.PIECEWISE_BEZIER_KNOTS.);
#6041 = CARTESIAN_POINT('',(0.45,-1.));
#6042 = CARTESIAN_POINT('',(0.45,-4.2));
#6043 = ( GEOMETRIC_REPRESENTATION_CONTEXT(2) 
PARAMETRIC_REPRESENTATION_CONTEXT() REPRESENTATION_CONTEXT('2D SPACE',''
  ) );
#6044 = PCURVE('',#790,#6045);
#6045 = DEFINITIONAL_REPRESENTATION('',(#6046),#6049);
#6046 = B_SPLINE_CURVE_WITH_KNOTS('',1,(#6047,#6048),.UNSPECIFIED.,.F.,
  .F.,(2,2),(0.5,3.7),.PIECEWISE_BEZIER_KNOTS.);
#6047 = CARTESIAN_POINT('',(42.8705,0.));
#6048 = CARTESIAN_POINT('',(42.8705,-3.2));
#6049 = ( GEOMETRIC_REPRESENTATION_CONTEXT(2) 
PARAMETRIC_REPRESENTATION_CONTEXT() REPRESENTATION_CONTEXT('2D SPACE',''
  ) );
#6050 = ORIENTED_EDGE('',*,*,#6051,.F.);
#6051 = EDGE_CURVE('',#5985,#6031,#6052,.T.);
#6052 = SURFACE_CURVE('',#6053,(#6057,#6063),.PCURVE_S1.);
#6053 = LINE('',#6054,#6055);
#6054 = CARTESIAN_POINT('',(4.99275,15.7,3.2));
#6055 = VECTOR('',#6056,1.);
#6056 = DIRECTION('',(-1.,0.,0.));
#6057 = PCURVE('',#817,#6058);
#6058 = DEFINITIONAL_REPRESENTATION('',(#6059),#6062);
#6059 = B_SPLINE_CURVE_WITH_KNOTS('',1,(#6060,#6061),.UNSPECIFIED.,.F.,
  .F.,(2,2),(-9.05725,-4.95725),.PIECEWISE_BEZIER_KNOTS.);
#6060 = CARTESIAN_POINT('',(4.1,-4.2));
#6061 = CARTESIAN_POINT('',(0.,-4.2));
#6062 = ( GEOMETRIC_REPRESENTATION_CONTEXT(2) 
PARAMETRIC_REPRESENTATION_CONTEXT() REPRESENTATION_CONTEXT('2D SPACE',''
  ) );
#6063 = PCURVE('',#6064,#6069);
#6064 = PLANE('',#6065);
#6065 = AXIS2_PLACEMENT_3D('',#6066,#6067,#6068);
#6066 = CARTESIAN_POINT('',(3.55E-02,2.042780042794E-15,3.2));
#6067 = DIRECTION('',(0.,0.,1.));
#6068 = DIRECTION('',(1.,0.,-0.));
#6069 = DEFINITIONAL_REPRESENTATION('',(#6070),#6073);
#6070 = B_SPLINE_CURVE_WITH_KNOTS('',1,(#6071,#6072),.UNSPECIFIED.,.F.,
  .F.,(2,2),(-9.05725,-4.95725),.PIECEWISE_BEZIER_KNOTS.);
#6071 = CARTESIAN_POINT('',(14.0145,15.7));
#6072 = CARTESIAN_POINT('',(9.9145,15.7));
#6073 = ( GEOMETRIC_REPRESENTATION_CONTEXT(2) 
PARAMETRIC_REPRESENTATION_CONTEXT() REPRESENTATION_CONTEXT('2D SPACE',''
  ) );
#6074 = ADVANCED_FACE('',(#6075),#790,.F.);
#6075 = FACE_BOUND('',#6076,.F.);
#6076 = EDGE_LOOP('',(#6077,#6078,#6079,#6100));
#6077 = ORIENTED_EDGE('',*,*,#6030,.F.);
#6078 = ORIENTED_EDGE('',*,*,#774,.T.);
#6079 = ORIENTED_EDGE('',*,*,#6080,.F.);
#6080 = EDGE_CURVE('',#6081,#749,#6083,.T.);
#6081 = VERTEX_POINT('',#6082);
#6082 = CARTESIAN_POINT('',(10.4,40.3,3.2));
#6083 = SURFACE_CURVE('',#6084,(#6088,#6094),.PCURVE_S1.);
#6084 = LINE('',#6085,#6086);
#6085 = CARTESIAN_POINT('',(10.4,40.3,-0.5));
#6086 = VECTOR('',#6087,1.);
#6087 = DIRECTION('',(0.,-0.,-1.));
#6088 = PCURVE('',#790,#6089);
#6089 = DEFINITIONAL_REPRESENTATION('',(#6090),#6093);
#6090 = B_SPLINE_CURVE_WITH_KNOTS('',1,(#6091,#6092),.UNSPECIFIED.,.F.,
  .F.,(2,2),(-3.7,-0.5),.PIECEWISE_BEZIER_KNOTS.);
#6091 = CARTESIAN_POINT('',(18.2705,-3.2));
#6092 = CARTESIAN_POINT('',(18.2705,0.));
#6093 = ( GEOMETRIC_REPRESENTATION_CONTEXT(2) 
PARAMETRIC_REPRESENTATION_CONTEXT() REPRESENTATION_CONTEXT('2D SPACE',''
  ) );
#6094 = PCURVE('',#763,#6095);
#6095 = DEFINITIONAL_REPRESENTATION('',(#6096),#6099);
#6096 = B_SPLINE_CURVE_WITH_KNOTS('',1,(#6097,#6098),.UNSPECIFIED.,.F.,
  .F.,(2,2),(-3.7,-0.5),.PIECEWISE_BEZIER_KNOTS.);
#6097 = CARTESIAN_POINT('',(3.65,-4.2));
#6098 = CARTESIAN_POINT('',(3.65,-1.));
#6099 = ( GEOMETRIC_REPRESENTATION_CONTEXT(2) 
PARAMETRIC_REPRESENTATION_CONTEXT() REPRESENTATION_CONTEXT('2D SPACE',''
  ) );
#6100 = ORIENTED_EDGE('',*,*,#6101,.T.);
#6101 = EDGE_CURVE('',#6081,#6031,#6102,.T.);
#6102 = SURFACE_CURVE('',#6103,(#6107,#6114),.PCURVE_S1.);
#6103 = LINE('',#6104,#6105);
#6104 = CARTESIAN_POINT('',(10.4,58.5705,3.2));
#6105 = VECTOR('',#6106,1.);
#6106 = DIRECTION('',(0.,-1.,0.));
#6107 = PCURVE('',#790,#6108);
#6108 = DEFINITIONAL_REPRESENTATION('',(#6109),#6113);
#6109 = LINE('',#6110,#6111);
#6110 = CARTESIAN_POINT('',(0.,-3.2));
#6111 = VECTOR('',#6112,1.);
#6112 = DIRECTION('',(1.,0.));
#6113 = ( GEOMETRIC_REPRESENTATION_CONTEXT(2) 
PARAMETRIC_REPRESENTATION_CONTEXT() REPRESENTATION_CONTEXT('2D SPACE',''
  ) );
#6114 = PCURVE('',#6064,#6115);
#6115 = DEFINITIONAL_REPRESENTATION('',(#6116),#6120);
#6116 = LINE('',#6117,#6118);
#6117 = CARTESIAN_POINT('',(10.3645,58.5705));
#6118 = VECTOR('',#6119,1.);
#6119 = DIRECTION('',(0.,-1.));
#6120 = ( GEOMETRIC_REPRESENTATION_CONTEXT(2) 
PARAMETRIC_REPRESENTATION_CONTEXT() REPRESENTATION_CONTEXT('2D SPACE',''
  ) );
#6121 = ADVANCED_FACE('',(#6122),#763,.F.);
#6122 = FACE_BOUND('',#6123,.F.);
#6123 = EDGE_LOOP('',(#6124,#6125,#6148,#6176,#6197,#6216));
#6124 = ORIENTED_EDGE('',*,*,#748,.T.);
#6125 = ORIENTED_EDGE('',*,*,#6126,.T.);
#6126 = EDGE_CURVE('',#716,#6127,#6129,.T.);
#6127 = VERTEX_POINT('',#6128);
#6128 = CARTESIAN_POINT('',(14.05,40.3,4.2));
#6129 = SURFACE_CURVE('',#6130,(#6134,#6141),.PCURVE_S1.);
#6130 = LINE('',#6131,#6132);
#6131 = CARTESIAN_POINT('',(14.05,40.3,-1.));
#6132 = VECTOR('',#6133,1.);
#6133 = DIRECTION('',(0.,0.,1.));
#6134 = PCURVE('',#763,#6135);
#6135 = DEFINITIONAL_REPRESENTATION('',(#6136),#6140);
#6136 = LINE('',#6137,#6138);
#6137 = CARTESIAN_POINT('',(0.,-0.));
#6138 = VECTOR('',#6139,1.);
#6139 = DIRECTION('',(0.,-1.));
#6140 = ( GEOMETRIC_REPRESENTATION_CONTEXT(2) 
PARAMETRIC_REPRESENTATION_CONTEXT() REPRESENTATION_CONTEXT('2D SPACE',''
  ) );
#6141 = PCURVE('',#736,#6142);
#6142 = DEFINITIONAL_REPRESENTATION('',(#6143),#6147);
#6143 = LINE('',#6144,#6145);
#6144 = CARTESIAN_POINT('',(3.14159265359,0.));
#6145 = VECTOR('',#6146,1.);
#6146 = DIRECTION('',(0.,-1.));
#6147 = ( GEOMETRIC_REPRESENTATION_CONTEXT(2) 
PARAMETRIC_REPRESENTATION_CONTEXT() REPRESENTATION_CONTEXT('2D SPACE',''
  ) );
#6148 = ORIENTED_EDGE('',*,*,#6149,.T.);
#6149 = EDGE_CURVE('',#6127,#6150,#6152,.T.);
#6150 = VERTEX_POINT('',#6151);
#6151 = CARTESIAN_POINT('',(12.90766320279,40.3,4.2));
#6152 = SURFACE_CURVE('',#6153,(#6157,#6164),.PCURVE_S1.);
#6153 = LINE('',#6154,#6155);
#6154 = CARTESIAN_POINT('',(14.05,40.3,4.2));
#6155 = VECTOR('',#6156,1.);
#6156 = DIRECTION('',(-1.,0.,0.));
#6157 = PCURVE('',#763,#6158);
#6158 = DEFINITIONAL_REPRESENTATION('',(#6159),#6163);
#6159 = LINE('',#6160,#6161);
#6160 = CARTESIAN_POINT('',(0.,-5.2));
#6161 = VECTOR('',#6162,1.);
#6162 = DIRECTION('',(1.,0.));
#6163 = ( GEOMETRIC_REPRESENTATION_CONTEXT(2) 
PARAMETRIC_REPRESENTATION_CONTEXT() REPRESENTATION_CONTEXT('2D SPACE',''
  ) );
#6164 = PCURVE('',#6165,#6170);
#6165 = PLANE('',#6166);
#6166 = AXIS2_PLACEMENT_3D('',#6167,#6168,#6169);
#6167 = CARTESIAN_POINT('',(12.,42.,4.2));
#6168 = DIRECTION('',(-0.,-0.,-1.));
#6169 = DIRECTION('',(-1.,0.,0.));
#6170 = DEFINITIONAL_REPRESENTATION('',(#6171),#6175);
#6171 = LINE('',#6172,#6173);
#6172 = CARTESIAN_POINT('',(-2.05,-1.7));
#6173 = VECTOR('',#6174,1.);
#6174 = DIRECTION('',(1.,0.));
#6175 = ( GEOMETRIC_REPRESENTATION_CONTEXT(2) 
PARAMETRIC_REPRESENTATION_CONTEXT() REPRESENTATION_CONTEXT('2D SPACE',''
  ) );
#6176 = ORIENTED_EDGE('',*,*,#6177,.T.);
#6177 = EDGE_CURVE('',#6150,#6178,#6180,.T.);
#6178 = VERTEX_POINT('',#6179);
#6179 = CARTESIAN_POINT('',(12.90766320279,40.3,3.2));
#6180 = SURFACE_CURVE('',#6181,(#6185,#6191),.PCURVE_S1.);
#6181 = LINE('',#6182,#6183);
#6182 = CARTESIAN_POINT('',(12.90766320279,40.3,1.1));
#6183 = VECTOR('',#6184,1.);
#6184 = DIRECTION('',(0.,-0.,-1.));
#6185 = PCURVE('',#763,#6186);
#6186 = DEFINITIONAL_REPRESENTATION('',(#6187),#6190);
#6187 = B_SPLINE_CURVE_WITH_KNOTS('',1,(#6188,#6189),.UNSPECIFIED.,.F.,
  .F.,(2,2),(-3.1,-2.1),.PIECEWISE_BEZIER_KNOTS.);
#6188 = CARTESIAN_POINT('',(1.14233679721,-5.2));
#6189 = CARTESIAN_POINT('',(1.14233679721,-4.2));
#6190 = ( GEOMETRIC_REPRESENTATION_CONTEXT(2) 
PARAMETRIC_REPRESENTATION_CONTEXT() REPRESENTATION_CONTEXT('2D SPACE',''
  ) );
#6191 = PCURVE('',#3112,#6192);
#6192 = DEFINITIONAL_REPRESENTATION('',(#6193),#6196);
#6193 = B_SPLINE_CURVE_WITH_KNOTS('',1,(#6194,#6195),.UNSPECIFIED.,.F.,
  .F.,(2,2),(-3.1,-2.1),.PIECEWISE_BEZIER_KNOTS.);
#6194 = CARTESIAN_POINT('',(12.200245971918,-1.));
#6195 = CARTESIAN_POINT('',(12.200245971918,0.));
#6196 = ( GEOMETRIC_REPRESENTATION_CONTEXT(2) 
PARAMETRIC_REPRESENTATION_CONTEXT() REPRESENTATION_CONTEXT('2D SPACE',''
  ) );
#6197 = ORIENTED_EDGE('',*,*,#6198,.F.);
#6198 = EDGE_CURVE('',#6081,#6178,#6199,.T.);
#6199 = SURFACE_CURVE('',#6200,(#6204,#6210),.PCURVE_S1.);
#6200 = LINE('',#6201,#6202);
#6201 = CARTESIAN_POINT('',(7.04275,40.3,3.2));
#6202 = VECTOR('',#6203,1.);
#6203 = DIRECTION('',(1.,0.,-0.));
#6204 = PCURVE('',#763,#6205);
#6205 = DEFINITIONAL_REPRESENTATION('',(#6206),#6209);
#6206 = B_SPLINE_CURVE_WITH_KNOTS('',1,(#6207,#6208),.UNSPECIFIED.,.F.,
  .F.,(2,2),(2.90725,7.00725),.PIECEWISE_BEZIER_KNOTS.);
#6207 = CARTESIAN_POINT('',(4.1,-4.2));
#6208 = CARTESIAN_POINT('',(0.,-4.2));
#6209 = ( GEOMETRIC_REPRESENTATION_CONTEXT(2) 
PARAMETRIC_REPRESENTATION_CONTEXT() REPRESENTATION_CONTEXT('2D SPACE',''
  ) );
#6210 = PCURVE('',#6064,#6211);
#6211 = DEFINITIONAL_REPRESENTATION('',(#6212),#6215);
#6212 = B_SPLINE_CURVE_WITH_KNOTS('',1,(#6213,#6214),.UNSPECIFIED.,.F.,
  .F.,(2,2),(2.90725,7.00725),.PIECEWISE_BEZIER_KNOTS.);
#6213 = CARTESIAN_POINT('',(9.9145,40.3));
#6214 = CARTESIAN_POINT('',(14.0145,40.3));
#6215 = ( GEOMETRIC_REPRESENTATION_CONTEXT(2) 
PARAMETRIC_REPRESENTATION_CONTEXT() REPRESENTATION_CONTEXT('2D SPACE',''
  ) );
#6216 = ORIENTED_EDGE('',*,*,#6080,.T.);
#6217 = ADVANCED_FACE('',(#6218),#736,.F.);
#6218 = FACE_BOUND('',#6219,.F.);
#6219 = EDGE_LOOP('',(#6220,#6221,#6244,#6268,#6287,#6288,#6309,#6331));
#6220 = ORIENTED_EDGE('',*,*,#715,.F.);
#6221 = ORIENTED_EDGE('',*,*,#6222,.T.);
#6222 = EDGE_CURVE('',#690,#6223,#6225,.T.);
#6223 = VERTEX_POINT('',#6224);
#6224 = CARTESIAN_POINT('',(14.05,43.7,4.2));
#6225 = SURFACE_CURVE('',#6226,(#6230,#6237),.PCURVE_S1.);
#6226 = LINE('',#6227,#6228);
#6227 = CARTESIAN_POINT('',(14.05,43.7,-1.));
#6228 = VECTOR('',#6229,1.);
#6229 = DIRECTION('',(0.,0.,1.));
#6230 = PCURVE('',#736,#6231);
#6231 = DEFINITIONAL_REPRESENTATION('',(#6232),#6236);
#6232 = LINE('',#6233,#6234);
#6233 = CARTESIAN_POINT('',(0.,0.));
#6234 = VECTOR('',#6235,1.);
#6235 = DIRECTION('',(0.,-1.));
#6236 = ( GEOMETRIC_REPRESENTATION_CONTEXT(2) 
PARAMETRIC_REPRESENTATION_CONTEXT() REPRESENTATION_CONTEXT('2D SPACE',''
  ) );
#6237 = PCURVE('',#704,#6238);
#6238 = DEFINITIONAL_REPRESENTATION('',(#6239),#6243);
#6239 = LINE('',#6240,#6241);
#6240 = CARTESIAN_POINT('',(4.1,0.));
#6241 = VECTOR('',#6242,1.);
#6242 = DIRECTION('',(0.,-1.));
#6243 = ( GEOMETRIC_REPRESENTATION_CONTEXT(2) 
PARAMETRIC_REPRESENTATION_CONTEXT() REPRESENTATION_CONTEXT('2D SPACE',''
  ) );
#6244 = ORIENTED_EDGE('',*,*,#6245,.T.);
#6245 = EDGE_CURVE('',#6223,#6246,#6248,.T.);
#6246 = VERTEX_POINT('',#6247);
#6247 = CARTESIAN_POINT('',(15.289479829563,43.163481736902,4.2));
#6248 = SURFACE_CURVE('',#6249,(#6254,#6261),.PCURVE_S1.);
#6249 = CIRCLE('',#6250,1.7);
#6250 = AXIS2_PLACEMENT_3D('',#6251,#6252,#6253);
#6251 = CARTESIAN_POINT('',(14.05,42.,4.2));
#6252 = DIRECTION('',(0.,0.,-1.));
#6253 = DIRECTION('',(0.,1.,0.));
#6254 = PCURVE('',#736,#6255);
#6255 = DEFINITIONAL_REPRESENTATION('',(#6256),#6260);
#6256 = LINE('',#6257,#6258);
#6257 = CARTESIAN_POINT('',(0.,-5.2));
#6258 = VECTOR('',#6259,1.);
#6259 = DIRECTION('',(1.,0.));
#6260 = ( GEOMETRIC_REPRESENTATION_CONTEXT(2) 
PARAMETRIC_REPRESENTATION_CONTEXT() REPRESENTATION_CONTEXT('2D SPACE',''
  ) );
#6261 = PCURVE('',#6165,#6262);
#6262 = DEFINITIONAL_REPRESENTATION('',(#6263),#6267);
#6263 = CIRCLE('',#6264,1.7);
#6264 = AXIS2_PLACEMENT_2D('',#6265,#6266);
#6265 = CARTESIAN_POINT('',(-2.05,7.105427357601E-15));
#6266 = DIRECTION('',(0.,1.));
#6267 = ( GEOMETRIC_REPRESENTATION_CONTEXT(2) 
PARAMETRIC_REPRESENTATION_CONTEXT() REPRESENTATION_CONTEXT('2D SPACE',''
  ) );
#6268 = ORIENTED_EDGE('',*,*,#6269,.T.);
#6269 = EDGE_CURVE('',#6246,#3448,#6270,.T.);
#6270 = SURFACE_CURVE('',#6271,(#6275,#6281),.PCURVE_S1.);
#6271 = LINE('',#6272,#6273);
#6272 = CARTESIAN_POINT('',(15.289479829563,43.163481736902,-1.));
#6273 = VECTOR('',#6274,1.);
#6274 = DIRECTION('',(0.,0.,-1.));
#6275 = PCURVE('',#736,#6276);
#6276 = DEFINITIONAL_REPRESENTATION('',(#6277),#6280);
#6277 = B_SPLINE_CURVE_WITH_KNOTS('',1,(#6278,#6279),.UNSPECIFIED.,.F.,
  .F.,(2,2),(-5.2000006,-3.48),.PIECEWISE_BEZIER_KNOTS.);
#6278 = CARTESIAN_POINT('',(0.817014469585,-5.2000006));
#6279 = CARTESIAN_POINT('',(0.817014469585,-3.48));
#6280 = ( GEOMETRIC_REPRESENTATION_CONTEXT(2) 
PARAMETRIC_REPRESENTATION_CONTEXT() REPRESENTATION_CONTEXT('2D SPACE',''
  ) );
#6281 = PCURVE('',#3463,#6282);
#6282 = DEFINITIONAL_REPRESENTATION('',(#6283),#6286);
#6283 = B_SPLINE_CURVE_WITH_KNOTS('',1,(#6284,#6285),.UNSPECIFIED.,.F.,
  .F.,(2,2),(-5.2000006,-3.48),.PIECEWISE_BEZIER_KNOTS.);
#6284 = CARTESIAN_POINT('',(101.73603286006,-1.0000006));
#6285 = CARTESIAN_POINT('',(101.73603286006,0.72));
#6286 = ( GEOMETRIC_REPRESENTATION_CONTEXT(2) 
PARAMETRIC_REPRESENTATION_CONTEXT() REPRESENTATION_CONTEXT('2D SPACE',''
  ) );
#6287 = ORIENTED_EDGE('',*,*,#3475,.T.);
#6288 = ORIENTED_EDGE('',*,*,#6289,.F.);
#6289 = EDGE_CURVE('',#6290,#3476,#6292,.T.);
#6290 = VERTEX_POINT('',#6291);
#6291 = CARTESIAN_POINT('',(15.304155709777,40.852353078846,4.2));
#6292 = SURFACE_CURVE('',#6293,(#6297,#6303),.PCURVE_S1.);
#6293 = LINE('',#6294,#6295);
#6294 = CARTESIAN_POINT('',(15.304155709777,40.852353078846,-1.));
#6295 = VECTOR('',#6296,1.);
#6296 = DIRECTION('',(0.,0.,-1.));
#6297 = PCURVE('',#736,#6298);
#6298 = DEFINITIONAL_REPRESENTATION('',(#6299),#6302);
#6299 = B_SPLINE_CURVE_WITH_KNOTS('',1,(#6300,#6301),.UNSPECIFIED.,.F.,
  .F.,(2,2),(-5.2000006,-3.48),.PIECEWISE_BEZIER_KNOTS.);
#6300 = CARTESIAN_POINT('',(2.311878170179,-5.2000006));
#6301 = CARTESIAN_POINT('',(2.311878170179,-3.48));
#6302 = ( GEOMETRIC_REPRESENTATION_CONTEXT(2) 
PARAMETRIC_REPRESENTATION_CONTEXT() REPRESENTATION_CONTEXT('2D SPACE',''
  ) );
#6303 = PCURVE('',#3463,#6304);
#6304 = DEFINITIONAL_REPRESENTATION('',(#6305),#6308);
#6305 = B_SPLINE_CURVE_WITH_KNOTS('',1,(#6306,#6307),.UNSPECIFIED.,.F.,
  .F.,(2,2),(-5.2000006,-3.48),.PIECEWISE_BEZIER_KNOTS.);
#6306 = CARTESIAN_POINT('',(99.424857605885,-1.0000006));
#6307 = CARTESIAN_POINT('',(99.424857605885,0.72));
#6308 = ( GEOMETRIC_REPRESENTATION_CONTEXT(2) 
PARAMETRIC_REPRESENTATION_CONTEXT() REPRESENTATION_CONTEXT('2D SPACE',''
  ) );
#6309 = ORIENTED_EDGE('',*,*,#6310,.T.);
#6310 = EDGE_CURVE('',#6290,#6127,#6311,.T.);
#6311 = SURFACE_CURVE('',#6312,(#6317,#6324),.PCURVE_S1.);
#6312 = CIRCLE('',#6313,1.7);
#6313 = AXIS2_PLACEMENT_3D('',#6314,#6315,#6316);
#6314 = CARTESIAN_POINT('',(14.05,42.,4.2));
#6315 = DIRECTION('',(0.,0.,-1.));
#6316 = DIRECTION('',(0.,1.,0.));
#6317 = PCURVE('',#736,#6318);
#6318 = DEFINITIONAL_REPRESENTATION('',(#6319),#6323);
#6319 = LINE('',#6320,#6321);
#6320 = CARTESIAN_POINT('',(0.,-5.2));
#6321 = VECTOR('',#6322,1.);
#6322 = DIRECTION('',(1.,0.));
#6323 = ( GEOMETRIC_REPRESENTATION_CONTEXT(2) 
PARAMETRIC_REPRESENTATION_CONTEXT() REPRESENTATION_CONTEXT('2D SPACE',''
  ) );
#6324 = PCURVE('',#6165,#6325);
#6325 = DEFINITIONAL_REPRESENTATION('',(#6326),#6330);
#6326 = CIRCLE('',#6327,1.7);
#6327 = AXIS2_PLACEMENT_2D('',#6328,#6329);
#6328 = CARTESIAN_POINT('',(-2.05,7.105427357601E-15));
#6329 = DIRECTION('',(0.,1.));
#6330 = ( GEOMETRIC_REPRESENTATION_CONTEXT(2) 
PARAMETRIC_REPRESENTATION_CONTEXT() REPRESENTATION_CONTEXT('2D SPACE',''
  ) );
#6331 = ORIENTED_EDGE('',*,*,#6126,.F.);
#6332 = ADVANCED_FACE('',(#6333),#704,.F.);
#6333 = FACE_BOUND('',#6334,.F.);
#6334 = EDGE_LOOP('',(#6335,#6356,#6377,#6378,#6379,#6398));
#6335 = ORIENTED_EDGE('',*,*,#6336,.T.);
#6336 = EDGE_CURVE('',#3076,#6337,#6339,.T.);
#6337 = VERTEX_POINT('',#6338);
#6338 = CARTESIAN_POINT('',(12.886072889091,43.7,4.2));
#6339 = SURFACE_CURVE('',#6340,(#6344,#6350),.PCURVE_S1.);
#6340 = LINE('',#6341,#6342);
#6341 = CARTESIAN_POINT('',(12.886072889091,43.7,1.1));
#6342 = VECTOR('',#6343,1.);
#6343 = DIRECTION('',(0.,-0.,1.));
#6344 = PCURVE('',#704,#6345);
#6345 = DEFINITIONAL_REPRESENTATION('',(#6346),#6349);
#6346 = B_SPLINE_CURVE_WITH_KNOTS('',1,(#6347,#6348),.UNSPECIFIED.,.F.,
  .F.,(2,2),(2.1,3.1),.PIECEWISE_BEZIER_KNOTS.);
#6347 = CARTESIAN_POINT('',(2.936072889091,-4.2));
#6348 = CARTESIAN_POINT('',(2.936072889091,-5.2));
#6349 = ( GEOMETRIC_REPRESENTATION_CONTEXT(2) 
PARAMETRIC_REPRESENTATION_CONTEXT() REPRESENTATION_CONTEXT('2D SPACE',''
  ) );
#6350 = PCURVE('',#3112,#6351);
#6351 = DEFINITIONAL_REPRESENTATION('',(#6352),#6355);
#6352 = B_SPLINE_CURVE_WITH_KNOTS('',1,(#6353,#6354),.UNSPECIFIED.,.F.,
  .F.,(2,2),(2.1,3.1),.PIECEWISE_BEZIER_KNOTS.);
#6353 = CARTESIAN_POINT('',(8.800177422367,0.));
#6354 = CARTESIAN_POINT('',(8.800177422367,-1.));
#6355 = ( GEOMETRIC_REPRESENTATION_CONTEXT(2) 
PARAMETRIC_REPRESENTATION_CONTEXT() REPRESENTATION_CONTEXT('2D SPACE',''
  ) );
#6356 = ORIENTED_EDGE('',*,*,#6357,.T.);
#6357 = EDGE_CURVE('',#6337,#6223,#6358,.T.);
#6358 = SURFACE_CURVE('',#6359,(#6363,#6370),.PCURVE_S1.);
#6359 = LINE('',#6360,#6361);
#6360 = CARTESIAN_POINT('',(9.95,43.7,4.2));
#6361 = VECTOR('',#6362,1.);
#6362 = DIRECTION('',(1.,0.,0.));
#6363 = PCURVE('',#704,#6364);
#6364 = DEFINITIONAL_REPRESENTATION('',(#6365),#6369);
#6365 = LINE('',#6366,#6367);
#6366 = CARTESIAN_POINT('',(0.,-5.2));
#6367 = VECTOR('',#6368,1.);
#6368 = DIRECTION('',(1.,0.));
#6369 = ( GEOMETRIC_REPRESENTATION_CONTEXT(2) 
PARAMETRIC_REPRESENTATION_CONTEXT() REPRESENTATION_CONTEXT('2D SPACE',''
  ) );
#6370 = PCURVE('',#6165,#6371);
#6371 = DEFINITIONAL_REPRESENTATION('',(#6372),#6376);
#6372 = LINE('',#6373,#6374);
#6373 = CARTESIAN_POINT('',(2.05,1.7));
#6374 = VECTOR('',#6375,1.);
#6375 = DIRECTION('',(-1.,0.));
#6376 = ( GEOMETRIC_REPRESENTATION_CONTEXT(2) 
PARAMETRIC_REPRESENTATION_CONTEXT() REPRESENTATION_CONTEXT('2D SPACE',''
  ) );
#6377 = ORIENTED_EDGE('',*,*,#6222,.F.);
#6378 = ORIENTED_EDGE('',*,*,#689,.T.);
#6379 = ORIENTED_EDGE('',*,*,#6380,.T.);
#6380 = EDGE_CURVE('',#662,#3053,#6381,.T.);
#6381 = SURFACE_CURVE('',#6382,(#6386,#6392),.PCURVE_S1.);
#6382 = LINE('',#6383,#6384);
#6383 = CARTESIAN_POINT('',(10.4,43.7,-0.5));
#6384 = VECTOR('',#6385,1.);
#6385 = DIRECTION('',(0.,-0.,1.));
#6386 = PCURVE('',#704,#6387);
#6387 = DEFINITIONAL_REPRESENTATION('',(#6388),#6391);
#6388 = B_SPLINE_CURVE_WITH_KNOTS('',1,(#6389,#6390),.UNSPECIFIED.,.F.,
  .F.,(2,2),(0.5,3.7),.PIECEWISE_BEZIER_KNOTS.);
#6389 = CARTESIAN_POINT('',(0.45,-1.));
#6390 = CARTESIAN_POINT('',(0.45,-4.2));
#6391 = ( GEOMETRIC_REPRESENTATION_CONTEXT(2) 
PARAMETRIC_REPRESENTATION_CONTEXT() REPRESENTATION_CONTEXT('2D SPACE',''
  ) );
#6392 = PCURVE('',#677,#6393);
#6393 = DEFINITIONAL_REPRESENTATION('',(#6394),#6397);
#6394 = B_SPLINE_CURVE_WITH_KNOTS('',1,(#6395,#6396),.UNSPECIFIED.,.F.,
  .F.,(2,2),(0.5,3.7),.PIECEWISE_BEZIER_KNOTS.);
#6395 = CARTESIAN_POINT('',(14.8705,0.));
#6396 = CARTESIAN_POINT('',(14.8705,-3.2));
#6397 = ( GEOMETRIC_REPRESENTATION_CONTEXT(2) 
PARAMETRIC_REPRESENTATION_CONTEXT() REPRESENTATION_CONTEXT('2D SPACE',''
  ) );
#6398 = ORIENTED_EDGE('',*,*,#3075,.F.);
#6399 = ADVANCED_FACE('',(#6400),#677,.F.);
#6400 = FACE_BOUND('',#6401,.F.);
#6401 = EDGE_LOOP('',(#6402,#6403,#6404,#6423));
#6402 = ORIENTED_EDGE('',*,*,#6380,.F.);
#6403 = ORIENTED_EDGE('',*,*,#661,.T.);
#6404 = ORIENTED_EDGE('',*,*,#6405,.T.);
#6405 = EDGE_CURVE('',#634,#3030,#6406,.T.);
#6406 = SURFACE_CURVE('',#6407,(#6411,#6417),.PCURVE_S1.);
#6407 = LINE('',#6408,#6409);
#6408 = CARTESIAN_POINT('',(10.4,48.1835,0.));
#6409 = VECTOR('',#6410,1.);
#6410 = DIRECTION('',(0.,-0.,1.));
#6411 = PCURVE('',#677,#6412);
#6412 = DEFINITIONAL_REPRESENTATION('',(#6413),#6416);
#6413 = B_SPLINE_CURVE_WITH_KNOTS('',1,(#6414,#6415),.UNSPECIFIED.,.F.,
  .F.,(2,2),(0.,3.2),.PIECEWISE_BEZIER_KNOTS.);
#6414 = CARTESIAN_POINT('',(10.387,0.));
#6415 = CARTESIAN_POINT('',(10.387,-3.2));
#6416 = ( GEOMETRIC_REPRESENTATION_CONTEXT(2) 
PARAMETRIC_REPRESENTATION_CONTEXT() REPRESENTATION_CONTEXT('2D SPACE',''
  ) );
#6417 = PCURVE('',#649,#6418);
#6418 = DEFINITIONAL_REPRESENTATION('',(#6419),#6422);
#6419 = B_SPLINE_CURVE_WITH_KNOTS('',1,(#6420,#6421),.UNSPECIFIED.,.F.,
  .F.,(2,2),(0.,3.2),.PIECEWISE_BEZIER_KNOTS.);
#6420 = CARTESIAN_POINT('',(2.962,0.));
#6421 = CARTESIAN_POINT('',(2.962,-3.2));
#6422 = ( GEOMETRIC_REPRESENTATION_CONTEXT(2) 
PARAMETRIC_REPRESENTATION_CONTEXT() REPRESENTATION_CONTEXT('2D SPACE',''
  ) );
#6423 = ORIENTED_EDGE('',*,*,#3052,.T.);
#6424 = ADVANCED_FACE('',(#6425),#649,.F.);
#6425 = FACE_BOUND('',#6426,.F.);
#6426 = EDGE_LOOP('',(#6427,#6428,#6449,#6450));
#6427 = ORIENTED_EDGE('',*,*,#633,.F.);
#6428 = ORIENTED_EDGE('',*,*,#6429,.T.);
#6429 = EDGE_CURVE('',#606,#3007,#6430,.T.);
#6430 = SURFACE_CURVE('',#6431,(#6435,#6442),.PCURVE_S1.);
#6431 = LINE('',#6432,#6433);
#6432 = CARTESIAN_POINT('',(7.438,48.1835,0.));
#6433 = VECTOR('',#6434,1.);
#6434 = DIRECTION('',(0.,0.,1.));
#6435 = PCURVE('',#649,#6436);
#6436 = DEFINITIONAL_REPRESENTATION('',(#6437),#6441);
#6437 = LINE('',#6438,#6439);
#6438 = CARTESIAN_POINT('',(0.,0.));
#6439 = VECTOR('',#6440,1.);
#6440 = DIRECTION('',(0.,-1.));
#6441 = ( GEOMETRIC_REPRESENTATION_CONTEXT(2) 
PARAMETRIC_REPRESENTATION_CONTEXT() REPRESENTATION_CONTEXT('2D SPACE',''
  ) );
#6442 = PCURVE('',#621,#6443);
#6443 = DEFINITIONAL_REPRESENTATION('',(#6444),#6448);
#6444 = LINE('',#6445,#6446);
#6445 = CARTESIAN_POINT('',(10.,0.));
#6446 = VECTOR('',#6447,1.);
#6447 = DIRECTION('',(0.,-1.));
#6448 = ( GEOMETRIC_REPRESENTATION_CONTEXT(2) 
PARAMETRIC_REPRESENTATION_CONTEXT() REPRESENTATION_CONTEXT('2D SPACE',''
  ) );
#6449 = ORIENTED_EDGE('',*,*,#3029,.T.);
#6450 = ORIENTED_EDGE('',*,*,#6405,.F.);
#6451 = ADVANCED_FACE('',(#6452),#621,.F.);
#6452 = FACE_BOUND('',#6453,.F.);
#6453 = EDGE_LOOP('',(#6454,#6475,#6476,#6477));
#6454 = ORIENTED_EDGE('',*,*,#6455,.T.);
#6455 = EDGE_CURVE('',#578,#2984,#6456,.T.);
#6456 = SURFACE_CURVE('',#6457,(#6461,#6468),.PCURVE_S1.);
#6457 = LINE('',#6458,#6459);
#6458 = CARTESIAN_POINT('',(7.438,58.1835,0.));
#6459 = VECTOR('',#6460,1.);
#6460 = DIRECTION('',(0.,0.,1.));
#6461 = PCURVE('',#621,#6462);
#6462 = DEFINITIONAL_REPRESENTATION('',(#6463),#6467);
#6463 = LINE('',#6464,#6465);
#6464 = CARTESIAN_POINT('',(0.,0.));
#6465 = VECTOR('',#6466,1.);
#6466 = DIRECTION('',(0.,-1.));
#6467 = ( GEOMETRIC_REPRESENTATION_CONTEXT(2) 
PARAMETRIC_REPRESENTATION_CONTEXT() REPRESENTATION_CONTEXT('2D SPACE',''
  ) );
#6468 = PCURVE('',#593,#6469);
#6469 = DEFINITIONAL_REPRESENTATION('',(#6470),#6474);
#6470 = LINE('',#6471,#6472);
#6471 = CARTESIAN_POINT('',(10.,0.));
#6472 = VECTOR('',#6473,1.);
#6473 = DIRECTION('',(0.,-1.));
#6474 = ( GEOMETRIC_REPRESENTATION_CONTEXT(2) 
PARAMETRIC_REPRESENTATION_CONTEXT() REPRESENTATION_CONTEXT('2D SPACE',''
  ) );
#6475 = ORIENTED_EDGE('',*,*,#3006,.T.);
#6476 = ORIENTED_EDGE('',*,*,#6429,.F.);
#6477 = ORIENTED_EDGE('',*,*,#605,.F.);
#6478 = ADVANCED_FACE('',(#6479),#593,.F.);
#6479 = FACE_BOUND('',#6480,.F.);
#6480 = EDGE_LOOP('',(#6481,#6482,#6501,#6502));
#6481 = ORIENTED_EDGE('',*,*,#577,.F.);
#6482 = ORIENTED_EDGE('',*,*,#6483,.F.);
#6483 = EDGE_CURVE('',#2961,#550,#6484,.T.);
#6484 = SURFACE_CURVE('',#6485,(#6489,#6495),.PCURVE_S1.);
#6485 = LINE('',#6486,#6487);
#6486 = CARTESIAN_POINT('',(10.4,58.1835,0.));
#6487 = VECTOR('',#6488,1.);
#6488 = DIRECTION('',(0.,-0.,-1.));
#6489 = PCURVE('',#593,#6490);
#6490 = DEFINITIONAL_REPRESENTATION('',(#6491),#6494);
#6491 = B_SPLINE_CURVE_WITH_KNOTS('',1,(#6492,#6493),.UNSPECIFIED.,.F.,
  .F.,(2,2),(-3.2,0.),.PIECEWISE_BEZIER_KNOTS.);
#6492 = CARTESIAN_POINT('',(7.038,-3.2));
#6493 = CARTESIAN_POINT('',(7.038,0.));
#6494 = ( GEOMETRIC_REPRESENTATION_CONTEXT(2) 
PARAMETRIC_REPRESENTATION_CONTEXT() REPRESENTATION_CONTEXT('2D SPACE',''
  ) );
#6495 = PCURVE('',#565,#6496);
#6496 = DEFINITIONAL_REPRESENTATION('',(#6497),#6500);
#6497 = B_SPLINE_CURVE_WITH_KNOTS('',1,(#6498,#6499),.UNSPECIFIED.,.F.,
  .F.,(2,2),(-3.2,0.),.PIECEWISE_BEZIER_KNOTS.);
#6498 = CARTESIAN_POINT('',(0.387,-3.2));
#6499 = CARTESIAN_POINT('',(0.387,0.));
#6500 = ( GEOMETRIC_REPRESENTATION_CONTEXT(2) 
PARAMETRIC_REPRESENTATION_CONTEXT() REPRESENTATION_CONTEXT('2D SPACE',''
  ) );
#6501 = ORIENTED_EDGE('',*,*,#2983,.T.);
#6502 = ORIENTED_EDGE('',*,*,#6455,.F.);
#6503 = ADVANCED_FACE('',(#6504),#565,.F.);
#6504 = FACE_BOUND('',#6505,.F.);
#6505 = EDGE_LOOP('',(#6506,#6507,#6528,#6529));
#6506 = ORIENTED_EDGE('',*,*,#549,.T.);
#6507 = ORIENTED_EDGE('',*,*,#6508,.T.);
#6508 = EDGE_CURVE('',#523,#2939,#6509,.T.);
#6509 = SURFACE_CURVE('',#6510,(#6514,#6521),.PCURVE_S1.);
#6510 = LINE('',#6511,#6512);
#6511 = CARTESIAN_POINT('',(10.4,58.5705,0.));
#6512 = VECTOR('',#6513,1.);
#6513 = DIRECTION('',(0.,0.,1.));
#6514 = PCURVE('',#565,#6515);
#6515 = DEFINITIONAL_REPRESENTATION('',(#6516),#6520);
#6516 = LINE('',#6517,#6518);
#6517 = CARTESIAN_POINT('',(0.,0.));
#6518 = VECTOR('',#6519,1.);
#6519 = DIRECTION('',(0.,-1.));
#6520 = ( GEOMETRIC_REPRESENTATION_CONTEXT(2) 
PARAMETRIC_REPRESENTATION_CONTEXT() REPRESENTATION_CONTEXT('2D SPACE',''
  ) );
#6521 = PCURVE('',#538,#6522);
#6522 = DEFINITIONAL_REPRESENTATION('',(#6523),#6527);
#6523 = LINE('',#6524,#6525);
#6524 = CARTESIAN_POINT('',(35.971,-1.));
#6525 = VECTOR('',#6526,1.);
#6526 = DIRECTION('',(0.,-1.));
#6527 = ( GEOMETRIC_REPRESENTATION_CONTEXT(2) 
PARAMETRIC_REPRESENTATION_CONTEXT() REPRESENTATION_CONTEXT('2D SPACE',''
  ) );
#6528 = ORIENTED_EDGE('',*,*,#2960,.T.);
#6529 = ORIENTED_EDGE('',*,*,#6483,.T.);
#6530 = ADVANCED_FACE('',(#6531),#538,.T.);
#6531 = FACE_BOUND('',#6532,.T.);
#6532 = EDGE_LOOP('',(#6533,#6552,#6553,#6554));
#6533 = ORIENTED_EDGE('',*,*,#6534,.F.);
#6534 = EDGE_CURVE('',#497,#2918,#6535,.T.);
#6535 = SURFACE_CURVE('',#6536,(#6540,#6546),.PCURVE_S1.);
#6536 = LINE('',#6537,#6538);
#6537 = CARTESIAN_POINT('',(0.,58.5705,-5.5));
#6538 = VECTOR('',#6539,1.);
#6539 = DIRECTION('',(0.,0.,1.));
#6540 = PCURVE('',#538,#6541);
#6541 = DEFINITIONAL_REPRESENTATION('',(#6542),#6545);
#6542 = B_SPLINE_CURVE_WITH_KNOTS('',1,(#6543,#6544),.UNSPECIFIED.,.F.,
  .F.,(2,2),(5.5,8.7),.PIECEWISE_BEZIER_KNOTS.);
#6543 = CARTESIAN_POINT('',(46.371,-1.));
#6544 = CARTESIAN_POINT('',(46.371,-4.2));
#6545 = ( GEOMETRIC_REPRESENTATION_CONTEXT(2) 
PARAMETRIC_REPRESENTATION_CONTEXT() REPRESENTATION_CONTEXT('2D SPACE',''
  ) );
#6546 = PCURVE('',#511,#6547);
#6547 = DEFINITIONAL_REPRESENTATION('',(#6548),#6551);
#6548 = B_SPLINE_CURVE_WITH_KNOTS('',1,(#6549,#6550),.UNSPECIFIED.,.F.,
  .F.,(2,2),(5.5,8.7),.PIECEWISE_BEZIER_KNOTS.);
#6549 = CARTESIAN_POINT('',(10.,-208.5705));
#6550 = CARTESIAN_POINT('',(13.2,-208.5705));
#6551 = ( GEOMETRIC_REPRESENTATION_CONTEXT(2) 
PARAMETRIC_REPRESENTATION_CONTEXT() REPRESENTATION_CONTEXT('2D SPACE',''
  ) );
#6552 = ORIENTED_EDGE('',*,*,#522,.T.);
#6553 = ORIENTED_EDGE('',*,*,#6508,.T.);
#6554 = ORIENTED_EDGE('',*,*,#2938,.F.);
#6555 = ADVANCED_FACE('',(#6556),#511,.F.);
#6556 = FACE_BOUND('',#6557,.F.);
#6557 = EDGE_LOOP('',(#6558,#6559,#6560,#6579));
#6558 = ORIENTED_EDGE('',*,*,#6534,.F.);
#6559 = ORIENTED_EDGE('',*,*,#496,.T.);
#6560 = ORIENTED_EDGE('',*,*,#6561,.T.);
#6561 = EDGE_CURVE('',#469,#2895,#6562,.T.);
#6562 = SURFACE_CURVE('',#6563,(#6567,#6573),.PCURVE_S1.);
#6563 = LINE('',#6564,#6565);
#6564 = CARTESIAN_POINT('',(0.,61.7705,-5.));
#6565 = VECTOR('',#6566,1.);
#6566 = DIRECTION('',(0.,0.,1.));
#6567 = PCURVE('',#511,#6568);
#6568 = DEFINITIONAL_REPRESENTATION('',(#6569),#6572);
#6569 = B_SPLINE_CURVE_WITH_KNOTS('',1,(#6570,#6571),.UNSPECIFIED.,.F.,
  .F.,(2,2),(5.,8.2),.PIECEWISE_BEZIER_KNOTS.);
#6570 = CARTESIAN_POINT('',(10.,-211.7705));
#6571 = CARTESIAN_POINT('',(13.2,-211.7705));
#6572 = ( GEOMETRIC_REPRESENTATION_CONTEXT(2) 
PARAMETRIC_REPRESENTATION_CONTEXT() REPRESENTATION_CONTEXT('2D SPACE',''
  ) );
#6573 = PCURVE('',#484,#6574);
#6574 = DEFINITIONAL_REPRESENTATION('',(#6575),#6578);
#6575 = B_SPLINE_CURVE_WITH_KNOTS('',1,(#6576,#6577),.UNSPECIFIED.,.F.,
  .F.,(2,2),(5.,8.2),.PIECEWISE_BEZIER_KNOTS.);
#6576 = CARTESIAN_POINT('',(49.571,0.));
#6577 = CARTESIAN_POINT('',(49.571,-3.2));
#6578 = ( GEOMETRIC_REPRESENTATION_CONTEXT(2) 
PARAMETRIC_REPRESENTATION_CONTEXT() REPRESENTATION_CONTEXT('2D SPACE',''
  ) );
#6579 = ORIENTED_EDGE('',*,*,#2917,.F.);
#6580 = ADVANCED_FACE('',(#6581),#484,.F.);
#6581 = FACE_BOUND('',#6582,.F.);
#6582 = EDGE_LOOP('',(#6583,#6584,#6605,#6606));
#6583 = ORIENTED_EDGE('',*,*,#468,.F.);
#6584 = ORIENTED_EDGE('',*,*,#6585,.T.);
#6585 = EDGE_CURVE('',#440,#2871,#6586,.T.);
#6586 = SURFACE_CURVE('',#6587,(#6591,#6598),.PCURVE_S1.);
#6587 = LINE('',#6588,#6589);
#6588 = CARTESIAN_POINT('',(43.571,61.7705,0.));
#6589 = VECTOR('',#6590,1.);
#6590 = DIRECTION('',(0.,0.,1.));
#6591 = PCURVE('',#484,#6592);
#6592 = DEFINITIONAL_REPRESENTATION('',(#6593),#6597);
#6593 = LINE('',#6594,#6595);
#6594 = CARTESIAN_POINT('',(6.,0.));
#6595 = VECTOR('',#6596,1.);
#6596 = DIRECTION('',(0.,-1.));
#6597 = ( GEOMETRIC_REPRESENTATION_CONTEXT(2) 
PARAMETRIC_REPRESENTATION_CONTEXT() REPRESENTATION_CONTEXT('2D SPACE',''
  ) );
#6598 = PCURVE('',#456,#6599);
#6599 = DEFINITIONAL_REPRESENTATION('',(#6600),#6604);
#6600 = LINE('',#6601,#6602);
#6601 = CARTESIAN_POINT('',(1.570796326795,0.));
#6602 = VECTOR('',#6603,1.);
#6603 = DIRECTION('',(0.,1.));
#6604 = ( GEOMETRIC_REPRESENTATION_CONTEXT(2) 
PARAMETRIC_REPRESENTATION_CONTEXT() REPRESENTATION_CONTEXT('2D SPACE',''
  ) );
#6605 = ORIENTED_EDGE('',*,*,#2894,.T.);
#6606 = ORIENTED_EDGE('',*,*,#6561,.F.);
#6607 = ADVANCED_FACE('',(#6608),#456,.T.);
#6608 = FACE_BOUND('',#6609,.T.);
#6609 = EDGE_LOOP('',(#6610,#6611,#6612,#6613));
#6610 = ORIENTED_EDGE('',*,*,#439,.T.);
#6611 = ORIENTED_EDGE('',*,*,#6585,.T.);
#6612 = ORIENTED_EDGE('',*,*,#2870,.F.);
#6613 = ORIENTED_EDGE('',*,*,#6614,.F.);
#6614 = EDGE_CURVE('',#412,#2848,#6615,.T.);
#6615 = SURFACE_CURVE('',#6616,(#6620,#6627),.PCURVE_S1.);
#6616 = LINE('',#6617,#6618);
#6617 = CARTESIAN_POINT('',(49.571,55.7705,0.));
#6618 = VECTOR('',#6619,1.);
#6619 = DIRECTION('',(0.,0.,1.));
#6620 = PCURVE('',#456,#6621);
#6621 = DEFINITIONAL_REPRESENTATION('',(#6622),#6626);
#6622 = LINE('',#6623,#6624);
#6623 = CARTESIAN_POINT('',(0.,0.));
#6624 = VECTOR('',#6625,1.);
#6625 = DIRECTION('',(0.,1.));
#6626 = ( GEOMETRIC_REPRESENTATION_CONTEXT(2) 
PARAMETRIC_REPRESENTATION_CONTEXT() REPRESENTATION_CONTEXT('2D SPACE',''
  ) );
#6627 = PCURVE('',#427,#6628);
#6628 = DEFINITIONAL_REPRESENTATION('',(#6629),#6633);
#6629 = LINE('',#6630,#6631);
#6630 = CARTESIAN_POINT('',(8.,0.));
#6631 = VECTOR('',#6632,1.);
#6632 = DIRECTION('',(0.,-1.));
#6633 = ( GEOMETRIC_REPRESENTATION_CONTEXT(2) 
PARAMETRIC_REPRESENTATION_CONTEXT() REPRESENTATION_CONTEXT('2D SPACE',''
  ) );
#6634 = ADVANCED_FACE('',(#6635),#427,.F.);
#6635 = FACE_BOUND('',#6636,.F.);
#6636 = EDGE_LOOP('',(#6637,#6638,#6659,#6660));
#6637 = ORIENTED_EDGE('',*,*,#411,.F.);
#6638 = ORIENTED_EDGE('',*,*,#6639,.T.);
#6639 = EDGE_CURVE('',#384,#2825,#6640,.T.);
#6640 = SURFACE_CURVE('',#6641,(#6645,#6652),.PCURVE_S1.);
#6641 = LINE('',#6642,#6643);
#6642 = CARTESIAN_POINT('',(49.571,63.7705,0.));
#6643 = VECTOR('',#6644,1.);
#6644 = DIRECTION('',(0.,0.,1.));
#6645 = PCURVE('',#427,#6646);
#6646 = DEFINITIONAL_REPRESENTATION('',(#6647),#6651);
#6647 = LINE('',#6648,#6649);
#6648 = CARTESIAN_POINT('',(0.,0.));
#6649 = VECTOR('',#6650,1.);
#6650 = DIRECTION('',(0.,-1.));
#6651 = ( GEOMETRIC_REPRESENTATION_CONTEXT(2) 
PARAMETRIC_REPRESENTATION_CONTEXT() REPRESENTATION_CONTEXT('2D SPACE',''
  ) );
#6652 = PCURVE('',#399,#6653);
#6653 = DEFINITIONAL_REPRESENTATION('',(#6654),#6658);
#6654 = LINE('',#6655,#6656);
#6655 = CARTESIAN_POINT('',(11.,0.));
#6656 = VECTOR('',#6657,1.);
#6657 = DIRECTION('',(0.,-1.));
#6658 = ( GEOMETRIC_REPRESENTATION_CONTEXT(2) 
PARAMETRIC_REPRESENTATION_CONTEXT() REPRESENTATION_CONTEXT('2D SPACE',''
  ) );
#6659 = ORIENTED_EDGE('',*,*,#2847,.T.);
#6660 = ORIENTED_EDGE('',*,*,#6614,.F.);
#6661 = ADVANCED_FACE('',(#6662),#399,.F.);
#6662 = FACE_BOUND('',#6663,.F.);
#6663 = EDGE_LOOP('',(#6664,#6684,#6685,#6686));
#6664 = ORIENTED_EDGE('',*,*,#6665,.T.);
#6665 = EDGE_CURVE('',#355,#2797,#6666,.T.);
#6666 = SURFACE_CURVE('',#6667,(#6671,#6678),.PCURVE_S1.);
#6667 = LINE('',#6668,#6669);
#6668 = CARTESIAN_POINT('',(60.571,63.7705,0.));
#6669 = VECTOR('',#6670,1.);
#6670 = DIRECTION('',(0.,0.,1.));
#6671 = PCURVE('',#399,#6672);
#6672 = DEFINITIONAL_REPRESENTATION('',(#6673),#6677);
#6673 = LINE('',#6674,#6675);
#6674 = CARTESIAN_POINT('',(0.,-0.));
#6675 = VECTOR('',#6676,1.);
#6676 = DIRECTION('',(0.,-1.));
#6677 = ( GEOMETRIC_REPRESENTATION_CONTEXT(2) 
PARAMETRIC_REPRESENTATION_CONTEXT() REPRESENTATION_CONTEXT('2D SPACE',''
  ) );
#6678 = PCURVE('',#371,#6679);
#6679 = DEFINITIONAL_REPRESENTATION('',(#6680),#6683);
#6680 = B_SPLINE_CURVE_WITH_KNOTS('',1,(#6681,#6682),.UNSPECIFIED.,.F.,
  .F.,(2,2),(0.,3.2),.PIECEWISE_BEZIER_KNOTS.);
#6681 = CARTESIAN_POINT('',(-7.853981633974,0.));
#6682 = CARTESIAN_POINT('',(-7.853981633974,-3.2));
#6683 = ( GEOMETRIC_REPRESENTATION_CONTEXT(2) 
PARAMETRIC_REPRESENTATION_CONTEXT() REPRESENTATION_CONTEXT('2D SPACE',''
  ) );
#6684 = ORIENTED_EDGE('',*,*,#2824,.T.);
#6685 = ORIENTED_EDGE('',*,*,#6639,.F.);
#6686 = ORIENTED_EDGE('',*,*,#383,.F.);
#6687 = ADVANCED_FACE('',(#6688),#371,.T.);
#6688 = FACE_BOUND('',#6689,.F.);
#6689 = EDGE_LOOP('',(#6690,#6691,#6692,#6693));
#6690 = ORIENTED_EDGE('',*,*,#2796,.F.);
#6691 = ORIENTED_EDGE('',*,*,#6665,.F.);
#6692 = ORIENTED_EDGE('',*,*,#354,.F.);
#6693 = ORIENTED_EDGE('',*,*,#6694,.T.);
#6694 = EDGE_CURVE('',#327,#2774,#6695,.T.);
#6695 = SURFACE_CURVE('',#6696,(#6700,#6706),.PCURVE_S1.);
#6696 = LINE('',#6697,#6698);
#6697 = CARTESIAN_POINT('',(60.571,47.7705,0.));
#6698 = VECTOR('',#6699,1.);
#6699 = DIRECTION('',(0.,0.,1.));
#6700 = PCURVE('',#371,#6701);
#6701 = DEFINITIONAL_REPRESENTATION('',(#6702),#6705);
#6702 = B_SPLINE_CURVE_WITH_KNOTS('',1,(#6703,#6704),.UNSPECIFIED.,.F.,
  .F.,(2,2),(0.,3.2),.PIECEWISE_BEZIER_KNOTS.);
#6703 = CARTESIAN_POINT('',(-4.712388980385,0.));
#6704 = CARTESIAN_POINT('',(-4.712388980385,-3.2));
#6705 = ( GEOMETRIC_REPRESENTATION_CONTEXT(2) 
PARAMETRIC_REPRESENTATION_CONTEXT() REPRESENTATION_CONTEXT('2D SPACE',''
  ) );
#6706 = PCURVE('',#342,#6707);
#6707 = DEFINITIONAL_REPRESENTATION('',(#6708),#6712);
#6708 = LINE('',#6709,#6710);
#6709 = CARTESIAN_POINT('',(11.,0.));
#6710 = VECTOR('',#6711,1.);
#6711 = DIRECTION('',(0.,-1.));
#6712 = ( GEOMETRIC_REPRESENTATION_CONTEXT(2) 
PARAMETRIC_REPRESENTATION_CONTEXT() REPRESENTATION_CONTEXT('2D SPACE',''
  ) );
#6713 = ADVANCED_FACE('',(#6714),#342,.F.);
#6714 = FACE_BOUND('',#6715,.F.);
#6715 = EDGE_LOOP('',(#6716,#6737,#6738,#6739));
#6716 = ORIENTED_EDGE('',*,*,#6717,.T.);
#6717 = EDGE_CURVE('',#299,#2751,#6718,.T.);
#6718 = SURFACE_CURVE('',#6719,(#6723,#6730),.PCURVE_S1.);
#6719 = LINE('',#6720,#6721);
#6720 = CARTESIAN_POINT('',(49.571,47.7705,0.));
#6721 = VECTOR('',#6722,1.);
#6722 = DIRECTION('',(0.,0.,1.));
#6723 = PCURVE('',#342,#6724);
#6724 = DEFINITIONAL_REPRESENTATION('',(#6725),#6729);
#6725 = LINE('',#6726,#6727);
#6726 = CARTESIAN_POINT('',(0.,0.));
#6727 = VECTOR('',#6728,1.);
#6728 = DIRECTION('',(0.,-1.));
#6729 = ( GEOMETRIC_REPRESENTATION_CONTEXT(2) 
PARAMETRIC_REPRESENTATION_CONTEXT() REPRESENTATION_CONTEXT('2D SPACE',''
  ) );
#6730 = PCURVE('',#314,#6731);
#6731 = DEFINITIONAL_REPRESENTATION('',(#6732),#6736);
#6732 = LINE('',#6733,#6734);
#6733 = CARTESIAN_POINT('',(109.541,0.));
#6734 = VECTOR('',#6735,1.);
#6735 = DIRECTION('',(0.,-1.));
#6736 = ( GEOMETRIC_REPRESENTATION_CONTEXT(2) 
PARAMETRIC_REPRESENTATION_CONTEXT() REPRESENTATION_CONTEXT('2D SPACE',''
  ) );
#6737 = ORIENTED_EDGE('',*,*,#2773,.T.);
#6738 = ORIENTED_EDGE('',*,*,#6694,.F.);
#6739 = ORIENTED_EDGE('',*,*,#326,.F.);
#6740 = ADVANCED_FACE('',(#6741),#314,.F.);
#6741 = FACE_BOUND('',#6742,.F.);
#6742 = EDGE_LOOP('',(#6743,#6744,#6765,#6766));
#6743 = ORIENTED_EDGE('',*,*,#298,.F.);
#6744 = ORIENTED_EDGE('',*,*,#6745,.T.);
#6745 = EDGE_CURVE('',#271,#2728,#6746,.T.);
#6746 = SURFACE_CURVE('',#6747,(#6751,#6758),.PCURVE_S1.);
#6747 = LINE('',#6748,#6749);
#6748 = CARTESIAN_POINT('',(49.571,-47.7705,0.));
#6749 = VECTOR('',#6750,1.);
#6750 = DIRECTION('',(0.,0.,1.));
#6751 = PCURVE('',#314,#6752);
#6752 = DEFINITIONAL_REPRESENTATION('',(#6753),#6757);
#6753 = LINE('',#6754,#6755);
#6754 = CARTESIAN_POINT('',(14.,0.));
#6755 = VECTOR('',#6756,1.);
#6756 = DIRECTION('',(0.,-1.));
#6757 = ( GEOMETRIC_REPRESENTATION_CONTEXT(2) 
PARAMETRIC_REPRESENTATION_CONTEXT() REPRESENTATION_CONTEXT('2D SPACE',''
  ) );
#6758 = PCURVE('',#286,#6759);
#6759 = DEFINITIONAL_REPRESENTATION('',(#6760),#6764);
#6760 = LINE('',#6761,#6762);
#6761 = CARTESIAN_POINT('',(11.,0.));
#6762 = VECTOR('',#6763,1.);
#6763 = DIRECTION('',(0.,-1.));
#6764 = ( GEOMETRIC_REPRESENTATION_CONTEXT(2) 
PARAMETRIC_REPRESENTATION_CONTEXT() REPRESENTATION_CONTEXT('2D SPACE',''
  ) );
#6765 = ORIENTED_EDGE('',*,*,#2750,.T.);
#6766 = ORIENTED_EDGE('',*,*,#6717,.F.);
#6767 = ADVANCED_FACE('',(#6768),#286,.F.);
#6768 = FACE_BOUND('',#6769,.F.);
#6769 = EDGE_LOOP('',(#6770,#6790,#6791,#6792));
#6770 = ORIENTED_EDGE('',*,*,#6771,.T.);
#6771 = EDGE_CURVE('',#242,#2700,#6772,.T.);
#6772 = SURFACE_CURVE('',#6773,(#6777,#6784),.PCURVE_S1.);
#6773 = LINE('',#6774,#6775);
#6774 = CARTESIAN_POINT('',(60.571,-47.7705,0.));
#6775 = VECTOR('',#6776,1.);
#6776 = DIRECTION('',(0.,0.,1.));
#6777 = PCURVE('',#286,#6778);
#6778 = DEFINITIONAL_REPRESENTATION('',(#6779),#6783);
#6779 = LINE('',#6780,#6781);
#6780 = CARTESIAN_POINT('',(0.,-0.));
#6781 = VECTOR('',#6782,1.);
#6782 = DIRECTION('',(0.,-1.));
#6783 = ( GEOMETRIC_REPRESENTATION_CONTEXT(2) 
PARAMETRIC_REPRESENTATION_CONTEXT() REPRESENTATION_CONTEXT('2D SPACE',''
  ) );
#6784 = PCURVE('',#258,#6785);
#6785 = DEFINITIONAL_REPRESENTATION('',(#6786),#6789);
#6786 = B_SPLINE_CURVE_WITH_KNOTS('',1,(#6787,#6788),.UNSPECIFIED.,.F.,
  .F.,(2,2),(0.,3.2),.PIECEWISE_BEZIER_KNOTS.);
#6787 = CARTESIAN_POINT('',(-7.853981633974,0.));
#6788 = CARTESIAN_POINT('',(-7.853981633974,-3.2));
#6789 = ( GEOMETRIC_REPRESENTATION_CONTEXT(2) 
PARAMETRIC_REPRESENTATION_CONTEXT() REPRESENTATION_CONTEXT('2D SPACE',''
  ) );
#6790 = ORIENTED_EDGE('',*,*,#2727,.T.);
#6791 = ORIENTED_EDGE('',*,*,#6745,.F.);
#6792 = ORIENTED_EDGE('',*,*,#270,.F.);
#6793 = ADVANCED_FACE('',(#6794),#258,.T.);
#6794 = FACE_BOUND('',#6795,.F.);
#6795 = EDGE_LOOP('',(#6796,#6797,#6798,#6799));
#6796 = ORIENTED_EDGE('',*,*,#2699,.F.);
#6797 = ORIENTED_EDGE('',*,*,#6771,.F.);
#6798 = ORIENTED_EDGE('',*,*,#241,.F.);
#6799 = ORIENTED_EDGE('',*,*,#6800,.T.);
#6800 = EDGE_CURVE('',#214,#2677,#6801,.T.);
#6801 = SURFACE_CURVE('',#6802,(#6806,#6812),.PCURVE_S1.);
#6802 = LINE('',#6803,#6804);
#6803 = CARTESIAN_POINT('',(60.571,-63.7705,0.));
#6804 = VECTOR('',#6805,1.);
#6805 = DIRECTION('',(0.,0.,1.));
#6806 = PCURVE('',#258,#6807);
#6807 = DEFINITIONAL_REPRESENTATION('',(#6808),#6811);
#6808 = B_SPLINE_CURVE_WITH_KNOTS('',1,(#6809,#6810),.UNSPECIFIED.,.F.,
  .F.,(2,2),(0.,3.2),.PIECEWISE_BEZIER_KNOTS.);
#6809 = CARTESIAN_POINT('',(-4.712388980385,0.));
#6810 = CARTESIAN_POINT('',(-4.712388980385,-3.2));
#6811 = ( GEOMETRIC_REPRESENTATION_CONTEXT(2) 
PARAMETRIC_REPRESENTATION_CONTEXT() REPRESENTATION_CONTEXT('2D SPACE',''
  ) );
#6812 = PCURVE('',#229,#6813);
#6813 = DEFINITIONAL_REPRESENTATION('',(#6814),#6818);
#6814 = LINE('',#6815,#6816);
#6815 = CARTESIAN_POINT('',(11.,0.));
#6816 = VECTOR('',#6817,1.);
#6817 = DIRECTION('',(0.,-1.));
#6818 = ( GEOMETRIC_REPRESENTATION_CONTEXT(2) 
PARAMETRIC_REPRESENTATION_CONTEXT() REPRESENTATION_CONTEXT('2D SPACE',''
  ) );
#6819 = ADVANCED_FACE('',(#6820),#229,.F.);
#6820 = FACE_BOUND('',#6821,.F.);
#6821 = EDGE_LOOP('',(#6822,#6843,#6844,#6845));
#6822 = ORIENTED_EDGE('',*,*,#6823,.T.);
#6823 = EDGE_CURVE('',#186,#2654,#6824,.T.);
#6824 = SURFACE_CURVE('',#6825,(#6829,#6836),.PCURVE_S1.);
#6825 = LINE('',#6826,#6827);
#6826 = CARTESIAN_POINT('',(49.571,-63.7705,0.));
#6827 = VECTOR('',#6828,1.);
#6828 = DIRECTION('',(0.,0.,1.));
#6829 = PCURVE('',#229,#6830);
#6830 = DEFINITIONAL_REPRESENTATION('',(#6831),#6835);
#6831 = LINE('',#6832,#6833);
#6832 = CARTESIAN_POINT('',(0.,0.));
#6833 = VECTOR('',#6834,1.);
#6834 = DIRECTION('',(0.,-1.));
#6835 = ( GEOMETRIC_REPRESENTATION_CONTEXT(2) 
PARAMETRIC_REPRESENTATION_CONTEXT() REPRESENTATION_CONTEXT('2D SPACE',''
  ) );
#6836 = PCURVE('',#201,#6837);
#6837 = DEFINITIONAL_REPRESENTATION('',(#6838),#6842);
#6838 = LINE('',#6839,#6840);
#6839 = CARTESIAN_POINT('',(16.,0.));
#6840 = VECTOR('',#6841,1.);
#6841 = DIRECTION('',(0.,-1.));
#6842 = ( GEOMETRIC_REPRESENTATION_CONTEXT(2) 
PARAMETRIC_REPRESENTATION_CONTEXT() REPRESENTATION_CONTEXT('2D SPACE',''
  ) );
#6843 = ORIENTED_EDGE('',*,*,#2676,.T.);
#6844 = ORIENTED_EDGE('',*,*,#6800,.F.);
#6845 = ORIENTED_EDGE('',*,*,#213,.F.);
#6846 = ADVANCED_FACE('',(#6847),#201,.F.);
#6847 = FACE_BOUND('',#6848,.F.);
#6848 = EDGE_LOOP('',(#6849,#6850,#6851,#6852));
#6849 = ORIENTED_EDGE('',*,*,#185,.F.);
#6850 = ORIENTED_EDGE('',*,*,#2581,.T.);
#6851 = ORIENTED_EDGE('',*,*,#2653,.T.);
#6852 = ORIENTED_EDGE('',*,*,#6823,.F.);
#6853 = ADVANCED_FACE('',(#6854),#1303,.F.);
#6854 = FACE_BOUND('',#6855,.T.);
#6855 = EDGE_LOOP('',(#6856,#6875,#6876,#6895));
#6856 = ORIENTED_EDGE('',*,*,#6857,.F.);
#6857 = EDGE_CURVE('',#1281,#3899,#6858,.T.);
#6858 = SURFACE_CURVE('',#6859,(#6863,#6869),.PCURVE_S1.);
#6859 = LINE('',#6860,#6861);
#6860 = CARTESIAN_POINT('',(43.993555865684,-57.3535,0.));
#6861 = VECTOR('',#6862,1.);
#6862 = DIRECTION('',(0.,0.,1.));
#6863 = PCURVE('',#1303,#6864);
#6864 = DEFINITIONAL_REPRESENTATION('',(#6865),#6868);
#6865 = B_SPLINE_CURVE_WITH_KNOTS('',1,(#6866,#6867),.UNSPECIFIED.,.F.,
  .F.,(2,2),(-2.004E-04,3.2002004),.PIECEWISE_BEZIER_KNOTS.);
#6866 = CARTESIAN_POINT('',(-0.922587751857,-2.004E-04));
#6867 = CARTESIAN_POINT('',(-0.922587751857,3.2002004));
#6868 = ( GEOMETRIC_REPRESENTATION_CONTEXT(2) 
PARAMETRIC_REPRESENTATION_CONTEXT() REPRESENTATION_CONTEXT('2D SPACE',''
  ) );
#6869 = PCURVE('',#1357,#6870);
#6870 = DEFINITIONAL_REPRESENTATION('',(#6871),#6874);
#6871 = B_SPLINE_CURVE_WITH_KNOTS('',1,(#6872,#6873),.UNSPECIFIED.,.F.,
  .F.,(2,2),(-2.004E-04,3.2002004),.PIECEWISE_BEZIER_KNOTS.);
#6872 = CARTESIAN_POINT('',(8.844555865684,2.004E-04));
#6873 = CARTESIAN_POINT('',(8.844555865684,-3.2002004));
#6874 = ( GEOMETRIC_REPRESENTATION_CONTEXT(2) 
PARAMETRIC_REPRESENTATION_CONTEXT() REPRESENTATION_CONTEXT('2D SPACE',''
  ) );
#6875 = ORIENTED_EDGE('',*,*,#1280,.T.);
#6876 = ORIENTED_EDGE('',*,*,#6877,.T.);
#6877 = EDGE_CURVE('',#1283,#3901,#6878,.T.);
#6878 = SURFACE_CURVE('',#6879,(#6883,#6889),.PCURVE_S1.);
#6879 = LINE('',#6880,#6881);
#6880 = CARTESIAN_POINT('',(41.5355,-58.45641027369,0.));
#6881 = VECTOR('',#6882,1.);
#6882 = DIRECTION('',(0.,0.,1.));
#6883 = PCURVE('',#1303,#6884);
#6884 = DEFINITIONAL_REPRESENTATION('',(#6885),#6888);
#6885 = B_SPLINE_CURVE_WITH_KNOTS('',1,(#6886,#6887),.UNSPECIFIED.,.F.,
  .F.,(2,2),(-2.004E-04,3.2002004),.PIECEWISE_BEZIER_KNOTS.);
#6886 = CARTESIAN_POINT('',(-1.375473398063,-2.004E-04));
#6887 = CARTESIAN_POINT('',(-1.375473398063,3.2002004));
#6888 = ( GEOMETRIC_REPRESENTATION_CONTEXT(2) 
PARAMETRIC_REPRESENTATION_CONTEXT() REPRESENTATION_CONTEXT('2D SPACE',''
  ) );
#6889 = PCURVE('',#1331,#6890);
#6890 = DEFINITIONAL_REPRESENTATION('',(#6891),#6894);
#6891 = B_SPLINE_CURVE_WITH_KNOTS('',1,(#6892,#6893),.UNSPECIFIED.,.F.,
  .F.,(2,2),(-2.004E-04,3.2002004),.PIECEWISE_BEZIER_KNOTS.);
#6892 = CARTESIAN_POINT('',(0.114089726304,2.004E-04));
#6893 = CARTESIAN_POINT('',(0.114089726304,-3.2002004));
#6894 = ( GEOMETRIC_REPRESENTATION_CONTEXT(2) 
PARAMETRIC_REPRESENTATION_CONTEXT() REPRESENTATION_CONTEXT('2D SPACE',''
  ) );
#6895 = ORIENTED_EDGE('',*,*,#3898,.F.);
#6896 = ADVANCED_FACE('',(#6897),#1357,.F.);
#6897 = FACE_BOUND('',#6898,.F.);
#6898 = EDGE_LOOP('',(#6899,#6900,#6919,#6920));
#6899 = ORIENTED_EDGE('',*,*,#1343,.F.);
#6900 = ORIENTED_EDGE('',*,*,#6901,.T.);
#6901 = EDGE_CURVE('',#1316,#3929,#6902,.T.);
#6902 = SURFACE_CURVE('',#6903,(#6907,#6913),.PCURVE_S1.);
#6903 = LINE('',#6904,#6905);
#6904 = CARTESIAN_POINT('',(41.5355,-57.3535,0.));
#6905 = VECTOR('',#6906,1.);
#6906 = DIRECTION('',(0.,-0.,1.));
#6907 = PCURVE('',#1357,#6908);
#6908 = DEFINITIONAL_REPRESENTATION('',(#6909),#6912);
#6909 = B_SPLINE_CURVE_WITH_KNOTS('',1,(#6910,#6911),.UNSPECIFIED.,.F.,
  .F.,(2,2),(0.,3.2),.PIECEWISE_BEZIER_KNOTS.);
#6910 = CARTESIAN_POINT('',(6.3865,0.));
#6911 = CARTESIAN_POINT('',(6.3865,-3.2));
#6912 = ( GEOMETRIC_REPRESENTATION_CONTEXT(2) 
PARAMETRIC_REPRESENTATION_CONTEXT() REPRESENTATION_CONTEXT('2D SPACE',''
  ) );
#6913 = PCURVE('',#1331,#6914);
#6914 = DEFINITIONAL_REPRESENTATION('',(#6915),#6918);
#6915 = B_SPLINE_CURVE_WITH_KNOTS('',1,(#6916,#6917),.UNSPECIFIED.,.F.,
  .F.,(2,2),(0.,3.2),.PIECEWISE_BEZIER_KNOTS.);
#6916 = CARTESIAN_POINT('',(1.217,0.));
#6917 = CARTESIAN_POINT('',(1.217,-3.2));
#6918 = ( GEOMETRIC_REPRESENTATION_CONTEXT(2) 
PARAMETRIC_REPRESENTATION_CONTEXT() REPRESENTATION_CONTEXT('2D SPACE',''
  ) );
#6919 = ORIENTED_EDGE('',*,*,#3951,.T.);
#6920 = ORIENTED_EDGE('',*,*,#6857,.F.);
#6921 = ADVANCED_FACE('',(#6922),#1331,.F.);
#6922 = FACE_BOUND('',#6923,.F.);
#6923 = EDGE_LOOP('',(#6924,#6925,#6926,#6927));
#6924 = ORIENTED_EDGE('',*,*,#1315,.F.);
#6925 = ORIENTED_EDGE('',*,*,#6877,.T.);
#6926 = ORIENTED_EDGE('',*,*,#3928,.T.);
#6927 = ORIENTED_EDGE('',*,*,#6901,.F.);
#6928 = ADVANCED_FACE('',(#6929),#1394,.F.);
#6929 = FACE_BOUND('',#6930,.T.);
#6930 = EDGE_LOOP('',(#6931,#6950,#6951,#6970));
#6931 = ORIENTED_EDGE('',*,*,#6932,.F.);
#6932 = EDGE_CURVE('',#1372,#3975,#6933,.T.);
#6933 = SURFACE_CURVE('',#6934,(#6938,#6944),.PCURVE_S1.);
#6934 = LINE('',#6935,#6936);
#6935 = CARTESIAN_POINT('',(45.811737978436,-55.1,0.));
#6936 = VECTOR('',#6937,1.);
#6937 = DIRECTION('',(0.,0.,1.));
#6938 = PCURVE('',#1394,#6939);
#6939 = DEFINITIONAL_REPRESENTATION('',(#6940),#6943);
#6940 = B_SPLINE_CURVE_WITH_KNOTS('',1,(#6941,#6942),.UNSPECIFIED.,.F.,
  .F.,(2,2),(-6.E-07,3.2000006),.PIECEWISE_BEZIER_KNOTS.);
#6941 = CARTESIAN_POINT('',(-0.435190699463,-6.E-07));
#6942 = CARTESIAN_POINT('',(-0.435190699463,3.2000006));
#6943 = ( GEOMETRIC_REPRESENTATION_CONTEXT(2) 
PARAMETRIC_REPRESENTATION_CONTEXT() REPRESENTATION_CONTEXT('2D SPACE',''
  ) );
#6944 = PCURVE('',#1448,#6945);
#6945 = DEFINITIONAL_REPRESENTATION('',(#6946),#6949);
#6946 = B_SPLINE_CURVE_WITH_KNOTS('',1,(#6947,#6948),.UNSPECIFIED.,.F.,
  .F.,(2,2),(-6.E-07,3.2000006),.PIECEWISE_BEZIER_KNOTS.);
#6947 = CARTESIAN_POINT('',(35.411737978436,6.E-07));
#6948 = CARTESIAN_POINT('',(35.411737978436,-3.2000006));
#6949 = ( GEOMETRIC_REPRESENTATION_CONTEXT(2) 
PARAMETRIC_REPRESENTATION_CONTEXT() REPRESENTATION_CONTEXT('2D SPACE',''
  ) );
#6950 = ORIENTED_EDGE('',*,*,#1371,.T.);
#6951 = ORIENTED_EDGE('',*,*,#6952,.T.);
#6952 = EDGE_CURVE('',#1374,#3977,#6953,.T.);
#6953 = SURFACE_CURVE('',#6954,(#6958,#6964),.PCURVE_S1.);
#6954 = LINE('',#6955,#6956);
#6955 = CARTESIAN_POINT('',(45.149,-56.1996481094,0.));
#6956 = VECTOR('',#6957,1.);
#6957 = DIRECTION('',(0.,0.,1.));
#6958 = PCURVE('',#1394,#6959);
#6959 = DEFINITIONAL_REPRESENTATION('',(#6960),#6963);
#6960 = B_SPLINE_CURVE_WITH_KNOTS('',1,(#6961,#6962),.UNSPECIFIED.,.F.,
  .F.,(2,2),(-2.004E-04,3.2002004),.PIECEWISE_BEZIER_KNOTS.);
#6961 = CARTESIAN_POINT('',(-0.649587560959,-2.004E-04));
#6962 = CARTESIAN_POINT('',(-0.649587560959,3.2002004));
#6963 = ( GEOMETRIC_REPRESENTATION_CONTEXT(2) 
PARAMETRIC_REPRESENTATION_CONTEXT() REPRESENTATION_CONTEXT('2D SPACE',''
  ) );
#6964 = PCURVE('',#1422,#6965);
#6965 = DEFINITIONAL_REPRESENTATION('',(#6966),#6969);
#6966 = B_SPLINE_CURVE_WITH_KNOTS('',1,(#6967,#6968),.UNSPECIFIED.,.F.,
  .F.,(2,2),(-2.004E-04,3.2002004),.PIECEWISE_BEZIER_KNOTS.);
#6967 = CARTESIAN_POINT('',(1.153851890595,2.004E-04));
#6968 = CARTESIAN_POINT('',(1.153851890595,-3.2002004));
#6969 = ( GEOMETRIC_REPRESENTATION_CONTEXT(2) 
PARAMETRIC_REPRESENTATION_CONTEXT() REPRESENTATION_CONTEXT('2D SPACE',''
  ) );
#6970 = ORIENTED_EDGE('',*,*,#3974,.F.);
#6971 = ADVANCED_FACE('',(#6972),#1448,.F.);
#6972 = FACE_BOUND('',#6973,.F.);
#6973 = EDGE_LOOP('',(#6974,#6975,#6994,#6995));
#6974 = ORIENTED_EDGE('',*,*,#1434,.F.);
#6975 = ORIENTED_EDGE('',*,*,#6976,.T.);
#6976 = EDGE_CURVE('',#1407,#4005,#6977,.T.);
#6977 = SURFACE_CURVE('',#6978,(#6982,#6988),.PCURVE_S1.);
#6978 = LINE('',#6979,#6980);
#6979 = CARTESIAN_POINT('',(45.149,-55.1,0.));
#6980 = VECTOR('',#6981,1.);
#6981 = DIRECTION('',(0.,-0.,1.));
#6982 = PCURVE('',#1448,#6983);
#6983 = DEFINITIONAL_REPRESENTATION('',(#6984),#6987);
#6984 = B_SPLINE_CURVE_WITH_KNOTS('',1,(#6985,#6986),.UNSPECIFIED.,.F.,
  .F.,(2,2),(0.,3.2),.PIECEWISE_BEZIER_KNOTS.);
#6985 = CARTESIAN_POINT('',(34.749,0.));
#6986 = CARTESIAN_POINT('',(34.749,-3.2));
#6987 = ( GEOMETRIC_REPRESENTATION_CONTEXT(2) 
PARAMETRIC_REPRESENTATION_CONTEXT() REPRESENTATION_CONTEXT('2D SPACE',''
  ) );
#6988 = PCURVE('',#1422,#6989);
#6989 = DEFINITIONAL_REPRESENTATION('',(#6990),#6993);
#6990 = B_SPLINE_CURVE_WITH_KNOTS('',1,(#6991,#6992),.UNSPECIFIED.,.F.,
  .F.,(2,2),(0.,3.2),.PIECEWISE_BEZIER_KNOTS.);
#6991 = CARTESIAN_POINT('',(2.2535,0.));
#6992 = CARTESIAN_POINT('',(2.2535,-3.2));
#6993 = ( GEOMETRIC_REPRESENTATION_CONTEXT(2) 
PARAMETRIC_REPRESENTATION_CONTEXT() REPRESENTATION_CONTEXT('2D SPACE',''
  ) );
#6994 = ORIENTED_EDGE('',*,*,#4027,.T.);
#6995 = ORIENTED_EDGE('',*,*,#6932,.F.);
#6996 = ADVANCED_FACE('',(#6997),#1422,.F.);
#6997 = FACE_BOUND('',#6998,.F.);
#6998 = EDGE_LOOP('',(#6999,#7000,#7001,#7002));
#6999 = ORIENTED_EDGE('',*,*,#1406,.F.);
#7000 = ORIENTED_EDGE('',*,*,#6952,.T.);
#7001 = ORIENTED_EDGE('',*,*,#4004,.T.);
#7002 = ORIENTED_EDGE('',*,*,#6976,.F.);
#7003 = ADVANCED_FACE('',(#7004),#1479,.F.);
#7004 = FACE_BOUND('',#7005,.F.);
#7005 = EDGE_LOOP('',(#7006,#7007,#7028,#7029));
#7006 = ORIENTED_EDGE('',*,*,#1462,.T.);
#7007 = ORIENTED_EDGE('',*,*,#7008,.T.);
#7008 = EDGE_CURVE('',#1465,#4053,#7009,.T.);
#7009 = SURFACE_CURVE('',#7010,(#7014,#7021),.PCURVE_S1.);
#7010 = LINE('',#7011,#7012);
#7011 = CARTESIAN_POINT('',(54.521,-54.0705,-1.));
#7012 = VECTOR('',#7013,1.);
#7013 = DIRECTION('',(0.,0.,1.));
#7014 = PCURVE('',#1479,#7015);
#7015 = DEFINITIONAL_REPRESENTATION('',(#7016),#7020);
#7016 = LINE('',#7017,#7018);
#7017 = CARTESIAN_POINT('',(0.,0.));
#7018 = VECTOR('',#7019,1.);
#7019 = DIRECTION('',(0.,-1.));
#7020 = ( GEOMETRIC_REPRESENTATION_CONTEXT(2) 
PARAMETRIC_REPRESENTATION_CONTEXT() REPRESENTATION_CONTEXT('2D SPACE',''
  ) );
#7021 = PCURVE('',#1568,#7022);
#7022 = DEFINITIONAL_REPRESENTATION('',(#7023),#7027);
#7023 = LINE('',#7024,#7025);
#7024 = CARTESIAN_POINT('',(3.14159265359,0.));
#7025 = VECTOR('',#7026,1.);
#7026 = DIRECTION('',(0.,-1.));
#7027 = ( GEOMETRIC_REPRESENTATION_CONTEXT(2) 
PARAMETRIC_REPRESENTATION_CONTEXT() REPRESENTATION_CONTEXT('2D SPACE',''
  ) );
#7028 = ORIENTED_EDGE('',*,*,#4050,.F.);
#7029 = ORIENTED_EDGE('',*,*,#7030,.F.);
#7030 = EDGE_CURVE('',#1463,#4051,#7031,.T.);
#7031 = SURFACE_CURVE('',#7032,(#7036,#7043),.PCURVE_S1.);
#7032 = LINE('',#7033,#7034);
#7033 = CARTESIAN_POINT('',(58.621,-54.0705,-1.));
#7034 = VECTOR('',#7035,1.);
#7035 = DIRECTION('',(0.,0.,1.));
#7036 = PCURVE('',#1479,#7037);
#7037 = DEFINITIONAL_REPRESENTATION('',(#7038),#7042);
#7038 = LINE('',#7039,#7040);
#7039 = CARTESIAN_POINT('',(4.1,0.));
#7040 = VECTOR('',#7041,1.);
#7041 = DIRECTION('',(0.,-1.));
#7042 = ( GEOMETRIC_REPRESENTATION_CONTEXT(2) 
PARAMETRIC_REPRESENTATION_CONTEXT() REPRESENTATION_CONTEXT('2D SPACE',''
  ) );
#7043 = PCURVE('',#1511,#7044);
#7044 = DEFINITIONAL_REPRESENTATION('',(#7045),#7049);
#7045 = LINE('',#7046,#7047);
#7046 = CARTESIAN_POINT('',(0.,0.));
#7047 = VECTOR('',#7048,1.);
#7048 = DIRECTION('',(0.,-1.));
#7049 = ( GEOMETRIC_REPRESENTATION_CONTEXT(2) 
PARAMETRIC_REPRESENTATION_CONTEXT() REPRESENTATION_CONTEXT('2D SPACE',''
  ) );
#7050 = ADVANCED_FACE('',(#7051),#1511,.F.);
#7051 = FACE_BOUND('',#7052,.F.);
#7052 = EDGE_LOOP('',(#7053,#7054,#7055,#7056));
#7053 = ORIENTED_EDGE('',*,*,#1490,.F.);
#7054 = ORIENTED_EDGE('',*,*,#7030,.T.);
#7055 = ORIENTED_EDGE('',*,*,#4073,.T.);
#7056 = ORIENTED_EDGE('',*,*,#7057,.F.);
#7057 = EDGE_CURVE('',#1491,#4074,#7058,.T.);
#7058 = SURFACE_CURVE('',#7059,(#7063,#7070),.PCURVE_S1.);
#7059 = LINE('',#7060,#7061);
#7060 = CARTESIAN_POINT('',(58.621,-57.4705,-1.));
#7061 = VECTOR('',#7062,1.);
#7062 = DIRECTION('',(0.,0.,1.));
#7063 = PCURVE('',#1511,#7064);
#7064 = DEFINITIONAL_REPRESENTATION('',(#7065),#7069);
#7065 = LINE('',#7066,#7067);
#7066 = CARTESIAN_POINT('',(3.14159265359,0.));
#7067 = VECTOR('',#7068,1.);
#7068 = DIRECTION('',(0.,-1.));
#7069 = ( GEOMETRIC_REPRESENTATION_CONTEXT(2) 
PARAMETRIC_REPRESENTATION_CONTEXT() REPRESENTATION_CONTEXT('2D SPACE',''
  ) );
#7070 = PCURVE('',#1538,#7071);
#7071 = DEFINITIONAL_REPRESENTATION('',(#7072),#7076);
#7072 = LINE('',#7073,#7074);
#7073 = CARTESIAN_POINT('',(0.,-0.));
#7074 = VECTOR('',#7075,1.);
#7075 = DIRECTION('',(0.,-1.));
#7076 = ( GEOMETRIC_REPRESENTATION_CONTEXT(2) 
PARAMETRIC_REPRESENTATION_CONTEXT() REPRESENTATION_CONTEXT('2D SPACE',''
  ) );
#7077 = ADVANCED_FACE('',(#7078),#1568,.F.);
#7078 = FACE_BOUND('',#7079,.F.);
#7079 = EDGE_LOOP('',(#7080,#7081,#7102,#7103));
#7080 = ORIENTED_EDGE('',*,*,#1549,.F.);
#7081 = ORIENTED_EDGE('',*,*,#7082,.T.);
#7082 = EDGE_CURVE('',#1524,#4102,#7083,.T.);
#7083 = SURFACE_CURVE('',#7084,(#7088,#7095),.PCURVE_S1.);
#7084 = LINE('',#7085,#7086);
#7085 = CARTESIAN_POINT('',(54.521,-57.4705,-1.));
#7086 = VECTOR('',#7087,1.);
#7087 = DIRECTION('',(0.,0.,1.));
#7088 = PCURVE('',#1568,#7089);
#7089 = DEFINITIONAL_REPRESENTATION('',(#7090),#7094);
#7090 = LINE('',#7091,#7092);
#7091 = CARTESIAN_POINT('',(0.,0.));
#7092 = VECTOR('',#7093,1.);
#7093 = DIRECTION('',(0.,-1.));
#7094 = ( GEOMETRIC_REPRESENTATION_CONTEXT(2) 
PARAMETRIC_REPRESENTATION_CONTEXT() REPRESENTATION_CONTEXT('2D SPACE',''
  ) );
#7095 = PCURVE('',#1538,#7096);
#7096 = DEFINITIONAL_REPRESENTATION('',(#7097),#7101);
#7097 = LINE('',#7098,#7099);
#7098 = CARTESIAN_POINT('',(4.1,0.));
#7099 = VECTOR('',#7100,1.);
#7100 = DIRECTION('',(0.,-1.));
#7101 = ( GEOMETRIC_REPRESENTATION_CONTEXT(2) 
PARAMETRIC_REPRESENTATION_CONTEXT() REPRESENTATION_CONTEXT('2D SPACE',''
  ) );
#7102 = ORIENTED_EDGE('',*,*,#4122,.T.);
#7103 = ORIENTED_EDGE('',*,*,#7008,.F.);
#7104 = ADVANCED_FACE('',(#7105),#1538,.F.);
#7105 = FACE_BOUND('',#7106,.F.);
#7106 = EDGE_LOOP('',(#7107,#7108,#7109,#7110));
#7107 = ORIENTED_EDGE('',*,*,#1523,.T.);
#7108 = ORIENTED_EDGE('',*,*,#7057,.T.);
#7109 = ORIENTED_EDGE('',*,*,#4101,.F.);
#7110 = ORIENTED_EDGE('',*,*,#7082,.F.);
#7111 = ADVANCED_FACE('',(#7112),#1600,.F.);
#7112 = FACE_BOUND('',#7113,.F.);
#7113 = EDGE_LOOP('',(#7114,#7115,#7136,#7137));
#7114 = ORIENTED_EDGE('',*,*,#1582,.F.);
#7115 = ORIENTED_EDGE('',*,*,#7116,.T.);
#7116 = EDGE_CURVE('',#1583,#4151,#7117,.T.);
#7117 = SURFACE_CURVE('',#7118,(#7122,#7129),.PCURVE_S1.);
#7118 = LINE('',#7119,#7120);
#7119 = CARTESIAN_POINT('',(45.149,-47.3535,0.));
#7120 = VECTOR('',#7121,1.);
#7121 = DIRECTION('',(0.,0.,1.));
#7122 = PCURVE('',#1600,#7123);
#7123 = DEFINITIONAL_REPRESENTATION('',(#7124),#7128);
#7124 = LINE('',#7125,#7126);
#7125 = CARTESIAN_POINT('',(0.,-0.));
#7126 = VECTOR('',#7127,1.);
#7127 = DIRECTION('',(0.,-1.));
#7128 = ( GEOMETRIC_REPRESENTATION_CONTEXT(2) 
PARAMETRIC_REPRESENTATION_CONTEXT() REPRESENTATION_CONTEXT('2D SPACE',''
  ) );
#7129 = PCURVE('',#1737,#7130);
#7130 = DEFINITIONAL_REPRESENTATION('',(#7131),#7135);
#7131 = LINE('',#7132,#7133);
#7132 = CARTESIAN_POINT('',(10.,0.));
#7133 = VECTOR('',#7134,1.);
#7134 = DIRECTION('',(0.,-1.));
#7135 = ( GEOMETRIC_REPRESENTATION_CONTEXT(2) 
PARAMETRIC_REPRESENTATION_CONTEXT() REPRESENTATION_CONTEXT('2D SPACE',''
  ) );
#7136 = ORIENTED_EDGE('',*,*,#4150,.T.);
#7137 = ORIENTED_EDGE('',*,*,#7138,.T.);
#7138 = EDGE_CURVE('',#4153,#1585,#7139,.T.);
#7139 = SURFACE_CURVE('',#7140,(#7144,#7150),.PCURVE_S1.);
#7140 = LINE('',#7141,#7142);
#7141 = CARTESIAN_POINT('',(41.5355,-47.3535,0.));
#7142 = VECTOR('',#7143,1.);
#7143 = DIRECTION('',(-0.,-0.,-1.));
#7144 = PCURVE('',#1600,#7145);
#7145 = DEFINITIONAL_REPRESENTATION('',(#7146),#7149);
#7146 = B_SPLINE_CURVE_WITH_KNOTS('',1,(#7147,#7148),.UNSPECIFIED.,.F.,
  .F.,(2,2),(-3.2,0.),.PIECEWISE_BEZIER_KNOTS.);
#7147 = CARTESIAN_POINT('',(3.6135,-3.2));
#7148 = CARTESIAN_POINT('',(3.6135,0.));
#7149 = ( GEOMETRIC_REPRESENTATION_CONTEXT(2) 
PARAMETRIC_REPRESENTATION_CONTEXT() REPRESENTATION_CONTEXT('2D SPACE',''
  ) );
#7150 = PCURVE('',#1628,#7151);
#7151 = DEFINITIONAL_REPRESENTATION('',(#7152),#7155);
#7152 = B_SPLINE_CURVE_WITH_KNOTS('',1,(#7153,#7154),.UNSPECIFIED.,.F.,
  .F.,(2,2),(-3.2,0.),.PIECEWISE_BEZIER_KNOTS.);
#7153 = CARTESIAN_POINT('',(11.217,-3.2));
#7154 = CARTESIAN_POINT('',(11.217,0.));
#7155 = ( GEOMETRIC_REPRESENTATION_CONTEXT(2) 
PARAMETRIC_REPRESENTATION_CONTEXT() REPRESENTATION_CONTEXT('2D SPACE',''
  ) );
#7156 = ADVANCED_FACE('',(#7157),#1737,.F.);
#7157 = FACE_BOUND('',#7158,.F.);
#7158 = EDGE_LOOP('',(#7159,#7160,#7179,#7180));
#7159 = ORIENTED_EDGE('',*,*,#1723,.F.);
#7160 = ORIENTED_EDGE('',*,*,#7161,.F.);
#7161 = EDGE_CURVE('',#4244,#1696,#7162,.T.);
#7162 = SURFACE_CURVE('',#7163,(#7167,#7173),.PCURVE_S1.);
#7163 = LINE('',#7164,#7165);
#7164 = CARTESIAN_POINT('',(45.149,-51.9,0.));
#7165 = VECTOR('',#7166,1.);
#7166 = DIRECTION('',(-0.,-0.,-1.));
#7167 = PCURVE('',#1737,#7168);
#7168 = DEFINITIONAL_REPRESENTATION('',(#7169),#7172);
#7169 = B_SPLINE_CURVE_WITH_KNOTS('',1,(#7170,#7171),.UNSPECIFIED.,.F.,
  .F.,(2,2),(-3.2,0.),.PIECEWISE_BEZIER_KNOTS.);
#7170 = CARTESIAN_POINT('',(5.4535,-3.2));
#7171 = CARTESIAN_POINT('',(5.4535,0.));
#7172 = ( GEOMETRIC_REPRESENTATION_CONTEXT(2) 
PARAMETRIC_REPRESENTATION_CONTEXT() REPRESENTATION_CONTEXT('2D SPACE',''
  ) );
#7173 = PCURVE('',#1711,#7174);
#7174 = DEFINITIONAL_REPRESENTATION('',(#7175),#7178);
#7175 = B_SPLINE_CURVE_WITH_KNOTS('',1,(#7176,#7177),.UNSPECIFIED.,.F.,
  .F.,(2,2),(-3.2,0.),.PIECEWISE_BEZIER_KNOTS.);
#7176 = CARTESIAN_POINT('',(1.222,-3.2));
#7177 = CARTESIAN_POINT('',(1.222,0.));
#7178 = ( GEOMETRIC_REPRESENTATION_CONTEXT(2) 
PARAMETRIC_REPRESENTATION_CONTEXT() REPRESENTATION_CONTEXT('2D SPACE',''
  ) );
#7179 = ORIENTED_EDGE('',*,*,#4266,.T.);
#7180 = ORIENTED_EDGE('',*,*,#7116,.F.);
#7181 = ADVANCED_FACE('',(#7182),#1628,.F.);
#7182 = FACE_BOUND('',#7183,.F.);
#7183 = EDGE_LOOP('',(#7184,#7185,#7186,#7187));
#7184 = ORIENTED_EDGE('',*,*,#1612,.F.);
#7185 = ORIENTED_EDGE('',*,*,#7138,.F.);
#7186 = ORIENTED_EDGE('',*,*,#4175,.T.);
#7187 = ORIENTED_EDGE('',*,*,#7188,.F.);
#7188 = EDGE_CURVE('',#1613,#4176,#7189,.T.);
#7189 = SURFACE_CURVE('',#7190,(#7194,#7200),.PCURVE_S1.);
#7190 = LINE('',#7191,#7192);
#7191 = CARTESIAN_POINT('',(41.5355,-29.6,0.));
#7192 = VECTOR('',#7193,1.);
#7193 = DIRECTION('',(0.,-0.,1.));
#7194 = PCURVE('',#1628,#7195);
#7195 = DEFINITIONAL_REPRESENTATION('',(#7196),#7199);
#7196 = B_SPLINE_CURVE_WITH_KNOTS('',1,(#7197,#7198),.UNSPECIFIED.,.F.,
  .F.,(2,2),(0.,3.2),.PIECEWISE_BEZIER_KNOTS.);
#7197 = CARTESIAN_POINT('',(28.9705,0.));
#7198 = CARTESIAN_POINT('',(28.9705,-3.2));
#7199 = ( GEOMETRIC_REPRESENTATION_CONTEXT(2) 
PARAMETRIC_REPRESENTATION_CONTEXT() REPRESENTATION_CONTEXT('2D SPACE',''
  ) );
#7200 = PCURVE('',#1656,#7201);
#7201 = DEFINITIONAL_REPRESENTATION('',(#7202),#7205);
#7202 = B_SPLINE_CURVE_WITH_KNOTS('',1,(#7203,#7204),.UNSPECIFIED.,.F.,
  .F.,(2,2),(0.,3.2),.PIECEWISE_BEZIER_KNOTS.);
#7203 = CARTESIAN_POINT('',(31.1355,0.));
#7204 = CARTESIAN_POINT('',(31.1355,-3.2));
#7205 = ( GEOMETRIC_REPRESENTATION_CONTEXT(2) 
PARAMETRIC_REPRESENTATION_CONTEXT() REPRESENTATION_CONTEXT('2D SPACE',''
  ) );
#7206 = ADVANCED_FACE('',(#7207),#1711,.F.);
#7207 = FACE_BOUND('',#7208,.F.);
#7208 = EDGE_LOOP('',(#7209,#7210,#7231,#7232));
#7209 = ORIENTED_EDGE('',*,*,#1695,.F.);
#7210 = ORIENTED_EDGE('',*,*,#7211,.T.);
#7211 = EDGE_CURVE('',#1669,#4222,#7212,.T.);
#7212 = SURFACE_CURVE('',#7213,(#7217,#7224),.PCURVE_S1.);
#7213 = LINE('',#7214,#7215);
#7214 = CARTESIAN_POINT('',(46.371,-51.9,0.));
#7215 = VECTOR('',#7216,1.);
#7216 = DIRECTION('',(0.,0.,1.));
#7217 = PCURVE('',#1711,#7218);
#7218 = DEFINITIONAL_REPRESENTATION('',(#7219),#7223);
#7219 = LINE('',#7220,#7221);
#7220 = CARTESIAN_POINT('',(0.,-0.));
#7221 = VECTOR('',#7222,1.);
#7222 = DIRECTION('',(0.,-1.));
#7223 = ( GEOMETRIC_REPRESENTATION_CONTEXT(2) 
PARAMETRIC_REPRESENTATION_CONTEXT() REPRESENTATION_CONTEXT('2D SPACE',''
  ) );
#7224 = PCURVE('',#1684,#7225);
#7225 = DEFINITIONAL_REPRESENTATION('',(#7226),#7230);
#7226 = LINE('',#7227,#7228);
#7227 = CARTESIAN_POINT('',(6.6705,-1.));
#7228 = VECTOR('',#7229,1.);
#7229 = DIRECTION('',(0.,-1.));
#7230 = ( GEOMETRIC_REPRESENTATION_CONTEXT(2) 
PARAMETRIC_REPRESENTATION_CONTEXT() REPRESENTATION_CONTEXT('2D SPACE',''
  ) );
#7231 = ORIENTED_EDGE('',*,*,#4243,.T.);
#7232 = ORIENTED_EDGE('',*,*,#7161,.T.);
#7233 = ADVANCED_FACE('',(#7234),#1656,.F.);
#7234 = FACE_BOUND('',#7235,.F.);
#7235 = EDGE_LOOP('',(#7236,#7237,#7238,#7239));
#7236 = ORIENTED_EDGE('',*,*,#1640,.F.);
#7237 = ORIENTED_EDGE('',*,*,#7188,.T.);
#7238 = ORIENTED_EDGE('',*,*,#4198,.T.);
#7239 = ORIENTED_EDGE('',*,*,#7240,.F.);
#7240 = EDGE_CURVE('',#1641,#4199,#7241,.T.);
#7241 = SURFACE_CURVE('',#7242,(#7246,#7253),.PCURVE_S1.);
#7242 = LINE('',#7243,#7244);
#7243 = CARTESIAN_POINT('',(46.371,-29.6,0.));
#7244 = VECTOR('',#7245,1.);
#7245 = DIRECTION('',(0.,0.,1.));
#7246 = PCURVE('',#1656,#7247);
#7247 = DEFINITIONAL_REPRESENTATION('',(#7248),#7252);
#7248 = LINE('',#7249,#7250);
#7249 = CARTESIAN_POINT('',(35.971,0.));
#7250 = VECTOR('',#7251,1.);
#7251 = DIRECTION('',(0.,-1.));
#7252 = ( GEOMETRIC_REPRESENTATION_CONTEXT(2) 
PARAMETRIC_REPRESENTATION_CONTEXT() REPRESENTATION_CONTEXT('2D SPACE',''
  ) );
#7253 = PCURVE('',#1684,#7254);
#7254 = DEFINITIONAL_REPRESENTATION('',(#7255),#7259);
#7255 = LINE('',#7256,#7257);
#7256 = CARTESIAN_POINT('',(28.9705,-1.));
#7257 = VECTOR('',#7258,1.);
#7258 = DIRECTION('',(0.,-1.));
#7259 = ( GEOMETRIC_REPRESENTATION_CONTEXT(2) 
PARAMETRIC_REPRESENTATION_CONTEXT() REPRESENTATION_CONTEXT('2D SPACE',''
  ) );
#7260 = ADVANCED_FACE('',(#7261),#1684,.T.);
#7261 = FACE_BOUND('',#7262,.T.);
#7262 = EDGE_LOOP('',(#7263,#7264,#7265,#7266));
#7263 = ORIENTED_EDGE('',*,*,#7240,.F.);
#7264 = ORIENTED_EDGE('',*,*,#1668,.T.);
#7265 = ORIENTED_EDGE('',*,*,#7211,.T.);
#7266 = ORIENTED_EDGE('',*,*,#4221,.F.);
#7267 = ADVANCED_FACE('',(#7268),#1769,.F.);
#7268 = FACE_BOUND('',#7269,.F.);
#7269 = EDGE_LOOP('',(#7270,#7271,#7292,#7293));
#7270 = ORIENTED_EDGE('',*,*,#1751,.F.);
#7271 = ORIENTED_EDGE('',*,*,#7272,.T.);
#7272 = EDGE_CURVE('',#1752,#4290,#7273,.T.);
#7273 = SURFACE_CURVE('',#7274,(#7278,#7285),.PCURVE_S1.);
#7274 = LINE('',#7275,#7276);
#7275 = CARTESIAN_POINT('',(46.371,-26.4,0.));
#7276 = VECTOR('',#7277,1.);
#7277 = DIRECTION('',(0.,0.,1.));
#7278 = PCURVE('',#1769,#7279);
#7279 = DEFINITIONAL_REPRESENTATION('',(#7280),#7284);
#7280 = LINE('',#7281,#7282);
#7281 = CARTESIAN_POINT('',(0.,-0.));
#7282 = VECTOR('',#7283,1.);
#7283 = DIRECTION('',(0.,-1.));
#7284 = ( GEOMETRIC_REPRESENTATION_CONTEXT(2) 
PARAMETRIC_REPRESENTATION_CONTEXT() REPRESENTATION_CONTEXT('2D SPACE',''
  ) );
#7285 = PCURVE('',#1851,#7286);
#7286 = DEFINITIONAL_REPRESENTATION('',(#7287),#7291);
#7287 = LINE('',#7288,#7289);
#7288 = CARTESIAN_POINT('',(32.1705,-1.));
#7289 = VECTOR('',#7290,1.);
#7290 = DIRECTION('',(0.,-1.));
#7291 = ( GEOMETRIC_REPRESENTATION_CONTEXT(2) 
PARAMETRIC_REPRESENTATION_CONTEXT() REPRESENTATION_CONTEXT('2D SPACE',''
  ) );
#7292 = ORIENTED_EDGE('',*,*,#4289,.T.);
#7293 = ORIENTED_EDGE('',*,*,#7294,.T.);
#7294 = EDGE_CURVE('',#4292,#1754,#7295,.T.);
#7295 = SURFACE_CURVE('',#7296,(#7300,#7306),.PCURVE_S1.);
#7296 = LINE('',#7297,#7298);
#7297 = CARTESIAN_POINT('',(41.5355,-26.4,0.));
#7298 = VECTOR('',#7299,1.);
#7299 = DIRECTION('',(-0.,-0.,-1.));
#7300 = PCURVE('',#1769,#7301);
#7301 = DEFINITIONAL_REPRESENTATION('',(#7302),#7305);
#7302 = B_SPLINE_CURVE_WITH_KNOTS('',1,(#7303,#7304),.UNSPECIFIED.,.F.,
  .F.,(2,2),(-3.2,0.),.PIECEWISE_BEZIER_KNOTS.);
#7303 = CARTESIAN_POINT('',(4.8355,-3.2));
#7304 = CARTESIAN_POINT('',(4.8355,0.));
#7305 = ( GEOMETRIC_REPRESENTATION_CONTEXT(2) 
PARAMETRIC_REPRESENTATION_CONTEXT() REPRESENTATION_CONTEXT('2D SPACE',''
  ) );
#7306 = PCURVE('',#1797,#7307);
#7307 = DEFINITIONAL_REPRESENTATION('',(#7308),#7311);
#7308 = B_SPLINE_CURVE_WITH_KNOTS('',1,(#7309,#7310),.UNSPECIFIED.,.F.,
  .F.,(2,2),(-3.2,0.),.PIECEWISE_BEZIER_KNOTS.);
#7309 = CARTESIAN_POINT('',(32.1705,-3.2));
#7310 = CARTESIAN_POINT('',(32.1705,0.));
#7311 = ( GEOMETRIC_REPRESENTATION_CONTEXT(2) 
PARAMETRIC_REPRESENTATION_CONTEXT() REPRESENTATION_CONTEXT('2D SPACE',''
  ) );
#7312 = ADVANCED_FACE('',(#7313),#1851,.T.);
#7313 = FACE_BOUND('',#7314,.T.);
#7314 = EDGE_LOOP('',(#7315,#7336,#7337,#7338));
#7315 = ORIENTED_EDGE('',*,*,#7316,.F.);
#7316 = EDGE_CURVE('',#1810,#4338,#7317,.T.);
#7317 = SURFACE_CURVE('',#7318,(#7322,#7329),.PCURVE_S1.);
#7318 = LINE('',#7319,#7320);
#7319 = CARTESIAN_POINT('',(46.371,-1.6,0.));
#7320 = VECTOR('',#7321,1.);
#7321 = DIRECTION('',(0.,0.,1.));
#7322 = PCURVE('',#1851,#7323);
#7323 = DEFINITIONAL_REPRESENTATION('',(#7324),#7328);
#7324 = LINE('',#7325,#7326);
#7325 = CARTESIAN_POINT('',(56.9705,-1.));
#7326 = VECTOR('',#7327,1.);
#7327 = DIRECTION('',(0.,-1.));
#7328 = ( GEOMETRIC_REPRESENTATION_CONTEXT(2) 
PARAMETRIC_REPRESENTATION_CONTEXT() REPRESENTATION_CONTEXT('2D SPACE',''
  ) );
#7329 = PCURVE('',#1825,#7330);
#7330 = DEFINITIONAL_REPRESENTATION('',(#7331),#7335);
#7331 = LINE('',#7332,#7333);
#7332 = CARTESIAN_POINT('',(35.971,0.));
#7333 = VECTOR('',#7334,1.);
#7334 = DIRECTION('',(0.,-1.));
#7335 = ( GEOMETRIC_REPRESENTATION_CONTEXT(2) 
PARAMETRIC_REPRESENTATION_CONTEXT() REPRESENTATION_CONTEXT('2D SPACE',''
  ) );
#7336 = ORIENTED_EDGE('',*,*,#1837,.T.);
#7337 = ORIENTED_EDGE('',*,*,#7272,.T.);
#7338 = ORIENTED_EDGE('',*,*,#4360,.F.);
#7339 = ADVANCED_FACE('',(#7340),#1797,.F.);
#7340 = FACE_BOUND('',#7341,.F.);
#7341 = EDGE_LOOP('',(#7342,#7343,#7344,#7345));
#7342 = ORIENTED_EDGE('',*,*,#1781,.F.);
#7343 = ORIENTED_EDGE('',*,*,#7294,.F.);
#7344 = ORIENTED_EDGE('',*,*,#4314,.T.);
#7345 = ORIENTED_EDGE('',*,*,#7346,.F.);
#7346 = EDGE_CURVE('',#1782,#4315,#7347,.T.);
#7347 = SURFACE_CURVE('',#7348,(#7352,#7358),.PCURVE_S1.);
#7348 = LINE('',#7349,#7350);
#7349 = CARTESIAN_POINT('',(41.5355,-1.6,0.));
#7350 = VECTOR('',#7351,1.);
#7351 = DIRECTION('',(0.,-0.,1.));
#7352 = PCURVE('',#1797,#7353);
#7353 = DEFINITIONAL_REPRESENTATION('',(#7354),#7357);
#7354 = B_SPLINE_CURVE_WITH_KNOTS('',1,(#7355,#7356),.UNSPECIFIED.,.F.,
  .F.,(2,2),(0.,3.2),.PIECEWISE_BEZIER_KNOTS.);
#7355 = CARTESIAN_POINT('',(56.9705,0.));
#7356 = CARTESIAN_POINT('',(56.9705,-3.2));
#7357 = ( GEOMETRIC_REPRESENTATION_CONTEXT(2) 
PARAMETRIC_REPRESENTATION_CONTEXT() REPRESENTATION_CONTEXT('2D SPACE',''
  ) );
#7358 = PCURVE('',#1825,#7359);
#7359 = DEFINITIONAL_REPRESENTATION('',(#7360),#7363);
#7360 = B_SPLINE_CURVE_WITH_KNOTS('',1,(#7361,#7362),.UNSPECIFIED.,.F.,
  .F.,(2,2),(0.,3.2),.PIECEWISE_BEZIER_KNOTS.);
#7361 = CARTESIAN_POINT('',(31.1355,0.));
#7362 = CARTESIAN_POINT('',(31.1355,-3.2));
#7363 = ( GEOMETRIC_REPRESENTATION_CONTEXT(2) 
PARAMETRIC_REPRESENTATION_CONTEXT() REPRESENTATION_CONTEXT('2D SPACE',''
  ) );
#7364 = ADVANCED_FACE('',(#7365),#1825,.F.);
#7365 = FACE_BOUND('',#7366,.F.);
#7366 = EDGE_LOOP('',(#7367,#7368,#7369,#7370));
#7367 = ORIENTED_EDGE('',*,*,#1809,.F.);
#7368 = ORIENTED_EDGE('',*,*,#7346,.T.);
#7369 = ORIENTED_EDGE('',*,*,#4337,.T.);
#7370 = ORIENTED_EDGE('',*,*,#7316,.F.);
#7371 = ADVANCED_FACE('',(#7372),#1882,.F.);
#7372 = FACE_BOUND('',#7373,.F.);
#7373 = EDGE_LOOP('',(#7374,#7375,#7396,#7397));
#7374 = ORIENTED_EDGE('',*,*,#1864,.F.);
#7375 = ORIENTED_EDGE('',*,*,#7376,.T.);
#7376 = EDGE_CURVE('',#1865,#4383,#7377,.T.);
#7377 = SURFACE_CURVE('',#7378,(#7382,#7389),.PCURVE_S1.);
#7378 = LINE('',#7379,#7380);
#7379 = CARTESIAN_POINT('',(46.371,1.6,0.));
#7380 = VECTOR('',#7381,1.);
#7381 = DIRECTION('',(0.,0.,1.));
#7382 = PCURVE('',#1882,#7383);
#7383 = DEFINITIONAL_REPRESENTATION('',(#7384),#7388);
#7384 = LINE('',#7385,#7386);
#7385 = CARTESIAN_POINT('',(0.,-0.));
#7386 = VECTOR('',#7387,1.);
#7387 = DIRECTION('',(0.,-1.));
#7388 = ( GEOMETRIC_REPRESENTATION_CONTEXT(2) 
PARAMETRIC_REPRESENTATION_CONTEXT() REPRESENTATION_CONTEXT('2D SPACE',''
  ) );
#7389 = PCURVE('',#1964,#7390);
#7390 = DEFINITIONAL_REPRESENTATION('',(#7391),#7395);
#7391 = LINE('',#7392,#7393);
#7392 = CARTESIAN_POINT('',(60.1705,-1.));
#7393 = VECTOR('',#7394,1.);
#7394 = DIRECTION('',(0.,-1.));
#7395 = ( GEOMETRIC_REPRESENTATION_CONTEXT(2) 
PARAMETRIC_REPRESENTATION_CONTEXT() REPRESENTATION_CONTEXT('2D SPACE',''
  ) );
#7396 = ORIENTED_EDGE('',*,*,#4382,.T.);
#7397 = ORIENTED_EDGE('',*,*,#7398,.T.);
#7398 = EDGE_CURVE('',#4385,#1867,#7399,.T.);
#7399 = SURFACE_CURVE('',#7400,(#7404,#7410),.PCURVE_S1.);
#7400 = LINE('',#7401,#7402);
#7401 = CARTESIAN_POINT('',(41.5355,1.6,0.));
#7402 = VECTOR('',#7403,1.);
#7403 = DIRECTION('',(-0.,-0.,-1.));
#7404 = PCURVE('',#1882,#7405);
#7405 = DEFINITIONAL_REPRESENTATION('',(#7406),#7409);
#7406 = B_SPLINE_CURVE_WITH_KNOTS('',1,(#7407,#7408),.UNSPECIFIED.,.F.,
  .F.,(2,2),(-3.2,0.),.PIECEWISE_BEZIER_KNOTS.);
#7407 = CARTESIAN_POINT('',(4.8355,-3.2));
#7408 = CARTESIAN_POINT('',(4.8355,0.));
#7409 = ( GEOMETRIC_REPRESENTATION_CONTEXT(2) 
PARAMETRIC_REPRESENTATION_CONTEXT() REPRESENTATION_CONTEXT('2D SPACE',''
  ) );
#7410 = PCURVE('',#1910,#7411);
#7411 = DEFINITIONAL_REPRESENTATION('',(#7412),#7415);
#7412 = B_SPLINE_CURVE_WITH_KNOTS('',1,(#7413,#7414),.UNSPECIFIED.,.F.,
  .F.,(2,2),(-3.2,0.),.PIECEWISE_BEZIER_KNOTS.);
#7413 = CARTESIAN_POINT('',(60.1705,-3.2));
#7414 = CARTESIAN_POINT('',(60.1705,0.));
#7415 = ( GEOMETRIC_REPRESENTATION_CONTEXT(2) 
PARAMETRIC_REPRESENTATION_CONTEXT() REPRESENTATION_CONTEXT('2D SPACE',''
  ) );
#7416 = ADVANCED_FACE('',(#7417),#1964,.T.);
#7417 = FACE_BOUND('',#7418,.T.);
#7418 = EDGE_LOOP('',(#7419,#7440,#7441,#7442));
#7419 = ORIENTED_EDGE('',*,*,#7420,.F.);
#7420 = EDGE_CURVE('',#1923,#4431,#7421,.T.);
#7421 = SURFACE_CURVE('',#7422,(#7426,#7433),.PCURVE_S1.);
#7422 = LINE('',#7423,#7424);
#7423 = CARTESIAN_POINT('',(46.371,26.4,0.));
#7424 = VECTOR('',#7425,1.);
#7425 = DIRECTION('',(0.,0.,1.));
#7426 = PCURVE('',#1964,#7427);
#7427 = DEFINITIONAL_REPRESENTATION('',(#7428),#7432);
#7428 = LINE('',#7429,#7430);
#7429 = CARTESIAN_POINT('',(84.9705,-1.));
#7430 = VECTOR('',#7431,1.);
#7431 = DIRECTION('',(0.,-1.));
#7432 = ( GEOMETRIC_REPRESENTATION_CONTEXT(2) 
PARAMETRIC_REPRESENTATION_CONTEXT() REPRESENTATION_CONTEXT('2D SPACE',''
  ) );
#7433 = PCURVE('',#1938,#7434);
#7434 = DEFINITIONAL_REPRESENTATION('',(#7435),#7439);
#7435 = LINE('',#7436,#7437);
#7436 = CARTESIAN_POINT('',(35.971,0.));
#7437 = VECTOR('',#7438,1.);
#7438 = DIRECTION('',(0.,-1.));
#7439 = ( GEOMETRIC_REPRESENTATION_CONTEXT(2) 
PARAMETRIC_REPRESENTATION_CONTEXT() REPRESENTATION_CONTEXT('2D SPACE',''
  ) );
#7440 = ORIENTED_EDGE('',*,*,#1950,.T.);
#7441 = ORIENTED_EDGE('',*,*,#7376,.T.);
#7442 = ORIENTED_EDGE('',*,*,#4453,.F.);
#7443 = ADVANCED_FACE('',(#7444),#1910,.F.);
#7444 = FACE_BOUND('',#7445,.F.);
#7445 = EDGE_LOOP('',(#7446,#7447,#7448,#7449));
#7446 = ORIENTED_EDGE('',*,*,#1894,.F.);
#7447 = ORIENTED_EDGE('',*,*,#7398,.F.);
#7448 = ORIENTED_EDGE('',*,*,#4407,.T.);
#7449 = ORIENTED_EDGE('',*,*,#7450,.F.);
#7450 = EDGE_CURVE('',#1895,#4408,#7451,.T.);
#7451 = SURFACE_CURVE('',#7452,(#7456,#7462),.PCURVE_S1.);
#7452 = LINE('',#7453,#7454);
#7453 = CARTESIAN_POINT('',(41.5355,26.4,0.));
#7454 = VECTOR('',#7455,1.);
#7455 = DIRECTION('',(0.,-0.,1.));
#7456 = PCURVE('',#1910,#7457);
#7457 = DEFINITIONAL_REPRESENTATION('',(#7458),#7461);
#7458 = B_SPLINE_CURVE_WITH_KNOTS('',1,(#7459,#7460),.UNSPECIFIED.,.F.,
  .F.,(2,2),(0.,3.2),.PIECEWISE_BEZIER_KNOTS.);
#7459 = CARTESIAN_POINT('',(84.9705,0.));
#7460 = CARTESIAN_POINT('',(84.9705,-3.2));
#7461 = ( GEOMETRIC_REPRESENTATION_CONTEXT(2) 
PARAMETRIC_REPRESENTATION_CONTEXT() REPRESENTATION_CONTEXT('2D SPACE',''
  ) );
#7462 = PCURVE('',#1938,#7463);
#7463 = DEFINITIONAL_REPRESENTATION('',(#7464),#7467);
#7464 = B_SPLINE_CURVE_WITH_KNOTS('',1,(#7465,#7466),.UNSPECIFIED.,.F.,
  .F.,(2,2),(0.,3.2),.PIECEWISE_BEZIER_KNOTS.);
#7465 = CARTESIAN_POINT('',(31.1355,0.));
#7466 = CARTESIAN_POINT('',(31.1355,-3.2));
#7467 = ( GEOMETRIC_REPRESENTATION_CONTEXT(2) 
PARAMETRIC_REPRESENTATION_CONTEXT() REPRESENTATION_CONTEXT('2D SPACE',''
  ) );
#7468 = ADVANCED_FACE('',(#7469),#1938,.F.);
#7469 = FACE_BOUND('',#7470,.F.);
#7470 = EDGE_LOOP('',(#7471,#7472,#7473,#7474));
#7471 = ORIENTED_EDGE('',*,*,#1922,.F.);
#7472 = ORIENTED_EDGE('',*,*,#7450,.T.);
#7473 = ORIENTED_EDGE('',*,*,#4430,.T.);
#7474 = ORIENTED_EDGE('',*,*,#7420,.F.);
#7475 = ADVANCED_FACE('',(#7476),#1996,.F.);
#7476 = FACE_BOUND('',#7477,.F.);
#7477 = EDGE_LOOP('',(#7478,#7497,#7498,#7519));
#7478 = ORIENTED_EDGE('',*,*,#7479,.F.);
#7479 = EDGE_CURVE('',#1978,#4476,#7480,.T.);
#7480 = SURFACE_CURVE('',#7481,(#7485,#7491),.PCURVE_S1.);
#7481 = LINE('',#7482,#7483);
#7482 = CARTESIAN_POINT('',(42.350672700221,58.2345,0.));
#7483 = VECTOR('',#7484,1.);
#7484 = DIRECTION('',(0.,0.,1.));
#7485 = PCURVE('',#1996,#7486);
#7486 = DEFINITIONAL_REPRESENTATION('',(#7487),#7490);
#7487 = B_SPLINE_CURVE_WITH_KNOTS('',1,(#7488,#7489),.UNSPECIFIED.,.F.,
  .F.,(2,2),(-2.004E-04,3.2002004),.PIECEWISE_BEZIER_KNOTS.);
#7488 = CARTESIAN_POINT('',(1.234550538202,-2.004E-04));
#7489 = CARTESIAN_POINT('',(1.234550538202,3.2002004));
#7490 = ( GEOMETRIC_REPRESENTATION_CONTEXT(2) 
PARAMETRIC_REPRESENTATION_CONTEXT() REPRESENTATION_CONTEXT('2D SPACE',''
  ) );
#7491 = PCURVE('',#2024,#7492);
#7492 = DEFINITIONAL_REPRESENTATION('',(#7493),#7496);
#7493 = B_SPLINE_CURVE_WITH_KNOTS('',1,(#7494,#7495),.UNSPECIFIED.,.F.,
  .F.,(2,2),(-2.004E-04,3.2002004),.PIECEWISE_BEZIER_KNOTS.);
#7494 = CARTESIAN_POINT('',(2.824327299779,2.004E-04));
#7495 = CARTESIAN_POINT('',(2.824327299779,-3.2002004));
#7496 = ( GEOMETRIC_REPRESENTATION_CONTEXT(2) 
PARAMETRIC_REPRESENTATION_CONTEXT() REPRESENTATION_CONTEXT('2D SPACE',''
  ) );
#7497 = ORIENTED_EDGE('',*,*,#1977,.T.);
#7498 = ORIENTED_EDGE('',*,*,#7499,.T.);
#7499 = EDGE_CURVE('',#1980,#4478,#7500,.T.);
#7500 = SURFACE_CURVE('',#7501,(#7505,#7512),.PCURVE_S1.);
#7501 = LINE('',#7502,#7503);
#7502 = CARTESIAN_POINT('',(40.371,58.5705,0.));
#7503 = VECTOR('',#7504,1.);
#7504 = DIRECTION('',(0.,0.,1.));
#7505 = PCURVE('',#1996,#7506);
#7506 = DEFINITIONAL_REPRESENTATION('',(#7507),#7511);
#7507 = LINE('',#7508,#7509);
#7508 = CARTESIAN_POINT('',(1.570796326795,0.));
#7509 = VECTOR('',#7510,1.);
#7510 = DIRECTION('',(0.,1.));
#7511 = ( GEOMETRIC_REPRESENTATION_CONTEXT(2) 
PARAMETRIC_REPRESENTATION_CONTEXT() REPRESENTATION_CONTEXT('2D SPACE',''
  ) );
#7512 = PCURVE('',#2190,#7513);
#7513 = DEFINITIONAL_REPRESENTATION('',(#7514),#7518);
#7514 = LINE('',#7515,#7516);
#7515 = CARTESIAN_POINT('',(6.,-1.));
#7516 = VECTOR('',#7517,1.);
#7517 = DIRECTION('',(0.,-1.));
#7518 = ( GEOMETRIC_REPRESENTATION_CONTEXT(2) 
PARAMETRIC_REPRESENTATION_CONTEXT() REPRESENTATION_CONTEXT('2D SPACE',''
  ) );
#7519 = ORIENTED_EDGE('',*,*,#4475,.F.);
#7520 = ADVANCED_FACE('',(#7521),#2024,.F.);
#7521 = FACE_BOUND('',#7522,.F.);
#7522 = EDGE_LOOP('',(#7523,#7524,#7525,#7526));
#7523 = ORIENTED_EDGE('',*,*,#2008,.F.);
#7524 = ORIENTED_EDGE('',*,*,#7479,.T.);
#7525 = ORIENTED_EDGE('',*,*,#4501,.T.);
#7526 = ORIENTED_EDGE('',*,*,#7527,.F.);
#7527 = EDGE_CURVE('',#2009,#4502,#7528,.T.);
#7528 = SURFACE_CURVE('',#7529,(#7533,#7540),.PCURVE_S1.);
#7529 = LINE('',#7530,#7531);
#7530 = CARTESIAN_POINT('',(35.175,58.2345,0.));
#7531 = VECTOR('',#7532,1.);
#7532 = DIRECTION('',(0.,0.,1.));
#7533 = PCURVE('',#2024,#7534);
#7534 = DEFINITIONAL_REPRESENTATION('',(#7535),#7539);
#7535 = LINE('',#7536,#7537);
#7536 = CARTESIAN_POINT('',(10.,0.));
#7537 = VECTOR('',#7538,1.);
#7538 = DIRECTION('',(0.,-1.));
#7539 = ( GEOMETRIC_REPRESENTATION_CONTEXT(2) 
PARAMETRIC_REPRESENTATION_CONTEXT() REPRESENTATION_CONTEXT('2D SPACE',''
  ) );
#7540 = PCURVE('',#2052,#7541);
#7541 = DEFINITIONAL_REPRESENTATION('',(#7542),#7546);
#7542 = LINE('',#7543,#7544);
#7543 = CARTESIAN_POINT('',(0.,0.));
#7544 = VECTOR('',#7545,1.);
#7545 = DIRECTION('',(0.,-1.));
#7546 = ( GEOMETRIC_REPRESENTATION_CONTEXT(2) 
PARAMETRIC_REPRESENTATION_CONTEXT() REPRESENTATION_CONTEXT('2D SPACE',''
  ) );
#7547 = ADVANCED_FACE('',(#7548),#2190,.T.);
#7548 = FACE_BOUND('',#7549,.T.);
#7549 = EDGE_LOOP('',(#7550,#7571,#7572,#7573));
#7550 = ORIENTED_EDGE('',*,*,#7551,.F.);
#7551 = EDGE_CURVE('',#2149,#4617,#7552,.T.);
#7552 = SURFACE_CURVE('',#7553,(#7557,#7564),.PCURVE_S1.);
#7553 = LINE('',#7554,#7555);
#7554 = CARTESIAN_POINT('',(13.6,58.5705,0.));
#7555 = VECTOR('',#7556,1.);
#7556 = DIRECTION('',(0.,0.,1.));
#7557 = PCURVE('',#2190,#7558);
#7558 = DEFINITIONAL_REPRESENTATION('',(#7559),#7563);
#7559 = LINE('',#7560,#7561);
#7560 = CARTESIAN_POINT('',(32.771,-1.));
#7561 = VECTOR('',#7562,1.);
#7562 = DIRECTION('',(0.,-1.));
#7563 = ( GEOMETRIC_REPRESENTATION_CONTEXT(2) 
PARAMETRIC_REPRESENTATION_CONTEXT() REPRESENTATION_CONTEXT('2D SPACE',''
  ) );
#7564 = PCURVE('',#2164,#7565);
#7565 = DEFINITIONAL_REPRESENTATION('',(#7566),#7570);
#7566 = LINE('',#7567,#7568);
#7567 = CARTESIAN_POINT('',(117.141,0.));
#7568 = VECTOR('',#7569,1.);
#7569 = DIRECTION('',(0.,-1.));
#7570 = ( GEOMETRIC_REPRESENTATION_CONTEXT(2) 
PARAMETRIC_REPRESENTATION_CONTEXT() REPRESENTATION_CONTEXT('2D SPACE',''
  ) );
#7571 = ORIENTED_EDGE('',*,*,#2176,.T.);
#7572 = ORIENTED_EDGE('',*,*,#7499,.T.);
#7573 = ORIENTED_EDGE('',*,*,#4639,.F.);
#7574 = ADVANCED_FACE('',(#7575),#2052,.F.);
#7575 = FACE_BOUND('',#7576,.F.);
#7576 = EDGE_LOOP('',(#7577,#7578,#7579,#7580));
#7577 = ORIENTED_EDGE('',*,*,#2036,.F.);
#7578 = ORIENTED_EDGE('',*,*,#7527,.T.);
#7579 = ORIENTED_EDGE('',*,*,#4524,.T.);
#7580 = ORIENTED_EDGE('',*,*,#7581,.F.);
#7581 = EDGE_CURVE('',#2037,#4525,#7582,.T.);
#7582 = SURFACE_CURVE('',#7583,(#7587,#7593),.PCURVE_S1.);
#7583 = LINE('',#7584,#7585);
#7584 = CARTESIAN_POINT('',(35.175,55.1,0.));
#7585 = VECTOR('',#7586,1.);
#7586 = DIRECTION('',(0.,0.,1.));
#7587 = PCURVE('',#2052,#7588);
#7588 = DEFINITIONAL_REPRESENTATION('',(#7589),#7592);
#7589 = B_SPLINE_CURVE_WITH_KNOTS('',1,(#7590,#7591),.UNSPECIFIED.,.F.,
  .F.,(2,2),(0.,3.2),.PIECEWISE_BEZIER_KNOTS.);
#7590 = CARTESIAN_POINT('',(3.1345,0.));
#7591 = CARTESIAN_POINT('',(3.1345,-3.2));
#7592 = ( GEOMETRIC_REPRESENTATION_CONTEXT(2) 
PARAMETRIC_REPRESENTATION_CONTEXT() REPRESENTATION_CONTEXT('2D SPACE',''
  ) );
#7593 = PCURVE('',#2080,#7594);
#7594 = DEFINITIONAL_REPRESENTATION('',(#7595),#7598);
#7595 = B_SPLINE_CURVE_WITH_KNOTS('',1,(#7596,#7597),.UNSPECIFIED.,.F.,
  .F.,(2,2),(0.,3.2),.PIECEWISE_BEZIER_KNOTS.);
#7596 = CARTESIAN_POINT('',(11.196,0.));
#7597 = CARTESIAN_POINT('',(11.196,-3.2));
#7598 = ( GEOMETRIC_REPRESENTATION_CONTEXT(2) 
PARAMETRIC_REPRESENTATION_CONTEXT() REPRESENTATION_CONTEXT('2D SPACE',''
  ) );
#7599 = ADVANCED_FACE('',(#7600),#2164,.F.);
#7600 = FACE_BOUND('',#7601,.F.);
#7601 = EDGE_LOOP('',(#7602,#7603,#7622,#7623));
#7602 = ORIENTED_EDGE('',*,*,#2148,.F.);
#7603 = ORIENTED_EDGE('',*,*,#7604,.T.);
#7604 = EDGE_CURVE('',#2121,#4594,#7605,.T.);
#7605 = SURFACE_CURVE('',#7606,(#7610,#7616),.PCURVE_S1.);
#7606 = LINE('',#7607,#7608);
#7607 = CARTESIAN_POINT('',(13.6,58.1835,0.));
#7608 = VECTOR('',#7609,1.);
#7609 = DIRECTION('',(0.,0.,1.));
#7610 = PCURVE('',#2164,#7611);
#7611 = DEFINITIONAL_REPRESENTATION('',(#7612),#7615);
#7612 = B_SPLINE_CURVE_WITH_KNOTS('',1,(#7613,#7614),.UNSPECIFIED.,.F.,
  .F.,(2,2),(0.,3.2),.PIECEWISE_BEZIER_KNOTS.);
#7613 = CARTESIAN_POINT('',(116.754,0.));
#7614 = CARTESIAN_POINT('',(116.754,-3.2));
#7615 = ( GEOMETRIC_REPRESENTATION_CONTEXT(2) 
PARAMETRIC_REPRESENTATION_CONTEXT() REPRESENTATION_CONTEXT('2D SPACE',''
  ) );
#7616 = PCURVE('',#2136,#7617);
#7617 = DEFINITIONAL_REPRESENTATION('',(#7618),#7621);
#7618 = B_SPLINE_CURVE_WITH_KNOTS('',1,(#7619,#7620),.UNSPECIFIED.,.F.,
  .F.,(2,2),(0.,3.2),.PIECEWISE_BEZIER_KNOTS.);
#7619 = CARTESIAN_POINT('',(3.838,0.));
#7620 = CARTESIAN_POINT('',(3.838,-3.2));
#7621 = ( GEOMETRIC_REPRESENTATION_CONTEXT(2) 
PARAMETRIC_REPRESENTATION_CONTEXT() REPRESENTATION_CONTEXT('2D SPACE',''
  ) );
#7622 = ORIENTED_EDGE('',*,*,#4616,.T.);
#7623 = ORIENTED_EDGE('',*,*,#7551,.F.);
#7624 = ADVANCED_FACE('',(#7625),#2080,.F.);
#7625 = FACE_BOUND('',#7626,.F.);
#7626 = EDGE_LOOP('',(#7627,#7628,#7629,#7630));
#7627 = ORIENTED_EDGE('',*,*,#2064,.F.);
#7628 = ORIENTED_EDGE('',*,*,#7581,.T.);
#7629 = ORIENTED_EDGE('',*,*,#4547,.T.);
#7630 = ORIENTED_EDGE('',*,*,#7631,.T.);
#7631 = EDGE_CURVE('',#4548,#2065,#7632,.T.);
#7632 = SURFACE_CURVE('',#7633,(#7637,#7643),.PCURVE_S1.);
#7633 = LINE('',#7634,#7635);
#7634 = CARTESIAN_POINT('',(17.438,55.1,0.));
#7635 = VECTOR('',#7636,1.);
#7636 = DIRECTION('',(-0.,-0.,-1.));
#7637 = PCURVE('',#2080,#7638);
#7638 = DEFINITIONAL_REPRESENTATION('',(#7639),#7642);
#7639 = B_SPLINE_CURVE_WITH_KNOTS('',1,(#7640,#7641),.UNSPECIFIED.,.F.,
  .F.,(2,2),(-3.2,0.),.PIECEWISE_BEZIER_KNOTS.);
#7640 = CARTESIAN_POINT('',(28.933,-3.2));
#7641 = CARTESIAN_POINT('',(28.933,0.));
#7642 = ( GEOMETRIC_REPRESENTATION_CONTEXT(2) 
PARAMETRIC_REPRESENTATION_CONTEXT() REPRESENTATION_CONTEXT('2D SPACE',''
  ) );
#7643 = PCURVE('',#2108,#7644);
#7644 = DEFINITIONAL_REPRESENTATION('',(#7645),#7648);
#7645 = B_SPLINE_CURVE_WITH_KNOTS('',1,(#7646,#7647),.UNSPECIFIED.,.F.,
  .F.,(2,2),(-3.2,0.),.PIECEWISE_BEZIER_KNOTS.);
#7646 = CARTESIAN_POINT('',(6.9165,-3.2));
#7647 = CARTESIAN_POINT('',(6.9165,0.));
#7648 = ( GEOMETRIC_REPRESENTATION_CONTEXT(2) 
PARAMETRIC_REPRESENTATION_CONTEXT() REPRESENTATION_CONTEXT('2D SPACE',''
  ) );
#7649 = ADVANCED_FACE('',(#7650),#2136,.F.);
#7650 = FACE_BOUND('',#7651,.F.);
#7651 = EDGE_LOOP('',(#7652,#7653,#7674,#7675));
#7652 = ORIENTED_EDGE('',*,*,#2120,.F.);
#7653 = ORIENTED_EDGE('',*,*,#7654,.T.);
#7654 = EDGE_CURVE('',#2093,#4571,#7655,.T.);
#7655 = SURFACE_CURVE('',#7656,(#7660,#7667),.PCURVE_S1.);
#7656 = LINE('',#7657,#7658);
#7657 = CARTESIAN_POINT('',(17.438,58.1835,0.));
#7658 = VECTOR('',#7659,1.);
#7659 = DIRECTION('',(0.,0.,1.));
#7660 = PCURVE('',#2136,#7661);
#7661 = DEFINITIONAL_REPRESENTATION('',(#7662),#7666);
#7662 = LINE('',#7663,#7664);
#7663 = CARTESIAN_POINT('',(0.,-0.));
#7664 = VECTOR('',#7665,1.);
#7665 = DIRECTION('',(0.,-1.));
#7666 = ( GEOMETRIC_REPRESENTATION_CONTEXT(2) 
PARAMETRIC_REPRESENTATION_CONTEXT() REPRESENTATION_CONTEXT('2D SPACE',''
  ) );
#7667 = PCURVE('',#2108,#7668);
#7668 = DEFINITIONAL_REPRESENTATION('',(#7669),#7673);
#7669 = LINE('',#7670,#7671);
#7670 = CARTESIAN_POINT('',(10.,0.));
#7671 = VECTOR('',#7672,1.);
#7672 = DIRECTION('',(0.,-1.));
#7673 = ( GEOMETRIC_REPRESENTATION_CONTEXT(2) 
PARAMETRIC_REPRESENTATION_CONTEXT() REPRESENTATION_CONTEXT('2D SPACE',''
  ) );
#7674 = ORIENTED_EDGE('',*,*,#4593,.T.);
#7675 = ORIENTED_EDGE('',*,*,#7604,.F.);
#7676 = ADVANCED_FACE('',(#7677),#2108,.F.);
#7677 = FACE_BOUND('',#7678,.F.);
#7678 = EDGE_LOOP('',(#7679,#7680,#7681,#7682));
#7679 = ORIENTED_EDGE('',*,*,#2092,.F.);
#7680 = ORIENTED_EDGE('',*,*,#7631,.F.);
#7681 = ORIENTED_EDGE('',*,*,#4570,.T.);
#7682 = ORIENTED_EDGE('',*,*,#7654,.F.);
#7683 = ADVANCED_FACE('',(#7684),#2221,.F.);
#7684 = FACE_BOUND('',#7685,.F.);
#7685 = EDGE_LOOP('',(#7686,#7687,#7708,#7709));
#7686 = ORIENTED_EDGE('',*,*,#2203,.F.);
#7687 = ORIENTED_EDGE('',*,*,#7688,.T.);
#7688 = EDGE_CURVE('',#2204,#4662,#7689,.T.);
#7689 = SURFACE_CURVE('',#7690,(#7694,#7701),.PCURVE_S1.);
#7690 = LINE('',#7691,#7692);
#7691 = CARTESIAN_POINT('',(46.371,29.6,0.));
#7692 = VECTOR('',#7693,1.);
#7693 = DIRECTION('',(0.,0.,1.));
#7694 = PCURVE('',#2221,#7695);
#7695 = DEFINITIONAL_REPRESENTATION('',(#7696),#7700);
#7696 = LINE('',#7697,#7698);
#7697 = CARTESIAN_POINT('',(0.,-0.));
#7698 = VECTOR('',#7699,1.);
#7699 = DIRECTION('',(0.,-1.));
#7700 = ( GEOMETRIC_REPRESENTATION_CONTEXT(2) 
PARAMETRIC_REPRESENTATION_CONTEXT() REPRESENTATION_CONTEXT('2D SPACE',''
  ) );
#7701 = PCURVE('',#2359,#7702);
#7702 = DEFINITIONAL_REPRESENTATION('',(#7703),#7707);
#7703 = LINE('',#7704,#7705);
#7704 = CARTESIAN_POINT('',(88.1705,-1.));
#7705 = VECTOR('',#7706,1.);
#7706 = DIRECTION('',(0.,-1.));
#7707 = ( GEOMETRIC_REPRESENTATION_CONTEXT(2) 
PARAMETRIC_REPRESENTATION_CONTEXT() REPRESENTATION_CONTEXT('2D SPACE',''
  ) );
#7708 = ORIENTED_EDGE('',*,*,#4661,.T.);
#7709 = ORIENTED_EDGE('',*,*,#7710,.T.);
#7710 = EDGE_CURVE('',#4664,#2206,#7711,.T.);
#7711 = SURFACE_CURVE('',#7712,(#7716,#7722),.PCURVE_S1.);
#7712 = LINE('',#7713,#7714);
#7713 = CARTESIAN_POINT('',(41.5355,29.6,0.));
#7714 = VECTOR('',#7715,1.);
#7715 = DIRECTION('',(-0.,-0.,-1.));
#7716 = PCURVE('',#2221,#7717);
#7717 = DEFINITIONAL_REPRESENTATION('',(#7718),#7721);
#7718 = B_SPLINE_CURVE_WITH_KNOTS('',1,(#7719,#7720),.UNSPECIFIED.,.F.,
  .F.,(2,2),(-3.2,0.),.PIECEWISE_BEZIER_KNOTS.);
#7719 = CARTESIAN_POINT('',(4.8355,-3.2));
#7720 = CARTESIAN_POINT('',(4.8355,0.));
#7721 = ( GEOMETRIC_REPRESENTATION_CONTEXT(2) 
PARAMETRIC_REPRESENTATION_CONTEXT() REPRESENTATION_CONTEXT('2D SPACE',''
  ) );
#7722 = PCURVE('',#2249,#7723);
#7723 = DEFINITIONAL_REPRESENTATION('',(#7724),#7727);
#7724 = B_SPLINE_CURVE_WITH_KNOTS('',1,(#7725,#7726),.UNSPECIFIED.,.F.,
  .F.,(2,2),(-3.2,0.),.PIECEWISE_BEZIER_KNOTS.);
#7725 = CARTESIAN_POINT('',(88.1705,-3.2));
#7726 = CARTESIAN_POINT('',(88.1705,0.));
#7727 = ( GEOMETRIC_REPRESENTATION_CONTEXT(2) 
PARAMETRIC_REPRESENTATION_CONTEXT() REPRESENTATION_CONTEXT('2D SPACE',''
  ) );
#7728 = ADVANCED_FACE('',(#7729),#2359,.T.);
#7729 = FACE_BOUND('',#7730,.T.);
#7730 = EDGE_LOOP('',(#7731,#7752,#7753,#7754));
#7731 = ORIENTED_EDGE('',*,*,#7732,.F.);
#7732 = EDGE_CURVE('',#2318,#4756,#7733,.T.);
#7733 = SURFACE_CURVE('',#7734,(#7738,#7745),.PCURVE_S1.);
#7734 = LINE('',#7735,#7736);
#7735 = CARTESIAN_POINT('',(46.371,51.9,0.));
#7736 = VECTOR('',#7737,1.);
#7737 = DIRECTION('',(0.,0.,1.));
#7738 = PCURVE('',#2359,#7739);
#7739 = DEFINITIONAL_REPRESENTATION('',(#7740),#7744);
#7740 = LINE('',#7741,#7742);
#7741 = CARTESIAN_POINT('',(110.4705,-1.));
#7742 = VECTOR('',#7743,1.);
#7743 = DIRECTION('',(0.,-1.));
#7744 = ( GEOMETRIC_REPRESENTATION_CONTEXT(2) 
PARAMETRIC_REPRESENTATION_CONTEXT() REPRESENTATION_CONTEXT('2D SPACE',''
  ) );
#7745 = PCURVE('',#2333,#7746);
#7746 = DEFINITIONAL_REPRESENTATION('',(#7747),#7751);
#7747 = LINE('',#7748,#7749);
#7748 = CARTESIAN_POINT('',(35.971,0.));
#7749 = VECTOR('',#7750,1.);
#7750 = DIRECTION('',(0.,-1.));
#7751 = ( GEOMETRIC_REPRESENTATION_CONTEXT(2) 
PARAMETRIC_REPRESENTATION_CONTEXT() REPRESENTATION_CONTEXT('2D SPACE',''
  ) );
#7752 = ORIENTED_EDGE('',*,*,#2345,.T.);
#7753 = ORIENTED_EDGE('',*,*,#7688,.T.);
#7754 = ORIENTED_EDGE('',*,*,#4778,.F.);
#7755 = ADVANCED_FACE('',(#7756),#2249,.F.);
#7756 = FACE_BOUND('',#7757,.F.);
#7757 = EDGE_LOOP('',(#7758,#7759,#7760,#7761));
#7758 = ORIENTED_EDGE('',*,*,#2233,.F.);
#7759 = ORIENTED_EDGE('',*,*,#7710,.F.);
#7760 = ORIENTED_EDGE('',*,*,#4686,.T.);
#7761 = ORIENTED_EDGE('',*,*,#7762,.F.);
#7762 = EDGE_CURVE('',#2234,#4687,#7763,.T.);
#7763 = SURFACE_CURVE('',#7764,(#7768,#7774),.PCURVE_S1.);
#7764 = LINE('',#7765,#7766);
#7765 = CARTESIAN_POINT('',(41.5355,48.2345,0.));
#7766 = VECTOR('',#7767,1.);
#7767 = DIRECTION('',(0.,-0.,1.));
#7768 = PCURVE('',#2249,#7769);
#7769 = DEFINITIONAL_REPRESENTATION('',(#7770),#7773);
#7770 = B_SPLINE_CURVE_WITH_KNOTS('',1,(#7771,#7772),.UNSPECIFIED.,.F.,
  .F.,(2,2),(0.,3.2),.PIECEWISE_BEZIER_KNOTS.);
#7771 = CARTESIAN_POINT('',(106.805,0.));
#7772 = CARTESIAN_POINT('',(106.805,-3.2));
#7773 = ( GEOMETRIC_REPRESENTATION_CONTEXT(2) 
PARAMETRIC_REPRESENTATION_CONTEXT() REPRESENTATION_CONTEXT('2D SPACE',''
  ) );
#7774 = PCURVE('',#2277,#7775);
#7775 = DEFINITIONAL_REPRESENTATION('',(#7776),#7779);
#7776 = B_SPLINE_CURVE_WITH_KNOTS('',1,(#7777,#7778),.UNSPECIFIED.,.F.,
  .F.,(2,2),(0.,3.2),.PIECEWISE_BEZIER_KNOTS.);
#7777 = CARTESIAN_POINT('',(6.3605,0.));
#7778 = CARTESIAN_POINT('',(6.3605,-3.2));
#7779 = ( GEOMETRIC_REPRESENTATION_CONTEXT(2) 
PARAMETRIC_REPRESENTATION_CONTEXT() REPRESENTATION_CONTEXT('2D SPACE',''
  ) );
#7780 = ADVANCED_FACE('',(#7781),#2333,.F.);
#7781 = FACE_BOUND('',#7782,.F.);
#7782 = EDGE_LOOP('',(#7783,#7784,#7803,#7804));
#7783 = ORIENTED_EDGE('',*,*,#2317,.F.);
#7784 = ORIENTED_EDGE('',*,*,#7785,.T.);
#7785 = EDGE_CURVE('',#2290,#4733,#7786,.T.);
#7786 = SURFACE_CURVE('',#7787,(#7791,#7797),.PCURVE_S1.);
#7787 = LINE('',#7788,#7789);
#7788 = CARTESIAN_POINT('',(45.175,51.9,0.));
#7789 = VECTOR('',#7790,1.);
#7790 = DIRECTION('',(0.,-0.,1.));
#7791 = PCURVE('',#2333,#7792);
#7792 = DEFINITIONAL_REPRESENTATION('',(#7793),#7796);
#7793 = B_SPLINE_CURVE_WITH_KNOTS('',1,(#7794,#7795),.UNSPECIFIED.,.F.,
  .F.,(2,2),(0.,3.2),.PIECEWISE_BEZIER_KNOTS.);
#7794 = CARTESIAN_POINT('',(34.775,0.));
#7795 = CARTESIAN_POINT('',(34.775,-3.2));
#7796 = ( GEOMETRIC_REPRESENTATION_CONTEXT(2) 
PARAMETRIC_REPRESENTATION_CONTEXT() REPRESENTATION_CONTEXT('2D SPACE',''
  ) );
#7797 = PCURVE('',#2305,#7798);
#7798 = DEFINITIONAL_REPRESENTATION('',(#7799),#7802);
#7799 = B_SPLINE_CURVE_WITH_KNOTS('',1,(#7800,#7801),.UNSPECIFIED.,.F.,
  .F.,(2,2),(0.,3.2),.PIECEWISE_BEZIER_KNOTS.);
#7800 = CARTESIAN_POINT('',(3.6655,0.));
#7801 = CARTESIAN_POINT('',(3.6655,-3.2));
#7802 = ( GEOMETRIC_REPRESENTATION_CONTEXT(2) 
PARAMETRIC_REPRESENTATION_CONTEXT() REPRESENTATION_CONTEXT('2D SPACE',''
  ) );
#7803 = ORIENTED_EDGE('',*,*,#4755,.T.);
#7804 = ORIENTED_EDGE('',*,*,#7732,.F.);
#7805 = ADVANCED_FACE('',(#7806),#2277,.F.);
#7806 = FACE_BOUND('',#7807,.F.);
#7807 = EDGE_LOOP('',(#7808,#7809,#7810,#7811));
#7808 = ORIENTED_EDGE('',*,*,#2261,.F.);
#7809 = ORIENTED_EDGE('',*,*,#7762,.T.);
#7810 = ORIENTED_EDGE('',*,*,#4709,.T.);
#7811 = ORIENTED_EDGE('',*,*,#7812,.F.);
#7812 = EDGE_CURVE('',#2262,#4710,#7813,.T.);
#7813 = SURFACE_CURVE('',#7814,(#7818,#7825),.PCURVE_S1.);
#7814 = LINE('',#7815,#7816);
#7815 = CARTESIAN_POINT('',(45.175,48.2345,0.));
#7816 = VECTOR('',#7817,1.);
#7817 = DIRECTION('',(0.,0.,1.));
#7818 = PCURVE('',#2277,#7819);
#7819 = DEFINITIONAL_REPRESENTATION('',(#7820),#7824);
#7820 = LINE('',#7821,#7822);
#7821 = CARTESIAN_POINT('',(10.,0.));
#7822 = VECTOR('',#7823,1.);
#7823 = DIRECTION('',(0.,-1.));
#7824 = ( GEOMETRIC_REPRESENTATION_CONTEXT(2) 
PARAMETRIC_REPRESENTATION_CONTEXT() REPRESENTATION_CONTEXT('2D SPACE',''
  ) );
#7825 = PCURVE('',#2305,#7826);
#7826 = DEFINITIONAL_REPRESENTATION('',(#7827),#7831);
#7827 = LINE('',#7828,#7829);
#7828 = CARTESIAN_POINT('',(0.,0.));
#7829 = VECTOR('',#7830,1.);
#7830 = DIRECTION('',(0.,-1.));
#7831 = ( GEOMETRIC_REPRESENTATION_CONTEXT(2) 
PARAMETRIC_REPRESENTATION_CONTEXT() REPRESENTATION_CONTEXT('2D SPACE',''
  ) );
#7832 = ADVANCED_FACE('',(#7833),#2305,.F.);
#7833 = FACE_BOUND('',#7834,.F.);
#7834 = EDGE_LOOP('',(#7835,#7836,#7837,#7838));
#7835 = ORIENTED_EDGE('',*,*,#2289,.F.);
#7836 = ORIENTED_EDGE('',*,*,#7812,.T.);
#7837 = ORIENTED_EDGE('',*,*,#4732,.T.);
#7838 = ORIENTED_EDGE('',*,*,#7785,.F.);
#7839 = ADVANCED_FACE('',(#7840),#2391,.F.);
#7840 = FACE_BOUND('',#7841,.F.);
#7841 = EDGE_LOOP('',(#7842,#7861,#7862,#7881));
#7842 = ORIENTED_EDGE('',*,*,#7843,.F.);
#7843 = EDGE_CURVE('',#2373,#4801,#7844,.T.);
#7844 = SURFACE_CURVE('',#7845,(#7849,#7855),.PCURVE_S1.);
#7845 = LINE('',#7846,#7847);
#7846 = CARTESIAN_POINT('',(45.811737978436,55.1,0.));
#7847 = VECTOR('',#7848,1.);
#7848 = DIRECTION('',(0.,0.,1.));
#7849 = PCURVE('',#2391,#7850);
#7850 = DEFINITIONAL_REPRESENTATION('',(#7851),#7854);
#7851 = B_SPLINE_CURVE_WITH_KNOTS('',1,(#7852,#7853),.UNSPECIFIED.,.F.,
  .F.,(2,2),(-6.E-07,3.2000006),.PIECEWISE_BEZIER_KNOTS.);
#7852 = CARTESIAN_POINT('',(0.435190699463,-6.E-07));
#7853 = CARTESIAN_POINT('',(0.435190699463,3.2000006));
#7854 = ( GEOMETRIC_REPRESENTATION_CONTEXT(2) 
PARAMETRIC_REPRESENTATION_CONTEXT() REPRESENTATION_CONTEXT('2D SPACE',''
  ) );
#7855 = PCURVE('',#2419,#7856);
#7856 = DEFINITIONAL_REPRESENTATION('',(#7857),#7860);
#7857 = B_SPLINE_CURVE_WITH_KNOTS('',1,(#7858,#7859),.UNSPECIFIED.,.F.,
  .F.,(2,2),(-6.E-07,3.2000006),.PIECEWISE_BEZIER_KNOTS.);
#7858 = CARTESIAN_POINT('',(0.559262021564,6.E-07));
#7859 = CARTESIAN_POINT('',(0.559262021564,-3.2000006));
#7860 = ( GEOMETRIC_REPRESENTATION_CONTEXT(2) 
PARAMETRIC_REPRESENTATION_CONTEXT() REPRESENTATION_CONTEXT('2D SPACE',''
  ) );
#7861 = ORIENTED_EDGE('',*,*,#2372,.T.);
#7862 = ORIENTED_EDGE('',*,*,#7863,.T.);
#7863 = EDGE_CURVE('',#2375,#4803,#7864,.T.);
#7864 = SURFACE_CURVE('',#7865,(#7869,#7875),.PCURVE_S1.);
#7865 = LINE('',#7866,#7867);
#7866 = CARTESIAN_POINT('',(45.175,56.165160484663,0.));
#7867 = VECTOR('',#7868,1.);
#7868 = DIRECTION('',(0.,0.,1.));
#7869 = PCURVE('',#2391,#7870);
#7870 = DEFINITIONAL_REPRESENTATION('',(#7871),#7874);
#7871 = B_SPLINE_CURVE_WITH_KNOTS('',1,(#7872,#7873),.UNSPECIFIED.,.F.,
  .F.,(2,2),(-2.004E-04,3.2002004),.PIECEWISE_BEZIER_KNOTS.);
#7872 = CARTESIAN_POINT('',(0.642389173186,-2.004E-04));
#7873 = CARTESIAN_POINT('',(0.642389173186,3.2002004));
#7874 = ( GEOMETRIC_REPRESENTATION_CONTEXT(2) 
PARAMETRIC_REPRESENTATION_CONTEXT() REPRESENTATION_CONTEXT('2D SPACE',''
  ) );
#7875 = PCURVE('',#2445,#7876);
#7876 = DEFINITIONAL_REPRESENTATION('',(#7877),#7880);
#7877 = B_SPLINE_CURVE_WITH_KNOTS('',1,(#7878,#7879),.UNSPECIFIED.,.F.,
  .F.,(2,2),(-2.004E-04,3.2002004),.PIECEWISE_BEZIER_KNOTS.);
#7878 = CARTESIAN_POINT('',(7.930660484663,2.004E-04));
#7879 = CARTESIAN_POINT('',(7.930660484663,-3.2002004));
#7880 = ( GEOMETRIC_REPRESENTATION_CONTEXT(2) 
PARAMETRIC_REPRESENTATION_CONTEXT() REPRESENTATION_CONTEXT('2D SPACE',''
  ) );
#7881 = ORIENTED_EDGE('',*,*,#4800,.F.);
#7882 = ADVANCED_FACE('',(#7883),#2419,.F.);
#7883 = FACE_BOUND('',#7884,.F.);
#7884 = EDGE_LOOP('',(#7885,#7886,#7887,#7888));
#7885 = ORIENTED_EDGE('',*,*,#2403,.F.);
#7886 = ORIENTED_EDGE('',*,*,#7843,.T.);
#7887 = ORIENTED_EDGE('',*,*,#4826,.T.);
#7888 = ORIENTED_EDGE('',*,*,#7889,.T.);
#7889 = EDGE_CURVE('',#4827,#2404,#7890,.T.);
#7890 = SURFACE_CURVE('',#7891,(#7895,#7901),.PCURVE_S1.);
#7891 = LINE('',#7892,#7893);
#7892 = CARTESIAN_POINT('',(45.175,55.1,0.));
#7893 = VECTOR('',#7894,1.);
#7894 = DIRECTION('',(-0.,-0.,-1.));
#7895 = PCURVE('',#2419,#7896);
#7896 = DEFINITIONAL_REPRESENTATION('',(#7897),#7900);
#7897 = B_SPLINE_CURVE_WITH_KNOTS('',1,(#7898,#7899),.UNSPECIFIED.,.F.,
  .F.,(2,2),(-3.2,0.),.PIECEWISE_BEZIER_KNOTS.);
#7898 = CARTESIAN_POINT('',(1.196,-3.2));
#7899 = CARTESIAN_POINT('',(1.196,0.));
#7900 = ( GEOMETRIC_REPRESENTATION_CONTEXT(2) 
PARAMETRIC_REPRESENTATION_CONTEXT() REPRESENTATION_CONTEXT('2D SPACE',''
  ) );
#7901 = PCURVE('',#2445,#7902);
#7902 = DEFINITIONAL_REPRESENTATION('',(#7903),#7906);
#7903 = B_SPLINE_CURVE_WITH_KNOTS('',1,(#7904,#7905),.UNSPECIFIED.,.F.,
  .F.,(2,2),(-3.2,0.),.PIECEWISE_BEZIER_KNOTS.);
#7904 = CARTESIAN_POINT('',(6.8655,-3.2));
#7905 = CARTESIAN_POINT('',(6.8655,0.));
#7906 = ( GEOMETRIC_REPRESENTATION_CONTEXT(2) 
PARAMETRIC_REPRESENTATION_CONTEXT() REPRESENTATION_CONTEXT('2D SPACE',''
  ) );
#7907 = ADVANCED_FACE('',(#7908),#2445,.F.);
#7908 = FACE_BOUND('',#7909,.F.);
#7909 = EDGE_LOOP('',(#7910,#7911,#7912,#7913));
#7910 = ORIENTED_EDGE('',*,*,#2431,.F.);
#7911 = ORIENTED_EDGE('',*,*,#7889,.F.);
#7912 = ORIENTED_EDGE('',*,*,#4849,.T.);
#7913 = ORIENTED_EDGE('',*,*,#7863,.F.);
#7914 = ADVANCED_FACE('',(#7915),#2476,.F.);
#7915 = FACE_BOUND('',#7916,.F.);
#7916 = EDGE_LOOP('',(#7917,#7918,#7939,#7940));
#7917 = ORIENTED_EDGE('',*,*,#2459,.T.);
#7918 = ORIENTED_EDGE('',*,*,#7919,.T.);
#7919 = EDGE_CURVE('',#2462,#4875,#7920,.T.);
#7920 = SURFACE_CURVE('',#7921,(#7925,#7932),.PCURVE_S1.);
#7921 = LINE('',#7922,#7923);
#7922 = CARTESIAN_POINT('',(54.521,57.4705,-1.));
#7923 = VECTOR('',#7924,1.);
#7924 = DIRECTION('',(0.,0.,1.));
#7925 = PCURVE('',#2476,#7926);
#7926 = DEFINITIONAL_REPRESENTATION('',(#7927),#7931);
#7927 = LINE('',#7928,#7929);
#7928 = CARTESIAN_POINT('',(0.,0.));
#7929 = VECTOR('',#7930,1.);
#7930 = DIRECTION('',(0.,-1.));
#7931 = ( GEOMETRIC_REPRESENTATION_CONTEXT(2) 
PARAMETRIC_REPRESENTATION_CONTEXT() REPRESENTATION_CONTEXT('2D SPACE',''
  ) );
#7932 = PCURVE('',#2565,#7933);
#7933 = DEFINITIONAL_REPRESENTATION('',(#7934),#7938);
#7934 = LINE('',#7935,#7936);
#7935 = CARTESIAN_POINT('',(3.14159265359,0.));
#7936 = VECTOR('',#7937,1.);
#7937 = DIRECTION('',(0.,-1.));
#7938 = ( GEOMETRIC_REPRESENTATION_CONTEXT(2) 
PARAMETRIC_REPRESENTATION_CONTEXT() REPRESENTATION_CONTEXT('2D SPACE',''
  ) );
#7939 = ORIENTED_EDGE('',*,*,#4872,.F.);
#7940 = ORIENTED_EDGE('',*,*,#7941,.F.);
#7941 = EDGE_CURVE('',#2460,#4873,#7942,.T.);
#7942 = SURFACE_CURVE('',#7943,(#7947,#7954),.PCURVE_S1.);
#7943 = LINE('',#7944,#7945);
#7944 = CARTESIAN_POINT('',(58.621,57.4705,-1.));
#7945 = VECTOR('',#7946,1.);
#7946 = DIRECTION('',(0.,0.,1.));
#7947 = PCURVE('',#2476,#7948);
#7948 = DEFINITIONAL_REPRESENTATION('',(#7949),#7953);
#7949 = LINE('',#7950,#7951);
#7950 = CARTESIAN_POINT('',(4.1,0.));
#7951 = VECTOR('',#7952,1.);
#7952 = DIRECTION('',(0.,-1.));
#7953 = ( GEOMETRIC_REPRESENTATION_CONTEXT(2) 
PARAMETRIC_REPRESENTATION_CONTEXT() REPRESENTATION_CONTEXT('2D SPACE',''
  ) );
#7954 = PCURVE('',#2508,#7955);
#7955 = DEFINITIONAL_REPRESENTATION('',(#7956),#7960);
#7956 = LINE('',#7957,#7958);
#7957 = CARTESIAN_POINT('',(0.,0.));
#7958 = VECTOR('',#7959,1.);
#7959 = DIRECTION('',(0.,-1.));
#7960 = ( GEOMETRIC_REPRESENTATION_CONTEXT(2) 
PARAMETRIC_REPRESENTATION_CONTEXT() REPRESENTATION_CONTEXT('2D SPACE',''
  ) );
#7961 = ADVANCED_FACE('',(#7962),#2508,.F.);
#7962 = FACE_BOUND('',#7963,.F.);
#7963 = EDGE_LOOP('',(#7964,#7965,#7966,#7967));
#7964 = ORIENTED_EDGE('',*,*,#2487,.F.);
#7965 = ORIENTED_EDGE('',*,*,#7941,.T.);
#7966 = ORIENTED_EDGE('',*,*,#4895,.T.);
#7967 = ORIENTED_EDGE('',*,*,#7968,.F.);
#7968 = EDGE_CURVE('',#2488,#4896,#7969,.T.);
#7969 = SURFACE_CURVE('',#7970,(#7974,#7981),.PCURVE_S1.);
#7970 = LINE('',#7971,#7972);
#7971 = CARTESIAN_POINT('',(58.621,54.0705,-1.));
#7972 = VECTOR('',#7973,1.);
#7973 = DIRECTION('',(0.,0.,1.));
#7974 = PCURVE('',#2508,#7975);
#7975 = DEFINITIONAL_REPRESENTATION('',(#7976),#7980);
#7976 = LINE('',#7977,#7978);
#7977 = CARTESIAN_POINT('',(3.14159265359,0.));
#7978 = VECTOR('',#7979,1.);
#7979 = DIRECTION('',(0.,-1.));
#7980 = ( GEOMETRIC_REPRESENTATION_CONTEXT(2) 
PARAMETRIC_REPRESENTATION_CONTEXT() REPRESENTATION_CONTEXT('2D SPACE',''
  ) );
#7981 = PCURVE('',#2535,#7982);
#7982 = DEFINITIONAL_REPRESENTATION('',(#7983),#7987);
#7983 = LINE('',#7984,#7985);
#7984 = CARTESIAN_POINT('',(0.,-0.));
#7985 = VECTOR('',#7986,1.);
#7986 = DIRECTION('',(0.,-1.));
#7987 = ( GEOMETRIC_REPRESENTATION_CONTEXT(2) 
PARAMETRIC_REPRESENTATION_CONTEXT() REPRESENTATION_CONTEXT('2D SPACE',''
  ) );
#7988 = ADVANCED_FACE('',(#7989),#2565,.F.);
#7989 = FACE_BOUND('',#7990,.F.);
#7990 = EDGE_LOOP('',(#7991,#7992,#8013,#8014));
#7991 = ORIENTED_EDGE('',*,*,#2546,.F.);
#7992 = ORIENTED_EDGE('',*,*,#7993,.T.);
#7993 = EDGE_CURVE('',#2521,#4924,#7994,.T.);
#7994 = SURFACE_CURVE('',#7995,(#7999,#8006),.PCURVE_S1.);
#7995 = LINE('',#7996,#7997);
#7996 = CARTESIAN_POINT('',(54.521,54.0705,-1.));
#7997 = VECTOR('',#7998,1.);
#7998 = DIRECTION('',(0.,0.,1.));
#7999 = PCURVE('',#2565,#8000);
#8000 = DEFINITIONAL_REPRESENTATION('',(#8001),#8005);
#8001 = LINE('',#8002,#8003);
#8002 = CARTESIAN_POINT('',(0.,0.));
#8003 = VECTOR('',#8004,1.);
#8004 = DIRECTION('',(0.,-1.));
#8005 = ( GEOMETRIC_REPRESENTATION_CONTEXT(2) 
PARAMETRIC_REPRESENTATION_CONTEXT() REPRESENTATION_CONTEXT('2D SPACE',''
  ) );
#8006 = PCURVE('',#2535,#8007);
#8007 = DEFINITIONAL_REPRESENTATION('',(#8008),#8012);
#8008 = LINE('',#8009,#8010);
#8009 = CARTESIAN_POINT('',(4.1,0.));
#8010 = VECTOR('',#8011,1.);
#8011 = DIRECTION('',(0.,-1.));
#8012 = ( GEOMETRIC_REPRESENTATION_CONTEXT(2) 
PARAMETRIC_REPRESENTATION_CONTEXT() REPRESENTATION_CONTEXT('2D SPACE',''
  ) );
#8013 = ORIENTED_EDGE('',*,*,#4944,.T.);
#8014 = ORIENTED_EDGE('',*,*,#7919,.F.);
#8015 = ADVANCED_FACE('',(#8016),#2535,.F.);
#8016 = FACE_BOUND('',#8017,.F.);
#8017 = EDGE_LOOP('',(#8018,#8019,#8020,#8021));
#8018 = ORIENTED_EDGE('',*,*,#2520,.T.);
#8019 = ORIENTED_EDGE('',*,*,#7968,.T.);
#8020 = ORIENTED_EDGE('',*,*,#4923,.F.);
#8021 = ORIENTED_EDGE('',*,*,#7993,.F.);
#8022 = ADVANCED_FACE('',(#8023),#3112,.F.);
#8023 = FACE_BOUND('',#8024,.F.);
#8024 = EDGE_LOOP('',(#8025,#8026,#8047,#8075,#8094,#8095,#8096,#8115,
    #8116,#8137,#8138,#8157,#8158,#8179,#8180,#8199,#8200,#8221,#8222,
    #8241));
#8025 = ORIENTED_EDGE('',*,*,#3096,.F.);
#8026 = ORIENTED_EDGE('',*,*,#8027,.F.);
#8027 = EDGE_CURVE('',#8028,#3097,#8030,.T.);
#8028 = VERTEX_POINT('',#8029);
#8029 = CARTESIAN_POINT('',(12.840231922477,50.918944970741,10.4));
#8030 = SURFACE_CURVE('',#8031,(#8035,#8041),.PCURVE_S1.);
#8031 = LINE('',#8032,#8033);
#8032 = CARTESIAN_POINT('',(12.840231922477,50.918944970741,3.2));
#8033 = VECTOR('',#8034,1.);
#8034 = DIRECTION('',(-0.,-0.,-1.));
#8035 = PCURVE('',#3112,#8036);
#8036 = DEFINITIONAL_REPRESENTATION('',(#8037),#8040);
#8037 = B_SPLINE_CURVE_WITH_KNOTS('',1,(#8038,#8039),.UNSPECIFIED.,.F.,
  .F.,(2,2),(-7.92,2.004000000002E-04),.PIECEWISE_BEZIER_KNOTS.);
#8038 = CARTESIAN_POINT('',(1.581086905909,-7.92));
#8039 = CARTESIAN_POINT('',(1.581086905909,2.004000000002E-04));
#8040 = ( GEOMETRIC_REPRESENTATION_CONTEXT(2) 
PARAMETRIC_REPRESENTATION_CONTEXT() REPRESENTATION_CONTEXT('2D SPACE',''
  ) );
#8041 = PCURVE('',#3145,#8042);
#8042 = DEFINITIONAL_REPRESENTATION('',(#8043),#8046);
#8043 = B_SPLINE_CURVE_WITH_KNOTS('',1,(#8044,#8045),.UNSPECIFIED.,.F.,
  .F.,(2,2),(-7.92,2.004000000002E-04),.PIECEWISE_BEZIER_KNOTS.);
#8044 = CARTESIAN_POINT('',(-4.888176367525,-7.92));
#8045 = CARTESIAN_POINT('',(-4.888176367525,2.004000000002E-04));
#8046 = ( GEOMETRIC_REPRESENTATION_CONTEXT(2) 
PARAMETRIC_REPRESENTATION_CONTEXT() REPRESENTATION_CONTEXT('2D SPACE',''
  ) );
#8047 = ORIENTED_EDGE('',*,*,#8048,.T.);
#8048 = EDGE_CURVE('',#8028,#8049,#8051,.T.);
#8049 = VERTEX_POINT('',#8050);
#8050 = CARTESIAN_POINT('',(13.483010832557,-50.30460948075,10.4));
#8051 = SURFACE_CURVE('',#8052,(#8056,#8063),.PCURVE_S1.);
#8052 = LINE('',#8053,#8054);
#8053 = CARTESIAN_POINT('',(12.830192077166,52.5,10.4));
#8054 = VECTOR('',#8055,1.);
#8055 = DIRECTION('',(6.349964238581E-03,-0.999979838774,0.));
#8056 = PCURVE('',#3112,#8057);
#8057 = DEFINITIONAL_REPRESENTATION('',(#8058),#8062);
#8058 = LINE('',#8059,#8060);
#8059 = CARTESIAN_POINT('',(0.,-7.2));
#8060 = VECTOR('',#8061,1.);
#8061 = DIRECTION('',(1.,0.));
#8062 = ( GEOMETRIC_REPRESENTATION_CONTEXT(2) 
PARAMETRIC_REPRESENTATION_CONTEXT() REPRESENTATION_CONTEXT('2D SPACE',''
  ) );
#8063 = PCURVE('',#8064,#8069);
#8064 = PLANE('',#8065);
#8065 = AXIS2_PLACEMENT_3D('',#8066,#8067,#8068);
#8066 = CARTESIAN_POINT('',(14.382846038583,-3.03525,10.4));
#8067 = DIRECTION('',(0.,0.,1.));
#8068 = DIRECTION('',(1.,0.,-0.));
#8069 = DEFINITIONAL_REPRESENTATION('',(#8070),#8074);
#8070 = LINE('',#8071,#8072);
#8071 = CARTESIAN_POINT('',(-1.552653961417,55.53525));
#8072 = VECTOR('',#8073,1.);
#8073 = DIRECTION('',(6.349964238581E-03,-0.999979838774));
#8074 = ( GEOMETRIC_REPRESENTATION_CONTEXT(2) 
PARAMETRIC_REPRESENTATION_CONTEXT() REPRESENTATION_CONTEXT('2D SPACE',''
  ) );
#8075 = ORIENTED_EDGE('',*,*,#8076,.T.);
#8076 = EDGE_CURVE('',#8049,#3685,#8077,.T.);
#8077 = SURFACE_CURVE('',#8078,(#8082,#8088),.PCURVE_S1.);
#8078 = LINE('',#8079,#8080);
#8079 = CARTESIAN_POINT('',(13.483010832557,-50.30460948075,3.2));
#8080 = VECTOR('',#8081,1.);
#8081 = DIRECTION('',(-0.,-0.,-1.));
#8082 = PCURVE('',#3112,#8083);
#8083 = DEFINITIONAL_REPRESENTATION('',(#8084),#8087);
#8084 = B_SPLINE_CURVE_WITH_KNOTS('',1,(#8085,#8086),.UNSPECIFIED.,.F.,
  .F.,(2,2),(-7.92,2.004000000002E-04),.PIECEWISE_BEZIER_KNOTS.);
#8085 = CARTESIAN_POINT('',(102.80668218952,-7.92));
#8086 = CARTESIAN_POINT('',(102.80668218952,2.004000000002E-04));
#8087 = ( GEOMETRIC_REPRESENTATION_CONTEXT(2) 
PARAMETRIC_REPRESENTATION_CONTEXT() REPRESENTATION_CONTEXT('2D SPACE',''
  ) );
#8088 = PCURVE('',#3705,#8089);
#8089 = DEFINITIONAL_REPRESENTATION('',(#8090),#8093);
#8090 = B_SPLINE_CURVE_WITH_KNOTS('',1,(#8091,#8092),.UNSPECIFIED.,.F.,
  .F.,(2,2),(-7.92,2.004000000002E-04),.PIECEWISE_BEZIER_KNOTS.);
#8091 = CARTESIAN_POINT('',(-1.099151064,-7.92));
#8092 = CARTESIAN_POINT('',(-1.099151064,2.004000000002E-04));
#8093 = ( GEOMETRIC_REPRESENTATION_CONTEXT(2) 
PARAMETRIC_REPRESENTATION_CONTEXT() REPRESENTATION_CONTEXT('2D SPACE',''
  ) );
#8094 = ORIENTED_EDGE('',*,*,#3717,.F.);
#8095 = ORIENTED_EDGE('',*,*,#5206,.F.);
#8096 = ORIENTED_EDGE('',*,*,#8097,.T.);
#8097 = EDGE_CURVE('',#5179,#5283,#8098,.T.);
#8098 = SURFACE_CURVE('',#8099,(#8103,#8109),.PCURVE_S1.);
#8099 = LINE('',#8100,#8101);
#8100 = CARTESIAN_POINT('',(13.130205100828,5.254541008524,4.2));
#8101 = VECTOR('',#8102,1.);
#8102 = DIRECTION('',(-6.349964238581E-03,0.999979838774,0.));
#8103 = PCURVE('',#3112,#8104);
#8104 = DEFINITIONAL_REPRESENTATION('',(#8105),#8108);
#8105 = B_SPLINE_CURVE_WITH_KNOTS('',1,(#8106,#8107),.UNSPECIFIED.,.F.,
  .F.,(2,2),(-48.95552801199,-45.55545946244),.PIECEWISE_BEZIER_KNOTS.);
#8106 = CARTESIAN_POINT('',(96.20193954906,-1.));
#8107 = CARTESIAN_POINT('',(92.801870999509,-1.));
#8108 = ( GEOMETRIC_REPRESENTATION_CONTEXT(2) 
PARAMETRIC_REPRESENTATION_CONTEXT() REPRESENTATION_CONTEXT('2D SPACE',''
  ) );
#8109 = PCURVE('',#5194,#8110);
#8110 = DEFINITIONAL_REPRESENTATION('',(#8111),#8114);
#8111 = B_SPLINE_CURVE_WITH_KNOTS('',1,(#8112,#8113),.UNSPECIFIED.,.F.,
  .F.,(2,2),(-48.95552801199,-45.55545946244),.PIECEWISE_BEZIER_KNOTS.);
#8112 = CARTESIAN_POINT('',(-1.441070952985,-1.7));
#8113 = CARTESIAN_POINT('',(-1.419480639286,1.7));
#8114 = ( GEOMETRIC_REPRESENTATION_CONTEXT(2) 
PARAMETRIC_REPRESENTATION_CONTEXT() REPRESENTATION_CONTEXT('2D SPACE',''
  ) );
#8115 = ORIENTED_EDGE('',*,*,#5280,.F.);
#8116 = ORIENTED_EDGE('',*,*,#8117,.F.);
#8117 = EDGE_CURVE('',#5474,#5281,#8118,.T.);
#8118 = SURFACE_CURVE('',#8119,(#8123,#8130),.PCURVE_S1.);
#8119 = LINE('',#8120,#8121);
#8120 = CARTESIAN_POINT('',(12.830192077166,52.5,3.2));
#8121 = VECTOR('',#8122,1.);
#8122 = DIRECTION('',(6.349964238581E-03,-0.999979838774,0.));
#8123 = PCURVE('',#3112,#8124);
#8124 = DEFINITIONAL_REPRESENTATION('',(#8125),#8129);
#8125 = LINE('',#8126,#8127);
#8126 = CARTESIAN_POINT('',(0.,0.));
#8127 = VECTOR('',#8128,1.);
#8128 = DIRECTION('',(1.,0.));
#8129 = ( GEOMETRIC_REPRESENTATION_CONTEXT(2) 
PARAMETRIC_REPRESENTATION_CONTEXT() REPRESENTATION_CONTEXT('2D SPACE',''
  ) );
#8130 = PCURVE('',#5360,#8131);
#8131 = DEFINITIONAL_REPRESENTATION('',(#8132),#8136);
#8132 = LINE('',#8133,#8134);
#8133 = CARTESIAN_POINT('',(12.794692077166,52.5));
#8134 = VECTOR('',#8135,1.);
#8135 = DIRECTION('',(6.349964238581E-03,-0.999979838774));
#8136 = ( GEOMETRIC_REPRESENTATION_CONTEXT(2) 
PARAMETRIC_REPRESENTATION_CONTEXT() REPRESENTATION_CONTEXT('2D SPACE',''
  ) );
#8137 = ORIENTED_EDGE('',*,*,#5473,.F.);
#8138 = ORIENTED_EDGE('',*,*,#8139,.T.);
#8139 = EDGE_CURVE('',#5446,#5635,#8140,.T.);
#8140 = SURFACE_CURVE('',#8141,(#8145,#8151),.PCURVE_S1.);
#8141 = LINE('',#8142,#8143);
#8142 = CARTESIAN_POINT('',(13.041307393811,19.253976499883,4.2));
#8143 = VECTOR('',#8144,1.);
#8144 = DIRECTION('',(-6.349964238581E-03,0.999979838774,0.));
#8145 = PCURVE('',#3112,#8146);
#8146 = DEFINITIONAL_REPRESENTATION('',(#8147),#8150);
#8147 = B_SPLINE_CURVE_WITH_KNOTS('',1,(#8148,#8149),.UNSPECIFIED.,.F.,
  .F.,(2,2),(-34.95468122911,-31.55461267956),.PIECEWISE_BEZIER_KNOTS.);
#8148 = CARTESIAN_POINT('',(68.201375023346,-1.));
#8149 = CARTESIAN_POINT('',(64.801306473795,-1.));
#8150 = ( GEOMETRIC_REPRESENTATION_CONTEXT(2) 
PARAMETRIC_REPRESENTATION_CONTEXT() REPRESENTATION_CONTEXT('2D SPACE',''
  ) );
#8151 = PCURVE('',#5461,#8152);
#8152 = DEFINITIONAL_REPRESENTATION('',(#8153),#8156);
#8153 = B_SPLINE_CURVE_WITH_KNOTS('',1,(#8154,#8155),.UNSPECIFIED.,.F.,
  .F.,(2,2),(-34.95468122911,-31.55461267956),.PIECEWISE_BEZIER_KNOTS.);
#8154 = CARTESIAN_POINT('',(-1.263268369586,-1.7));
#8155 = CARTESIAN_POINT('',(-1.241678055888,1.7));
#8156 = ( GEOMETRIC_REPRESENTATION_CONTEXT(2) 
PARAMETRIC_REPRESENTATION_CONTEXT() REPRESENTATION_CONTEXT('2D SPACE',''
  ) );
#8157 = ORIENTED_EDGE('',*,*,#5632,.F.);
#8158 = ORIENTED_EDGE('',*,*,#8159,.F.);
#8159 = EDGE_CURVE('',#5826,#5633,#8160,.T.);
#8160 = SURFACE_CURVE('',#8161,(#8165,#8172),.PCURVE_S1.);
#8161 = LINE('',#8162,#8163);
#8162 = CARTESIAN_POINT('',(12.830192077166,52.5,3.2));
#8163 = VECTOR('',#8164,1.);
#8164 = DIRECTION('',(6.349964238581E-03,-0.999979838774,0.));
#8165 = PCURVE('',#3112,#8166);
#8166 = DEFINITIONAL_REPRESENTATION('',(#8167),#8171);
#8167 = LINE('',#8168,#8169);
#8168 = CARTESIAN_POINT('',(0.,0.));
#8169 = VECTOR('',#8170,1.);
#8170 = DIRECTION('',(1.,0.));
#8171 = ( GEOMETRIC_REPRESENTATION_CONTEXT(2) 
PARAMETRIC_REPRESENTATION_CONTEXT() REPRESENTATION_CONTEXT('2D SPACE',''
  ) );
#8172 = PCURVE('',#5712,#8173);
#8173 = DEFINITIONAL_REPRESENTATION('',(#8174),#8178);
#8174 = LINE('',#8175,#8176);
#8175 = CARTESIAN_POINT('',(12.794692077166,52.5));
#8176 = VECTOR('',#8177,1.);
#8177 = DIRECTION('',(6.349964238581E-03,-0.999979838774));
#8178 = ( GEOMETRIC_REPRESENTATION_CONTEXT(2) 
PARAMETRIC_REPRESENTATION_CONTEXT() REPRESENTATION_CONTEXT('2D SPACE',''
  ) );
#8179 = ORIENTED_EDGE('',*,*,#5825,.F.);
#8180 = ORIENTED_EDGE('',*,*,#8181,.T.);
#8181 = EDGE_CURVE('',#5798,#5987,#8182,.T.);
#8182 = SURFACE_CURVE('',#8183,(#8187,#8193),.PCURVE_S1.);
#8183 = LINE('',#8184,#8185);
#8184 = CARTESIAN_POINT('',(12.952409686793,33.253411991241,4.2));
#8185 = VECTOR('',#8186,1.);
#8186 = DIRECTION('',(-6.349964238581E-03,0.999979838774,0.));
#8187 = PCURVE('',#3112,#8188);
#8188 = DEFINITIONAL_REPRESENTATION('',(#8189),#8192);
#8189 = B_SPLINE_CURVE_WITH_KNOTS('',1,(#8190,#8191),.UNSPECIFIED.,.F.,
  .F.,(2,2),(-20.95383444623,-17.55376589668),.PIECEWISE_BEZIER_KNOTS.);
#8190 = CARTESIAN_POINT('',(40.200810497632,-1.));
#8191 = CARTESIAN_POINT('',(36.800741948081,-1.));
#8192 = ( GEOMETRIC_REPRESENTATION_CONTEXT(2) 
PARAMETRIC_REPRESENTATION_CONTEXT() REPRESENTATION_CONTEXT('2D SPACE',''
  ) );
#8193 = PCURVE('',#5813,#8194);
#8194 = DEFINITIONAL_REPRESENTATION('',(#8195),#8198);
#8195 = B_SPLINE_CURVE_WITH_KNOTS('',1,(#8196,#8197),.UNSPECIFIED.,.F.,
  .F.,(2,2),(-20.95383444623,-17.55376589668),.PIECEWISE_BEZIER_KNOTS.);
#8196 = CARTESIAN_POINT('',(-1.085465786188,-1.7));
#8197 = CARTESIAN_POINT('',(-1.06387547249,1.7));
#8198 = ( GEOMETRIC_REPRESENTATION_CONTEXT(2) 
PARAMETRIC_REPRESENTATION_CONTEXT() REPRESENTATION_CONTEXT('2D SPACE',''
  ) );
#8199 = ORIENTED_EDGE('',*,*,#5984,.F.);
#8200 = ORIENTED_EDGE('',*,*,#8201,.F.);
#8201 = EDGE_CURVE('',#6178,#5985,#8202,.T.);
#8202 = SURFACE_CURVE('',#8203,(#8207,#8214),.PCURVE_S1.);
#8203 = LINE('',#8204,#8205);
#8204 = CARTESIAN_POINT('',(12.830192077166,52.5,3.2));
#8205 = VECTOR('',#8206,1.);
#8206 = DIRECTION('',(6.349964238581E-03,-0.999979838774,0.));
#8207 = PCURVE('',#3112,#8208);
#8208 = DEFINITIONAL_REPRESENTATION('',(#8209),#8213);
#8209 = LINE('',#8210,#8211);
#8210 = CARTESIAN_POINT('',(0.,0.));
#8211 = VECTOR('',#8212,1.);
#8212 = DIRECTION('',(1.,0.));
#8213 = ( GEOMETRIC_REPRESENTATION_CONTEXT(2) 
PARAMETRIC_REPRESENTATION_CONTEXT() REPRESENTATION_CONTEXT('2D SPACE',''
  ) );
#8214 = PCURVE('',#6064,#8215);
#8215 = DEFINITIONAL_REPRESENTATION('',(#8216),#8220);
#8216 = LINE('',#8217,#8218);
#8217 = CARTESIAN_POINT('',(12.794692077166,52.5));
#8218 = VECTOR('',#8219,1.);
#8219 = DIRECTION('',(6.349964238581E-03,-0.999979838774));
#8220 = ( GEOMETRIC_REPRESENTATION_CONTEXT(2) 
PARAMETRIC_REPRESENTATION_CONTEXT() REPRESENTATION_CONTEXT('2D SPACE',''
  ) );
#8221 = ORIENTED_EDGE('',*,*,#6177,.F.);
#8222 = ORIENTED_EDGE('',*,*,#8223,.T.);
#8223 = EDGE_CURVE('',#6150,#6337,#8224,.T.);
#8224 = SURFACE_CURVE('',#8225,(#8229,#8235),.PCURVE_S1.);
#8225 = LINE('',#8226,#8227);
#8226 = CARTESIAN_POINT('',(12.863511979776,47.252847482599,4.2));
#8227 = VECTOR('',#8228,1.);
#8228 = DIRECTION('',(-6.349964238581E-03,0.999979838774,0.));
#8229 = PCURVE('',#3112,#8230);
#8230 = DEFINITIONAL_REPRESENTATION('',(#8231),#8234);
#8231 = B_SPLINE_CURVE_WITH_KNOTS('',1,(#8232,#8233),.UNSPECIFIED.,.F.,
  .F.,(2,2),(-6.952987663356,-3.552919113805),.PIECEWISE_BEZIER_KNOTS.);
#8232 = CARTESIAN_POINT('',(12.200245971918,-1.));
#8233 = CARTESIAN_POINT('',(8.800177422367,-1.));
#8234 = ( GEOMETRIC_REPRESENTATION_CONTEXT(2) 
PARAMETRIC_REPRESENTATION_CONTEXT() REPRESENTATION_CONTEXT('2D SPACE',''
  ) );
#8235 = PCURVE('',#6165,#8236);
#8236 = DEFINITIONAL_REPRESENTATION('',(#8237),#8240);
#8237 = B_SPLINE_CURVE_WITH_KNOTS('',1,(#8238,#8239),.UNSPECIFIED.,.F.,
  .F.,(2,2),(-6.952987663356,-3.552919113805),.PIECEWISE_BEZIER_KNOTS.);
#8238 = CARTESIAN_POINT('',(-0.90766320279,-1.7));
#8239 = CARTESIAN_POINT('',(-0.886072889091,1.7));
#8240 = ( GEOMETRIC_REPRESENTATION_CONTEXT(2) 
PARAMETRIC_REPRESENTATION_CONTEXT() REPRESENTATION_CONTEXT('2D SPACE',''
  ) );
#8241 = ORIENTED_EDGE('',*,*,#6336,.F.);
#8242 = ADVANCED_FACE('',(#8243),#3705,.T.);
#8243 = FACE_BOUND('',#8244,.F.);
#8244 = EDGE_LOOP('',(#8245,#8266,#8267,#8268,#8296,#8319,#8346,#8347));
#8245 = ORIENTED_EDGE('',*,*,#8246,.T.);
#8246 = EDGE_CURVE('',#8247,#3657,#8249,.T.);
#8247 = VERTEX_POINT('',#8248);
#8248 = CARTESIAN_POINT('',(13.508946797049,-54.38895399306,10.4));
#8249 = SURFACE_CURVE('',#8250,(#8254,#8260),.PCURVE_S1.);
#8250 = LINE('',#8251,#8252);
#8251 = CARTESIAN_POINT('',(13.508946797049,-54.38895399306,3.2));
#8252 = VECTOR('',#8253,1.);
#8253 = DIRECTION('',(-0.,-0.,-1.));
#8254 = PCURVE('',#3705,#8255);
#8255 = DEFINITIONAL_REPRESENTATION('',(#8256),#8259);
#8256 = B_SPLINE_CURVE_WITH_KNOTS('',1,(#8257,#8258),.UNSPECIFIED.,.F.,
  .F.,(2,2),(-7.92,2.004000000002E-04),.PIECEWISE_BEZIER_KNOTS.);
#8257 = CARTESIAN_POINT('',(-5.196734257006,-7.92));
#8258 = CARTESIAN_POINT('',(-5.196734257006,2.004000000002E-04));
#8259 = ( GEOMETRIC_REPRESENTATION_CONTEXT(2) 
PARAMETRIC_REPRESENTATION_CONTEXT() REPRESENTATION_CONTEXT('2D SPACE',''
  ) );
#8260 = PCURVE('',#3672,#8261);
#8261 = DEFINITIONAL_REPRESENTATION('',(#8262),#8265);
#8262 = B_SPLINE_CURVE_WITH_KNOTS('',1,(#8263,#8264),.UNSPECIFIED.,.F.,
  .F.,(2,2),(-7.92,2.004000000002E-04),.PIECEWISE_BEZIER_KNOTS.);
#8263 = CARTESIAN_POINT('',(106.89110904889,-7.92));
#8264 = CARTESIAN_POINT('',(106.89110904889,2.004000000002E-04));
#8265 = ( GEOMETRIC_REPRESENTATION_CONTEXT(2) 
PARAMETRIC_REPRESENTATION_CONTEXT() REPRESENTATION_CONTEXT('2D SPACE',''
  ) );
#8266 = ORIENTED_EDGE('',*,*,#3684,.T.);
#8267 = ORIENTED_EDGE('',*,*,#8076,.F.);
#8268 = ORIENTED_EDGE('',*,*,#8269,.T.);
#8269 = EDGE_CURVE('',#8049,#8270,#8272,.T.);
#8270 = VERTEX_POINT('',#8271);
#8271 = CARTESIAN_POINT('',(14.738,-52.3535,10.4));
#8272 = SURFACE_CURVE('',#8273,(#8278,#8285),.PCURVE_S1.);
#8273 = CIRCLE('',#8274,2.3);
#8274 = AXIS2_PLACEMENT_3D('',#8275,#8276,#8277);
#8275 = CARTESIAN_POINT('',(12.438,-52.3535,10.4));
#8276 = DIRECTION('',(0.,0.,-1.));
#8277 = DIRECTION('',(1.,0.,0.));
#8278 = PCURVE('',#3705,#8279);
#8279 = DEFINITIONAL_REPRESENTATION('',(#8280),#8284);
#8280 = LINE('',#8281,#8282);
#8281 = CARTESIAN_POINT('',(-6.28318530718,-7.2));
#8282 = VECTOR('',#8283,1.);
#8283 = DIRECTION('',(1.,-0.));
#8284 = ( GEOMETRIC_REPRESENTATION_CONTEXT(2) 
PARAMETRIC_REPRESENTATION_CONTEXT() REPRESENTATION_CONTEXT('2D SPACE',''
  ) );
#8285 = PCURVE('',#8064,#8286);
#8286 = DEFINITIONAL_REPRESENTATION('',(#8287),#8295);
#8287 = ( BOUNDED_CURVE() B_SPLINE_CURVE(2,(#8288,#8289,#8290,#8291,
#8292,#8293,#8294),.UNSPECIFIED.,.T.,.F.) B_SPLINE_CURVE_WITH_KNOTS((1,2
    ,2,2,2,1),(-2.094395102393,0.,2.094395102393,4.188790204786,
6.28318530718,8.377580409573),.UNSPECIFIED.) CURVE() 
GEOMETRIC_REPRESENTATION_ITEM() RATIONAL_B_SPLINE_CURVE((1.,0.5,1.,0.5,
1.,0.5,1.)) REPRESENTATION_ITEM('') );
#8288 = CARTESIAN_POINT('',(0.355153961417,-49.31825));
#8289 = CARTESIAN_POINT('',(0.355153961417,-53.3019668574));
#8290 = CARTESIAN_POINT('',(-3.094846038583,-51.3101084287));
#8291 = CARTESIAN_POINT('',(-6.544846038583,-49.31825));
#8292 = CARTESIAN_POINT('',(-3.094846038583,-47.32639157129));
#8293 = CARTESIAN_POINT('',(0.355153961417,-45.33453314259));
#8294 = CARTESIAN_POINT('',(0.355153961417,-49.31825));
#8295 = ( GEOMETRIC_REPRESENTATION_CONTEXT(2) 
PARAMETRIC_REPRESENTATION_CONTEXT() REPRESENTATION_CONTEXT('2D SPACE',''
  ) );
#8296 = ORIENTED_EDGE('',*,*,#8297,.T.);
#8297 = EDGE_CURVE('',#8270,#8298,#8300,.T.);
#8298 = VERTEX_POINT('',#8299);
#8299 = CARTESIAN_POINT('',(14.738,-52.3535,25.));
#8300 = SEAM_CURVE('',#8301,(#8305,#8312),.PCURVE_S1.);
#8301 = LINE('',#8302,#8303);
#8302 = CARTESIAN_POINT('',(14.738,-52.3535,3.2));
#8303 = VECTOR('',#8304,1.);
#8304 = DIRECTION('',(0.,0.,1.));
#8305 = PCURVE('',#3705,#8306);
#8306 = DEFINITIONAL_REPRESENTATION('',(#8307),#8311);
#8307 = LINE('',#8308,#8309);
#8308 = CARTESIAN_POINT('',(-0.,0.));
#8309 = VECTOR('',#8310,1.);
#8310 = DIRECTION('',(-0.,-1.));
#8311 = ( GEOMETRIC_REPRESENTATION_CONTEXT(2) 
PARAMETRIC_REPRESENTATION_CONTEXT() REPRESENTATION_CONTEXT('2D SPACE',''
  ) );
#8312 = PCURVE('',#3705,#8313);
#8313 = DEFINITIONAL_REPRESENTATION('',(#8314),#8318);
#8314 = LINE('',#8315,#8316);
#8315 = CARTESIAN_POINT('',(-6.28318530718,0.));
#8316 = VECTOR('',#8317,1.);
#8317 = DIRECTION('',(-0.,-1.));
#8318 = ( GEOMETRIC_REPRESENTATION_CONTEXT(2) 
PARAMETRIC_REPRESENTATION_CONTEXT() REPRESENTATION_CONTEXT('2D SPACE',''
  ) );
#8319 = ORIENTED_EDGE('',*,*,#8320,.T.);
#8320 = EDGE_CURVE('',#8298,#8298,#8321,.T.);
#8321 = SURFACE_CURVE('',#8322,(#8327,#8334),.PCURVE_S1.);
#8322 = CIRCLE('',#8323,2.3);
#8323 = AXIS2_PLACEMENT_3D('',#8324,#8325,#8326);
#8324 = CARTESIAN_POINT('',(12.438,-52.3535,25.));
#8325 = DIRECTION('',(0.,0.,1.));
#8326 = DIRECTION('',(1.,0.,0.));
#8327 = PCURVE('',#3705,#8328);
#8328 = DEFINITIONAL_REPRESENTATION('',(#8329),#8333);
#8329 = LINE('',#8330,#8331);
#8330 = CARTESIAN_POINT('',(-0.,-21.8));
#8331 = VECTOR('',#8332,1.);
#8332 = DIRECTION('',(-1.,0.));
#8333 = ( GEOMETRIC_REPRESENTATION_CONTEXT(2) 
PARAMETRIC_REPRESENTATION_CONTEXT() REPRESENTATION_CONTEXT('2D SPACE',''
  ) );
#8334 = PCURVE('',#8335,#8340);
#8335 = PLANE('',#8336);
#8336 = AXIS2_PLACEMENT_3D('',#8337,#8338,#8339);
#8337 = CARTESIAN_POINT('',(12.438,-52.3535,25.));
#8338 = DIRECTION('',(0.,0.,1.));
#8339 = DIRECTION('',(1.,0.,-0.));
#8340 = DEFINITIONAL_REPRESENTATION('',(#8341),#8345);
#8341 = CIRCLE('',#8342,2.3);
#8342 = AXIS2_PLACEMENT_2D('',#8343,#8344);
#8343 = CARTESIAN_POINT('',(0.,-7.105427357601E-15));
#8344 = DIRECTION('',(1.,0.));
#8345 = ( GEOMETRIC_REPRESENTATION_CONTEXT(2) 
PARAMETRIC_REPRESENTATION_CONTEXT() REPRESENTATION_CONTEXT('2D SPACE',''
  ) );
#8346 = ORIENTED_EDGE('',*,*,#8297,.F.);
#8347 = ORIENTED_EDGE('',*,*,#8348,.T.);
#8348 = EDGE_CURVE('',#8270,#8247,#8349,.T.);
#8349 = SURFACE_CURVE('',#8350,(#8355,#8362),.PCURVE_S1.);
#8350 = CIRCLE('',#8351,2.3);
#8351 = AXIS2_PLACEMENT_3D('',#8352,#8353,#8354);
#8352 = CARTESIAN_POINT('',(12.438,-52.3535,10.4));
#8353 = DIRECTION('',(0.,0.,-1.));
#8354 = DIRECTION('',(1.,0.,0.));
#8355 = PCURVE('',#3705,#8356);
#8356 = DEFINITIONAL_REPRESENTATION('',(#8357),#8361);
#8357 = LINE('',#8358,#8359);
#8358 = CARTESIAN_POINT('',(-6.28318530718,-7.2));
#8359 = VECTOR('',#8360,1.);
#8360 = DIRECTION('',(1.,-0.));
#8361 = ( GEOMETRIC_REPRESENTATION_CONTEXT(2) 
PARAMETRIC_REPRESENTATION_CONTEXT() REPRESENTATION_CONTEXT('2D SPACE',''
  ) );
#8362 = PCURVE('',#8064,#8363);
#8363 = DEFINITIONAL_REPRESENTATION('',(#8364),#8372);
#8364 = ( BOUNDED_CURVE() B_SPLINE_CURVE(2,(#8365,#8366,#8367,#8368,
#8369,#8370,#8371),.UNSPECIFIED.,.T.,.F.) B_SPLINE_CURVE_WITH_KNOTS((1,2
    ,2,2,2,1),(-2.094395102393,0.,2.094395102393,4.188790204786,
6.28318530718,8.377580409573),.UNSPECIFIED.) CURVE() 
GEOMETRIC_REPRESENTATION_ITEM() RATIONAL_B_SPLINE_CURVE((1.,0.5,1.,0.5,
1.,0.5,1.)) REPRESENTATION_ITEM('') );
#8365 = CARTESIAN_POINT('',(0.355153961417,-49.31825));
#8366 = CARTESIAN_POINT('',(0.355153961417,-53.3019668574));
#8367 = CARTESIAN_POINT('',(-3.094846038583,-51.3101084287));
#8368 = CARTESIAN_POINT('',(-6.544846038583,-49.31825));
#8369 = CARTESIAN_POINT('',(-3.094846038583,-47.32639157129));
#8370 = CARTESIAN_POINT('',(0.355153961417,-45.33453314259));
#8371 = CARTESIAN_POINT('',(0.355153961417,-49.31825));
#8372 = ( GEOMETRIC_REPRESENTATION_CONTEXT(2) 
PARAMETRIC_REPRESENTATION_CONTEXT() REPRESENTATION_CONTEXT('2D SPACE',''
  ) );
#8373 = ADVANCED_FACE('',(#8374),#3672,.F.);
#8374 = FACE_BOUND('',#8375,.F.);
#8375 = EDGE_LOOP('',(#8376,#8377,#8378,#8401));
#8376 = ORIENTED_EDGE('',*,*,#3656,.F.);
#8377 = ORIENTED_EDGE('',*,*,#8246,.F.);
#8378 = ORIENTED_EDGE('',*,*,#8379,.T.);
#8379 = EDGE_CURVE('',#8247,#8380,#8382,.T.);
#8380 = VERTEX_POINT('',#8381);
#8381 = CARTESIAN_POINT('',(13.5355,-58.5705,10.4));
#8382 = SURFACE_CURVE('',#8383,(#8387,#8394),.PCURVE_S1.);
#8383 = LINE('',#8384,#8385);
#8384 = CARTESIAN_POINT('',(12.830192077166,52.5,10.4));
#8385 = VECTOR('',#8386,1.);
#8386 = DIRECTION('',(6.349964238581E-03,-0.999979838774,0.));
#8387 = PCURVE('',#3672,#8388);
#8388 = DEFINITIONAL_REPRESENTATION('',(#8389),#8393);
#8389 = LINE('',#8390,#8391);
#8390 = CARTESIAN_POINT('',(0.,-7.2));
#8391 = VECTOR('',#8392,1.);
#8392 = DIRECTION('',(1.,0.));
#8393 = ( GEOMETRIC_REPRESENTATION_CONTEXT(2) 
PARAMETRIC_REPRESENTATION_CONTEXT() REPRESENTATION_CONTEXT('2D SPACE',''
  ) );
#8394 = PCURVE('',#8064,#8395);
#8395 = DEFINITIONAL_REPRESENTATION('',(#8396),#8400);
#8396 = LINE('',#8397,#8398);
#8397 = CARTESIAN_POINT('',(-1.552653961417,55.53525));
#8398 = VECTOR('',#8399,1.);
#8399 = DIRECTION('',(6.349964238581E-03,-0.999979838774));
#8400 = ( GEOMETRIC_REPRESENTATION_CONTEXT(2) 
PARAMETRIC_REPRESENTATION_CONTEXT() REPRESENTATION_CONTEXT('2D SPACE',''
  ) );
#8401 = ORIENTED_EDGE('',*,*,#8402,.F.);
#8402 = EDGE_CURVE('',#3629,#8380,#8403,.T.);
#8403 = SURFACE_CURVE('',#8404,(#8408,#8415),.PCURVE_S1.);
#8404 = LINE('',#8405,#8406);
#8405 = CARTESIAN_POINT('',(13.5355,-58.5705,3.2));
#8406 = VECTOR('',#8407,1.);
#8407 = DIRECTION('',(0.,0.,1.));
#8408 = PCURVE('',#3672,#8409);
#8409 = DEFINITIONAL_REPRESENTATION('',(#8410),#8414);
#8410 = LINE('',#8411,#8412);
#8411 = CARTESIAN_POINT('',(111.07273936261,0.));
#8412 = VECTOR('',#8413,1.);
#8413 = DIRECTION('',(0.,-1.));
#8414 = ( GEOMETRIC_REPRESENTATION_CONTEXT(2) 
PARAMETRIC_REPRESENTATION_CONTEXT() REPRESENTATION_CONTEXT('2D SPACE',''
  ) );
#8415 = PCURVE('',#3644,#8416);
#8416 = DEFINITIONAL_REPRESENTATION('',(#8417),#8421);
#8417 = LINE('',#8418,#8419);
#8418 = CARTESIAN_POINT('',(0.,0.));
#8419 = VECTOR('',#8420,1.);
#8420 = DIRECTION('',(0.,-1.));
#8421 = ( GEOMETRIC_REPRESENTATION_CONTEXT(2) 
PARAMETRIC_REPRESENTATION_CONTEXT() REPRESENTATION_CONTEXT('2D SPACE',''
  ) );
#8422 = ADVANCED_FACE('',(#8423),#3644,.F.);
#8423 = FACE_BOUND('',#8424,.F.);
#8424 = EDGE_LOOP('',(#8425,#8426,#8427,#8450));
#8425 = ORIENTED_EDGE('',*,*,#3628,.T.);
#8426 = ORIENTED_EDGE('',*,*,#8402,.T.);
#8427 = ORIENTED_EDGE('',*,*,#8428,.T.);
#8428 = EDGE_CURVE('',#8380,#8429,#8431,.T.);
#8429 = VERTEX_POINT('',#8430);
#8430 = CARTESIAN_POINT('',(15.9355,-58.5705,10.4));
#8431 = SURFACE_CURVE('',#8432,(#8436,#8443),.PCURVE_S1.);
#8432 = LINE('',#8433,#8434);
#8433 = CARTESIAN_POINT('',(13.5355,-58.5705,10.4));
#8434 = VECTOR('',#8435,1.);
#8435 = DIRECTION('',(1.,0.,0.));
#8436 = PCURVE('',#3644,#8437);
#8437 = DEFINITIONAL_REPRESENTATION('',(#8438),#8442);
#8438 = LINE('',#8439,#8440);
#8439 = CARTESIAN_POINT('',(0.,-7.2));
#8440 = VECTOR('',#8441,1.);
#8441 = DIRECTION('',(1.,0.));
#8442 = ( GEOMETRIC_REPRESENTATION_CONTEXT(2) 
PARAMETRIC_REPRESENTATION_CONTEXT() REPRESENTATION_CONTEXT('2D SPACE',''
  ) );
#8443 = PCURVE('',#8064,#8444);
#8444 = DEFINITIONAL_REPRESENTATION('',(#8445),#8449);
#8445 = LINE('',#8446,#8447);
#8446 = CARTESIAN_POINT('',(-0.847346038583,-55.53525));
#8447 = VECTOR('',#8448,1.);
#8448 = DIRECTION('',(1.,0.));
#8449 = ( GEOMETRIC_REPRESENTATION_CONTEXT(2) 
PARAMETRIC_REPRESENTATION_CONTEXT() REPRESENTATION_CONTEXT('2D SPACE',''
  ) );
#8450 = ORIENTED_EDGE('',*,*,#8451,.F.);
#8451 = EDGE_CURVE('',#3606,#8429,#8452,.T.);
#8452 = SURFACE_CURVE('',#8453,(#8457,#8464),.PCURVE_S1.);
#8453 = LINE('',#8454,#8455);
#8454 = CARTESIAN_POINT('',(15.9355,-58.5705,3.2));
#8455 = VECTOR('',#8456,1.);
#8456 = DIRECTION('',(0.,0.,1.));
#8457 = PCURVE('',#3644,#8458);
#8458 = DEFINITIONAL_REPRESENTATION('',(#8459),#8463);
#8459 = LINE('',#8460,#8461);
#8460 = CARTESIAN_POINT('',(2.4,0.));
#8461 = VECTOR('',#8462,1.);
#8462 = DIRECTION('',(0.,-1.));
#8463 = ( GEOMETRIC_REPRESENTATION_CONTEXT(2) 
PARAMETRIC_REPRESENTATION_CONTEXT() REPRESENTATION_CONTEXT('2D SPACE',''
  ) );
#8464 = PCURVE('',#3463,#8465);
#8465 = DEFINITIONAL_REPRESENTATION('',(#8466),#8470);
#8466 = LINE('',#8467,#8468);
#8467 = CARTESIAN_POINT('',(0.,0.));
#8468 = VECTOR('',#8469,1.);
#8469 = DIRECTION('',(0.,-1.));
#8470 = ( GEOMETRIC_REPRESENTATION_CONTEXT(2) 
PARAMETRIC_REPRESENTATION_CONTEXT() REPRESENTATION_CONTEXT('2D SPACE',''
  ) );
#8471 = ADVANCED_FACE('',(#8472),#3463,.F.);
#8472 = FACE_BOUND('',#8473,.F.);
#8473 = EDGE_LOOP('',(#8474,#8493,#8494,#8495,#8496,#8519,#8547,#8568,
    #8569,#8570,#8589,#8590,#8591,#8592,#8611,#8612,#8613));
#8474 = ORIENTED_EDGE('',*,*,#8475,.T.);
#8475 = EDGE_CURVE('',#5542,#5586,#8476,.T.);
#8476 = SURFACE_CURVE('',#8477,(#8481,#8487),.PCURVE_S1.);
#8477 = LINE('',#8478,#8479);
#8478 = CARTESIAN_POINT('',(15.793912968772,-36.27365369665,4.2));
#8479 = VECTOR('',#8480,1.);
#8480 = DIRECTION('',(6.349964238581E-03,-0.999979838774,0.));
#8481 = PCURVE('',#3463,#8482);
#8482 = DEFINITIONAL_REPRESENTATION('',(#8483),#8486);
#8483 = B_SPLINE_CURVE_WITH_KNOTS('',1,(#8484,#8485),.UNSPECIFIED.,.F.,
  .F.,(2,2),(-23.97413704465,-20.5740684951),.PIECEWISE_BEZIER_KNOTS.);
#8484 = CARTESIAN_POINT('',(46.271432888823,-1.));
#8485 = CARTESIAN_POINT('',(42.871364339272,-1.));
#8486 = ( GEOMETRIC_REPRESENTATION_CONTEXT(2) 
PARAMETRIC_REPRESENTATION_CONTEXT() REPRESENTATION_CONTEXT('2D SPACE',''
  ) );
#8487 = PCURVE('',#5461,#8488);
#8488 = DEFINITIONAL_REPRESENTATION('',(#8489),#8492);
#8489 = B_SPLINE_CURVE_WITH_KNOTS('',1,(#8490,#8491),.UNSPECIFIED.,.F.,
  .F.,(2,2),(-23.97413704465,-20.5740684951),.PIECEWISE_BEZIER_KNOTS.);
#8490 = CARTESIAN_POINT('',(-3.641678055888,1.7));
#8491 = CARTESIAN_POINT('',(-3.663268369586,-1.7));
#8492 = ( GEOMETRIC_REPRESENTATION_CONTEXT(2) 
PARAMETRIC_REPRESENTATION_CONTEXT() REPRESENTATION_CONTEXT('2D SPACE',''
  ) );
#8493 = ORIENTED_EDGE('',*,*,#5585,.T.);
#8494 = ORIENTED_EDGE('',*,*,#3605,.T.);
#8495 = ORIENTED_EDGE('',*,*,#8451,.T.);
#8496 = ORIENTED_EDGE('',*,*,#8497,.T.);
#8497 = EDGE_CURVE('',#8429,#8498,#8500,.T.);
#8498 = VERTEX_POINT('',#8499);
#8499 = CARTESIAN_POINT('',(15.230192077166,52.5,10.4));
#8500 = SURFACE_CURVE('',#8501,(#8505,#8512),.PCURVE_S1.);
#8501 = LINE('',#8502,#8503);
#8502 = CARTESIAN_POINT('',(15.9355,-58.5705,10.4));
#8503 = VECTOR('',#8504,1.);
#8504 = DIRECTION('',(-6.349964238581E-03,0.999979838774,0.));
#8505 = PCURVE('',#3463,#8506);
#8506 = DEFINITIONAL_REPRESENTATION('',(#8507),#8511);
#8507 = LINE('',#8508,#8509);
#8508 = CARTESIAN_POINT('',(0.,-7.2));
#8509 = VECTOR('',#8510,1.);
#8510 = DIRECTION('',(1.,0.));
#8511 = ( GEOMETRIC_REPRESENTATION_CONTEXT(2) 
PARAMETRIC_REPRESENTATION_CONTEXT() REPRESENTATION_CONTEXT('2D SPACE',''
  ) );
#8512 = PCURVE('',#8064,#8513);
#8513 = DEFINITIONAL_REPRESENTATION('',(#8514),#8518);
#8514 = LINE('',#8515,#8516);
#8515 = CARTESIAN_POINT('',(1.552653961417,-55.53525));
#8516 = VECTOR('',#8517,1.);
#8517 = DIRECTION('',(-6.349964238581E-03,0.999979838774));
#8518 = ( GEOMETRIC_REPRESENTATION_CONTEXT(2) 
PARAMETRIC_REPRESENTATION_CONTEXT() REPRESENTATION_CONTEXT('2D SPACE',''
  ) );
#8519 = ORIENTED_EDGE('',*,*,#8520,.F.);
#8520 = EDGE_CURVE('',#8521,#8498,#8523,.T.);
#8521 = VERTEX_POINT('',#8522);
#8522 = CARTESIAN_POINT('',(15.230192077166,52.5,7.2));
#8523 = SURFACE_CURVE('',#8524,(#8528,#8535),.PCURVE_S1.);
#8524 = LINE('',#8525,#8526);
#8525 = CARTESIAN_POINT('',(15.230192077166,52.5,3.2));
#8526 = VECTOR('',#8527,1.);
#8527 = DIRECTION('',(0.,0.,1.));
#8528 = PCURVE('',#3463,#8529);
#8529 = DEFINITIONAL_REPRESENTATION('',(#8530),#8534);
#8530 = LINE('',#8531,#8532);
#8531 = CARTESIAN_POINT('',(111.07273936261,0.));
#8532 = VECTOR('',#8533,1.);
#8533 = DIRECTION('',(0.,-1.));
#8534 = ( GEOMETRIC_REPRESENTATION_CONTEXT(2) 
PARAMETRIC_REPRESENTATION_CONTEXT() REPRESENTATION_CONTEXT('2D SPACE',''
  ) );
#8535 = PCURVE('',#8536,#8541);
#8536 = PLANE('',#8537);
#8537 = AXIS2_PLACEMENT_3D('',#8538,#8539,#8540);
#8538 = CARTESIAN_POINT('',(15.230192077166,52.5,3.2));
#8539 = DIRECTION('',(0.,-1.,0.));
#8540 = DIRECTION('',(-1.,0.,0.));
#8541 = DEFINITIONAL_REPRESENTATION('',(#8542),#8546);
#8542 = LINE('',#8543,#8544);
#8543 = CARTESIAN_POINT('',(0.,-0.));
#8544 = VECTOR('',#8545,1.);
#8545 = DIRECTION('',(0.,-1.));
#8546 = ( GEOMETRIC_REPRESENTATION_CONTEXT(2) 
PARAMETRIC_REPRESENTATION_CONTEXT() REPRESENTATION_CONTEXT('2D SPACE',''
  ) );
#8547 = ORIENTED_EDGE('',*,*,#8548,.F.);
#8548 = EDGE_CURVE('',#3420,#8521,#8549,.T.);
#8549 = SURFACE_CURVE('',#8550,(#8554,#8561),.PCURVE_S1.);
#8550 = LINE('',#8551,#8552);
#8551 = CARTESIAN_POINT('',(15.230192077166,52.5,3.2));
#8552 = VECTOR('',#8553,1.);
#8553 = DIRECTION('',(0.,0.,1.));
#8554 = PCURVE('',#3463,#8555);
#8555 = DEFINITIONAL_REPRESENTATION('',(#8556),#8560);
#8556 = LINE('',#8557,#8558);
#8557 = CARTESIAN_POINT('',(111.07273936261,0.));
#8558 = VECTOR('',#8559,1.);
#8559 = DIRECTION('',(0.,-1.));
#8560 = ( GEOMETRIC_REPRESENTATION_CONTEXT(2) 
PARAMETRIC_REPRESENTATION_CONTEXT() REPRESENTATION_CONTEXT('2D SPACE',''
  ) );
#8561 = PCURVE('',#3435,#8562);
#8562 = DEFINITIONAL_REPRESENTATION('',(#8563),#8567);
#8563 = LINE('',#8564,#8565);
#8564 = CARTESIAN_POINT('',(3.694692077166,0.));
#8565 = VECTOR('',#8566,1.);
#8566 = DIRECTION('',(0.,-1.));
#8567 = ( GEOMETRIC_REPRESENTATION_CONTEXT(2) 
PARAMETRIC_REPRESENTATION_CONTEXT() REPRESENTATION_CONTEXT('2D SPACE',''
  ) );
#8568 = ORIENTED_EDGE('',*,*,#3447,.T.);
#8569 = ORIENTED_EDGE('',*,*,#6269,.F.);
#8570 = ORIENTED_EDGE('',*,*,#8571,.T.);
#8571 = EDGE_CURVE('',#6246,#6290,#8572,.T.);
#8572 = SURFACE_CURVE('',#8573,(#8577,#8583),.PCURVE_S1.);
#8573 = LINE('',#8574,#8575);
#8574 = CARTESIAN_POINT('',(15.616117554738,-8.274782713942,4.2));
#8575 = VECTOR('',#8576,1.);
#8576 = DIRECTION('',(6.349964238581E-03,-0.999979838774,0.));
#8577 = PCURVE('',#3463,#8578);
#8578 = DEFINITIONAL_REPRESENTATION('',(#8579),#8582);
#8579 = B_SPLINE_CURVE_WITH_KNOTS('',1,(#8580,#8581),.UNSPECIFIED.,.F.,
  .F.,(2,2),(-51.97583061041,-48.57576206086),.PIECEWISE_BEZIER_KNOTS.);
#8580 = CARTESIAN_POINT('',(102.27256194025,-1.));
#8581 = CARTESIAN_POINT('',(98.8724933907,-1.));
#8582 = ( GEOMETRIC_REPRESENTATION_CONTEXT(2) 
PARAMETRIC_REPRESENTATION_CONTEXT() REPRESENTATION_CONTEXT('2D SPACE',''
  ) );
#8583 = PCURVE('',#6165,#8584);
#8584 = DEFINITIONAL_REPRESENTATION('',(#8585),#8588);
#8585 = B_SPLINE_CURVE_WITH_KNOTS('',1,(#8586,#8587),.UNSPECIFIED.,.F.,
  .F.,(2,2),(-51.97583061041,-48.57576206086),.PIECEWISE_BEZIER_KNOTS.);
#8586 = CARTESIAN_POINT('',(-3.286072889091,1.7));
#8587 = CARTESIAN_POINT('',(-3.30766320279,-1.7));
#8588 = ( GEOMETRIC_REPRESENTATION_CONTEXT(2) 
PARAMETRIC_REPRESENTATION_CONTEXT() REPRESENTATION_CONTEXT('2D SPACE',''
  ) );
#8589 = ORIENTED_EDGE('',*,*,#6289,.T.);
#8590 = ORIENTED_EDGE('',*,*,#3503,.T.);
#8591 = ORIENTED_EDGE('',*,*,#5917,.F.);
#8592 = ORIENTED_EDGE('',*,*,#8593,.T.);
#8593 = EDGE_CURVE('',#5894,#5938,#8594,.T.);
#8594 = SURFACE_CURVE('',#8595,(#8599,#8605),.PCURVE_S1.);
#8595 = LINE('',#8596,#8597);
#8596 = CARTESIAN_POINT('',(15.705015261755,-22.2742182053,4.2));
#8597 = VECTOR('',#8598,1.);
#8598 = DIRECTION('',(6.349964238581E-03,-0.999979838774,0.));
#8599 = PCURVE('',#3463,#8600);
#8600 = DEFINITIONAL_REPRESENTATION('',(#8601),#8604);
#8601 = B_SPLINE_CURVE_WITH_KNOTS('',1,(#8602,#8603),.UNSPECIFIED.,.F.,
  .F.,(2,2),(-37.97498382753,-34.57491527798),.PIECEWISE_BEZIER_KNOTS.);
#8602 = CARTESIAN_POINT('',(74.271997414537,-1.));
#8603 = CARTESIAN_POINT('',(70.871928864986,-1.));
#8604 = ( GEOMETRIC_REPRESENTATION_CONTEXT(2) 
PARAMETRIC_REPRESENTATION_CONTEXT() REPRESENTATION_CONTEXT('2D SPACE',''
  ) );
#8605 = PCURVE('',#5813,#8606);
#8606 = DEFINITIONAL_REPRESENTATION('',(#8607),#8610);
#8607 = B_SPLINE_CURVE_WITH_KNOTS('',1,(#8608,#8609),.UNSPECIFIED.,.F.,
  .F.,(2,2),(-37.97498382753,-34.57491527798),.PIECEWISE_BEZIER_KNOTS.);
#8608 = CARTESIAN_POINT('',(-3.46387547249,1.7));
#8609 = CARTESIAN_POINT('',(-3.485465786188,-1.7));
#8610 = ( GEOMETRIC_REPRESENTATION_CONTEXT(2) 
PARAMETRIC_REPRESENTATION_CONTEXT() REPRESENTATION_CONTEXT('2D SPACE',''
  ) );
#8611 = ORIENTED_EDGE('',*,*,#5937,.T.);
#8612 = ORIENTED_EDGE('',*,*,#3554,.T.);
#8613 = ORIENTED_EDGE('',*,*,#5565,.F.);
#8614 = ADVANCED_FACE('',(#8615),#3435,.F.);
#8615 = FACE_BOUND('',#8616,.F.);
#8616 = EDGE_LOOP('',(#8617,#8618,#8619,#8647));
#8617 = ORIENTED_EDGE('',*,*,#3419,.F.);
#8618 = ORIENTED_EDGE('',*,*,#8548,.T.);
#8619 = ORIENTED_EDGE('',*,*,#8620,.T.);
#8620 = EDGE_CURVE('',#8521,#8621,#8623,.T.);
#8621 = VERTEX_POINT('',#8622);
#8622 = CARTESIAN_POINT('',(37.840807922834,52.5,7.2));
#8623 = SURFACE_CURVE('',#8624,(#8628,#8635),.PCURVE_S1.);
#8624 = LINE('',#8625,#8626);
#8625 = CARTESIAN_POINT('',(11.5355,52.5,7.2));
#8626 = VECTOR('',#8627,1.);
#8627 = DIRECTION('',(1.,0.,0.));
#8628 = PCURVE('',#3435,#8629);
#8629 = DEFINITIONAL_REPRESENTATION('',(#8630),#8634);
#8630 = LINE('',#8631,#8632);
#8631 = CARTESIAN_POINT('',(0.,-4.));
#8632 = VECTOR('',#8633,1.);
#8633 = DIRECTION('',(1.,0.));
#8634 = ( GEOMETRIC_REPRESENTATION_CONTEXT(2) 
PARAMETRIC_REPRESENTATION_CONTEXT() REPRESENTATION_CONTEXT('2D SPACE',''
  ) );
#8635 = PCURVE('',#8636,#8641);
#8636 = PLANE('',#8637);
#8637 = AXIS2_PLACEMENT_3D('',#8638,#8639,#8640);
#8638 = CARTESIAN_POINT('',(26.5355,53.7,7.2));
#8639 = DIRECTION('',(0.,0.,1.));
#8640 = DIRECTION('',(1.,0.,-0.));
#8641 = DEFINITIONAL_REPRESENTATION('',(#8642),#8646);
#8642 = LINE('',#8643,#8644);
#8643 = CARTESIAN_POINT('',(-15.,-1.2));
#8644 = VECTOR('',#8645,1.);
#8645 = DIRECTION('',(1.,0.));
#8646 = ( GEOMETRIC_REPRESENTATION_CONTEXT(2) 
PARAMETRIC_REPRESENTATION_CONTEXT() REPRESENTATION_CONTEXT('2D SPACE',''
  ) );
#8647 = ORIENTED_EDGE('',*,*,#8648,.F.);
#8648 = EDGE_CURVE('',#3392,#8621,#8649,.T.);
#8649 = SURFACE_CURVE('',#8650,(#8654,#8661),.PCURVE_S1.);
#8650 = LINE('',#8651,#8652);
#8651 = CARTESIAN_POINT('',(37.840807922834,52.5,3.2));
#8652 = VECTOR('',#8653,1.);
#8653 = DIRECTION('',(0.,0.,1.));
#8654 = PCURVE('',#3435,#8655);
#8655 = DEFINITIONAL_REPRESENTATION('',(#8656),#8660);
#8656 = LINE('',#8657,#8658);
#8657 = CARTESIAN_POINT('',(26.305307922834,0.));
#8658 = VECTOR('',#8659,1.);
#8659 = DIRECTION('',(0.,-1.));
#8660 = ( GEOMETRIC_REPRESENTATION_CONTEXT(2) 
PARAMETRIC_REPRESENTATION_CONTEXT() REPRESENTATION_CONTEXT('2D SPACE',''
  ) );
#8661 = PCURVE('',#3407,#8662);
#8662 = DEFINITIONAL_REPRESENTATION('',(#8663),#8667);
#8663 = LINE('',#8664,#8665);
#8664 = CARTESIAN_POINT('',(111.07273936261,0.));
#8665 = VECTOR('',#8666,1.);
#8666 = DIRECTION('',(0.,-1.));
#8667 = ( GEOMETRIC_REPRESENTATION_CONTEXT(2) 
PARAMETRIC_REPRESENTATION_CONTEXT() REPRESENTATION_CONTEXT('2D SPACE',''
  ) );
#8668 = ADVANCED_FACE('',(#8669),#3407,.T.);
#8669 = FACE_BOUND('',#8670,.T.);
#8670 = EDGE_LOOP('',(#8671,#8694,#8722,#8748,#8749));
#8671 = ORIENTED_EDGE('',*,*,#8672,.T.);
#8672 = EDGE_CURVE('',#3364,#8673,#8675,.T.);
#8673 = VERTEX_POINT('',#8674);
#8674 = CARTESIAN_POINT('',(37.1355,-58.5705,10.4));
#8675 = SURFACE_CURVE('',#8676,(#8680,#8687),.PCURVE_S1.);
#8676 = LINE('',#8677,#8678);
#8677 = CARTESIAN_POINT('',(37.1355,-58.5705,3.2));
#8678 = VECTOR('',#8679,1.);
#8679 = DIRECTION('',(0.,0.,1.));
#8680 = PCURVE('',#3407,#8681);
#8681 = DEFINITIONAL_REPRESENTATION('',(#8682),#8686);
#8682 = LINE('',#8683,#8684);
#8683 = CARTESIAN_POINT('',(0.,0.));
#8684 = VECTOR('',#8685,1.);
#8685 = DIRECTION('',(0.,-1.));
#8686 = ( GEOMETRIC_REPRESENTATION_CONTEXT(2) 
PARAMETRIC_REPRESENTATION_CONTEXT() REPRESENTATION_CONTEXT('2D SPACE',''
  ) );
#8687 = PCURVE('',#3379,#8688);
#8688 = DEFINITIONAL_REPRESENTATION('',(#8689),#8693);
#8689 = LINE('',#8690,#8691);
#8690 = CARTESIAN_POINT('',(23.6,0.));
#8691 = VECTOR('',#8692,1.);
#8692 = DIRECTION('',(0.,-1.));
#8693 = ( GEOMETRIC_REPRESENTATION_CONTEXT(2) 
PARAMETRIC_REPRESENTATION_CONTEXT() REPRESENTATION_CONTEXT('2D SPACE',''
  ) );
#8694 = ORIENTED_EDGE('',*,*,#8695,.T.);
#8695 = EDGE_CURVE('',#8673,#8696,#8698,.T.);
#8696 = VERTEX_POINT('',#8697);
#8697 = CARTESIAN_POINT('',(37.840807922834,52.5,10.4));
#8698 = SURFACE_CURVE('',#8699,(#8703,#8710),.PCURVE_S1.);
#8699 = LINE('',#8700,#8701);
#8700 = CARTESIAN_POINT('',(37.1355,-58.5705,10.4));
#8701 = VECTOR('',#8702,1.);
#8702 = DIRECTION('',(6.349964238581E-03,0.999979838774,0.));
#8703 = PCURVE('',#3407,#8704);
#8704 = DEFINITIONAL_REPRESENTATION('',(#8705),#8709);
#8705 = LINE('',#8706,#8707);
#8706 = CARTESIAN_POINT('',(0.,-7.2));
#8707 = VECTOR('',#8708,1.);
#8708 = DIRECTION('',(1.,0.));
#8709 = ( GEOMETRIC_REPRESENTATION_CONTEXT(2) 
PARAMETRIC_REPRESENTATION_CONTEXT() REPRESENTATION_CONTEXT('2D SPACE',''
  ) );
#8710 = PCURVE('',#8711,#8716);
#8711 = PLANE('',#8712);
#8712 = AXIS2_PLACEMENT_3D('',#8713,#8714,#8715);
#8713 = CARTESIAN_POINT('',(38.688153961417,-3.03525,10.4));
#8714 = DIRECTION('',(-0.,-0.,-1.));
#8715 = DIRECTION('',(-1.,0.,0.));
#8716 = DEFINITIONAL_REPRESENTATION('',(#8717),#8721);
#8717 = LINE('',#8718,#8719);
#8718 = CARTESIAN_POINT('',(1.552653961417,-55.53525));
#8719 = VECTOR('',#8720,1.);
#8720 = DIRECTION('',(-6.349964238581E-03,0.999979838774));
#8721 = ( GEOMETRIC_REPRESENTATION_CONTEXT(2) 
PARAMETRIC_REPRESENTATION_CONTEXT() REPRESENTATION_CONTEXT('2D SPACE',''
  ) );
#8722 = ORIENTED_EDGE('',*,*,#8723,.F.);
#8723 = EDGE_CURVE('',#8621,#8696,#8724,.T.);
#8724 = SURFACE_CURVE('',#8725,(#8729,#8736),.PCURVE_S1.);
#8725 = LINE('',#8726,#8727);
#8726 = CARTESIAN_POINT('',(37.840807922834,52.5,3.2));
#8727 = VECTOR('',#8728,1.);
#8728 = DIRECTION('',(0.,0.,1.));
#8729 = PCURVE('',#3407,#8730);
#8730 = DEFINITIONAL_REPRESENTATION('',(#8731),#8735);
#8731 = LINE('',#8732,#8733);
#8732 = CARTESIAN_POINT('',(111.07273936261,0.));
#8733 = VECTOR('',#8734,1.);
#8734 = DIRECTION('',(0.,-1.));
#8735 = ( GEOMETRIC_REPRESENTATION_CONTEXT(2) 
PARAMETRIC_REPRESENTATION_CONTEXT() REPRESENTATION_CONTEXT('2D SPACE',''
  ) );
#8736 = PCURVE('',#8737,#8742);
#8737 = PLANE('',#8738);
#8738 = AXIS2_PLACEMENT_3D('',#8739,#8740,#8741);
#8739 = CARTESIAN_POINT('',(37.840807922834,52.5,3.2));
#8740 = DIRECTION('',(0.,1.,0.));
#8741 = DIRECTION('',(1.,0.,0.));
#8742 = DEFINITIONAL_REPRESENTATION('',(#8743),#8747);
#8743 = LINE('',#8744,#8745);
#8744 = CARTESIAN_POINT('',(0.,0.));
#8745 = VECTOR('',#8746,1.);
#8746 = DIRECTION('',(0.,-1.));
#8747 = ( GEOMETRIC_REPRESENTATION_CONTEXT(2) 
PARAMETRIC_REPRESENTATION_CONTEXT() REPRESENTATION_CONTEXT('2D SPACE',''
  ) );
#8748 = ORIENTED_EDGE('',*,*,#8648,.F.);
#8749 = ORIENTED_EDGE('',*,*,#3391,.F.);
#8750 = ADVANCED_FACE('',(#8751),#3379,.F.);
#8751 = FACE_BOUND('',#8752,.F.);
#8752 = EDGE_LOOP('',(#8753,#8754,#8755,#8778));
#8753 = ORIENTED_EDGE('',*,*,#3363,.T.);
#8754 = ORIENTED_EDGE('',*,*,#8672,.T.);
#8755 = ORIENTED_EDGE('',*,*,#8756,.F.);
#8756 = EDGE_CURVE('',#8757,#8673,#8759,.T.);
#8757 = VERTEX_POINT('',#8758);
#8758 = CARTESIAN_POINT('',(39.5355,-58.5705,10.4));
#8759 = SURFACE_CURVE('',#8760,(#8764,#8771),.PCURVE_S1.);
#8760 = LINE('',#8761,#8762);
#8761 = CARTESIAN_POINT('',(39.5355,-58.5705,10.4));
#8762 = VECTOR('',#8763,1.);
#8763 = DIRECTION('',(-1.,0.,0.));
#8764 = PCURVE('',#3379,#8765);
#8765 = DEFINITIONAL_REPRESENTATION('',(#8766),#8770);
#8766 = LINE('',#8767,#8768);
#8767 = CARTESIAN_POINT('',(26.,-7.2));
#8768 = VECTOR('',#8769,1.);
#8769 = DIRECTION('',(-1.,0.));
#8770 = ( GEOMETRIC_REPRESENTATION_CONTEXT(2) 
PARAMETRIC_REPRESENTATION_CONTEXT() REPRESENTATION_CONTEXT('2D SPACE',''
  ) );
#8771 = PCURVE('',#8711,#8772);
#8772 = DEFINITIONAL_REPRESENTATION('',(#8773),#8777);
#8773 = LINE('',#8774,#8775);
#8774 = CARTESIAN_POINT('',(-0.847346038583,-55.53525));
#8775 = VECTOR('',#8776,1.);
#8776 = DIRECTION('',(1.,0.));
#8777 = ( GEOMETRIC_REPRESENTATION_CONTEXT(2) 
PARAMETRIC_REPRESENTATION_CONTEXT() REPRESENTATION_CONTEXT('2D SPACE',''
  ) );
#8778 = ORIENTED_EDGE('',*,*,#8779,.F.);
#8779 = EDGE_CURVE('',#3336,#8757,#8780,.T.);
#8780 = SURFACE_CURVE('',#8781,(#8785,#8792),.PCURVE_S1.);
#8781 = LINE('',#8782,#8783);
#8782 = CARTESIAN_POINT('',(39.5355,-58.5705,3.2));
#8783 = VECTOR('',#8784,1.);
#8784 = DIRECTION('',(0.,0.,1.));
#8785 = PCURVE('',#3379,#8786);
#8786 = DEFINITIONAL_REPRESENTATION('',(#8787),#8791);
#8787 = LINE('',#8788,#8789);
#8788 = CARTESIAN_POINT('',(26.,0.));
#8789 = VECTOR('',#8790,1.);
#8790 = DIRECTION('',(0.,-1.));
#8791 = ( GEOMETRIC_REPRESENTATION_CONTEXT(2) 
PARAMETRIC_REPRESENTATION_CONTEXT() REPRESENTATION_CONTEXT('2D SPACE',''
  ) );
#8792 = PCURVE('',#3351,#8793);
#8793 = DEFINITIONAL_REPRESENTATION('',(#8794),#8798);
#8794 = LINE('',#8795,#8796);
#8795 = CARTESIAN_POINT('',(111.07273936261,0.));
#8796 = VECTOR('',#8797,1.);
#8797 = DIRECTION('',(0.,-1.));
#8798 = ( GEOMETRIC_REPRESENTATION_CONTEXT(2) 
PARAMETRIC_REPRESENTATION_CONTEXT() REPRESENTATION_CONTEXT('2D SPACE',''
  ) );
#8799 = ADVANCED_FACE('',(#8800),#3351,.T.);
#8800 = FACE_BOUND('',#8801,.T.);
#8801 = EDGE_LOOP('',(#8802,#8823,#8844,#8845));
#8802 = ORIENTED_EDGE('',*,*,#8803,.F.);
#8803 = EDGE_CURVE('',#8804,#3308,#8806,.T.);
#8804 = VERTEX_POINT('',#8805);
#8805 = CARTESIAN_POINT('',(39.560858896698,-54.5770309853,10.4));
#8806 = SURFACE_CURVE('',#8807,(#8811,#8817),.PCURVE_S1.);
#8807 = LINE('',#8808,#8809);
#8808 = CARTESIAN_POINT('',(39.560858896698,-54.5770309853,3.2));
#8809 = VECTOR('',#8810,1.);
#8810 = DIRECTION('',(-0.,-0.,-1.));
#8811 = PCURVE('',#3351,#8812);
#8812 = DEFINITIONAL_REPRESENTATION('',(#8813),#8816);
#8813 = B_SPLINE_CURVE_WITH_KNOTS('',1,(#8814,#8815),.UNSPECIFIED.,.F.,
  .F.,(2,2),(-7.92,2.004000000002E-04),.PIECEWISE_BEZIER_KNOTS.);
#8814 = CARTESIAN_POINT('',(107.07918983306,-7.92));
#8815 = CARTESIAN_POINT('',(107.07918983306,2.004000000002E-04));
#8816 = ( GEOMETRIC_REPRESENTATION_CONTEXT(2) 
PARAMETRIC_REPRESENTATION_CONTEXT() REPRESENTATION_CONTEXT('2D SPACE',''
  ) );
#8817 = PCURVE('',#3295,#8818);
#8818 = DEFINITIONAL_REPRESENTATION('',(#8819),#8822);
#8819 = B_SPLINE_CURVE_WITH_KNOTS('',1,(#8820,#8821),.UNSPECIFIED.,.F.,
  .F.,(2,2),(-7.92,2.004000000002E-04),.PIECEWISE_BEZIER_KNOTS.);
#8820 = CARTESIAN_POINT('',(-4.45380328733,-7.92));
#8821 = CARTESIAN_POINT('',(-4.45380328733,2.004000000002E-04));
#8822 = ( GEOMETRIC_REPRESENTATION_CONTEXT(2) 
PARAMETRIC_REPRESENTATION_CONTEXT() REPRESENTATION_CONTEXT('2D SPACE',''
  ) );
#8823 = ORIENTED_EDGE('',*,*,#8824,.T.);
#8824 = EDGE_CURVE('',#8804,#8757,#8825,.T.);
#8825 = SURFACE_CURVE('',#8826,(#8830,#8837),.PCURVE_S1.);
#8826 = LINE('',#8827,#8828);
#8827 = CARTESIAN_POINT('',(40.240807922834,52.5,10.4));
#8828 = VECTOR('',#8829,1.);
#8829 = DIRECTION('',(-6.349964238581E-03,-0.999979838774,0.));
#8830 = PCURVE('',#3351,#8831);
#8831 = DEFINITIONAL_REPRESENTATION('',(#8832),#8836);
#8832 = LINE('',#8833,#8834);
#8833 = CARTESIAN_POINT('',(0.,-7.2));
#8834 = VECTOR('',#8835,1.);
#8835 = DIRECTION('',(1.,0.));
#8836 = ( GEOMETRIC_REPRESENTATION_CONTEXT(2) 
PARAMETRIC_REPRESENTATION_CONTEXT() REPRESENTATION_CONTEXT('2D SPACE',''
  ) );
#8837 = PCURVE('',#8711,#8838);
#8838 = DEFINITIONAL_REPRESENTATION('',(#8839),#8843);
#8839 = LINE('',#8840,#8841);
#8840 = CARTESIAN_POINT('',(-1.552653961417,55.53525));
#8841 = VECTOR('',#8842,1.);
#8842 = DIRECTION('',(6.349964238581E-03,-0.999979838774));
#8843 = ( GEOMETRIC_REPRESENTATION_CONTEXT(2) 
PARAMETRIC_REPRESENTATION_CONTEXT() REPRESENTATION_CONTEXT('2D SPACE',''
  ) );
#8844 = ORIENTED_EDGE('',*,*,#8779,.F.);
#8845 = ORIENTED_EDGE('',*,*,#3335,.F.);
#8846 = ADVANCED_FACE('',(#8847),#3295,.T.);
#8847 = FACE_BOUND('',#8848,.F.);
#8848 = EDGE_LOOP('',(#8849,#8872,#8873,#8874,#8898,#8917,#8918,#8919));
#8849 = ORIENTED_EDGE('',*,*,#8850,.F.);
#8850 = EDGE_CURVE('',#3275,#8851,#8853,.T.);
#8851 = VERTEX_POINT('',#8852);
#8852 = CARTESIAN_POINT('',(42.449,-52.3535,25.));
#8853 = SEAM_CURVE('',#8854,(#8858,#8865),.PCURVE_S1.);
#8854 = LINE('',#8855,#8856);
#8855 = CARTESIAN_POINT('',(42.449,-52.3535,3.2));
#8856 = VECTOR('',#8857,1.);
#8857 = DIRECTION('',(0.,0.,1.));
#8858 = PCURVE('',#3295,#8859);
#8859 = DEFINITIONAL_REPRESENTATION('',(#8860),#8864);
#8860 = LINE('',#8861,#8862);
#8861 = CARTESIAN_POINT('',(-6.28318530718,0.));
#8862 = VECTOR('',#8863,1.);
#8863 = DIRECTION('',(-0.,-1.));
#8864 = ( GEOMETRIC_REPRESENTATION_CONTEXT(2) 
PARAMETRIC_REPRESENTATION_CONTEXT() REPRESENTATION_CONTEXT('2D SPACE',''
  ) );
#8865 = PCURVE('',#3295,#8866);
#8866 = DEFINITIONAL_REPRESENTATION('',(#8867),#8871);
#8867 = LINE('',#8868,#8869);
#8868 = CARTESIAN_POINT('',(-0.,0.));
#8869 = VECTOR('',#8870,1.);
#8870 = DIRECTION('',(-0.,-1.));
#8871 = ( GEOMETRIC_REPRESENTATION_CONTEXT(2) 
PARAMETRIC_REPRESENTATION_CONTEXT() REPRESENTATION_CONTEXT('2D SPACE',''
  ) );
#8872 = ORIENTED_EDGE('',*,*,#3307,.T.);
#8873 = ORIENTED_EDGE('',*,*,#8803,.F.);
#8874 = ORIENTED_EDGE('',*,*,#8875,.T.);
#8875 = EDGE_CURVE('',#8804,#8876,#8878,.T.);
#8876 = VERTEX_POINT('',#8877);
#8877 = CARTESIAN_POINT('',(39.589144441956,-50.12267912997,10.4));
#8878 = SURFACE_CURVE('',#8879,(#8884,#8891),.PCURVE_S1.);
#8879 = CIRCLE('',#8880,2.3);
#8880 = AXIS2_PLACEMENT_3D('',#8881,#8882,#8883);
#8881 = CARTESIAN_POINT('',(40.149,-52.3535,10.4));
#8882 = DIRECTION('',(0.,0.,-1.));
#8883 = DIRECTION('',(1.,0.,0.));
#8884 = PCURVE('',#3295,#8885);
#8885 = DEFINITIONAL_REPRESENTATION('',(#8886),#8890);
#8886 = LINE('',#8887,#8888);
#8887 = CARTESIAN_POINT('',(-6.28318530718,-7.2));
#8888 = VECTOR('',#8889,1.);
#8889 = DIRECTION('',(1.,-0.));
#8890 = ( GEOMETRIC_REPRESENTATION_CONTEXT(2) 
PARAMETRIC_REPRESENTATION_CONTEXT() REPRESENTATION_CONTEXT('2D SPACE',''
  ) );
#8891 = PCURVE('',#8711,#8892);
#8892 = DEFINITIONAL_REPRESENTATION('',(#8893),#8897);
#8893 = CIRCLE('',#8894,2.3);
#8894 = AXIS2_PLACEMENT_2D('',#8895,#8896);
#8895 = CARTESIAN_POINT('',(-1.460846038583,-49.31825));
#8896 = DIRECTION('',(-1.,0.));
#8897 = ( GEOMETRIC_REPRESENTATION_CONTEXT(2) 
PARAMETRIC_REPRESENTATION_CONTEXT() REPRESENTATION_CONTEXT('2D SPACE',''
  ) );
#8898 = ORIENTED_EDGE('',*,*,#8899,.T.);
#8899 = EDGE_CURVE('',#8876,#3247,#8900,.T.);
#8900 = SURFACE_CURVE('',#8901,(#8905,#8911),.PCURVE_S1.);
#8901 = LINE('',#8902,#8903);
#8902 = CARTESIAN_POINT('',(39.589144441956,-50.12267912997,3.2));
#8903 = VECTOR('',#8904,1.);
#8904 = DIRECTION('',(-0.,-0.,-1.));
#8905 = PCURVE('',#3295,#8906);
#8906 = DEFINITIONAL_REPRESENTATION('',(#8907),#8910);
#8907 = B_SPLINE_CURVE_WITH_KNOTS('',1,(#8908,#8909),.UNSPECIFIED.,.F.,
  .F.,(2,2),(-7.92,2.004000000002E-04),.PIECEWISE_BEZIER_KNOTS.);
#8908 = CARTESIAN_POINT('',(-1.816682006023,-7.92));
#8909 = CARTESIAN_POINT('',(-1.816682006023,2.004000000002E-04));
#8910 = ( GEOMETRIC_REPRESENTATION_CONTEXT(2) 
PARAMETRIC_REPRESENTATION_CONTEXT() REPRESENTATION_CONTEXT('2D SPACE',''
  ) );
#8911 = PCURVE('',#3262,#8912);
#8912 = DEFINITIONAL_REPRESENTATION('',(#8913),#8916);
#8913 = B_SPLINE_CURVE_WITH_KNOTS('',1,(#8914,#8915),.UNSPECIFIED.,.F.,
  .F.,(2,2),(-7.92,2.004000000002E-04),.PIECEWISE_BEZIER_KNOTS.);
#8914 = CARTESIAN_POINT('',(102.62474817073,-7.92));
#8915 = CARTESIAN_POINT('',(102.62474817073,2.004000000002E-04));
#8916 = ( GEOMETRIC_REPRESENTATION_CONTEXT(2) 
PARAMETRIC_REPRESENTATION_CONTEXT() REPRESENTATION_CONTEXT('2D SPACE',''
  ) );
#8917 = ORIENTED_EDGE('',*,*,#3274,.T.);
#8918 = ORIENTED_EDGE('',*,*,#8850,.T.);
#8919 = ORIENTED_EDGE('',*,*,#8920,.T.);
#8920 = EDGE_CURVE('',#8851,#8851,#8921,.T.);
#8921 = SURFACE_CURVE('',#8922,(#8927,#8934),.PCURVE_S1.);
#8922 = CIRCLE('',#8923,2.3);
#8923 = AXIS2_PLACEMENT_3D('',#8924,#8925,#8926);
#8924 = CARTESIAN_POINT('',(40.149,-52.3535,25.));
#8925 = DIRECTION('',(0.,0.,1.));
#8926 = DIRECTION('',(1.,0.,0.));
#8927 = PCURVE('',#3295,#8928);
#8928 = DEFINITIONAL_REPRESENTATION('',(#8929),#8933);
#8929 = LINE('',#8930,#8931);
#8930 = CARTESIAN_POINT('',(-0.,-21.8));
#8931 = VECTOR('',#8932,1.);
#8932 = DIRECTION('',(-1.,0.));
#8933 = ( GEOMETRIC_REPRESENTATION_CONTEXT(2) 
PARAMETRIC_REPRESENTATION_CONTEXT() REPRESENTATION_CONTEXT('2D SPACE',''
  ) );
#8934 = PCURVE('',#8935,#8940);
#8935 = PLANE('',#8936);
#8936 = AXIS2_PLACEMENT_3D('',#8937,#8938,#8939);
#8937 = CARTESIAN_POINT('',(40.149,-52.3535,25.));
#8938 = DIRECTION('',(0.,0.,1.));
#8939 = DIRECTION('',(1.,0.,-0.));
#8940 = DEFINITIONAL_REPRESENTATION('',(#8941),#8945);
#8941 = CIRCLE('',#8942,2.3);
#8942 = AXIS2_PLACEMENT_2D('',#8943,#8944);
#8943 = CARTESIAN_POINT('',(0.,-7.105427357601E-15));
#8944 = DIRECTION('',(1.,0.));
#8945 = ( GEOMETRIC_REPRESENTATION_CONTEXT(2) 
PARAMETRIC_REPRESENTATION_CONTEXT() REPRESENTATION_CONTEXT('2D SPACE',''
  ) );
#8946 = ADVANCED_FACE('',(#8947),#3262,.T.);
#8947 = FACE_BOUND('',#8948,.T.);
#8948 = EDGE_LOOP('',(#8949,#8950,#8971,#8992));
#8949 = ORIENTED_EDGE('',*,*,#3246,.F.);
#8950 = ORIENTED_EDGE('',*,*,#8951,.F.);
#8951 = EDGE_CURVE('',#8952,#3219,#8954,.T.);
#8952 = VERTEX_POINT('',#8953);
#8953 = CARTESIAN_POINT('',(40.23087116324,50.935178705984,10.4));
#8954 = SURFACE_CURVE('',#8955,(#8959,#8965),.PCURVE_S1.);
#8955 = LINE('',#8956,#8957);
#8956 = CARTESIAN_POINT('',(40.23087116324,50.935178705983,3.2));
#8957 = VECTOR('',#8958,1.);
#8958 = DIRECTION('',(-0.,-0.,-1.));
#8959 = PCURVE('',#3262,#8960);
#8960 = DEFINITIONAL_REPRESENTATION('',(#8961),#8964);
#8961 = B_SPLINE_CURVE_WITH_KNOTS('',1,(#8962,#8963),.UNSPECIFIED.,.F.,
  .F.,(2,2),(-7.92,2.004000000002E-04),.PIECEWISE_BEZIER_KNOTS.);
#8962 = CARTESIAN_POINT('',(1.564852843369,-7.92));
#8963 = CARTESIAN_POINT('',(1.564852843369,2.004000000002E-04));
#8964 = ( GEOMETRIC_REPRESENTATION_CONTEXT(2) 
PARAMETRIC_REPRESENTATION_CONTEXT() REPRESENTATION_CONTEXT('2D SPACE',''
  ) );
#8965 = PCURVE('',#3206,#8966);
#8966 = DEFINITIONAL_REPRESENTATION('',(#8967),#8970);
#8967 = B_SPLINE_CURVE_WITH_KNOTS('',1,(#8968,#8969),.UNSPECIFIED.,.F.,
  .F.,(2,2),(-7.92,2.004000000002E-04),.PIECEWISE_BEZIER_KNOTS.);
#8968 = CARTESIAN_POINT('',(-4.736683180191,-7.92));
#8969 = CARTESIAN_POINT('',(-4.736683180191,2.004000000002E-04));
#8970 = ( GEOMETRIC_REPRESENTATION_CONTEXT(2) 
PARAMETRIC_REPRESENTATION_CONTEXT() REPRESENTATION_CONTEXT('2D SPACE',''
  ) );
#8971 = ORIENTED_EDGE('',*,*,#8972,.T.);
#8972 = EDGE_CURVE('',#8952,#8876,#8973,.T.);
#8973 = SURFACE_CURVE('',#8974,(#8978,#8985),.PCURVE_S1.);
#8974 = LINE('',#8975,#8976);
#8975 = CARTESIAN_POINT('',(40.240807922834,52.5,10.4));
#8976 = VECTOR('',#8977,1.);
#8977 = DIRECTION('',(-6.349964238581E-03,-0.999979838774,0.));
#8978 = PCURVE('',#3262,#8979);
#8979 = DEFINITIONAL_REPRESENTATION('',(#8980),#8984);
#8980 = LINE('',#8981,#8982);
#8981 = CARTESIAN_POINT('',(0.,-7.2));
#8982 = VECTOR('',#8983,1.);
#8983 = DIRECTION('',(1.,0.));
#8984 = ( GEOMETRIC_REPRESENTATION_CONTEXT(2) 
PARAMETRIC_REPRESENTATION_CONTEXT() REPRESENTATION_CONTEXT('2D SPACE',''
  ) );
#8985 = PCURVE('',#8711,#8986);
#8986 = DEFINITIONAL_REPRESENTATION('',(#8987),#8991);
#8987 = LINE('',#8988,#8989);
#8988 = CARTESIAN_POINT('',(-1.552653961417,55.53525));
#8989 = VECTOR('',#8990,1.);
#8990 = DIRECTION('',(6.349964238581E-03,-0.999979838774));
#8991 = ( GEOMETRIC_REPRESENTATION_CONTEXT(2) 
PARAMETRIC_REPRESENTATION_CONTEXT() REPRESENTATION_CONTEXT('2D SPACE',''
  ) );
#8992 = ORIENTED_EDGE('',*,*,#8899,.T.);
#8993 = ADVANCED_FACE('',(#8994),#3206,.T.);
#8994 = FACE_BOUND('',#8995,.F.);
#8995 = EDGE_LOOP('',(#8996,#9019,#9020,#9021,#9045,#9066,#9094,#9113,
    #9114,#9115));
#8996 = ORIENTED_EDGE('',*,*,#8997,.F.);
#8997 = EDGE_CURVE('',#3186,#8998,#9000,.T.);
#8998 = VERTEX_POINT('',#8999);
#8999 = CARTESIAN_POINT('',(42.475,53.2345,25.));
#9000 = SEAM_CURVE('',#9001,(#9005,#9012),.PCURVE_S1.);
#9001 = LINE('',#9002,#9003);
#9002 = CARTESIAN_POINT('',(42.475,53.2345,3.2));
#9003 = VECTOR('',#9004,1.);
#9004 = DIRECTION('',(0.,0.,1.));
#9005 = PCURVE('',#3206,#9006);
#9006 = DEFINITIONAL_REPRESENTATION('',(#9007),#9011);
#9007 = LINE('',#9008,#9009);
#9008 = CARTESIAN_POINT('',(-6.28318530718,0.));
#9009 = VECTOR('',#9010,1.);
#9010 = DIRECTION('',(-0.,-1.));
#9011 = ( GEOMETRIC_REPRESENTATION_CONTEXT(2) 
PARAMETRIC_REPRESENTATION_CONTEXT() REPRESENTATION_CONTEXT('2D SPACE',''
  ) );
#9012 = PCURVE('',#3206,#9013);
#9013 = DEFINITIONAL_REPRESENTATION('',(#9014),#9018);
#9014 = LINE('',#9015,#9016);
#9015 = CARTESIAN_POINT('',(-0.,0.));
#9016 = VECTOR('',#9017,1.);
#9017 = DIRECTION('',(-0.,-1.));
#9018 = ( GEOMETRIC_REPRESENTATION_CONTEXT(2) 
PARAMETRIC_REPRESENTATION_CONTEXT() REPRESENTATION_CONTEXT('2D SPACE',''
  ) );
#9019 = ORIENTED_EDGE('',*,*,#3218,.T.);
#9020 = ORIENTED_EDGE('',*,*,#8951,.F.);
#9021 = ORIENTED_EDGE('',*,*,#9022,.T.);
#9022 = EDGE_CURVE('',#8952,#9023,#9025,.T.);
#9023 = VERTEX_POINT('',#9024);
#9024 = CARTESIAN_POINT('',(37.995433586697,52.5,10.4));
#9025 = SURFACE_CURVE('',#9026,(#9031,#9038),.PCURVE_S1.);
#9026 = CIRCLE('',#9027,2.3);
#9027 = AXIS2_PLACEMENT_3D('',#9028,#9029,#9030);
#9028 = CARTESIAN_POINT('',(40.175,53.2345,10.4));
#9029 = DIRECTION('',(0.,0.,-1.));
#9030 = DIRECTION('',(1.,0.,0.));
#9031 = PCURVE('',#3206,#9032);
#9032 = DEFINITIONAL_REPRESENTATION('',(#9033),#9037);
#9033 = LINE('',#9034,#9035);
#9034 = CARTESIAN_POINT('',(-6.28318530718,-7.2));
#9035 = VECTOR('',#9036,1.);
#9036 = DIRECTION('',(1.,-0.));
#9037 = ( GEOMETRIC_REPRESENTATION_CONTEXT(2) 
PARAMETRIC_REPRESENTATION_CONTEXT() REPRESENTATION_CONTEXT('2D SPACE',''
  ) );
#9038 = PCURVE('',#8711,#9039);
#9039 = DEFINITIONAL_REPRESENTATION('',(#9040),#9044);
#9040 = CIRCLE('',#9041,2.3);
#9041 = AXIS2_PLACEMENT_2D('',#9042,#9043);
#9042 = CARTESIAN_POINT('',(-1.486846038583,56.26975));
#9043 = DIRECTION('',(-1.,0.));
#9044 = ( GEOMETRIC_REPRESENTATION_CONTEXT(2) 
PARAMETRIC_REPRESENTATION_CONTEXT() REPRESENTATION_CONTEXT('2D SPACE',''
  ) );
#9045 = ORIENTED_EDGE('',*,*,#9046,.T.);
#9046 = EDGE_CURVE('',#9023,#9047,#9049,.T.);
#9047 = VERTEX_POINT('',#9048);
#9048 = CARTESIAN_POINT('',(37.995433586697,52.5,7.2));
#9049 = SURFACE_CURVE('',#9050,(#9054,#9060),.PCURVE_S1.);
#9050 = LINE('',#9051,#9052);
#9051 = CARTESIAN_POINT('',(37.995433586697,52.5,3.2));
#9052 = VECTOR('',#9053,1.);
#9053 = DIRECTION('',(-0.,-0.,-1.));
#9054 = PCURVE('',#3206,#9055);
#9055 = DEFINITIONAL_REPRESENTATION('',(#9056),#9059);
#9056 = B_SPLINE_CURVE_WITH_KNOTS('',1,(#9057,#9058),.UNSPECIFIED.,.F.,
  .F.,(2,2),(-7.52,-3.68),.PIECEWISE_BEZIER_KNOTS.);
#9057 = CARTESIAN_POINT('',(-3.466633850731,-7.52));
#9058 = CARTESIAN_POINT('',(-3.466633850731,-3.68));
#9059 = ( GEOMETRIC_REPRESENTATION_CONTEXT(2) 
PARAMETRIC_REPRESENTATION_CONTEXT() REPRESENTATION_CONTEXT('2D SPACE',''
  ) );
#9060 = PCURVE('',#8737,#9061);
#9061 = DEFINITIONAL_REPRESENTATION('',(#9062),#9065);
#9062 = B_SPLINE_CURVE_WITH_KNOTS('',1,(#9063,#9064),.UNSPECIFIED.,.F.,
  .F.,(2,2),(-7.52,-3.68),.PIECEWISE_BEZIER_KNOTS.);
#9063 = CARTESIAN_POINT('',(0.154625663863,-7.52));
#9064 = CARTESIAN_POINT('',(0.154625663863,-3.68));
#9065 = ( GEOMETRIC_REPRESENTATION_CONTEXT(2) 
PARAMETRIC_REPRESENTATION_CONTEXT() REPRESENTATION_CONTEXT('2D SPACE',''
  ) );
#9066 = ORIENTED_EDGE('',*,*,#9067,.T.);
#9067 = EDGE_CURVE('',#9047,#9068,#9070,.T.);
#9068 = VERTEX_POINT('',#9069);
#9069 = CARTESIAN_POINT('',(38.588775000197,54.9,7.2));
#9070 = SURFACE_CURVE('',#9071,(#9076,#9083),.PCURVE_S1.);
#9071 = CIRCLE('',#9072,2.3);
#9072 = AXIS2_PLACEMENT_3D('',#9073,#9074,#9075);
#9073 = CARTESIAN_POINT('',(40.175,53.2345,7.2));
#9074 = DIRECTION('',(0.,0.,-1.));
#9075 = DIRECTION('',(1.,0.,0.));
#9076 = PCURVE('',#3206,#9077);
#9077 = DEFINITIONAL_REPRESENTATION('',(#9078),#9082);
#9078 = LINE('',#9079,#9080);
#9079 = CARTESIAN_POINT('',(-6.28318530718,-4.));
#9080 = VECTOR('',#9081,1.);
#9081 = DIRECTION('',(1.,-0.));
#9082 = ( GEOMETRIC_REPRESENTATION_CONTEXT(2) 
PARAMETRIC_REPRESENTATION_CONTEXT() REPRESENTATION_CONTEXT('2D SPACE',''
  ) );
#9083 = PCURVE('',#8636,#9084);
#9084 = DEFINITIONAL_REPRESENTATION('',(#9085),#9093);
#9085 = ( BOUNDED_CURVE() B_SPLINE_CURVE(2,(#9086,#9087,#9088,#9089,
#9090,#9091,#9092),.UNSPECIFIED.,.T.,.F.) B_SPLINE_CURVE_WITH_KNOTS((1,2
    ,2,2,2,1),(-2.094395102393,0.,2.094395102393,4.188790204786,
6.28318530718,8.377580409573),.UNSPECIFIED.) CURVE() 
GEOMETRIC_REPRESENTATION_ITEM() RATIONAL_B_SPLINE_CURVE((1.,0.5,1.,0.5,
1.,0.5,1.)) REPRESENTATION_ITEM('') );
#9086 = CARTESIAN_POINT('',(15.9395,-0.4655));
#9087 = CARTESIAN_POINT('',(15.9395,-4.449216857408));
#9088 = CARTESIAN_POINT('',(12.4895,-2.457358428704));
#9089 = CARTESIAN_POINT('',(9.0395,-0.4655));
#9090 = CARTESIAN_POINT('',(12.4895,1.526358428704));
#9091 = CARTESIAN_POINT('',(15.9395,3.518216857408));
#9092 = CARTESIAN_POINT('',(15.9395,-0.4655));
#9093 = ( GEOMETRIC_REPRESENTATION_CONTEXT(2) 
PARAMETRIC_REPRESENTATION_CONTEXT() REPRESENTATION_CONTEXT('2D SPACE',''
  ) );
#9094 = ORIENTED_EDGE('',*,*,#9095,.T.);
#9095 = EDGE_CURVE('',#9068,#3158,#9096,.T.);
#9096 = SURFACE_CURVE('',#9097,(#9101,#9107),.PCURVE_S1.);
#9097 = LINE('',#9098,#9099);
#9098 = CARTESIAN_POINT('',(38.588775000197,54.9,3.2));
#9099 = VECTOR('',#9100,1.);
#9100 = DIRECTION('',(-0.,-0.,-1.));
#9101 = PCURVE('',#3206,#9102);
#9102 = DEFINITIONAL_REPRESENTATION('',(#9103),#9106);
#9103 = B_SPLINE_CURVE_WITH_KNOTS('',1,(#9104,#9105),.UNSPECIFIED.,.F.,
  .F.,(2,2),(-4.4,2.004000000002E-04),.PIECEWISE_BEZIER_KNOTS.);
#9104 = CARTESIAN_POINT('',(-2.331819950523,-4.4));
#9105 = CARTESIAN_POINT('',(-2.331819950523,2.004000000002E-04));
#9106 = ( GEOMETRIC_REPRESENTATION_CONTEXT(2) 
PARAMETRIC_REPRESENTATION_CONTEXT() REPRESENTATION_CONTEXT('2D SPACE',''
  ) );
#9107 = PCURVE('',#3173,#9108);
#9108 = DEFINITIONAL_REPRESENTATION('',(#9109),#9112);
#9109 = B_SPLINE_CURVE_WITH_KNOTS('',1,(#9110,#9111),.UNSPECIFIED.,.F.,
  .F.,(2,2),(-4.4,2.004000000002E-04),.PIECEWISE_BEZIER_KNOTS.);
#9110 = CARTESIAN_POINT('',(2.946724999803,-4.4));
#9111 = CARTESIAN_POINT('',(2.946724999803,2.004000000002E-04));
#9112 = ( GEOMETRIC_REPRESENTATION_CONTEXT(2) 
PARAMETRIC_REPRESENTATION_CONTEXT() REPRESENTATION_CONTEXT('2D SPACE',''
  ) );
#9113 = ORIENTED_EDGE('',*,*,#3185,.T.);
#9114 = ORIENTED_EDGE('',*,*,#8997,.T.);
#9115 = ORIENTED_EDGE('',*,*,#9116,.T.);
#9116 = EDGE_CURVE('',#8998,#8998,#9117,.T.);
#9117 = SURFACE_CURVE('',#9118,(#9123,#9130),.PCURVE_S1.);
#9118 = CIRCLE('',#9119,2.3);
#9119 = AXIS2_PLACEMENT_3D('',#9120,#9121,#9122);
#9120 = CARTESIAN_POINT('',(40.175,53.2345,25.));
#9121 = DIRECTION('',(0.,0.,1.));
#9122 = DIRECTION('',(1.,0.,0.));
#9123 = PCURVE('',#3206,#9124);
#9124 = DEFINITIONAL_REPRESENTATION('',(#9125),#9129);
#9125 = LINE('',#9126,#9127);
#9126 = CARTESIAN_POINT('',(-0.,-21.8));
#9127 = VECTOR('',#9128,1.);
#9128 = DIRECTION('',(-1.,0.));
#9129 = ( GEOMETRIC_REPRESENTATION_CONTEXT(2) 
PARAMETRIC_REPRESENTATION_CONTEXT() REPRESENTATION_CONTEXT('2D SPACE',''
  ) );
#9130 = PCURVE('',#9131,#9136);
#9131 = PLANE('',#9132);
#9132 = AXIS2_PLACEMENT_3D('',#9133,#9134,#9135);
#9133 = CARTESIAN_POINT('',(40.175,53.2345,25.));
#9134 = DIRECTION('',(0.,0.,1.));
#9135 = DIRECTION('',(1.,0.,-0.));
#9136 = DEFINITIONAL_REPRESENTATION('',(#9137),#9141);
#9137 = CIRCLE('',#9138,2.3);
#9138 = AXIS2_PLACEMENT_2D('',#9139,#9140);
#9139 = CARTESIAN_POINT('',(7.105427357601E-15,7.105427357601E-15));
#9140 = DIRECTION('',(1.,0.));
#9141 = ( GEOMETRIC_REPRESENTATION_CONTEXT(2) 
PARAMETRIC_REPRESENTATION_CONTEXT() REPRESENTATION_CONTEXT('2D SPACE',''
  ) );
#9142 = ADVANCED_FACE('',(#9143),#3173,.F.);
#9143 = FACE_BOUND('',#9144,.F.);
#9144 = EDGE_LOOP('',(#9145,#9146,#9147,#9170));
#9145 = ORIENTED_EDGE('',*,*,#3157,.F.);
#9146 = ORIENTED_EDGE('',*,*,#9095,.F.);
#9147 = ORIENTED_EDGE('',*,*,#9148,.T.);
#9148 = EDGE_CURVE('',#9068,#9149,#9151,.T.);
#9149 = VERTEX_POINT('',#9150);
#9150 = CARTESIAN_POINT('',(13.968891162036,54.9,7.2));
#9151 = SURFACE_CURVE('',#9152,(#9156,#9163),.PCURVE_S1.);
#9152 = LINE('',#9153,#9154);
#9153 = CARTESIAN_POINT('',(41.5355,54.9,7.2));
#9154 = VECTOR('',#9155,1.);
#9155 = DIRECTION('',(-1.,0.,0.));
#9156 = PCURVE('',#3173,#9157);
#9157 = DEFINITIONAL_REPRESENTATION('',(#9158),#9162);
#9158 = LINE('',#9159,#9160);
#9159 = CARTESIAN_POINT('',(0.,-4.));
#9160 = VECTOR('',#9161,1.);
#9161 = DIRECTION('',(1.,0.));
#9162 = ( GEOMETRIC_REPRESENTATION_CONTEXT(2) 
PARAMETRIC_REPRESENTATION_CONTEXT() REPRESENTATION_CONTEXT('2D SPACE',''
  ) );
#9163 = PCURVE('',#8636,#9164);
#9164 = DEFINITIONAL_REPRESENTATION('',(#9165),#9169);
#9165 = LINE('',#9166,#9167);
#9166 = CARTESIAN_POINT('',(15.,1.2));
#9167 = VECTOR('',#9168,1.);
#9168 = DIRECTION('',(-1.,0.));
#9169 = ( GEOMETRIC_REPRESENTATION_CONTEXT(2) 
PARAMETRIC_REPRESENTATION_CONTEXT() REPRESENTATION_CONTEXT('2D SPACE',''
  ) );
#9170 = ORIENTED_EDGE('',*,*,#9171,.T.);
#9171 = EDGE_CURVE('',#9149,#3125,#9172,.T.);
#9172 = SURFACE_CURVE('',#9173,(#9177,#9183),.PCURVE_S1.);
#9173 = LINE('',#9174,#9175);
#9174 = CARTESIAN_POINT('',(13.968891162036,54.9,3.2));
#9175 = VECTOR('',#9176,1.);
#9176 = DIRECTION('',(-0.,-0.,-1.));
#9177 = PCURVE('',#3173,#9178);
#9178 = DEFINITIONAL_REPRESENTATION('',(#9179),#9182);
#9179 = B_SPLINE_CURVE_WITH_KNOTS('',1,(#9180,#9181),.UNSPECIFIED.,.F.,
  .F.,(2,2),(-4.4,2.004000000002E-04),.PIECEWISE_BEZIER_KNOTS.);
#9180 = CARTESIAN_POINT('',(27.566608837964,-4.4));
#9181 = CARTESIAN_POINT('',(27.566608837964,2.004000000002E-04));
#9182 = ( GEOMETRIC_REPRESENTATION_CONTEXT(2) 
PARAMETRIC_REPRESENTATION_CONTEXT() REPRESENTATION_CONTEXT('2D SPACE',''
  ) );
#9183 = PCURVE('',#3145,#9184);
#9184 = DEFINITIONAL_REPRESENTATION('',(#9185),#9188);
#9185 = B_SPLINE_CURVE_WITH_KNOTS('',1,(#9186,#9187),.UNSPECIFIED.,.F.,
  .F.,(2,2),(-4.4,2.004000000002E-04),.PIECEWISE_BEZIER_KNOTS.);
#9186 = CARTESIAN_POINT('',(-0.842492337068,-4.4));
#9187 = CARTESIAN_POINT('',(-0.842492337068,2.004000000002E-04));
#9188 = ( GEOMETRIC_REPRESENTATION_CONTEXT(2) 
PARAMETRIC_REPRESENTATION_CONTEXT() REPRESENTATION_CONTEXT('2D SPACE',''
  ) );
#9189 = ADVANCED_FACE('',(#9190),#3145,.T.);
#9190 = FACE_BOUND('',#9191,.F.);
#9191 = EDGE_LOOP('',(#9192,#9193,#9194,#9222,#9245,#9272,#9273,#9301,
    #9322,#9348));
#9192 = ORIENTED_EDGE('',*,*,#3124,.T.);
#9193 = ORIENTED_EDGE('',*,*,#9171,.F.);
#9194 = ORIENTED_EDGE('',*,*,#9195,.T.);
#9195 = EDGE_CURVE('',#9149,#9196,#9198,.T.);
#9196 = VERTEX_POINT('',#9197);
#9197 = CARTESIAN_POINT('',(14.738,53.1835,7.2));
#9198 = SURFACE_CURVE('',#9199,(#9204,#9211),.PCURVE_S1.);
#9199 = CIRCLE('',#9200,2.3);
#9200 = AXIS2_PLACEMENT_3D('',#9201,#9202,#9203);
#9201 = CARTESIAN_POINT('',(12.438,53.1835,7.2));
#9202 = DIRECTION('',(0.,0.,-1.));
#9203 = DIRECTION('',(1.,0.,0.));
#9204 = PCURVE('',#3145,#9205);
#9205 = DEFINITIONAL_REPRESENTATION('',(#9206),#9210);
#9206 = LINE('',#9207,#9208);
#9207 = CARTESIAN_POINT('',(-6.28318530718,-4.));
#9208 = VECTOR('',#9209,1.);
#9209 = DIRECTION('',(1.,-0.));
#9210 = ( GEOMETRIC_REPRESENTATION_CONTEXT(2) 
PARAMETRIC_REPRESENTATION_CONTEXT() REPRESENTATION_CONTEXT('2D SPACE',''
  ) );
#9211 = PCURVE('',#8636,#9212);
#9212 = DEFINITIONAL_REPRESENTATION('',(#9213),#9221);
#9213 = ( BOUNDED_CURVE() B_SPLINE_CURVE(2,(#9214,#9215,#9216,#9217,
#9218,#9219,#9220),.UNSPECIFIED.,.T.,.F.) B_SPLINE_CURVE_WITH_KNOTS((1,2
    ,2,2,2,1),(-2.094395102393,0.,2.094395102393,4.188790204786,
6.28318530718,8.377580409573),.UNSPECIFIED.) CURVE() 
GEOMETRIC_REPRESENTATION_ITEM() RATIONAL_B_SPLINE_CURVE((1.,0.5,1.,0.5,
1.,0.5,1.)) REPRESENTATION_ITEM('') );
#9214 = CARTESIAN_POINT('',(-11.7975,-0.5165));
#9215 = CARTESIAN_POINT('',(-11.7975,-4.500216857408));
#9216 = CARTESIAN_POINT('',(-15.2475,-2.508358428704));
#9217 = CARTESIAN_POINT('',(-18.6975,-0.5165));
#9218 = CARTESIAN_POINT('',(-15.2475,1.475358428704));
#9219 = CARTESIAN_POINT('',(-11.7975,3.467216857408));
#9220 = CARTESIAN_POINT('',(-11.7975,-0.5165));
#9221 = ( GEOMETRIC_REPRESENTATION_CONTEXT(2) 
PARAMETRIC_REPRESENTATION_CONTEXT() REPRESENTATION_CONTEXT('2D SPACE',''
  ) );
#9222 = ORIENTED_EDGE('',*,*,#9223,.T.);
#9223 = EDGE_CURVE('',#9196,#9224,#9226,.T.);
#9224 = VERTEX_POINT('',#9225);
#9225 = CARTESIAN_POINT('',(14.738,53.1835,25.));
#9226 = SEAM_CURVE('',#9227,(#9231,#9238),.PCURVE_S1.);
#9227 = LINE('',#9228,#9229);
#9228 = CARTESIAN_POINT('',(14.738,53.1835,3.2));
#9229 = VECTOR('',#9230,1.);
#9230 = DIRECTION('',(0.,0.,1.));
#9231 = PCURVE('',#3145,#9232);
#9232 = DEFINITIONAL_REPRESENTATION('',(#9233),#9237);
#9233 = LINE('',#9234,#9235);
#9234 = CARTESIAN_POINT('',(-0.,0.));
#9235 = VECTOR('',#9236,1.);
#9236 = DIRECTION('',(-0.,-1.));
#9237 = ( GEOMETRIC_REPRESENTATION_CONTEXT(2) 
PARAMETRIC_REPRESENTATION_CONTEXT() REPRESENTATION_CONTEXT('2D SPACE',''
  ) );
#9238 = PCURVE('',#3145,#9239);
#9239 = DEFINITIONAL_REPRESENTATION('',(#9240),#9244);
#9240 = LINE('',#9241,#9242);
#9241 = CARTESIAN_POINT('',(-6.28318530718,0.));
#9242 = VECTOR('',#9243,1.);
#9243 = DIRECTION('',(-0.,-1.));
#9244 = ( GEOMETRIC_REPRESENTATION_CONTEXT(2) 
PARAMETRIC_REPRESENTATION_CONTEXT() REPRESENTATION_CONTEXT('2D SPACE',''
  ) );
#9245 = ORIENTED_EDGE('',*,*,#9246,.T.);
#9246 = EDGE_CURVE('',#9224,#9224,#9247,.T.);
#9247 = SURFACE_CURVE('',#9248,(#9253,#9260),.PCURVE_S1.);
#9248 = CIRCLE('',#9249,2.3);
#9249 = AXIS2_PLACEMENT_3D('',#9250,#9251,#9252);
#9250 = CARTESIAN_POINT('',(12.438,53.1835,25.));
#9251 = DIRECTION('',(0.,0.,1.));
#9252 = DIRECTION('',(1.,0.,0.));
#9253 = PCURVE('',#3145,#9254);
#9254 = DEFINITIONAL_REPRESENTATION('',(#9255),#9259);
#9255 = LINE('',#9256,#9257);
#9256 = CARTESIAN_POINT('',(-0.,-21.8));
#9257 = VECTOR('',#9258,1.);
#9258 = DIRECTION('',(-1.,0.));
#9259 = ( GEOMETRIC_REPRESENTATION_CONTEXT(2) 
PARAMETRIC_REPRESENTATION_CONTEXT() REPRESENTATION_CONTEXT('2D SPACE',''
  ) );
#9260 = PCURVE('',#9261,#9266);
#9261 = PLANE('',#9262);
#9262 = AXIS2_PLACEMENT_3D('',#9263,#9264,#9265);
#9263 = CARTESIAN_POINT('',(12.438,53.1835,25.));
#9264 = DIRECTION('',(0.,0.,1.));
#9265 = DIRECTION('',(1.,0.,-0.));
#9266 = DEFINITIONAL_REPRESENTATION('',(#9267),#9271);
#9267 = CIRCLE('',#9268,2.3);
#9268 = AXIS2_PLACEMENT_2D('',#9269,#9270);
#9269 = CARTESIAN_POINT('',(0.,0.));
#9270 = DIRECTION('',(1.,0.));
#9271 = ( GEOMETRIC_REPRESENTATION_CONTEXT(2) 
PARAMETRIC_REPRESENTATION_CONTEXT() REPRESENTATION_CONTEXT('2D SPACE',''
  ) );
#9272 = ORIENTED_EDGE('',*,*,#9223,.F.);
#9273 = ORIENTED_EDGE('',*,*,#9274,.T.);
#9274 = EDGE_CURVE('',#9196,#9275,#9277,.T.);
#9275 = VERTEX_POINT('',#9276);
#9276 = CARTESIAN_POINT('',(14.634093747999,52.5,7.2));
#9277 = SURFACE_CURVE('',#9278,(#9283,#9290),.PCURVE_S1.);
#9278 = CIRCLE('',#9279,2.3);
#9279 = AXIS2_PLACEMENT_3D('',#9280,#9281,#9282);
#9280 = CARTESIAN_POINT('',(12.438,53.1835,7.2));
#9281 = DIRECTION('',(0.,0.,-1.));
#9282 = DIRECTION('',(1.,0.,0.));
#9283 = PCURVE('',#3145,#9284);
#9284 = DEFINITIONAL_REPRESENTATION('',(#9285),#9289);
#9285 = LINE('',#9286,#9287);
#9286 = CARTESIAN_POINT('',(-6.28318530718,-4.));
#9287 = VECTOR('',#9288,1.);
#9288 = DIRECTION('',(1.,-0.));
#9289 = ( GEOMETRIC_REPRESENTATION_CONTEXT(2) 
PARAMETRIC_REPRESENTATION_CONTEXT() REPRESENTATION_CONTEXT('2D SPACE',''
  ) );
#9290 = PCURVE('',#8636,#9291);
#9291 = DEFINITIONAL_REPRESENTATION('',(#9292),#9300);
#9292 = ( BOUNDED_CURVE() B_SPLINE_CURVE(2,(#9293,#9294,#9295,#9296,
#9297,#9298,#9299),.UNSPECIFIED.,.T.,.F.) B_SPLINE_CURVE_WITH_KNOTS((1,2
    ,2,2,2,1),(-2.094395102393,0.,2.094395102393,4.188790204786,
6.28318530718,8.377580409573),.UNSPECIFIED.) CURVE() 
GEOMETRIC_REPRESENTATION_ITEM() RATIONAL_B_SPLINE_CURVE((1.,0.5,1.,0.5,
1.,0.5,1.)) REPRESENTATION_ITEM('') );
#9293 = CARTESIAN_POINT('',(-11.7975,-0.5165));
#9294 = CARTESIAN_POINT('',(-11.7975,-4.500216857408));
#9295 = CARTESIAN_POINT('',(-15.2475,-2.508358428704));
#9296 = CARTESIAN_POINT('',(-18.6975,-0.5165));
#9297 = CARTESIAN_POINT('',(-15.2475,1.475358428704));
#9298 = CARTESIAN_POINT('',(-11.7975,3.467216857408));
#9299 = CARTESIAN_POINT('',(-11.7975,-0.5165));
#9300 = ( GEOMETRIC_REPRESENTATION_CONTEXT(2) 
PARAMETRIC_REPRESENTATION_CONTEXT() REPRESENTATION_CONTEXT('2D SPACE',''
  ) );
#9301 = ORIENTED_EDGE('',*,*,#9302,.F.);
#9302 = EDGE_CURVE('',#9303,#9275,#9305,.T.);
#9303 = VERTEX_POINT('',#9304);
#9304 = CARTESIAN_POINT('',(14.634093747999,52.5,10.4));
#9305 = SURFACE_CURVE('',#9306,(#9310,#9316),.PCURVE_S1.);
#9306 = LINE('',#9307,#9308);
#9307 = CARTESIAN_POINT('',(14.634093747999,52.5,3.2));
#9308 = VECTOR('',#9309,1.);
#9309 = DIRECTION('',(-0.,-0.,-1.));
#9310 = PCURVE('',#3145,#9311);
#9311 = DEFINITIONAL_REPRESENTATION('',(#9312),#9315);
#9312 = B_SPLINE_CURVE_WITH_KNOTS('',1,(#9313,#9314),.UNSPECIFIED.,.F.,
  .F.,(2,2),(-7.52,-3.68),.PIECEWISE_BEZIER_KNOTS.);
#9313 = CARTESIAN_POINT('',(-5.98145382281,-7.52));
#9314 = CARTESIAN_POINT('',(-5.98145382281,-3.68));
#9315 = ( GEOMETRIC_REPRESENTATION_CONTEXT(2) 
PARAMETRIC_REPRESENTATION_CONTEXT() REPRESENTATION_CONTEXT('2D SPACE',''
  ) );
#9316 = PCURVE('',#8536,#9317);
#9317 = DEFINITIONAL_REPRESENTATION('',(#9318),#9321);
#9318 = B_SPLINE_CURVE_WITH_KNOTS('',1,(#9319,#9320),.UNSPECIFIED.,.F.,
  .F.,(2,2),(-7.52,-3.68),.PIECEWISE_BEZIER_KNOTS.);
#9319 = CARTESIAN_POINT('',(0.596098329167,-7.52));
#9320 = CARTESIAN_POINT('',(0.596098329167,-3.68));
#9321 = ( GEOMETRIC_REPRESENTATION_CONTEXT(2) 
PARAMETRIC_REPRESENTATION_CONTEXT() REPRESENTATION_CONTEXT('2D SPACE',''
  ) );
#9322 = ORIENTED_EDGE('',*,*,#9323,.T.);
#9323 = EDGE_CURVE('',#9303,#8028,#9324,.T.);
#9324 = SURFACE_CURVE('',#9325,(#9330,#9337),.PCURVE_S1.);
#9325 = CIRCLE('',#9326,2.3);
#9326 = AXIS2_PLACEMENT_3D('',#9327,#9328,#9329);
#9327 = CARTESIAN_POINT('',(12.438,53.1835,10.4));
#9328 = DIRECTION('',(0.,0.,-1.));
#9329 = DIRECTION('',(1.,0.,0.));
#9330 = PCURVE('',#3145,#9331);
#9331 = DEFINITIONAL_REPRESENTATION('',(#9332),#9336);
#9332 = LINE('',#9333,#9334);
#9333 = CARTESIAN_POINT('',(-6.28318530718,-7.2));
#9334 = VECTOR('',#9335,1.);
#9335 = DIRECTION('',(1.,-0.));
#9336 = ( GEOMETRIC_REPRESENTATION_CONTEXT(2) 
PARAMETRIC_REPRESENTATION_CONTEXT() REPRESENTATION_CONTEXT('2D SPACE',''
  ) );
#9337 = PCURVE('',#8064,#9338);
#9338 = DEFINITIONAL_REPRESENTATION('',(#9339),#9347);
#9339 = ( BOUNDED_CURVE() B_SPLINE_CURVE(2,(#9340,#9341,#9342,#9343,
#9344,#9345,#9346),.UNSPECIFIED.,.T.,.F.) B_SPLINE_CURVE_WITH_KNOTS((1,2
    ,2,2,2,1),(-2.094395102393,0.,2.094395102393,4.188790204786,
6.28318530718,8.377580409573),.UNSPECIFIED.) CURVE() 
GEOMETRIC_REPRESENTATION_ITEM() RATIONAL_B_SPLINE_CURVE((1.,0.5,1.,0.5,
1.,0.5,1.)) REPRESENTATION_ITEM('') );
#9340 = CARTESIAN_POINT('',(0.355153961417,56.21875));
#9341 = CARTESIAN_POINT('',(0.355153961417,52.235033142592));
#9342 = CARTESIAN_POINT('',(-3.094846038583,54.226891571296));
#9343 = CARTESIAN_POINT('',(-6.544846038583,56.21875));
#9344 = CARTESIAN_POINT('',(-3.094846038583,58.210608428704));
#9345 = CARTESIAN_POINT('',(0.355153961417,60.202466857408));
#9346 = CARTESIAN_POINT('',(0.355153961417,56.21875));
#9347 = ( GEOMETRIC_REPRESENTATION_CONTEXT(2) 
PARAMETRIC_REPRESENTATION_CONTEXT() REPRESENTATION_CONTEXT('2D SPACE',''
  ) );
#9348 = ORIENTED_EDGE('',*,*,#8027,.T.);
#9349 = ADVANCED_FACE('',(#9350),#5194,.T.);
#9350 = FACE_BOUND('',#9351,.T.);
#9351 = EDGE_LOOP('',(#9352,#9353,#9354,#9355));
#9352 = ORIENTED_EDGE('',*,*,#8097,.T.);
#9353 = ORIENTED_EDGE('',*,*,#5303,.T.);
#9354 = ORIENTED_EDGE('',*,*,#5254,.T.);
#9355 = ORIENTED_EDGE('',*,*,#5178,.T.);
#9356 = ADVANCED_FACE('',(#9357),#5360,.T.);
#9357 = FACE_BOUND('',#9358,.T.);
#9358 = EDGE_LOOP('',(#9359,#9360,#9361,#9362));
#9359 = ORIENTED_EDGE('',*,*,#5494,.F.);
#9360 = ORIENTED_EDGE('',*,*,#5397,.T.);
#9361 = ORIENTED_EDGE('',*,*,#5347,.F.);
#9362 = ORIENTED_EDGE('',*,*,#8117,.F.);
#9363 = ADVANCED_FACE('',(#9364),#5461,.T.);
#9364 = FACE_BOUND('',#9365,.T.);
#9365 = EDGE_LOOP('',(#9366,#9367,#9368,#9369,#9370,#9371));
#9366 = ORIENTED_EDGE('',*,*,#8139,.T.);
#9367 = ORIENTED_EDGE('',*,*,#5655,.T.);
#9368 = ORIENTED_EDGE('',*,*,#5541,.T.);
#9369 = ORIENTED_EDGE('',*,*,#8475,.T.);
#9370 = ORIENTED_EDGE('',*,*,#5606,.T.);
#9371 = ORIENTED_EDGE('',*,*,#5445,.T.);
#9372 = ADVANCED_FACE('',(#9373),#5712,.T.);
#9373 = FACE_BOUND('',#9374,.T.);
#9374 = EDGE_LOOP('',(#9375,#9376,#9377,#9378));
#9375 = ORIENTED_EDGE('',*,*,#5846,.F.);
#9376 = ORIENTED_EDGE('',*,*,#5749,.T.);
#9377 = ORIENTED_EDGE('',*,*,#5699,.F.);
#9378 = ORIENTED_EDGE('',*,*,#8159,.F.);
#9379 = ADVANCED_FACE('',(#9380),#5813,.T.);
#9380 = FACE_BOUND('',#9381,.T.);
#9381 = EDGE_LOOP('',(#9382,#9383,#9384,#9385,#9386,#9387));
#9382 = ORIENTED_EDGE('',*,*,#8181,.T.);
#9383 = ORIENTED_EDGE('',*,*,#6007,.T.);
#9384 = ORIENTED_EDGE('',*,*,#5893,.T.);
#9385 = ORIENTED_EDGE('',*,*,#8593,.T.);
#9386 = ORIENTED_EDGE('',*,*,#5958,.T.);
#9387 = ORIENTED_EDGE('',*,*,#5797,.T.);
#9388 = ADVANCED_FACE('',(#9389),#6064,.T.);
#9389 = FACE_BOUND('',#9390,.T.);
#9390 = EDGE_LOOP('',(#9391,#9392,#9393,#9394));
#9391 = ORIENTED_EDGE('',*,*,#6198,.F.);
#9392 = ORIENTED_EDGE('',*,*,#6101,.T.);
#9393 = ORIENTED_EDGE('',*,*,#6051,.F.);
#9394 = ORIENTED_EDGE('',*,*,#8201,.F.);
#9395 = ADVANCED_FACE('',(#9396),#6165,.T.);
#9396 = FACE_BOUND('',#9397,.T.);
#9397 = EDGE_LOOP('',(#9398,#9399,#9400,#9401,#9402,#9403));
#9398 = ORIENTED_EDGE('',*,*,#8223,.T.);
#9399 = ORIENTED_EDGE('',*,*,#6357,.T.);
#9400 = ORIENTED_EDGE('',*,*,#6245,.T.);
#9401 = ORIENTED_EDGE('',*,*,#8571,.T.);
#9402 = ORIENTED_EDGE('',*,*,#6310,.T.);
#9403 = ORIENTED_EDGE('',*,*,#6149,.T.);
#9404 = ADVANCED_FACE('',(#9405),#8064,.T.);
#9405 = FACE_BOUND('',#9406,.T.);
#9406 = EDGE_LOOP('',(#9407,#9408,#9409,#9430,#9431,#9432,#9433,#9434));
#9407 = ORIENTED_EDGE('',*,*,#8428,.T.);
#9408 = ORIENTED_EDGE('',*,*,#8497,.T.);
#9409 = ORIENTED_EDGE('',*,*,#9410,.T.);
#9410 = EDGE_CURVE('',#8498,#9303,#9411,.T.);
#9411 = SURFACE_CURVE('',#9412,(#9416,#9423),.PCURVE_S1.);
#9412 = LINE('',#9413,#9414);
#9413 = CARTESIAN_POINT('',(15.230192077166,52.5,10.4));
#9414 = VECTOR('',#9415,1.);
#9415 = DIRECTION('',(-1.,0.,0.));
#9416 = PCURVE('',#8064,#9417);
#9417 = DEFINITIONAL_REPRESENTATION('',(#9418),#9422);
#9418 = LINE('',#9419,#9420);
#9419 = CARTESIAN_POINT('',(0.847346038583,55.53525));
#9420 = VECTOR('',#9421,1.);
#9421 = DIRECTION('',(-1.,0.));
#9422 = ( GEOMETRIC_REPRESENTATION_CONTEXT(2) 
PARAMETRIC_REPRESENTATION_CONTEXT() REPRESENTATION_CONTEXT('2D SPACE',''
  ) );
#9423 = PCURVE('',#8536,#9424);
#9424 = DEFINITIONAL_REPRESENTATION('',(#9425),#9429);
#9425 = LINE('',#9426,#9427);
#9426 = CARTESIAN_POINT('',(0.,-7.2));
#9427 = VECTOR('',#9428,1.);
#9428 = DIRECTION('',(1.,0.));
#9429 = ( GEOMETRIC_REPRESENTATION_CONTEXT(2) 
PARAMETRIC_REPRESENTATION_CONTEXT() REPRESENTATION_CONTEXT('2D SPACE',''
  ) );
#9430 = ORIENTED_EDGE('',*,*,#9323,.T.);
#9431 = ORIENTED_EDGE('',*,*,#8048,.T.);
#9432 = ORIENTED_EDGE('',*,*,#8269,.T.);
#9433 = ORIENTED_EDGE('',*,*,#8348,.T.);
#9434 = ORIENTED_EDGE('',*,*,#8379,.T.);
#9435 = ADVANCED_FACE('',(#9436,#9439),#8335,.T.);
#9436 = FACE_BOUND('',#9437,.T.);
#9437 = EDGE_LOOP('',(#9438));
#9438 = ORIENTED_EDGE('',*,*,#8320,.T.);
#9439 = FACE_BOUND('',#9440,.T.);
#9440 = EDGE_LOOP('',(#9441));
#9441 = ORIENTED_EDGE('',*,*,#9442,.T.);
#9442 = EDGE_CURVE('',#9443,#9443,#9445,.T.);
#9443 = VERTEX_POINT('',#9444);
#9444 = CARTESIAN_POINT('',(12.988,-52.3535,25.));
#9445 = SURFACE_CURVE('',#9446,(#9451,#9462),.PCURVE_S1.);
#9446 = CIRCLE('',#9447,0.55);
#9447 = AXIS2_PLACEMENT_3D('',#9448,#9449,#9450);
#9448 = CARTESIAN_POINT('',(12.438,-52.3535,25.));
#9449 = DIRECTION('',(0.,0.,-1.));
#9450 = DIRECTION('',(1.,0.,0.));
#9451 = PCURVE('',#8335,#9452);
#9452 = DEFINITIONAL_REPRESENTATION('',(#9453),#9461);
#9453 = ( BOUNDED_CURVE() B_SPLINE_CURVE(2,(#9454,#9455,#9456,#9457,
#9458,#9459,#9460),.UNSPECIFIED.,.T.,.F.) B_SPLINE_CURVE_WITH_KNOTS((1,2
    ,2,2,2,1),(-2.094395102393,0.,2.094395102393,4.188790204786,
6.28318530718,8.377580409573),.UNSPECIFIED.) CURVE() 
GEOMETRIC_REPRESENTATION_ITEM() RATIONAL_B_SPLINE_CURVE((1.,0.5,1.,0.5,
1.,0.5,1.)) REPRESENTATION_ITEM('') );
#9454 = CARTESIAN_POINT('',(0.55,-7.105427357601E-15));
#9455 = CARTESIAN_POINT('',(0.55,-0.952627944163));
#9456 = CARTESIAN_POINT('',(-0.275,-0.476313972081));
#9457 = CARTESIAN_POINT('',(-1.1,-7.240138505507E-15));
#9458 = CARTESIAN_POINT('',(-0.275,0.476313972081));
#9459 = CARTESIAN_POINT('',(0.55,0.952627944163));
#9460 = CARTESIAN_POINT('',(0.55,-7.105427357601E-15));
#9461 = ( GEOMETRIC_REPRESENTATION_CONTEXT(2) 
PARAMETRIC_REPRESENTATION_CONTEXT() REPRESENTATION_CONTEXT('2D SPACE',''
  ) );
#9462 = PCURVE('',#9463,#9468);
#9463 = CYLINDRICAL_SURFACE('',#9464,0.55);
#9464 = AXIS2_PLACEMENT_3D('',#9465,#9466,#9467);
#9465 = CARTESIAN_POINT('',(12.438,-52.3535,24.6));
#9466 = DIRECTION('',(-0.,-0.,-1.));
#9467 = DIRECTION('',(1.,0.,0.));
#9468 = DEFINITIONAL_REPRESENTATION('',(#9469),#9473);
#9469 = LINE('',#9470,#9471);
#9470 = CARTESIAN_POINT('',(-6.28318530718,-0.4));
#9471 = VECTOR('',#9472,1.);
#9472 = DIRECTION('',(1.,-0.));
#9473 = ( GEOMETRIC_REPRESENTATION_CONTEXT(2) 
PARAMETRIC_REPRESENTATION_CONTEXT() REPRESENTATION_CONTEXT('2D SPACE',''
  ) );
#9474 = ADVANCED_FACE('',(#9475),#8536,.F.);
#9475 = FACE_BOUND('',#9476,.F.);
#9476 = EDGE_LOOP('',(#9477,#9478,#9499,#9500));
#9477 = ORIENTED_EDGE('',*,*,#9302,.T.);
#9478 = ORIENTED_EDGE('',*,*,#9479,.T.);
#9479 = EDGE_CURVE('',#9275,#8521,#9480,.T.);
#9480 = SURFACE_CURVE('',#9481,(#9485,#9492),.PCURVE_S1.);
#9481 = LINE('',#9482,#9483);
#9482 = CARTESIAN_POINT('',(11.5355,52.5,7.2));
#9483 = VECTOR('',#9484,1.);
#9484 = DIRECTION('',(1.,0.,0.));
#9485 = PCURVE('',#8536,#9486);
#9486 = DEFINITIONAL_REPRESENTATION('',(#9487),#9491);
#9487 = LINE('',#9488,#9489);
#9488 = CARTESIAN_POINT('',(3.694692077166,-4.));
#9489 = VECTOR('',#9490,1.);
#9490 = DIRECTION('',(-1.,-0.));
#9491 = ( GEOMETRIC_REPRESENTATION_CONTEXT(2) 
PARAMETRIC_REPRESENTATION_CONTEXT() REPRESENTATION_CONTEXT('2D SPACE',''
  ) );
#9492 = PCURVE('',#8636,#9493);
#9493 = DEFINITIONAL_REPRESENTATION('',(#9494),#9498);
#9494 = LINE('',#9495,#9496);
#9495 = CARTESIAN_POINT('',(-15.,-1.2));
#9496 = VECTOR('',#9497,1.);
#9497 = DIRECTION('',(1.,0.));
#9498 = ( GEOMETRIC_REPRESENTATION_CONTEXT(2) 
PARAMETRIC_REPRESENTATION_CONTEXT() REPRESENTATION_CONTEXT('2D SPACE',''
  ) );
#9499 = ORIENTED_EDGE('',*,*,#8520,.T.);
#9500 = ORIENTED_EDGE('',*,*,#9410,.T.);
#9501 = ADVANCED_FACE('',(#9502),#8636,.T.);
#9502 = FACE_BOUND('',#9503,.T.);
#9503 = EDGE_LOOP('',(#9504,#9505,#9506,#9507,#9528,#9529,#9530));
#9504 = ORIENTED_EDGE('',*,*,#9274,.T.);
#9505 = ORIENTED_EDGE('',*,*,#9479,.T.);
#9506 = ORIENTED_EDGE('',*,*,#8620,.T.);
#9507 = ORIENTED_EDGE('',*,*,#9508,.T.);
#9508 = EDGE_CURVE('',#8621,#9047,#9509,.T.);
#9509 = SURFACE_CURVE('',#9510,(#9514,#9521),.PCURVE_S1.);
#9510 = LINE('',#9511,#9512);
#9511 = CARTESIAN_POINT('',(11.5355,52.5,7.2));
#9512 = VECTOR('',#9513,1.);
#9513 = DIRECTION('',(1.,0.,0.));
#9514 = PCURVE('',#8636,#9515);
#9515 = DEFINITIONAL_REPRESENTATION('',(#9516),#9520);
#9516 = LINE('',#9517,#9518);
#9517 = CARTESIAN_POINT('',(-15.,-1.2));
#9518 = VECTOR('',#9519,1.);
#9519 = DIRECTION('',(1.,0.));
#9520 = ( GEOMETRIC_REPRESENTATION_CONTEXT(2) 
PARAMETRIC_REPRESENTATION_CONTEXT() REPRESENTATION_CONTEXT('2D SPACE',''
  ) );
#9521 = PCURVE('',#8737,#9522);
#9522 = DEFINITIONAL_REPRESENTATION('',(#9523),#9527);
#9523 = LINE('',#9524,#9525);
#9524 = CARTESIAN_POINT('',(-26.30530792283,-4.));
#9525 = VECTOR('',#9526,1.);
#9526 = DIRECTION('',(1.,0.));
#9527 = ( GEOMETRIC_REPRESENTATION_CONTEXT(2) 
PARAMETRIC_REPRESENTATION_CONTEXT() REPRESENTATION_CONTEXT('2D SPACE',''
  ) );
#9528 = ORIENTED_EDGE('',*,*,#9067,.T.);
#9529 = ORIENTED_EDGE('',*,*,#9148,.T.);
#9530 = ORIENTED_EDGE('',*,*,#9195,.T.);
#9531 = ADVANCED_FACE('',(#9532),#8711,.F.);
#9532 = FACE_BOUND('',#9533,.F.);
#9533 = EDGE_LOOP('',(#9534,#9535,#9536,#9557,#9558,#9559,#9560));
#9534 = ORIENTED_EDGE('',*,*,#8756,.T.);
#9535 = ORIENTED_EDGE('',*,*,#8695,.T.);
#9536 = ORIENTED_EDGE('',*,*,#9537,.T.);
#9537 = EDGE_CURVE('',#8696,#9023,#9538,.T.);
#9538 = SURFACE_CURVE('',#9539,(#9543,#9550),.PCURVE_S1.);
#9539 = LINE('',#9540,#9541);
#9540 = CARTESIAN_POINT('',(37.840807922834,52.5,10.4));
#9541 = VECTOR('',#9542,1.);
#9542 = DIRECTION('',(1.,0.,0.));
#9543 = PCURVE('',#8711,#9544);
#9544 = DEFINITIONAL_REPRESENTATION('',(#9545),#9549);
#9545 = LINE('',#9546,#9547);
#9546 = CARTESIAN_POINT('',(0.847346038583,55.53525));
#9547 = VECTOR('',#9548,1.);
#9548 = DIRECTION('',(-1.,0.));
#9549 = ( GEOMETRIC_REPRESENTATION_CONTEXT(2) 
PARAMETRIC_REPRESENTATION_CONTEXT() REPRESENTATION_CONTEXT('2D SPACE',''
  ) );
#9550 = PCURVE('',#8737,#9551);
#9551 = DEFINITIONAL_REPRESENTATION('',(#9552),#9556);
#9552 = LINE('',#9553,#9554);
#9553 = CARTESIAN_POINT('',(0.,-7.2));
#9554 = VECTOR('',#9555,1.);
#9555 = DIRECTION('',(1.,0.));
#9556 = ( GEOMETRIC_REPRESENTATION_CONTEXT(2) 
PARAMETRIC_REPRESENTATION_CONTEXT() REPRESENTATION_CONTEXT('2D SPACE',''
  ) );
#9557 = ORIENTED_EDGE('',*,*,#9022,.F.);
#9558 = ORIENTED_EDGE('',*,*,#8972,.T.);
#9559 = ORIENTED_EDGE('',*,*,#8875,.F.);
#9560 = ORIENTED_EDGE('',*,*,#8824,.T.);
#9561 = ADVANCED_FACE('',(#9562),#8737,.T.);
#9562 = FACE_BOUND('',#9563,.T.);
#9563 = EDGE_LOOP('',(#9564,#9565,#9566,#9567));
#9564 = ORIENTED_EDGE('',*,*,#9508,.F.);
#9565 = ORIENTED_EDGE('',*,*,#8723,.T.);
#9566 = ORIENTED_EDGE('',*,*,#9537,.T.);
#9567 = ORIENTED_EDGE('',*,*,#9046,.T.);
#9568 = ADVANCED_FACE('',(#9569,#9572),#8935,.T.);
#9569 = FACE_BOUND('',#9570,.T.);
#9570 = EDGE_LOOP('',(#9571));
#9571 = ORIENTED_EDGE('',*,*,#8920,.T.);
#9572 = FACE_BOUND('',#9573,.T.);
#9573 = EDGE_LOOP('',(#9574));
#9574 = ORIENTED_EDGE('',*,*,#9575,.T.);
#9575 = EDGE_CURVE('',#9576,#9576,#9578,.T.);
#9576 = VERTEX_POINT('',#9577);
#9577 = CARTESIAN_POINT('',(40.699,-52.3535,25.));
#9578 = SURFACE_CURVE('',#9579,(#9584,#9595),.PCURVE_S1.);
#9579 = CIRCLE('',#9580,0.55);
#9580 = AXIS2_PLACEMENT_3D('',#9581,#9582,#9583);
#9581 = CARTESIAN_POINT('',(40.149,-52.3535,25.));
#9582 = DIRECTION('',(0.,0.,-1.));
#9583 = DIRECTION('',(1.,0.,0.));
#9584 = PCURVE('',#8935,#9585);
#9585 = DEFINITIONAL_REPRESENTATION('',(#9586),#9594);
#9586 = ( BOUNDED_CURVE() B_SPLINE_CURVE(2,(#9587,#9588,#9589,#9590,
#9591,#9592,#9593),.UNSPECIFIED.,.T.,.F.) B_SPLINE_CURVE_WITH_KNOTS((1,2
    ,2,2,2,1),(-2.094395102393,0.,2.094395102393,4.188790204786,
6.28318530718,8.377580409573),.UNSPECIFIED.) CURVE() 
GEOMETRIC_REPRESENTATION_ITEM() RATIONAL_B_SPLINE_CURVE((1.,0.5,1.,0.5,
1.,0.5,1.)) REPRESENTATION_ITEM('') );
#9587 = CARTESIAN_POINT('',(0.55,-7.105427357601E-15));
#9588 = CARTESIAN_POINT('',(0.55,-0.952627944163));
#9589 = CARTESIAN_POINT('',(-0.275,-0.476313972081));
#9590 = CARTESIAN_POINT('',(-1.1,-7.240138505507E-15));
#9591 = CARTESIAN_POINT('',(-0.275,0.476313972081));
#9592 = CARTESIAN_POINT('',(0.55,0.952627944163));
#9593 = CARTESIAN_POINT('',(0.55,-7.105427357601E-15));
#9594 = ( GEOMETRIC_REPRESENTATION_CONTEXT(2) 
PARAMETRIC_REPRESENTATION_CONTEXT() REPRESENTATION_CONTEXT('2D SPACE',''
  ) );
#9595 = PCURVE('',#9596,#9601);
#9596 = CYLINDRICAL_SURFACE('',#9597,0.55);
#9597 = AXIS2_PLACEMENT_3D('',#9598,#9599,#9600);
#9598 = CARTESIAN_POINT('',(40.149,-52.3535,24.6));
#9599 = DIRECTION('',(-0.,-0.,-1.));
#9600 = DIRECTION('',(1.,0.,0.));
#9601 = DEFINITIONAL_REPRESENTATION('',(#9602),#9606);
#9602 = LINE('',#9603,#9604);
#9603 = CARTESIAN_POINT('',(-6.28318530718,-0.4));
#9604 = VECTOR('',#9605,1.);
#9605 = DIRECTION('',(1.,-0.));
#9606 = ( GEOMETRIC_REPRESENTATION_CONTEXT(2) 
PARAMETRIC_REPRESENTATION_CONTEXT() REPRESENTATION_CONTEXT('2D SPACE',''
  ) );
#9607 = ADVANCED_FACE('',(#9608,#9611),#9131,.T.);
#9608 = FACE_BOUND('',#9609,.T.);
#9609 = EDGE_LOOP('',(#9610));
#9610 = ORIENTED_EDGE('',*,*,#9116,.T.);
#9611 = FACE_BOUND('',#9612,.T.);
#9612 = EDGE_LOOP('',(#9613));
#9613 = ORIENTED_EDGE('',*,*,#9614,.T.);
#9614 = EDGE_CURVE('',#9615,#9615,#9617,.T.);
#9615 = VERTEX_POINT('',#9616);
#9616 = CARTESIAN_POINT('',(40.725,53.2345,25.));
#9617 = SURFACE_CURVE('',#9618,(#9623,#9634),.PCURVE_S1.);
#9618 = CIRCLE('',#9619,0.55);
#9619 = AXIS2_PLACEMENT_3D('',#9620,#9621,#9622);
#9620 = CARTESIAN_POINT('',(40.175,53.2345,25.));
#9621 = DIRECTION('',(0.,0.,-1.));
#9622 = DIRECTION('',(1.,0.,0.));
#9623 = PCURVE('',#9131,#9624);
#9624 = DEFINITIONAL_REPRESENTATION('',(#9625),#9633);
#9625 = ( BOUNDED_CURVE() B_SPLINE_CURVE(2,(#9626,#9627,#9628,#9629,
#9630,#9631,#9632),.UNSPECIFIED.,.T.,.F.) B_SPLINE_CURVE_WITH_KNOTS((1,2
    ,2,2,2,1),(-2.094395102393,0.,2.094395102393,4.188790204786,
6.28318530718,8.377580409573),.UNSPECIFIED.) CURVE() 
GEOMETRIC_REPRESENTATION_ITEM() RATIONAL_B_SPLINE_CURVE((1.,0.5,1.,0.5,
1.,0.5,1.)) REPRESENTATION_ITEM('') );
#9626 = CARTESIAN_POINT('',(0.55,7.105427357601E-15));
#9627 = CARTESIAN_POINT('',(0.55,-0.952627944163));
#9628 = CARTESIAN_POINT('',(-0.275,-0.476313972081));
#9629 = CARTESIAN_POINT('',(-1.1,6.970716209695E-15));
#9630 = CARTESIAN_POINT('',(-0.275,0.476313972081));
#9631 = CARTESIAN_POINT('',(0.55,0.952627944163));
#9632 = CARTESIAN_POINT('',(0.55,7.105427357601E-15));
#9633 = ( GEOMETRIC_REPRESENTATION_CONTEXT(2) 
PARAMETRIC_REPRESENTATION_CONTEXT() REPRESENTATION_CONTEXT('2D SPACE',''
  ) );
#9634 = PCURVE('',#9635,#9640);
#9635 = CYLINDRICAL_SURFACE('',#9636,0.55);
#9636 = AXIS2_PLACEMENT_3D('',#9637,#9638,#9639);
#9637 = CARTESIAN_POINT('',(40.175,53.2345,24.6));
#9638 = DIRECTION('',(-0.,-0.,-1.));
#9639 = DIRECTION('',(1.,0.,0.));
#9640 = DEFINITIONAL_REPRESENTATION('',(#9641),#9645);
#9641 = LINE('',#9642,#9643);
#9642 = CARTESIAN_POINT('',(-6.28318530718,-0.4));
#9643 = VECTOR('',#9644,1.);
#9644 = DIRECTION('',(1.,-0.));
#9645 = ( GEOMETRIC_REPRESENTATION_CONTEXT(2) 
PARAMETRIC_REPRESENTATION_CONTEXT() REPRESENTATION_CONTEXT('2D SPACE',''
  ) );
#9646 = ADVANCED_FACE('',(#9647,#9650),#9261,.T.);
#9647 = FACE_BOUND('',#9648,.T.);
#9648 = EDGE_LOOP('',(#9649));
#9649 = ORIENTED_EDGE('',*,*,#9246,.T.);
#9650 = FACE_BOUND('',#9651,.T.);
#9651 = EDGE_LOOP('',(#9652));
#9652 = ORIENTED_EDGE('',*,*,#9653,.T.);
#9653 = EDGE_CURVE('',#9654,#9654,#9656,.T.);
#9654 = VERTEX_POINT('',#9655);
#9655 = CARTESIAN_POINT('',(12.988,53.1835,25.));
#9656 = SURFACE_CURVE('',#9657,(#9662,#9673),.PCURVE_S1.);
#9657 = CIRCLE('',#9658,0.55);
#9658 = AXIS2_PLACEMENT_3D('',#9659,#9660,#9661);
#9659 = CARTESIAN_POINT('',(12.438,53.1835,25.));
#9660 = DIRECTION('',(0.,0.,-1.));
#9661 = DIRECTION('',(1.,0.,0.));
#9662 = PCURVE('',#9261,#9663);
#9663 = DEFINITIONAL_REPRESENTATION('',(#9664),#9672);
#9664 = ( BOUNDED_CURVE() B_SPLINE_CURVE(2,(#9665,#9666,#9667,#9668,
#9669,#9670,#9671),.UNSPECIFIED.,.T.,.F.) B_SPLINE_CURVE_WITH_KNOTS((1,2
    ,2,2,2,1),(-2.094395102393,0.,2.094395102393,4.188790204786,
6.28318530718,8.377580409573),.UNSPECIFIED.) CURVE() 
GEOMETRIC_REPRESENTATION_ITEM() RATIONAL_B_SPLINE_CURVE((1.,0.5,1.,0.5,
1.,0.5,1.)) REPRESENTATION_ITEM('') );
#9665 = CARTESIAN_POINT('',(0.55,0.));
#9666 = CARTESIAN_POINT('',(0.55,-0.952627944163));
#9667 = CARTESIAN_POINT('',(-0.275,-0.476313972081));
#9668 = CARTESIAN_POINT('',(-1.1,-1.347111479062E-16));
#9669 = CARTESIAN_POINT('',(-0.275,0.476313972081));
#9670 = CARTESIAN_POINT('',(0.55,0.952627944163));
#9671 = CARTESIAN_POINT('',(0.55,0.));
#9672 = ( GEOMETRIC_REPRESENTATION_CONTEXT(2) 
PARAMETRIC_REPRESENTATION_CONTEXT() REPRESENTATION_CONTEXT('2D SPACE',''
  ) );
#9673 = PCURVE('',#9674,#9679);
#9674 = CYLINDRICAL_SURFACE('',#9675,0.55);
#9675 = AXIS2_PLACEMENT_3D('',#9676,#9677,#9678);
#9676 = CARTESIAN_POINT('',(12.438,53.1835,24.6));
#9677 = DIRECTION('',(-0.,-0.,-1.));
#9678 = DIRECTION('',(1.,0.,0.));
#9679 = DEFINITIONAL_REPRESENTATION('',(#9680),#9684);
#9680 = LINE('',#9681,#9682);
#9681 = CARTESIAN_POINT('',(-6.28318530718,-0.4));
#9682 = VECTOR('',#9683,1.);
#9683 = DIRECTION('',(1.,-0.));
#9684 = ( GEOMETRIC_REPRESENTATION_CONTEXT(2) 
PARAMETRIC_REPRESENTATION_CONTEXT() REPRESENTATION_CONTEXT('2D SPACE',''
  ) );
#9685 = ADVANCED_FACE('',(#9686),#9463,.T.);
#9686 = FACE_BOUND('',#9687,.F.);
#9687 = EDGE_LOOP('',(#9688,#9689,#9712,#9745,#9771,#9804,#9825,#9853,
    #9879,#9912,#9933,#9959));
#9688 = ORIENTED_EDGE('',*,*,#9442,.T.);
#9689 = ORIENTED_EDGE('',*,*,#9690,.T.);
#9690 = EDGE_CURVE('',#9443,#9691,#9693,.T.);
#9691 = VERTEX_POINT('',#9692);
#9692 = CARTESIAN_POINT('',(12.988,-52.3535,26.1));
#9693 = SEAM_CURVE('',#9694,(#9698,#9705),.PCURVE_S1.);
#9694 = LINE('',#9695,#9696);
#9695 = CARTESIAN_POINT('',(12.988,-52.3535,24.6));
#9696 = VECTOR('',#9697,1.);
#9697 = DIRECTION('',(0.,0.,1.));
#9698 = PCURVE('',#9463,#9699);
#9699 = DEFINITIONAL_REPRESENTATION('',(#9700),#9704);
#9700 = LINE('',#9701,#9702);
#9701 = CARTESIAN_POINT('',(-6.28318530718,0.));
#9702 = VECTOR('',#9703,1.);
#9703 = DIRECTION('',(-0.,-1.));
#9704 = ( GEOMETRIC_REPRESENTATION_CONTEXT(2) 
PARAMETRIC_REPRESENTATION_CONTEXT() REPRESENTATION_CONTEXT('2D SPACE',''
  ) );
#9705 = PCURVE('',#9463,#9706);
#9706 = DEFINITIONAL_REPRESENTATION('',(#9707),#9711);
#9707 = LINE('',#9708,#9709);
#9708 = CARTESIAN_POINT('',(-0.,0.));
#9709 = VECTOR('',#9710,1.);
#9710 = DIRECTION('',(-0.,-1.));
#9711 = ( GEOMETRIC_REPRESENTATION_CONTEXT(2) 
PARAMETRIC_REPRESENTATION_CONTEXT() REPRESENTATION_CONTEXT('2D SPACE',''
  ) );
#9712 = ORIENTED_EDGE('',*,*,#9713,.F.);
#9713 = EDGE_CURVE('',#9714,#9691,#9716,.T.);
#9714 = VERTEX_POINT('',#9715);
#9715 = CARTESIAN_POINT('',(12.862264068712,-52.0035,26.1));
#9716 = SURFACE_CURVE('',#9717,(#9722,#9729),.PCURVE_S1.);
#9717 = CIRCLE('',#9718,0.55);
#9718 = AXIS2_PLACEMENT_3D('',#9719,#9720,#9721);
#9719 = CARTESIAN_POINT('',(12.438,-52.3535,26.1));
#9720 = DIRECTION('',(0.,0.,-1.));
#9721 = DIRECTION('',(1.,0.,0.));
#9722 = PCURVE('',#9463,#9723);
#9723 = DEFINITIONAL_REPRESENTATION('',(#9724),#9728);
#9724 = LINE('',#9725,#9726);
#9725 = CARTESIAN_POINT('',(-6.28318530718,-1.5));
#9726 = VECTOR('',#9727,1.);
#9727 = DIRECTION('',(1.,-0.));
#9728 = ( GEOMETRIC_REPRESENTATION_CONTEXT(2) 
PARAMETRIC_REPRESENTATION_CONTEXT() REPRESENTATION_CONTEXT('2D SPACE',''
  ) );
#9729 = PCURVE('',#9730,#9735);
#9730 = PLANE('',#9731);
#9731 = AXIS2_PLACEMENT_3D('',#9732,#9733,#9734);
#9732 = CARTESIAN_POINT('',(12.438,-52.3535,26.1));
#9733 = DIRECTION('',(0.,0.,1.));
#9734 = DIRECTION('',(1.,0.,0.));
#9735 = DEFINITIONAL_REPRESENTATION('',(#9736),#9744);
#9736 = ( BOUNDED_CURVE() B_SPLINE_CURVE(2,(#9737,#9738,#9739,#9740,
#9741,#9742,#9743),.UNSPECIFIED.,.T.,.F.) B_SPLINE_CURVE_WITH_KNOTS((1,2
    ,2,2,2,1),(-2.094395102393,0.,2.094395102393,4.188790204786,
6.28318530718,8.377580409573),.UNSPECIFIED.) CURVE() 
GEOMETRIC_REPRESENTATION_ITEM() RATIONAL_B_SPLINE_CURVE((1.,0.5,1.,0.5,
1.,0.5,1.)) REPRESENTATION_ITEM('') );
#9737 = CARTESIAN_POINT('',(0.55,0.));
#9738 = CARTESIAN_POINT('',(0.55,-0.952627944163));
#9739 = CARTESIAN_POINT('',(-0.275,-0.476313972081));
#9740 = CARTESIAN_POINT('',(-1.1,-1.347111479062E-16));
#9741 = CARTESIAN_POINT('',(-0.275,0.476313972081));
#9742 = CARTESIAN_POINT('',(0.55,0.952627944163));
#9743 = CARTESIAN_POINT('',(0.55,0.));
#9744 = ( GEOMETRIC_REPRESENTATION_CONTEXT(2) 
PARAMETRIC_REPRESENTATION_CONTEXT() REPRESENTATION_CONTEXT('2D SPACE',''
  ) );
#9745 = ORIENTED_EDGE('',*,*,#9746,.F.);
#9746 = EDGE_CURVE('',#9747,#9714,#9749,.T.);
#9747 = VERTEX_POINT('',#9748);
#9748 = CARTESIAN_POINT('',(12.862264068712,-52.0035,26.6));
#9749 = SURFACE_CURVE('',#9750,(#9754,#9760),.PCURVE_S1.);
#9750 = LINE('',#9751,#9752);
#9751 = CARTESIAN_POINT('',(12.862264068712,-52.0035,24.6));
#9752 = VECTOR('',#9753,1.);
#9753 = DIRECTION('',(-0.,-0.,-1.));
#9754 = PCURVE('',#9463,#9755);
#9755 = DEFINITIONAL_REPRESENTATION('',(#9756),#9759);
#9756 = B_SPLINE_CURVE_WITH_KNOTS('',1,(#9757,#9758),.UNSPECIFIED.,.F.,
  .F.,(2,2),(-2.0000006,-1.345),.PIECEWISE_BEZIER_KNOTS.);
#9757 = CARTESIAN_POINT('',(-0.689775000786,-2.0000006));
#9758 = CARTESIAN_POINT('',(-0.689775000786,-1.345));
#9759 = ( GEOMETRIC_REPRESENTATION_CONTEXT(2) 
PARAMETRIC_REPRESENTATION_CONTEXT() REPRESENTATION_CONTEXT('2D SPACE',''
  ) );
#9760 = PCURVE('',#9761,#9766);
#9761 = PLANE('',#9762);
#9762 = AXIS2_PLACEMENT_3D('',#9763,#9764,#9765);
#9763 = CARTESIAN_POINT('',(14.263,-52.0035,26.1));
#9764 = DIRECTION('',(0.,-1.,0.));
#9765 = DIRECTION('',(-1.,0.,0.));
#9766 = DEFINITIONAL_REPRESENTATION('',(#9767),#9770);
#9767 = B_SPLINE_CURVE_WITH_KNOTS('',1,(#9768,#9769),.UNSPECIFIED.,.F.,
  .F.,(2,2),(-2.0000006,-1.345),.PIECEWISE_BEZIER_KNOTS.);
#9768 = CARTESIAN_POINT('',(1.400735931288,-0.5000006));
#9769 = CARTESIAN_POINT('',(1.400735931288,0.155));
#9770 = ( GEOMETRIC_REPRESENTATION_CONTEXT(2) 
PARAMETRIC_REPRESENTATION_CONTEXT() REPRESENTATION_CONTEXT('2D SPACE',''
  ) );
#9771 = ORIENTED_EDGE('',*,*,#9772,.F.);
#9772 = EDGE_CURVE('',#9773,#9747,#9775,.T.);
#9773 = VERTEX_POINT('',#9774);
#9774 = CARTESIAN_POINT('',(12.013735931288,-52.0035,26.6));
#9775 = SURFACE_CURVE('',#9776,(#9781,#9788),.PCURVE_S1.);
#9776 = CIRCLE('',#9777,0.55);
#9777 = AXIS2_PLACEMENT_3D('',#9778,#9779,#9780);
#9778 = CARTESIAN_POINT('',(12.438,-52.3535,26.6));
#9779 = DIRECTION('',(0.,0.,-1.));
#9780 = DIRECTION('',(1.,0.,0.));
#9781 = PCURVE('',#9463,#9782);
#9782 = DEFINITIONAL_REPRESENTATION('',(#9783),#9787);
#9783 = LINE('',#9784,#9785);
#9784 = CARTESIAN_POINT('',(-6.28318530718,-2.));
#9785 = VECTOR('',#9786,1.);
#9786 = DIRECTION('',(1.,-0.));
#9787 = ( GEOMETRIC_REPRESENTATION_CONTEXT(2) 
PARAMETRIC_REPRESENTATION_CONTEXT() REPRESENTATION_CONTEXT('2D SPACE',''
  ) );
#9788 = PCURVE('',#9789,#9794);
#9789 = PLANE('',#9790);
#9790 = AXIS2_PLACEMENT_3D('',#9791,#9792,#9793);
#9791 = CARTESIAN_POINT('',(12.438,-52.3535,26.6));
#9792 = DIRECTION('',(0.,0.,1.));
#9793 = DIRECTION('',(1.,0.,-0.));
#9794 = DEFINITIONAL_REPRESENTATION('',(#9795),#9803);
#9795 = ( BOUNDED_CURVE() B_SPLINE_CURVE(2,(#9796,#9797,#9798,#9799,
#9800,#9801,#9802),.UNSPECIFIED.,.T.,.F.) B_SPLINE_CURVE_WITH_KNOTS((1,2
    ,2,2,2,1),(-2.094395102393,0.,2.094395102393,4.188790204786,
6.28318530718,8.377580409573),.UNSPECIFIED.) CURVE() 
GEOMETRIC_REPRESENTATION_ITEM() RATIONAL_B_SPLINE_CURVE((1.,0.5,1.,0.5,
1.,0.5,1.)) REPRESENTATION_ITEM('') );
#9796 = CARTESIAN_POINT('',(0.55,0.));
#9797 = CARTESIAN_POINT('',(0.55,-0.952627944163));
#9798 = CARTESIAN_POINT('',(-0.275,-0.476313972081));
#9799 = CARTESIAN_POINT('',(-1.1,-1.347111479062E-16));
#9800 = CARTESIAN_POINT('',(-0.275,0.476313972081));
#9801 = CARTESIAN_POINT('',(0.55,0.952627944163));
#9802 = CARTESIAN_POINT('',(0.55,0.));
#9803 = ( GEOMETRIC_REPRESENTATION_CONTEXT(2) 
PARAMETRIC_REPRESENTATION_CONTEXT() REPRESENTATION_CONTEXT('2D SPACE',''
  ) );
#9804 = ORIENTED_EDGE('',*,*,#9805,.T.);
#9805 = EDGE_CURVE('',#9773,#9806,#9808,.T.);
#9806 = VERTEX_POINT('',#9807);
#9807 = CARTESIAN_POINT('',(12.013735931288,-52.0035,26.1));
#9808 = SURFACE_CURVE('',#9809,(#9813,#9819),.PCURVE_S1.);
#9809 = LINE('',#9810,#9811);
#9810 = CARTESIAN_POINT('',(12.013735931288,-52.0035,24.6));
#9811 = VECTOR('',#9812,1.);
#9812 = DIRECTION('',(-0.,-0.,-1.));
#9813 = PCURVE('',#9463,#9814);
#9814 = DEFINITIONAL_REPRESENTATION('',(#9815),#9818);
#9815 = B_SPLINE_CURVE_WITH_KNOTS('',1,(#9816,#9817),.UNSPECIFIED.,.F.,
  .F.,(2,2),(-2.0000006,-1.345),.PIECEWISE_BEZIER_KNOTS.);
#9816 = CARTESIAN_POINT('',(-2.451817652804,-2.0000006));
#9817 = CARTESIAN_POINT('',(-2.451817652804,-1.345));
#9818 = ( GEOMETRIC_REPRESENTATION_CONTEXT(2) 
PARAMETRIC_REPRESENTATION_CONTEXT() REPRESENTATION_CONTEXT('2D SPACE',''
  ) );
#9819 = PCURVE('',#9761,#9820);
#9820 = DEFINITIONAL_REPRESENTATION('',(#9821),#9824);
#9821 = B_SPLINE_CURVE_WITH_KNOTS('',1,(#9822,#9823),.UNSPECIFIED.,.F.,
  .F.,(2,2),(-2.0000006,-1.345),.PIECEWISE_BEZIER_KNOTS.);
#9822 = CARTESIAN_POINT('',(2.249264068712,-0.5000006));
#9823 = CARTESIAN_POINT('',(2.249264068712,0.155));
#9824 = ( GEOMETRIC_REPRESENTATION_CONTEXT(2) 
PARAMETRIC_REPRESENTATION_CONTEXT() REPRESENTATION_CONTEXT('2D SPACE',''
  ) );
#9825 = ORIENTED_EDGE('',*,*,#9826,.F.);
#9826 = EDGE_CURVE('',#9827,#9806,#9829,.T.);
#9827 = VERTEX_POINT('',#9828);
#9828 = CARTESIAN_POINT('',(12.013735931289,-52.7035,26.1));
#9829 = SURFACE_CURVE('',#9830,(#9835,#9842),.PCURVE_S1.);
#9830 = CIRCLE('',#9831,0.55);
#9831 = AXIS2_PLACEMENT_3D('',#9832,#9833,#9834);
#9832 = CARTESIAN_POINT('',(12.438,-52.3535,26.1));
#9833 = DIRECTION('',(0.,0.,-1.));
#9834 = DIRECTION('',(1.,0.,0.));
#9835 = PCURVE('',#9463,#9836);
#9836 = DEFINITIONAL_REPRESENTATION('',(#9837),#9841);
#9837 = LINE('',#9838,#9839);
#9838 = CARTESIAN_POINT('',(-6.28318530718,-1.5));
#9839 = VECTOR('',#9840,1.);
#9840 = DIRECTION('',(1.,-0.));
#9841 = ( GEOMETRIC_REPRESENTATION_CONTEXT(2) 
PARAMETRIC_REPRESENTATION_CONTEXT() REPRESENTATION_CONTEXT('2D SPACE',''
  ) );
#9842 = PCURVE('',#9730,#9843);
#9843 = DEFINITIONAL_REPRESENTATION('',(#9844),#9852);
#9844 = ( BOUNDED_CURVE() B_SPLINE_CURVE(2,(#9845,#9846,#9847,#9848,
#9849,#9850,#9851),.UNSPECIFIED.,.T.,.F.) B_SPLINE_CURVE_WITH_KNOTS((1,2
    ,2,2,2,1),(-2.094395102393,0.,2.094395102393,4.188790204786,
6.28318530718,8.377580409573),.UNSPECIFIED.) CURVE() 
GEOMETRIC_REPRESENTATION_ITEM() RATIONAL_B_SPLINE_CURVE((1.,0.5,1.,0.5,
1.,0.5,1.)) REPRESENTATION_ITEM('') );
#9845 = CARTESIAN_POINT('',(0.55,0.));
#9846 = CARTESIAN_POINT('',(0.55,-0.952627944163));
#9847 = CARTESIAN_POINT('',(-0.275,-0.476313972081));
#9848 = CARTESIAN_POINT('',(-1.1,-1.347111479062E-16));
#9849 = CARTESIAN_POINT('',(-0.275,0.476313972081));
#9850 = CARTESIAN_POINT('',(0.55,0.952627944163));
#9851 = CARTESIAN_POINT('',(0.55,0.));
#9852 = ( GEOMETRIC_REPRESENTATION_CONTEXT(2) 
PARAMETRIC_REPRESENTATION_CONTEXT() REPRESENTATION_CONTEXT('2D SPACE',''
  ) );
#9853 = ORIENTED_EDGE('',*,*,#9854,.F.);
#9854 = EDGE_CURVE('',#9855,#9827,#9857,.T.);
#9855 = VERTEX_POINT('',#9856);
#9856 = CARTESIAN_POINT('',(12.013735931288,-52.7035,26.6));
#9857 = SURFACE_CURVE('',#9858,(#9862,#9868),.PCURVE_S1.);
#9858 = LINE('',#9859,#9860);
#9859 = CARTESIAN_POINT('',(12.013735931288,-52.7035,24.6));
#9860 = VECTOR('',#9861,1.);
#9861 = DIRECTION('',(-0.,-0.,-1.));
#9862 = PCURVE('',#9463,#9863);
#9863 = DEFINITIONAL_REPRESENTATION('',(#9864),#9867);
#9864 = B_SPLINE_CURVE_WITH_KNOTS('',1,(#9865,#9866),.UNSPECIFIED.,.F.,
  .F.,(2,2),(-2.0000006,-1.345),.PIECEWISE_BEZIER_KNOTS.);
#9865 = CARTESIAN_POINT('',(-3.831367654375,-2.0000006));
#9866 = CARTESIAN_POINT('',(-3.831367654375,-1.345));
#9867 = ( GEOMETRIC_REPRESENTATION_CONTEXT(2) 
PARAMETRIC_REPRESENTATION_CONTEXT() REPRESENTATION_CONTEXT('2D SPACE',''
  ) );
#9868 = PCURVE('',#9869,#9874);
#9869 = PLANE('',#9870);
#9870 = AXIS2_PLACEMENT_3D('',#9871,#9872,#9873);
#9871 = CARTESIAN_POINT('',(10.613,-52.7035,26.1));
#9872 = DIRECTION('',(0.,1.,0.));
#9873 = DIRECTION('',(1.,0.,0.));
#9874 = DEFINITIONAL_REPRESENTATION('',(#9875),#9878);
#9875 = B_SPLINE_CURVE_WITH_KNOTS('',1,(#9876,#9877),.UNSPECIFIED.,.F.,
  .F.,(2,2),(-2.0000006,-1.345),.PIECEWISE_BEZIER_KNOTS.);
#9876 = CARTESIAN_POINT('',(1.400735931288,-0.5000006));
#9877 = CARTESIAN_POINT('',(1.400735931288,0.155));
#9878 = ( GEOMETRIC_REPRESENTATION_CONTEXT(2) 
PARAMETRIC_REPRESENTATION_CONTEXT() REPRESENTATION_CONTEXT('2D SPACE',''
  ) );
#9879 = ORIENTED_EDGE('',*,*,#9880,.F.);
#9880 = EDGE_CURVE('',#9881,#9855,#9883,.T.);
#9881 = VERTEX_POINT('',#9882);
#9882 = CARTESIAN_POINT('',(12.862264068712,-52.7035,26.6));
#9883 = SURFACE_CURVE('',#9884,(#9889,#9896),.PCURVE_S1.);
#9884 = CIRCLE('',#9885,0.55);
#9885 = AXIS2_PLACEMENT_3D('',#9886,#9887,#9888);
#9886 = CARTESIAN_POINT('',(12.438,-52.3535,26.6));
#9887 = DIRECTION('',(0.,0.,-1.));
#9888 = DIRECTION('',(1.,0.,0.));
#9889 = PCURVE('',#9463,#9890);
#9890 = DEFINITIONAL_REPRESENTATION('',(#9891),#9895);
#9891 = LINE('',#9892,#9893);
#9892 = CARTESIAN_POINT('',(-6.28318530718,-2.));
#9893 = VECTOR('',#9894,1.);
#9894 = DIRECTION('',(1.,-0.));
#9895 = ( GEOMETRIC_REPRESENTATION_CONTEXT(2) 
PARAMETRIC_REPRESENTATION_CONTEXT() REPRESENTATION_CONTEXT('2D SPACE',''
  ) );
#9896 = PCURVE('',#9897,#9902);
#9897 = PLANE('',#9898);
#9898 = AXIS2_PLACEMENT_3D('',#9899,#9900,#9901);
#9899 = CARTESIAN_POINT('',(12.438,-52.3535,26.6));
#9900 = DIRECTION('',(0.,0.,1.));
#9901 = DIRECTION('',(1.,0.,-0.));
#9902 = DEFINITIONAL_REPRESENTATION('',(#9903),#9911);
#9903 = ( BOUNDED_CURVE() B_SPLINE_CURVE(2,(#9904,#9905,#9906,#9907,
#9908,#9909,#9910),.UNSPECIFIED.,.T.,.F.) B_SPLINE_CURVE_WITH_KNOTS((1,2
    ,2,2,2,1),(-2.094395102393,0.,2.094395102393,4.188790204786,
6.28318530718,8.377580409573),.UNSPECIFIED.) CURVE() 
GEOMETRIC_REPRESENTATION_ITEM() RATIONAL_B_SPLINE_CURVE((1.,0.5,1.,0.5,
1.,0.5,1.)) REPRESENTATION_ITEM('') );
#9904 = CARTESIAN_POINT('',(0.55,0.));
#9905 = CARTESIAN_POINT('',(0.55,-0.952627944163));
#9906 = CARTESIAN_POINT('',(-0.275,-0.476313972081));
#9907 = CARTESIAN_POINT('',(-1.1,-1.347111479062E-16));
#9908 = CARTESIAN_POINT('',(-0.275,0.476313972081));
#9909 = CARTESIAN_POINT('',(0.55,0.952627944163));
#9910 = CARTESIAN_POINT('',(0.55,0.));
#9911 = ( GEOMETRIC_REPRESENTATION_CONTEXT(2) 
PARAMETRIC_REPRESENTATION_CONTEXT() REPRESENTATION_CONTEXT('2D SPACE',''
  ) );
#9912 = ORIENTED_EDGE('',*,*,#9913,.T.);
#9913 = EDGE_CURVE('',#9881,#9914,#9916,.T.);
#9914 = VERTEX_POINT('',#9915);
#9915 = CARTESIAN_POINT('',(12.862264068711,-52.7035,26.1));
#9916 = SURFACE_CURVE('',#9917,(#9921,#9927),.PCURVE_S1.);
#9917 = LINE('',#9918,#9919);
#9918 = CARTESIAN_POINT('',(12.862264068712,-52.7035,24.6));
#9919 = VECTOR('',#9920,1.);
#9920 = DIRECTION('',(-0.,-0.,-1.));
#9921 = PCURVE('',#9463,#9922);
#9922 = DEFINITIONAL_REPRESENTATION('',(#9923),#9926);
#9923 = B_SPLINE_CURVE_WITH_KNOTS('',1,(#9924,#9925),.UNSPECIFIED.,.F.,
  .F.,(2,2),(-2.0000006,-1.345),.PIECEWISE_BEZIER_KNOTS.);
#9924 = CARTESIAN_POINT('',(-5.593410306394,-2.0000006));
#9925 = CARTESIAN_POINT('',(-5.593410306394,-1.345));
#9926 = ( GEOMETRIC_REPRESENTATION_CONTEXT(2) 
PARAMETRIC_REPRESENTATION_CONTEXT() REPRESENTATION_CONTEXT('2D SPACE',''
  ) );
#9927 = PCURVE('',#9869,#9928);
#9928 = DEFINITIONAL_REPRESENTATION('',(#9929),#9932);
#9929 = B_SPLINE_CURVE_WITH_KNOTS('',1,(#9930,#9931),.UNSPECIFIED.,.F.,
  .F.,(2,2),(-2.0000006,-1.345),.PIECEWISE_BEZIER_KNOTS.);
#9930 = CARTESIAN_POINT('',(2.249264068712,-0.5000006));
#9931 = CARTESIAN_POINT('',(2.249264068712,0.155));
#9932 = ( GEOMETRIC_REPRESENTATION_CONTEXT(2) 
PARAMETRIC_REPRESENTATION_CONTEXT() REPRESENTATION_CONTEXT('2D SPACE',''
  ) );
#9933 = ORIENTED_EDGE('',*,*,#9934,.F.);
#9934 = EDGE_CURVE('',#9691,#9914,#9935,.T.);
#9935 = SURFACE_CURVE('',#9936,(#9941,#9948),.PCURVE_S1.);
#9936 = CIRCLE('',#9937,0.55);
#9937 = AXIS2_PLACEMENT_3D('',#9938,#9939,#9940);
#9938 = CARTESIAN_POINT('',(12.438,-52.3535,26.1));
#9939 = DIRECTION('',(0.,0.,-1.));
#9940 = DIRECTION('',(1.,0.,0.));
#9941 = PCURVE('',#9463,#9942);
#9942 = DEFINITIONAL_REPRESENTATION('',(#9943),#9947);
#9943 = LINE('',#9944,#9945);
#9944 = CARTESIAN_POINT('',(-6.28318530718,-1.5));
#9945 = VECTOR('',#9946,1.);
#9946 = DIRECTION('',(1.,-0.));
#9947 = ( GEOMETRIC_REPRESENTATION_CONTEXT(2) 
PARAMETRIC_REPRESENTATION_CONTEXT() REPRESENTATION_CONTEXT('2D SPACE',''
  ) );
#9948 = PCURVE('',#9730,#9949);
#9949 = DEFINITIONAL_REPRESENTATION('',(#9950),#9958);
#9950 = ( BOUNDED_CURVE() B_SPLINE_CURVE(2,(#9951,#9952,#9953,#9954,
#9955,#9956,#9957),.UNSPECIFIED.,.T.,.F.) B_SPLINE_CURVE_WITH_KNOTS((1,2
    ,2,2,2,1),(-2.094395102393,0.,2.094395102393,4.188790204786,
6.28318530718,8.377580409573),.UNSPECIFIED.) CURVE() 
GEOMETRIC_REPRESENTATION_ITEM() RATIONAL_B_SPLINE_CURVE((1.,0.5,1.,0.5,
1.,0.5,1.)) REPRESENTATION_ITEM('') );
#9951 = CARTESIAN_POINT('',(0.55,0.));
#9952 = CARTESIAN_POINT('',(0.55,-0.952627944163));
#9953 = CARTESIAN_POINT('',(-0.275,-0.476313972081));
#9954 = CARTESIAN_POINT('',(-1.1,-1.347111479062E-16));
#9955 = CARTESIAN_POINT('',(-0.275,0.476313972081));
#9956 = CARTESIAN_POINT('',(0.55,0.952627944163));
#9957 = CARTESIAN_POINT('',(0.55,0.));
#9958 = ( GEOMETRIC_REPRESENTATION_CONTEXT(2) 
PARAMETRIC_REPRESENTATION_CONTEXT() REPRESENTATION_CONTEXT('2D SPACE',''
  ) );
#9959 = ORIENTED_EDGE('',*,*,#9690,.F.);
#9960 = ADVANCED_FACE('',(#9961),#9596,.T.);
#9961 = FACE_BOUND('',#9962,.F.);
#9962 = EDGE_LOOP('',(#9963,#9964,#9987,#10020,#10046,#10079,#10100,
    #10128,#10154,#10187,#10208,#10234));
#9963 = ORIENTED_EDGE('',*,*,#9575,.T.);
#9964 = ORIENTED_EDGE('',*,*,#9965,.T.);
#9965 = EDGE_CURVE('',#9576,#9966,#9968,.T.);
#9966 = VERTEX_POINT('',#9967);
#9967 = CARTESIAN_POINT('',(40.699,-52.3535,26.1));
#9968 = SEAM_CURVE('',#9969,(#9973,#9980),.PCURVE_S1.);
#9969 = LINE('',#9970,#9971);
#9970 = CARTESIAN_POINT('',(40.699,-52.3535,24.6));
#9971 = VECTOR('',#9972,1.);
#9972 = DIRECTION('',(0.,0.,1.));
#9973 = PCURVE('',#9596,#9974);
#9974 = DEFINITIONAL_REPRESENTATION('',(#9975),#9979);
#9975 = LINE('',#9976,#9977);
#9976 = CARTESIAN_POINT('',(-6.28318530718,0.));
#9977 = VECTOR('',#9978,1.);
#9978 = DIRECTION('',(-0.,-1.));
#9979 = ( GEOMETRIC_REPRESENTATION_CONTEXT(2) 
PARAMETRIC_REPRESENTATION_CONTEXT() REPRESENTATION_CONTEXT('2D SPACE',''
  ) );
#9980 = PCURVE('',#9596,#9981);
#9981 = DEFINITIONAL_REPRESENTATION('',(#9982),#9986);
#9982 = LINE('',#9983,#9984);
#9983 = CARTESIAN_POINT('',(-0.,0.));
#9984 = VECTOR('',#9985,1.);
#9985 = DIRECTION('',(-0.,-1.));
#9986 = ( GEOMETRIC_REPRESENTATION_CONTEXT(2) 
PARAMETRIC_REPRESENTATION_CONTEXT() REPRESENTATION_CONTEXT('2D SPACE',''
  ) );
#9987 = ORIENTED_EDGE('',*,*,#9988,.F.);
#9988 = EDGE_CURVE('',#9989,#9966,#9991,.T.);
#9989 = VERTEX_POINT('',#9990);
#9990 = CARTESIAN_POINT('',(40.573264068712,-52.0035,26.1));
#9991 = SURFACE_CURVE('',#9992,(#9997,#10004),.PCURVE_S1.);
#9992 = CIRCLE('',#9993,0.55);
#9993 = AXIS2_PLACEMENT_3D('',#9994,#9995,#9996);
#9994 = CARTESIAN_POINT('',(40.149,-52.3535,26.1));
#9995 = DIRECTION('',(0.,0.,-1.));
#9996 = DIRECTION('',(1.,0.,0.));
#9997 = PCURVE('',#9596,#9998);
#9998 = DEFINITIONAL_REPRESENTATION('',(#9999),#10003);
#9999 = LINE('',#10000,#10001);
#10000 = CARTESIAN_POINT('',(-6.28318530718,-1.5));
#10001 = VECTOR('',#10002,1.);
#10002 = DIRECTION('',(1.,-0.));
#10003 = ( GEOMETRIC_REPRESENTATION_CONTEXT(2) 
PARAMETRIC_REPRESENTATION_CONTEXT() REPRESENTATION_CONTEXT('2D SPACE',''
  ) );
#10004 = PCURVE('',#10005,#10010);
#10005 = PLANE('',#10006);
#10006 = AXIS2_PLACEMENT_3D('',#10007,#10008,#10009);
#10007 = CARTESIAN_POINT('',(40.149,-52.3535,26.1));
#10008 = DIRECTION('',(0.,0.,1.));
#10009 = DIRECTION('',(1.,0.,0.));
#10010 = DEFINITIONAL_REPRESENTATION('',(#10011),#10019);
#10011 = ( BOUNDED_CURVE() B_SPLINE_CURVE(2,(#10012,#10013,#10014,#10015
    ,#10016,#10017,#10018),.UNSPECIFIED.,.T.,.F.) 
B_SPLINE_CURVE_WITH_KNOTS((1,2,2,2,2,1),(-2.094395102393,0.,
    2.094395102393,4.188790204786,6.28318530718,8.377580409573),
.UNSPECIFIED.) CURVE() GEOMETRIC_REPRESENTATION_ITEM() 
RATIONAL_B_SPLINE_CURVE((1.,0.5,1.,0.5,1.,0.5,1.)) REPRESENTATION_ITEM(
  '') );
#10012 = CARTESIAN_POINT('',(0.55,7.105427357601E-15));
#10013 = CARTESIAN_POINT('',(0.55,-0.952627944163));
#10014 = CARTESIAN_POINT('',(-0.275,-0.476313972081));
#10015 = CARTESIAN_POINT('',(-1.1,6.970716209695E-15));
#10016 = CARTESIAN_POINT('',(-0.275,0.476313972081));
#10017 = CARTESIAN_POINT('',(0.55,0.952627944163));
#10018 = CARTESIAN_POINT('',(0.55,7.105427357601E-15));
#10019 = ( GEOMETRIC_REPRESENTATION_CONTEXT(2) 
PARAMETRIC_REPRESENTATION_CONTEXT() REPRESENTATION_CONTEXT('2D SPACE',''
  ) );
#10020 = ORIENTED_EDGE('',*,*,#10021,.F.);
#10021 = EDGE_CURVE('',#10022,#9989,#10024,.T.);
#10022 = VERTEX_POINT('',#10023);
#10023 = CARTESIAN_POINT('',(40.573264068712,-52.0035,26.6));
#10024 = SURFACE_CURVE('',#10025,(#10029,#10035),.PCURVE_S1.);
#10025 = LINE('',#10026,#10027);
#10026 = CARTESIAN_POINT('',(40.573264068712,-52.0035,24.6));
#10027 = VECTOR('',#10028,1.);
#10028 = DIRECTION('',(-0.,-0.,-1.));
#10029 = PCURVE('',#9596,#10030);
#10030 = DEFINITIONAL_REPRESENTATION('',(#10031),#10034);
#10031 = B_SPLINE_CURVE_WITH_KNOTS('',1,(#10032,#10033),.UNSPECIFIED.,
  .F.,.F.,(2,2),(-2.0000006,-1.345),.PIECEWISE_BEZIER_KNOTS.);
#10032 = CARTESIAN_POINT('',(-0.689775000786,-2.0000006));
#10033 = CARTESIAN_POINT('',(-0.689775000786,-1.345));
#10034 = ( GEOMETRIC_REPRESENTATION_CONTEXT(2) 
PARAMETRIC_REPRESENTATION_CONTEXT() REPRESENTATION_CONTEXT('2D SPACE',''
  ) );
#10035 = PCURVE('',#10036,#10041);
#10036 = PLANE('',#10037);
#10037 = AXIS2_PLACEMENT_3D('',#10038,#10039,#10040);
#10038 = CARTESIAN_POINT('',(41.974,-52.0035,26.1));
#10039 = DIRECTION('',(0.,-1.,0.));
#10040 = DIRECTION('',(-1.,0.,0.));
#10041 = DEFINITIONAL_REPRESENTATION('',(#10042),#10045);
#10042 = B_SPLINE_CURVE_WITH_KNOTS('',1,(#10043,#10044),.UNSPECIFIED.,
  .F.,.F.,(2,2),(-2.0000006,-1.345),.PIECEWISE_BEZIER_KNOTS.);
#10043 = CARTESIAN_POINT('',(1.400735931288,-0.5000006));
#10044 = CARTESIAN_POINT('',(1.400735931288,0.155));
#10045 = ( GEOMETRIC_REPRESENTATION_CONTEXT(2) 
PARAMETRIC_REPRESENTATION_CONTEXT() REPRESENTATION_CONTEXT('2D SPACE',''
  ) );
#10046 = ORIENTED_EDGE('',*,*,#10047,.F.);
#10047 = EDGE_CURVE('',#10048,#10022,#10050,.T.);
#10048 = VERTEX_POINT('',#10049);
#10049 = CARTESIAN_POINT('',(39.724735931288,-52.0035,26.6));
#10050 = SURFACE_CURVE('',#10051,(#10056,#10063),.PCURVE_S1.);
#10051 = CIRCLE('',#10052,0.55);
#10052 = AXIS2_PLACEMENT_3D('',#10053,#10054,#10055);
#10053 = CARTESIAN_POINT('',(40.149,-52.3535,26.6));
#10054 = DIRECTION('',(0.,0.,-1.));
#10055 = DIRECTION('',(1.,0.,0.));
#10056 = PCURVE('',#9596,#10057);
#10057 = DEFINITIONAL_REPRESENTATION('',(#10058),#10062);
#10058 = LINE('',#10059,#10060);
#10059 = CARTESIAN_POINT('',(-6.28318530718,-2.));
#10060 = VECTOR('',#10061,1.);
#10061 = DIRECTION('',(1.,-0.));
#10062 = ( GEOMETRIC_REPRESENTATION_CONTEXT(2) 
PARAMETRIC_REPRESENTATION_CONTEXT() REPRESENTATION_CONTEXT('2D SPACE',''
  ) );
#10063 = PCURVE('',#10064,#10069);
#10064 = PLANE('',#10065);
#10065 = AXIS2_PLACEMENT_3D('',#10066,#10067,#10068);
#10066 = CARTESIAN_POINT('',(40.149,-52.3535,26.6));
#10067 = DIRECTION('',(0.,0.,1.));
#10068 = DIRECTION('',(1.,0.,-0.));
#10069 = DEFINITIONAL_REPRESENTATION('',(#10070),#10078);
#10070 = ( BOUNDED_CURVE() B_SPLINE_CURVE(2,(#10071,#10072,#10073,#10074
    ,#10075,#10076,#10077),.UNSPECIFIED.,.T.,.F.) 
B_SPLINE_CURVE_WITH_KNOTS((1,2,2,2,2,1),(-2.094395102393,0.,
    2.094395102393,4.188790204786,6.28318530718,8.377580409573),
.UNSPECIFIED.) CURVE() GEOMETRIC_REPRESENTATION_ITEM() 
RATIONAL_B_SPLINE_CURVE((1.,0.5,1.,0.5,1.,0.5,1.)) REPRESENTATION_ITEM(
  '') );
#10071 = CARTESIAN_POINT('',(0.55,-7.105427357601E-15));
#10072 = CARTESIAN_POINT('',(0.55,-0.952627944163));
#10073 = CARTESIAN_POINT('',(-0.275,-0.476313972081));
#10074 = CARTESIAN_POINT('',(-1.1,-7.240138505507E-15));
#10075 = CARTESIAN_POINT('',(-0.275,0.476313972081));
#10076 = CARTESIAN_POINT('',(0.55,0.952627944163));
#10077 = CARTESIAN_POINT('',(0.55,-7.105427357601E-15));
#10078 = ( GEOMETRIC_REPRESENTATION_CONTEXT(2) 
PARAMETRIC_REPRESENTATION_CONTEXT() REPRESENTATION_CONTEXT('2D SPACE',''
  ) );
#10079 = ORIENTED_EDGE('',*,*,#10080,.T.);
#10080 = EDGE_CURVE('',#10048,#10081,#10083,.T.);
#10081 = VERTEX_POINT('',#10082);
#10082 = CARTESIAN_POINT('',(39.724735931288,-52.0035,26.1));
#10083 = SURFACE_CURVE('',#10084,(#10088,#10094),.PCURVE_S1.);
#10084 = LINE('',#10085,#10086);
#10085 = CARTESIAN_POINT('',(39.724735931288,-52.0035,24.6));
#10086 = VECTOR('',#10087,1.);
#10087 = DIRECTION('',(-0.,-0.,-1.));
#10088 = PCURVE('',#9596,#10089);
#10089 = DEFINITIONAL_REPRESENTATION('',(#10090),#10093);
#10090 = B_SPLINE_CURVE_WITH_KNOTS('',1,(#10091,#10092),.UNSPECIFIED.,
  .F.,.F.,(2,2),(-2.0000006,-1.345),.PIECEWISE_BEZIER_KNOTS.);
#10091 = CARTESIAN_POINT('',(-2.451817652804,-2.0000006));
#10092 = CARTESIAN_POINT('',(-2.451817652804,-1.345));
#10093 = ( GEOMETRIC_REPRESENTATION_CONTEXT(2) 
PARAMETRIC_REPRESENTATION_CONTEXT() REPRESENTATION_CONTEXT('2D SPACE',''
  ) );
#10094 = PCURVE('',#10036,#10095);
#10095 = DEFINITIONAL_REPRESENTATION('',(#10096),#10099);
#10096 = B_SPLINE_CURVE_WITH_KNOTS('',1,(#10097,#10098),.UNSPECIFIED.,
  .F.,.F.,(2,2),(-2.0000006,-1.345),.PIECEWISE_BEZIER_KNOTS.);
#10097 = CARTESIAN_POINT('',(2.249264068712,-0.5000006));
#10098 = CARTESIAN_POINT('',(2.249264068712,0.155));
#10099 = ( GEOMETRIC_REPRESENTATION_CONTEXT(2) 
PARAMETRIC_REPRESENTATION_CONTEXT() REPRESENTATION_CONTEXT('2D SPACE',''
  ) );
#10100 = ORIENTED_EDGE('',*,*,#10101,.F.);
#10101 = EDGE_CURVE('',#10102,#10081,#10104,.T.);
#10102 = VERTEX_POINT('',#10103);
#10103 = CARTESIAN_POINT('',(39.724735931286,-52.7035,26.1));
#10104 = SURFACE_CURVE('',#10105,(#10110,#10117),.PCURVE_S1.);
#10105 = CIRCLE('',#10106,0.55);
#10106 = AXIS2_PLACEMENT_3D('',#10107,#10108,#10109);
#10107 = CARTESIAN_POINT('',(40.149,-52.3535,26.1));
#10108 = DIRECTION('',(0.,0.,-1.));
#10109 = DIRECTION('',(1.,0.,0.));
#10110 = PCURVE('',#9596,#10111);
#10111 = DEFINITIONAL_REPRESENTATION('',(#10112),#10116);
#10112 = LINE('',#10113,#10114);
#10113 = CARTESIAN_POINT('',(-6.28318530718,-1.5));
#10114 = VECTOR('',#10115,1.);
#10115 = DIRECTION('',(1.,-0.));
#10116 = ( GEOMETRIC_REPRESENTATION_CONTEXT(2) 
PARAMETRIC_REPRESENTATION_CONTEXT() REPRESENTATION_CONTEXT('2D SPACE',''
  ) );
#10117 = PCURVE('',#10005,#10118);
#10118 = DEFINITIONAL_REPRESENTATION('',(#10119),#10127);
#10119 = ( BOUNDED_CURVE() B_SPLINE_CURVE(2,(#10120,#10121,#10122,#10123
    ,#10124,#10125,#10126),.UNSPECIFIED.,.T.,.F.) 
B_SPLINE_CURVE_WITH_KNOTS((1,2,2,2,2,1),(-2.094395102393,0.,
    2.094395102393,4.188790204786,6.28318530718,8.377580409573),
.UNSPECIFIED.) CURVE() GEOMETRIC_REPRESENTATION_ITEM() 
RATIONAL_B_SPLINE_CURVE((1.,0.5,1.,0.5,1.,0.5,1.)) REPRESENTATION_ITEM(
  '') );
#10120 = CARTESIAN_POINT('',(0.55,7.105427357601E-15));
#10121 = CARTESIAN_POINT('',(0.55,-0.952627944163));
#10122 = CARTESIAN_POINT('',(-0.275,-0.476313972081));
#10123 = CARTESIAN_POINT('',(-1.1,6.970716209695E-15));
#10124 = CARTESIAN_POINT('',(-0.275,0.476313972081));
#10125 = CARTESIAN_POINT('',(0.55,0.952627944163));
#10126 = CARTESIAN_POINT('',(0.55,7.105427357601E-15));
#10127 = ( GEOMETRIC_REPRESENTATION_CONTEXT(2) 
PARAMETRIC_REPRESENTATION_CONTEXT() REPRESENTATION_CONTEXT('2D SPACE',''
  ) );
#10128 = ORIENTED_EDGE('',*,*,#10129,.F.);
#10129 = EDGE_CURVE('',#10130,#10102,#10132,.T.);
#10130 = VERTEX_POINT('',#10131);
#10131 = CARTESIAN_POINT('',(39.724735931288,-52.7035,26.6));
#10132 = SURFACE_CURVE('',#10133,(#10137,#10143),.PCURVE_S1.);
#10133 = LINE('',#10134,#10135);
#10134 = CARTESIAN_POINT('',(39.724735931288,-52.7035,24.6));
#10135 = VECTOR('',#10136,1.);
#10136 = DIRECTION('',(-0.,-0.,-1.));
#10137 = PCURVE('',#9596,#10138);
#10138 = DEFINITIONAL_REPRESENTATION('',(#10139),#10142);
#10139 = B_SPLINE_CURVE_WITH_KNOTS('',1,(#10140,#10141),.UNSPECIFIED.,
  .F.,.F.,(2,2),(-2.0000006,-1.345),.PIECEWISE_BEZIER_KNOTS.);
#10140 = CARTESIAN_POINT('',(-3.831367654375,-2.0000006));
#10141 = CARTESIAN_POINT('',(-3.831367654375,-1.345));
#10142 = ( GEOMETRIC_REPRESENTATION_CONTEXT(2) 
PARAMETRIC_REPRESENTATION_CONTEXT() REPRESENTATION_CONTEXT('2D SPACE',''
  ) );
#10143 = PCURVE('',#10144,#10149);
#10144 = PLANE('',#10145);
#10145 = AXIS2_PLACEMENT_3D('',#10146,#10147,#10148);
#10146 = CARTESIAN_POINT('',(38.324,-52.7035,26.1));
#10147 = DIRECTION('',(0.,1.,0.));
#10148 = DIRECTION('',(1.,0.,0.));
#10149 = DEFINITIONAL_REPRESENTATION('',(#10150),#10153);
#10150 = B_SPLINE_CURVE_WITH_KNOTS('',1,(#10151,#10152),.UNSPECIFIED.,
  .F.,.F.,(2,2),(-2.0000006,-1.345),.PIECEWISE_BEZIER_KNOTS.);
#10151 = CARTESIAN_POINT('',(1.400735931288,-0.5000006));
#10152 = CARTESIAN_POINT('',(1.400735931288,0.155));
#10153 = ( GEOMETRIC_REPRESENTATION_CONTEXT(2) 
PARAMETRIC_REPRESENTATION_CONTEXT() REPRESENTATION_CONTEXT('2D SPACE',''
  ) );
#10154 = ORIENTED_EDGE('',*,*,#10155,.F.);
#10155 = EDGE_CURVE('',#10156,#10130,#10158,.T.);
#10156 = VERTEX_POINT('',#10157);
#10157 = CARTESIAN_POINT('',(40.573264068712,-52.7035,26.6));
#10158 = SURFACE_CURVE('',#10159,(#10164,#10171),.PCURVE_S1.);
#10159 = CIRCLE('',#10160,0.55);
#10160 = AXIS2_PLACEMENT_3D('',#10161,#10162,#10163);
#10161 = CARTESIAN_POINT('',(40.149,-52.3535,26.6));
#10162 = DIRECTION('',(0.,0.,-1.));
#10163 = DIRECTION('',(1.,0.,0.));
#10164 = PCURVE('',#9596,#10165);
#10165 = DEFINITIONAL_REPRESENTATION('',(#10166),#10170);
#10166 = LINE('',#10167,#10168);
#10167 = CARTESIAN_POINT('',(-6.28318530718,-2.));
#10168 = VECTOR('',#10169,1.);
#10169 = DIRECTION('',(1.,-0.));
#10170 = ( GEOMETRIC_REPRESENTATION_CONTEXT(2) 
PARAMETRIC_REPRESENTATION_CONTEXT() REPRESENTATION_CONTEXT('2D SPACE',''
  ) );
#10171 = PCURVE('',#10172,#10177);
#10172 = PLANE('',#10173);
#10173 = AXIS2_PLACEMENT_3D('',#10174,#10175,#10176);
#10174 = CARTESIAN_POINT('',(40.149,-52.3535,26.6));
#10175 = DIRECTION('',(0.,0.,1.));
#10176 = DIRECTION('',(1.,0.,-0.));
#10177 = DEFINITIONAL_REPRESENTATION('',(#10178),#10186);
#10178 = ( BOUNDED_CURVE() B_SPLINE_CURVE(2,(#10179,#10180,#10181,#10182
    ,#10183,#10184,#10185),.UNSPECIFIED.,.T.,.F.) 
B_SPLINE_CURVE_WITH_KNOTS((1,2,2,2,2,1),(-2.094395102393,0.,
    2.094395102393,4.188790204786,6.28318530718,8.377580409573),
.UNSPECIFIED.) CURVE() GEOMETRIC_REPRESENTATION_ITEM() 
RATIONAL_B_SPLINE_CURVE((1.,0.5,1.,0.5,1.,0.5,1.)) REPRESENTATION_ITEM(
  '') );
#10179 = CARTESIAN_POINT('',(0.55,-7.105427357601E-15));
#10180 = CARTESIAN_POINT('',(0.55,-0.952627944163));
#10181 = CARTESIAN_POINT('',(-0.275,-0.476313972081));
#10182 = CARTESIAN_POINT('',(-1.1,-7.240138505507E-15));
#10183 = CARTESIAN_POINT('',(-0.275,0.476313972081));
#10184 = CARTESIAN_POINT('',(0.55,0.952627944163));
#10185 = CARTESIAN_POINT('',(0.55,-7.105427357601E-15));
#10186 = ( GEOMETRIC_REPRESENTATION_CONTEXT(2) 
PARAMETRIC_REPRESENTATION_CONTEXT() REPRESENTATION_CONTEXT('2D SPACE',''
  ) );
#10187 = ORIENTED_EDGE('',*,*,#10188,.T.);
#10188 = EDGE_CURVE('',#10156,#10189,#10191,.T.);
#10189 = VERTEX_POINT('',#10190);
#10190 = CARTESIAN_POINT('',(40.573264068714,-52.7035,26.1));
#10191 = SURFACE_CURVE('',#10192,(#10196,#10202),.PCURVE_S1.);
#10192 = LINE('',#10193,#10194);
#10193 = CARTESIAN_POINT('',(40.573264068712,-52.7035,24.6));
#10194 = VECTOR('',#10195,1.);
#10195 = DIRECTION('',(-0.,-0.,-1.));
#10196 = PCURVE('',#9596,#10197);
#10197 = DEFINITIONAL_REPRESENTATION('',(#10198),#10201);
#10198 = B_SPLINE_CURVE_WITH_KNOTS('',1,(#10199,#10200),.UNSPECIFIED.,
  .F.,.F.,(2,2),(-2.0000006,-1.345),.PIECEWISE_BEZIER_KNOTS.);
#10199 = CARTESIAN_POINT('',(-5.593410306394,-2.0000006));
#10200 = CARTESIAN_POINT('',(-5.593410306394,-1.345));
#10201 = ( GEOMETRIC_REPRESENTATION_CONTEXT(2) 
PARAMETRIC_REPRESENTATION_CONTEXT() REPRESENTATION_CONTEXT('2D SPACE',''
  ) );
#10202 = PCURVE('',#10144,#10203);
#10203 = DEFINITIONAL_REPRESENTATION('',(#10204),#10207);
#10204 = B_SPLINE_CURVE_WITH_KNOTS('',1,(#10205,#10206),.UNSPECIFIED.,
  .F.,.F.,(2,2),(-2.0000006,-1.345),.PIECEWISE_BEZIER_KNOTS.);
#10205 = CARTESIAN_POINT('',(2.249264068712,-0.5000006));
#10206 = CARTESIAN_POINT('',(2.249264068712,0.155));
#10207 = ( GEOMETRIC_REPRESENTATION_CONTEXT(2) 
PARAMETRIC_REPRESENTATION_CONTEXT() REPRESENTATION_CONTEXT('2D SPACE',''
  ) );
#10208 = ORIENTED_EDGE('',*,*,#10209,.F.);
#10209 = EDGE_CURVE('',#9966,#10189,#10210,.T.);
#10210 = SURFACE_CURVE('',#10211,(#10216,#10223),.PCURVE_S1.);
#10211 = CIRCLE('',#10212,0.55);
#10212 = AXIS2_PLACEMENT_3D('',#10213,#10214,#10215);
#10213 = CARTESIAN_POINT('',(40.149,-52.3535,26.1));
#10214 = DIRECTION('',(0.,0.,-1.));
#10215 = DIRECTION('',(1.,0.,0.));
#10216 = PCURVE('',#9596,#10217);
#10217 = DEFINITIONAL_REPRESENTATION('',(#10218),#10222);
#10218 = LINE('',#10219,#10220);
#10219 = CARTESIAN_POINT('',(-6.28318530718,-1.5));
#10220 = VECTOR('',#10221,1.);
#10221 = DIRECTION('',(1.,-0.));
#10222 = ( GEOMETRIC_REPRESENTATION_CONTEXT(2) 
PARAMETRIC_REPRESENTATION_CONTEXT() REPRESENTATION_CONTEXT('2D SPACE',''
  ) );
#10223 = PCURVE('',#10005,#10224);
#10224 = DEFINITIONAL_REPRESENTATION('',(#10225),#10233);
#10225 = ( BOUNDED_CURVE() B_SPLINE_CURVE(2,(#10226,#10227,#10228,#10229
    ,#10230,#10231,#10232),.UNSPECIFIED.,.T.,.F.) 
B_SPLINE_CURVE_WITH_KNOTS((1,2,2,2,2,1),(-2.094395102393,0.,
    2.094395102393,4.188790204786,6.28318530718,8.377580409573),
.UNSPECIFIED.) CURVE() GEOMETRIC_REPRESENTATION_ITEM() 
RATIONAL_B_SPLINE_CURVE((1.,0.5,1.,0.5,1.,0.5,1.)) REPRESENTATION_ITEM(
  '') );
#10226 = CARTESIAN_POINT('',(0.55,7.105427357601E-15));
#10227 = CARTESIAN_POINT('',(0.55,-0.952627944163));
#10228 = CARTESIAN_POINT('',(-0.275,-0.476313972081));
#10229 = CARTESIAN_POINT('',(-1.1,6.970716209695E-15));
#10230 = CARTESIAN_POINT('',(-0.275,0.476313972081));
#10231 = CARTESIAN_POINT('',(0.55,0.952627944163));
#10232 = CARTESIAN_POINT('',(0.55,7.105427357601E-15));
#10233 = ( GEOMETRIC_REPRESENTATION_CONTEXT(2) 
PARAMETRIC_REPRESENTATION_CONTEXT() REPRESENTATION_CONTEXT('2D SPACE',''
  ) );
#10234 = ORIENTED_EDGE('',*,*,#9965,.F.);
#10235 = ADVANCED_FACE('',(#10236),#9635,.T.);
#10236 = FACE_BOUND('',#10237,.F.);
#10237 = EDGE_LOOP('',(#10238,#10239,#10262,#10295,#10321,#10354,#10375,
    #10403,#10429,#10462,#10483,#10509));
#10238 = ORIENTED_EDGE('',*,*,#9614,.T.);
#10239 = ORIENTED_EDGE('',*,*,#10240,.T.);
#10240 = EDGE_CURVE('',#9615,#10241,#10243,.T.);
#10241 = VERTEX_POINT('',#10242);
#10242 = CARTESIAN_POINT('',(40.725,53.2345,26.1));
#10243 = SEAM_CURVE('',#10244,(#10248,#10255),.PCURVE_S1.);
#10244 = LINE('',#10245,#10246);
#10245 = CARTESIAN_POINT('',(40.725,53.2345,24.6));
#10246 = VECTOR('',#10247,1.);
#10247 = DIRECTION('',(0.,0.,1.));
#10248 = PCURVE('',#9635,#10249);
#10249 = DEFINITIONAL_REPRESENTATION('',(#10250),#10254);
#10250 = LINE('',#10251,#10252);
#10251 = CARTESIAN_POINT('',(-6.28318530718,0.));
#10252 = VECTOR('',#10253,1.);
#10253 = DIRECTION('',(-0.,-1.));
#10254 = ( GEOMETRIC_REPRESENTATION_CONTEXT(2) 
PARAMETRIC_REPRESENTATION_CONTEXT() REPRESENTATION_CONTEXT('2D SPACE',''
  ) );
#10255 = PCURVE('',#9635,#10256);
#10256 = DEFINITIONAL_REPRESENTATION('',(#10257),#10261);
#10257 = LINE('',#10258,#10259);
#10258 = CARTESIAN_POINT('',(-0.,0.));
#10259 = VECTOR('',#10260,1.);
#10260 = DIRECTION('',(-0.,-1.));
#10261 = ( GEOMETRIC_REPRESENTATION_CONTEXT(2) 
PARAMETRIC_REPRESENTATION_CONTEXT() REPRESENTATION_CONTEXT('2D SPACE',''
  ) );
#10262 = ORIENTED_EDGE('',*,*,#10263,.F.);
#10263 = EDGE_CURVE('',#10264,#10241,#10266,.T.);
#10264 = VERTEX_POINT('',#10265);
#10265 = CARTESIAN_POINT('',(40.599264068712,53.5845,26.1));
#10266 = SURFACE_CURVE('',#10267,(#10272,#10279),.PCURVE_S1.);
#10267 = CIRCLE('',#10268,0.55);
#10268 = AXIS2_PLACEMENT_3D('',#10269,#10270,#10271);
#10269 = CARTESIAN_POINT('',(40.175,53.2345,26.1));
#10270 = DIRECTION('',(0.,0.,-1.));
#10271 = DIRECTION('',(1.,0.,0.));
#10272 = PCURVE('',#9635,#10273);
#10273 = DEFINITIONAL_REPRESENTATION('',(#10274),#10278);
#10274 = LINE('',#10275,#10276);
#10275 = CARTESIAN_POINT('',(-6.28318530718,-1.5));
#10276 = VECTOR('',#10277,1.);
#10277 = DIRECTION('',(1.,-0.));
#10278 = ( GEOMETRIC_REPRESENTATION_CONTEXT(2) 
PARAMETRIC_REPRESENTATION_CONTEXT() REPRESENTATION_CONTEXT('2D SPACE',''
  ) );
#10279 = PCURVE('',#10280,#10285);
#10280 = PLANE('',#10281);
#10281 = AXIS2_PLACEMENT_3D('',#10282,#10283,#10284);
#10282 = CARTESIAN_POINT('',(40.175,53.2345,26.1));
#10283 = DIRECTION('',(0.,0.,1.));
#10284 = DIRECTION('',(1.,0.,0.));
#10285 = DEFINITIONAL_REPRESENTATION('',(#10286),#10294);
#10286 = ( BOUNDED_CURVE() B_SPLINE_CURVE(2,(#10287,#10288,#10289,#10290
    ,#10291,#10292,#10293),.UNSPECIFIED.,.T.,.F.) 
B_SPLINE_CURVE_WITH_KNOTS((1,2,2,2,2,1),(-2.094395102393,0.,
    2.094395102393,4.188790204786,6.28318530718,8.377580409573),
.UNSPECIFIED.) CURVE() GEOMETRIC_REPRESENTATION_ITEM() 
RATIONAL_B_SPLINE_CURVE((1.,0.5,1.,0.5,1.,0.5,1.)) REPRESENTATION_ITEM(
  '') );
#10287 = CARTESIAN_POINT('',(0.55,-7.105427357601E-15));
#10288 = CARTESIAN_POINT('',(0.55,-0.952627944163));
#10289 = CARTESIAN_POINT('',(-0.275,-0.476313972081));
#10290 = CARTESIAN_POINT('',(-1.1,-7.240138505507E-15));
#10291 = CARTESIAN_POINT('',(-0.275,0.476313972081));
#10292 = CARTESIAN_POINT('',(0.55,0.952627944163));
#10293 = CARTESIAN_POINT('',(0.55,-7.105427357601E-15));
#10294 = ( GEOMETRIC_REPRESENTATION_CONTEXT(2) 
PARAMETRIC_REPRESENTATION_CONTEXT() REPRESENTATION_CONTEXT('2D SPACE',''
  ) );
#10295 = ORIENTED_EDGE('',*,*,#10296,.F.);
#10296 = EDGE_CURVE('',#10297,#10264,#10299,.T.);
#10297 = VERTEX_POINT('',#10298);
#10298 = CARTESIAN_POINT('',(40.599264068712,53.5845,26.6));
#10299 = SURFACE_CURVE('',#10300,(#10304,#10310),.PCURVE_S1.);
#10300 = LINE('',#10301,#10302);
#10301 = CARTESIAN_POINT('',(40.599264068712,53.5845,24.6));
#10302 = VECTOR('',#10303,1.);
#10303 = DIRECTION('',(-0.,-0.,-1.));
#10304 = PCURVE('',#9635,#10305);
#10305 = DEFINITIONAL_REPRESENTATION('',(#10306),#10309);
#10306 = B_SPLINE_CURVE_WITH_KNOTS('',1,(#10307,#10308),.UNSPECIFIED.,
  .F.,.F.,(2,2),(-2.0000006,-1.345),.PIECEWISE_BEZIER_KNOTS.);
#10307 = CARTESIAN_POINT('',(-0.689775000786,-2.0000006));
#10308 = CARTESIAN_POINT('',(-0.689775000786,-1.345));
#10309 = ( GEOMETRIC_REPRESENTATION_CONTEXT(2) 
PARAMETRIC_REPRESENTATION_CONTEXT() REPRESENTATION_CONTEXT('2D SPACE',''
  ) );
#10310 = PCURVE('',#10311,#10316);
#10311 = PLANE('',#10312);
#10312 = AXIS2_PLACEMENT_3D('',#10313,#10314,#10315);
#10313 = CARTESIAN_POINT('',(42.,53.5845,26.1));
#10314 = DIRECTION('',(0.,-1.,0.));
#10315 = DIRECTION('',(-1.,0.,0.));
#10316 = DEFINITIONAL_REPRESENTATION('',(#10317),#10320);
#10317 = B_SPLINE_CURVE_WITH_KNOTS('',1,(#10318,#10319),.UNSPECIFIED.,
  .F.,.F.,(2,2),(-2.0000006,-1.345),.PIECEWISE_BEZIER_KNOTS.);
#10318 = CARTESIAN_POINT('',(1.400735931288,-0.5000006));
#10319 = CARTESIAN_POINT('',(1.400735931288,0.155));
#10320 = ( GEOMETRIC_REPRESENTATION_CONTEXT(2) 
PARAMETRIC_REPRESENTATION_CONTEXT() REPRESENTATION_CONTEXT('2D SPACE',''
  ) );
#10321 = ORIENTED_EDGE('',*,*,#10322,.F.);
#10322 = EDGE_CURVE('',#10323,#10297,#10325,.T.);
#10323 = VERTEX_POINT('',#10324);
#10324 = CARTESIAN_POINT('',(39.750735931288,53.5845,26.6));
#10325 = SURFACE_CURVE('',#10326,(#10331,#10338),.PCURVE_S1.);
#10326 = CIRCLE('',#10327,0.55);
#10327 = AXIS2_PLACEMENT_3D('',#10328,#10329,#10330);
#10328 = CARTESIAN_POINT('',(40.175,53.2345,26.6));
#10329 = DIRECTION('',(0.,0.,-1.));
#10330 = DIRECTION('',(1.,0.,0.));
#10331 = PCURVE('',#9635,#10332);
#10332 = DEFINITIONAL_REPRESENTATION('',(#10333),#10337);
#10333 = LINE('',#10334,#10335);
#10334 = CARTESIAN_POINT('',(-6.28318530718,-2.));
#10335 = VECTOR('',#10336,1.);
#10336 = DIRECTION('',(1.,-0.));
#10337 = ( GEOMETRIC_REPRESENTATION_CONTEXT(2) 
PARAMETRIC_REPRESENTATION_CONTEXT() REPRESENTATION_CONTEXT('2D SPACE',''
  ) );
#10338 = PCURVE('',#10339,#10344);
#10339 = PLANE('',#10340);
#10340 = AXIS2_PLACEMENT_3D('',#10341,#10342,#10343);
#10341 = CARTESIAN_POINT('',(40.175,53.2345,26.6));
#10342 = DIRECTION('',(0.,0.,1.));
#10343 = DIRECTION('',(1.,0.,-0.));
#10344 = DEFINITIONAL_REPRESENTATION('',(#10345),#10353);
#10345 = ( BOUNDED_CURVE() B_SPLINE_CURVE(2,(#10346,#10347,#10348,#10349
    ,#10350,#10351,#10352),.UNSPECIFIED.,.T.,.F.) 
B_SPLINE_CURVE_WITH_KNOTS((1,2,2,2,2,1),(-2.094395102393,0.,
    2.094395102393,4.188790204786,6.28318530718,8.377580409573),
.UNSPECIFIED.) CURVE() GEOMETRIC_REPRESENTATION_ITEM() 
RATIONAL_B_SPLINE_CURVE((1.,0.5,1.,0.5,1.,0.5,1.)) REPRESENTATION_ITEM(
  '') );
#10346 = CARTESIAN_POINT('',(0.55,0.));
#10347 = CARTESIAN_POINT('',(0.55,-0.952627944163));
#10348 = CARTESIAN_POINT('',(-0.275,-0.476313972081));
#10349 = CARTESIAN_POINT('',(-1.1,-1.347111479062E-16));
#10350 = CARTESIAN_POINT('',(-0.275,0.476313972081));
#10351 = CARTESIAN_POINT('',(0.55,0.952627944163));
#10352 = CARTESIAN_POINT('',(0.55,0.));
#10353 = ( GEOMETRIC_REPRESENTATION_CONTEXT(2) 
PARAMETRIC_REPRESENTATION_CONTEXT() REPRESENTATION_CONTEXT('2D SPACE',''
  ) );
#10354 = ORIENTED_EDGE('',*,*,#10355,.T.);
#10355 = EDGE_CURVE('',#10323,#10356,#10358,.T.);
#10356 = VERTEX_POINT('',#10357);
#10357 = CARTESIAN_POINT('',(39.750735931288,53.5845,26.1));
#10358 = SURFACE_CURVE('',#10359,(#10363,#10369),.PCURVE_S1.);
#10359 = LINE('',#10360,#10361);
#10360 = CARTESIAN_POINT('',(39.750735931288,53.5845,24.6));
#10361 = VECTOR('',#10362,1.);
#10362 = DIRECTION('',(-0.,-0.,-1.));
#10363 = PCURVE('',#9635,#10364);
#10364 = DEFINITIONAL_REPRESENTATION('',(#10365),#10368);
#10365 = B_SPLINE_CURVE_WITH_KNOTS('',1,(#10366,#10367),.UNSPECIFIED.,
  .F.,.F.,(2,2),(-2.0000006,-1.345),.PIECEWISE_BEZIER_KNOTS.);
#10366 = CARTESIAN_POINT('',(-2.451817652804,-2.0000006));
#10367 = CARTESIAN_POINT('',(-2.451817652804,-1.345));
#10368 = ( GEOMETRIC_REPRESENTATION_CONTEXT(2) 
PARAMETRIC_REPRESENTATION_CONTEXT() REPRESENTATION_CONTEXT('2D SPACE',''
  ) );
#10369 = PCURVE('',#10311,#10370);
#10370 = DEFINITIONAL_REPRESENTATION('',(#10371),#10374);
#10371 = B_SPLINE_CURVE_WITH_KNOTS('',1,(#10372,#10373),.UNSPECIFIED.,
  .F.,.F.,(2,2),(-2.0000006,-1.345),.PIECEWISE_BEZIER_KNOTS.);
#10372 = CARTESIAN_POINT('',(2.249264068712,-0.5000006));
#10373 = CARTESIAN_POINT('',(2.249264068712,0.155));
#10374 = ( GEOMETRIC_REPRESENTATION_CONTEXT(2) 
PARAMETRIC_REPRESENTATION_CONTEXT() REPRESENTATION_CONTEXT('2D SPACE',''
  ) );
#10375 = ORIENTED_EDGE('',*,*,#10376,.F.);
#10376 = EDGE_CURVE('',#10377,#10356,#10379,.T.);
#10377 = VERTEX_POINT('',#10378);
#10378 = CARTESIAN_POINT('',(39.750735931288,52.8845,26.1));
#10379 = SURFACE_CURVE('',#10380,(#10385,#10392),.PCURVE_S1.);
#10380 = CIRCLE('',#10381,0.55);
#10381 = AXIS2_PLACEMENT_3D('',#10382,#10383,#10384);
#10382 = CARTESIAN_POINT('',(40.175,53.2345,26.1));
#10383 = DIRECTION('',(0.,0.,-1.));
#10384 = DIRECTION('',(1.,0.,0.));
#10385 = PCURVE('',#9635,#10386);
#10386 = DEFINITIONAL_REPRESENTATION('',(#10387),#10391);
#10387 = LINE('',#10388,#10389);
#10388 = CARTESIAN_POINT('',(-6.28318530718,-1.5));
#10389 = VECTOR('',#10390,1.);
#10390 = DIRECTION('',(1.,-0.));
#10391 = ( GEOMETRIC_REPRESENTATION_CONTEXT(2) 
PARAMETRIC_REPRESENTATION_CONTEXT() REPRESENTATION_CONTEXT('2D SPACE',''
  ) );
#10392 = PCURVE('',#10280,#10393);
#10393 = DEFINITIONAL_REPRESENTATION('',(#10394),#10402);
#10394 = ( BOUNDED_CURVE() B_SPLINE_CURVE(2,(#10395,#10396,#10397,#10398
    ,#10399,#10400,#10401),.UNSPECIFIED.,.T.,.F.) 
B_SPLINE_CURVE_WITH_KNOTS((1,2,2,2,2,1),(-2.094395102393,0.,
    2.094395102393,4.188790204786,6.28318530718,8.377580409573),
.UNSPECIFIED.) CURVE() GEOMETRIC_REPRESENTATION_ITEM() 
RATIONAL_B_SPLINE_CURVE((1.,0.5,1.,0.5,1.,0.5,1.)) REPRESENTATION_ITEM(
  '') );
#10395 = CARTESIAN_POINT('',(0.55,-7.105427357601E-15));
#10396 = CARTESIAN_POINT('',(0.55,-0.952627944163));
#10397 = CARTESIAN_POINT('',(-0.275,-0.476313972081));
#10398 = CARTESIAN_POINT('',(-1.1,-7.240138505507E-15));
#10399 = CARTESIAN_POINT('',(-0.275,0.476313972081));
#10400 = CARTESIAN_POINT('',(0.55,0.952627944163));
#10401 = CARTESIAN_POINT('',(0.55,-7.105427357601E-15));
#10402 = ( GEOMETRIC_REPRESENTATION_CONTEXT(2) 
PARAMETRIC_REPRESENTATION_CONTEXT() REPRESENTATION_CONTEXT('2D SPACE',''
  ) );
#10403 = ORIENTED_EDGE('',*,*,#10404,.F.);
#10404 = EDGE_CURVE('',#10405,#10377,#10407,.T.);
#10405 = VERTEX_POINT('',#10406);
#10406 = CARTESIAN_POINT('',(39.750735931288,52.8845,26.6));
#10407 = SURFACE_CURVE('',#10408,(#10412,#10418),.PCURVE_S1.);
#10408 = LINE('',#10409,#10410);
#10409 = CARTESIAN_POINT('',(39.750735931288,52.8845,24.6));
#10410 = VECTOR('',#10411,1.);
#10411 = DIRECTION('',(-0.,-0.,-1.));
#10412 = PCURVE('',#9635,#10413);
#10413 = DEFINITIONAL_REPRESENTATION('',(#10414),#10417);
#10414 = B_SPLINE_CURVE_WITH_KNOTS('',1,(#10415,#10416),.UNSPECIFIED.,
  .F.,.F.,(2,2),(-2.0000006,-1.345),.PIECEWISE_BEZIER_KNOTS.);
#10415 = CARTESIAN_POINT('',(-3.831367654375,-2.0000006));
#10416 = CARTESIAN_POINT('',(-3.831367654375,-1.345));
#10417 = ( GEOMETRIC_REPRESENTATION_CONTEXT(2) 
PARAMETRIC_REPRESENTATION_CONTEXT() REPRESENTATION_CONTEXT('2D SPACE',''
  ) );
#10418 = PCURVE('',#10419,#10424);
#10419 = PLANE('',#10420);
#10420 = AXIS2_PLACEMENT_3D('',#10421,#10422,#10423);
#10421 = CARTESIAN_POINT('',(38.35,52.8845,26.1));
#10422 = DIRECTION('',(0.,1.,0.));
#10423 = DIRECTION('',(1.,0.,0.));
#10424 = DEFINITIONAL_REPRESENTATION('',(#10425),#10428);
#10425 = B_SPLINE_CURVE_WITH_KNOTS('',1,(#10426,#10427),.UNSPECIFIED.,
  .F.,.F.,(2,2),(-2.0000006,-1.345),.PIECEWISE_BEZIER_KNOTS.);
#10426 = CARTESIAN_POINT('',(1.400735931288,-0.5000006));
#10427 = CARTESIAN_POINT('',(1.400735931288,0.155));
#10428 = ( GEOMETRIC_REPRESENTATION_CONTEXT(2) 
PARAMETRIC_REPRESENTATION_CONTEXT() REPRESENTATION_CONTEXT('2D SPACE',''
  ) );
#10429 = ORIENTED_EDGE('',*,*,#10430,.F.);
#10430 = EDGE_CURVE('',#10431,#10405,#10433,.T.);
#10431 = VERTEX_POINT('',#10432);
#10432 = CARTESIAN_POINT('',(40.599264068712,52.8845,26.6));
#10433 = SURFACE_CURVE('',#10434,(#10439,#10446),.PCURVE_S1.);
#10434 = CIRCLE('',#10435,0.55);
#10435 = AXIS2_PLACEMENT_3D('',#10436,#10437,#10438);
#10436 = CARTESIAN_POINT('',(40.175,53.2345,26.6));
#10437 = DIRECTION('',(0.,0.,-1.));
#10438 = DIRECTION('',(1.,0.,0.));
#10439 = PCURVE('',#9635,#10440);
#10440 = DEFINITIONAL_REPRESENTATION('',(#10441),#10445);
#10441 = LINE('',#10442,#10443);
#10442 = CARTESIAN_POINT('',(-6.28318530718,-2.));
#10443 = VECTOR('',#10444,1.);
#10444 = DIRECTION('',(1.,-0.));
#10445 = ( GEOMETRIC_REPRESENTATION_CONTEXT(2) 
PARAMETRIC_REPRESENTATION_CONTEXT() REPRESENTATION_CONTEXT('2D SPACE',''
  ) );
#10446 = PCURVE('',#10447,#10452);
#10447 = PLANE('',#10448);
#10448 = AXIS2_PLACEMENT_3D('',#10449,#10450,#10451);
#10449 = CARTESIAN_POINT('',(40.175,53.2345,26.6));
#10450 = DIRECTION('',(0.,0.,1.));
#10451 = DIRECTION('',(1.,0.,-0.));
#10452 = DEFINITIONAL_REPRESENTATION('',(#10453),#10461);
#10453 = ( BOUNDED_CURVE() B_SPLINE_CURVE(2,(#10454,#10455,#10456,#10457
    ,#10458,#10459,#10460),.UNSPECIFIED.,.T.,.F.) 
B_SPLINE_CURVE_WITH_KNOTS((1,2,2,2,2,1),(-2.094395102393,0.,
    2.094395102393,4.188790204786,6.28318530718,8.377580409573),
.UNSPECIFIED.) CURVE() GEOMETRIC_REPRESENTATION_ITEM() 
RATIONAL_B_SPLINE_CURVE((1.,0.5,1.,0.5,1.,0.5,1.)) REPRESENTATION_ITEM(
  '') );
#10454 = CARTESIAN_POINT('',(0.55,0.));
#10455 = CARTESIAN_POINT('',(0.55,-0.952627944163));
#10456 = CARTESIAN_POINT('',(-0.275,-0.476313972081));
#10457 = CARTESIAN_POINT('',(-1.1,-1.347111479062E-16));
#10458 = CARTESIAN_POINT('',(-0.275,0.476313972081));
#10459 = CARTESIAN_POINT('',(0.55,0.952627944163));
#10460 = CARTESIAN_POINT('',(0.55,0.));
#10461 = ( GEOMETRIC_REPRESENTATION_CONTEXT(2) 
PARAMETRIC_REPRESENTATION_CONTEXT() REPRESENTATION_CONTEXT('2D SPACE',''
  ) );
#10462 = ORIENTED_EDGE('',*,*,#10463,.T.);
#10463 = EDGE_CURVE('',#10431,#10464,#10466,.T.);
#10464 = VERTEX_POINT('',#10465);
#10465 = CARTESIAN_POINT('',(40.599264068712,52.8845,26.1));
#10466 = SURFACE_CURVE('',#10467,(#10471,#10477),.PCURVE_S1.);
#10467 = LINE('',#10468,#10469);
#10468 = CARTESIAN_POINT('',(40.599264068712,52.8845,24.6));
#10469 = VECTOR('',#10470,1.);
#10470 = DIRECTION('',(-0.,-0.,-1.));
#10471 = PCURVE('',#9635,#10472);
#10472 = DEFINITIONAL_REPRESENTATION('',(#10473),#10476);
#10473 = B_SPLINE_CURVE_WITH_KNOTS('',1,(#10474,#10475),.UNSPECIFIED.,
  .F.,.F.,(2,2),(-2.0000006,-1.345),.PIECEWISE_BEZIER_KNOTS.);
#10474 = CARTESIAN_POINT('',(-5.593410306394,-2.0000006));
#10475 = CARTESIAN_POINT('',(-5.593410306394,-1.345));
#10476 = ( GEOMETRIC_REPRESENTATION_CONTEXT(2) 
PARAMETRIC_REPRESENTATION_CONTEXT() REPRESENTATION_CONTEXT('2D SPACE',''
  ) );
#10477 = PCURVE('',#10419,#10478);
#10478 = DEFINITIONAL_REPRESENTATION('',(#10479),#10482);
#10479 = B_SPLINE_CURVE_WITH_KNOTS('',1,(#10480,#10481),.UNSPECIFIED.,
  .F.,.F.,(2,2),(-2.0000006,-1.345),.PIECEWISE_BEZIER_KNOTS.);
#10480 = CARTESIAN_POINT('',(2.249264068712,-0.5000006));
#10481 = CARTESIAN_POINT('',(2.249264068712,0.155));
#10482 = ( GEOMETRIC_REPRESENTATION_CONTEXT(2) 
PARAMETRIC_REPRESENTATION_CONTEXT() REPRESENTATION_CONTEXT('2D SPACE',''
  ) );
#10483 = ORIENTED_EDGE('',*,*,#10484,.F.);
#10484 = EDGE_CURVE('',#10241,#10464,#10485,.T.);
#10485 = SURFACE_CURVE('',#10486,(#10491,#10498),.PCURVE_S1.);
#10486 = CIRCLE('',#10487,0.55);
#10487 = AXIS2_PLACEMENT_3D('',#10488,#10489,#10490);
#10488 = CARTESIAN_POINT('',(40.175,53.2345,26.1));
#10489 = DIRECTION('',(0.,0.,-1.));
#10490 = DIRECTION('',(1.,0.,0.));
#10491 = PCURVE('',#9635,#10492);
#10492 = DEFINITIONAL_REPRESENTATION('',(#10493),#10497);
#10493 = LINE('',#10494,#10495);
#10494 = CARTESIAN_POINT('',(-6.28318530718,-1.5));
#10495 = VECTOR('',#10496,1.);
#10496 = DIRECTION('',(1.,-0.));
#10497 = ( GEOMETRIC_REPRESENTATION_CONTEXT(2) 
PARAMETRIC_REPRESENTATION_CONTEXT() REPRESENTATION_CONTEXT('2D SPACE',''
  ) );
#10498 = PCURVE('',#10280,#10499);
#10499 = DEFINITIONAL_REPRESENTATION('',(#10500),#10508);
#10500 = ( BOUNDED_CURVE() B_SPLINE_CURVE(2,(#10501,#10502,#10503,#10504
    ,#10505,#10506,#10507),.UNSPECIFIED.,.T.,.F.) 
B_SPLINE_CURVE_WITH_KNOTS((1,2,2,2,2,1),(-2.094395102393,0.,
    2.094395102393,4.188790204786,6.28318530718,8.377580409573),
.UNSPECIFIED.) CURVE() GEOMETRIC_REPRESENTATION_ITEM() 
RATIONAL_B_SPLINE_CURVE((1.,0.5,1.,0.5,1.,0.5,1.)) REPRESENTATION_ITEM(
  '') );
#10501 = CARTESIAN_POINT('',(0.55,-7.105427357601E-15));
#10502 = CARTESIAN_POINT('',(0.55,-0.952627944163));
#10503 = CARTESIAN_POINT('',(-0.275,-0.476313972081));
#10504 = CARTESIAN_POINT('',(-1.1,-7.240138505507E-15));
#10505 = CARTESIAN_POINT('',(-0.275,0.476313972081));
#10506 = CARTESIAN_POINT('',(0.55,0.952627944163));
#10507 = CARTESIAN_POINT('',(0.55,-7.105427357601E-15));
#10508 = ( GEOMETRIC_REPRESENTATION_CONTEXT(2) 
PARAMETRIC_REPRESENTATION_CONTEXT() REPRESENTATION_CONTEXT('2D SPACE',''
  ) );
#10509 = ORIENTED_EDGE('',*,*,#10240,.F.);
#10510 = ADVANCED_FACE('',(#10511),#9674,.T.);
#10511 = FACE_BOUND('',#10512,.F.);
#10512 = EDGE_LOOP('',(#10513,#10514,#10537,#10570,#10596,#10629,#10650,
    #10678,#10704,#10737,#10758,#10784));
#10513 = ORIENTED_EDGE('',*,*,#9653,.T.);
#10514 = ORIENTED_EDGE('',*,*,#10515,.T.);
#10515 = EDGE_CURVE('',#9654,#10516,#10518,.T.);
#10516 = VERTEX_POINT('',#10517);
#10517 = CARTESIAN_POINT('',(12.988,53.1835,26.1));
#10518 = SEAM_CURVE('',#10519,(#10523,#10530),.PCURVE_S1.);
#10519 = LINE('',#10520,#10521);
#10520 = CARTESIAN_POINT('',(12.988,53.1835,24.6));
#10521 = VECTOR('',#10522,1.);
#10522 = DIRECTION('',(0.,0.,1.));
#10523 = PCURVE('',#9674,#10524);
#10524 = DEFINITIONAL_REPRESENTATION('',(#10525),#10529);
#10525 = LINE('',#10526,#10527);
#10526 = CARTESIAN_POINT('',(-6.28318530718,0.));
#10527 = VECTOR('',#10528,1.);
#10528 = DIRECTION('',(-0.,-1.));
#10529 = ( GEOMETRIC_REPRESENTATION_CONTEXT(2) 
PARAMETRIC_REPRESENTATION_CONTEXT() REPRESENTATION_CONTEXT('2D SPACE',''
  ) );
#10530 = PCURVE('',#9674,#10531);
#10531 = DEFINITIONAL_REPRESENTATION('',(#10532),#10536);
#10532 = LINE('',#10533,#10534);
#10533 = CARTESIAN_POINT('',(-0.,0.));
#10534 = VECTOR('',#10535,1.);
#10535 = DIRECTION('',(-0.,-1.));
#10536 = ( GEOMETRIC_REPRESENTATION_CONTEXT(2) 
PARAMETRIC_REPRESENTATION_CONTEXT() REPRESENTATION_CONTEXT('2D SPACE',''
  ) );
#10537 = ORIENTED_EDGE('',*,*,#10538,.F.);
#10538 = EDGE_CURVE('',#10539,#10516,#10541,.T.);
#10539 = VERTEX_POINT('',#10540);
#10540 = CARTESIAN_POINT('',(12.862264068712,53.5335,26.1));
#10541 = SURFACE_CURVE('',#10542,(#10547,#10554),.PCURVE_S1.);
#10542 = CIRCLE('',#10543,0.55);
#10543 = AXIS2_PLACEMENT_3D('',#10544,#10545,#10546);
#10544 = CARTESIAN_POINT('',(12.438,53.1835,26.1));
#10545 = DIRECTION('',(0.,0.,-1.));
#10546 = DIRECTION('',(1.,0.,0.));
#10547 = PCURVE('',#9674,#10548);
#10548 = DEFINITIONAL_REPRESENTATION('',(#10549),#10553);
#10549 = LINE('',#10550,#10551);
#10550 = CARTESIAN_POINT('',(-6.28318530718,-1.5));
#10551 = VECTOR('',#10552,1.);
#10552 = DIRECTION('',(1.,-0.));
#10553 = ( GEOMETRIC_REPRESENTATION_CONTEXT(2) 
PARAMETRIC_REPRESENTATION_CONTEXT() REPRESENTATION_CONTEXT('2D SPACE',''
  ) );
#10554 = PCURVE('',#10555,#10560);
#10555 = PLANE('',#10556);
#10556 = AXIS2_PLACEMENT_3D('',#10557,#10558,#10559);
#10557 = CARTESIAN_POINT('',(12.438,53.1835,26.1));
#10558 = DIRECTION('',(0.,0.,1.));
#10559 = DIRECTION('',(1.,0.,0.));
#10560 = DEFINITIONAL_REPRESENTATION('',(#10561),#10569);
#10561 = ( BOUNDED_CURVE() B_SPLINE_CURVE(2,(#10562,#10563,#10564,#10565
    ,#10566,#10567,#10568),.UNSPECIFIED.,.T.,.F.) 
B_SPLINE_CURVE_WITH_KNOTS((1,2,2,2,2,1),(-2.094395102393,0.,
    2.094395102393,4.188790204786,6.28318530718,8.377580409573),
.UNSPECIFIED.) CURVE() GEOMETRIC_REPRESENTATION_ITEM() 
RATIONAL_B_SPLINE_CURVE((1.,0.5,1.,0.5,1.,0.5,1.)) REPRESENTATION_ITEM(
  '') );
#10562 = CARTESIAN_POINT('',(0.55,-7.105427357601E-15));
#10563 = CARTESIAN_POINT('',(0.55,-0.952627944163));
#10564 = CARTESIAN_POINT('',(-0.275,-0.476313972081));
#10565 = CARTESIAN_POINT('',(-1.1,-7.240138505507E-15));
#10566 = CARTESIAN_POINT('',(-0.275,0.476313972081));
#10567 = CARTESIAN_POINT('',(0.55,0.952627944163));
#10568 = CARTESIAN_POINT('',(0.55,-7.105427357601E-15));
#10569 = ( GEOMETRIC_REPRESENTATION_CONTEXT(2) 
PARAMETRIC_REPRESENTATION_CONTEXT() REPRESENTATION_CONTEXT('2D SPACE',''
  ) );
#10570 = ORIENTED_EDGE('',*,*,#10571,.F.);
#10571 = EDGE_CURVE('',#10572,#10539,#10574,.T.);
#10572 = VERTEX_POINT('',#10573);
#10573 = CARTESIAN_POINT('',(12.862264068712,53.5335,26.6));
#10574 = SURFACE_CURVE('',#10575,(#10579,#10585),.PCURVE_S1.);
#10575 = LINE('',#10576,#10577);
#10576 = CARTESIAN_POINT('',(12.862264068712,53.5335,24.6));
#10577 = VECTOR('',#10578,1.);
#10578 = DIRECTION('',(-0.,-0.,-1.));
#10579 = PCURVE('',#9674,#10580);
#10580 = DEFINITIONAL_REPRESENTATION('',(#10581),#10584);
#10581 = B_SPLINE_CURVE_WITH_KNOTS('',1,(#10582,#10583),.UNSPECIFIED.,
  .F.,.F.,(2,2),(-2.0000006,-1.345),.PIECEWISE_BEZIER_KNOTS.);
#10582 = CARTESIAN_POINT('',(-0.689775000786,-2.0000006));
#10583 = CARTESIAN_POINT('',(-0.689775000786,-1.345));
#10584 = ( GEOMETRIC_REPRESENTATION_CONTEXT(2) 
PARAMETRIC_REPRESENTATION_CONTEXT() REPRESENTATION_CONTEXT('2D SPACE',''
  ) );
#10585 = PCURVE('',#10586,#10591);
#10586 = PLANE('',#10587);
#10587 = AXIS2_PLACEMENT_3D('',#10588,#10589,#10590);
#10588 = CARTESIAN_POINT('',(14.263,53.5335,26.1));
#10589 = DIRECTION('',(0.,-1.,0.));
#10590 = DIRECTION('',(-1.,0.,0.));
#10591 = DEFINITIONAL_REPRESENTATION('',(#10592),#10595);
#10592 = B_SPLINE_CURVE_WITH_KNOTS('',1,(#10593,#10594),.UNSPECIFIED.,
  .F.,.F.,(2,2),(-2.0000006,-1.345),.PIECEWISE_BEZIER_KNOTS.);
#10593 = CARTESIAN_POINT('',(1.400735931288,-0.5000006));
#10594 = CARTESIAN_POINT('',(1.400735931288,0.155));
#10595 = ( GEOMETRIC_REPRESENTATION_CONTEXT(2) 
PARAMETRIC_REPRESENTATION_CONTEXT() REPRESENTATION_CONTEXT('2D SPACE',''
  ) );
#10596 = ORIENTED_EDGE('',*,*,#10597,.F.);
#10597 = EDGE_CURVE('',#10598,#10572,#10600,.T.);
#10598 = VERTEX_POINT('',#10599);
#10599 = CARTESIAN_POINT('',(12.013735931288,53.5335,26.6));
#10600 = SURFACE_CURVE('',#10601,(#10606,#10613),.PCURVE_S1.);
#10601 = CIRCLE('',#10602,0.55);
#10602 = AXIS2_PLACEMENT_3D('',#10603,#10604,#10605);
#10603 = CARTESIAN_POINT('',(12.438,53.1835,26.6));
#10604 = DIRECTION('',(0.,0.,-1.));
#10605 = DIRECTION('',(1.,0.,0.));
#10606 = PCURVE('',#9674,#10607);
#10607 = DEFINITIONAL_REPRESENTATION('',(#10608),#10612);
#10608 = LINE('',#10609,#10610);
#10609 = CARTESIAN_POINT('',(-6.28318530718,-2.));
#10610 = VECTOR('',#10611,1.);
#10611 = DIRECTION('',(1.,-0.));
#10612 = ( GEOMETRIC_REPRESENTATION_CONTEXT(2) 
PARAMETRIC_REPRESENTATION_CONTEXT() REPRESENTATION_CONTEXT('2D SPACE',''
  ) );
#10613 = PCURVE('',#10614,#10619);
#10614 = PLANE('',#10615);
#10615 = AXIS2_PLACEMENT_3D('',#10616,#10617,#10618);
#10616 = CARTESIAN_POINT('',(12.438,53.1835,26.6));
#10617 = DIRECTION('',(0.,0.,1.));
#10618 = DIRECTION('',(1.,0.,-0.));
#10619 = DEFINITIONAL_REPRESENTATION('',(#10620),#10628);
#10620 = ( BOUNDED_CURVE() B_SPLINE_CURVE(2,(#10621,#10622,#10623,#10624
    ,#10625,#10626,#10627),.UNSPECIFIED.,.T.,.F.) 
B_SPLINE_CURVE_WITH_KNOTS((1,2,2,2,2,1),(-2.094395102393,0.,
    2.094395102393,4.188790204786,6.28318530718,8.377580409573),
.UNSPECIFIED.) CURVE() GEOMETRIC_REPRESENTATION_ITEM() 
RATIONAL_B_SPLINE_CURVE((1.,0.5,1.,0.5,1.,0.5,1.)) REPRESENTATION_ITEM(
  '') );
#10621 = CARTESIAN_POINT('',(0.55,-7.105427357601E-15));
#10622 = CARTESIAN_POINT('',(0.55,-0.952627944163));
#10623 = CARTESIAN_POINT('',(-0.275,-0.476313972081));
#10624 = CARTESIAN_POINT('',(-1.1,-7.240138505507E-15));
#10625 = CARTESIAN_POINT('',(-0.275,0.476313972081));
#10626 = CARTESIAN_POINT('',(0.55,0.952627944163));
#10627 = CARTESIAN_POINT('',(0.55,-7.105427357601E-15));
#10628 = ( GEOMETRIC_REPRESENTATION_CONTEXT(2) 
PARAMETRIC_REPRESENTATION_CONTEXT() REPRESENTATION_CONTEXT('2D SPACE',''
  ) );
#10629 = ORIENTED_EDGE('',*,*,#10630,.T.);
#10630 = EDGE_CURVE('',#10598,#10631,#10633,.T.);
#10631 = VERTEX_POINT('',#10632);
#10632 = CARTESIAN_POINT('',(12.013735931288,53.5335,26.1));
#10633 = SURFACE_CURVE('',#10634,(#10638,#10644),.PCURVE_S1.);
#10634 = LINE('',#10635,#10636);
#10635 = CARTESIAN_POINT('',(12.013735931288,53.5335,24.6));
#10636 = VECTOR('',#10637,1.);
#10637 = DIRECTION('',(-0.,-0.,-1.));
#10638 = PCURVE('',#9674,#10639);
#10639 = DEFINITIONAL_REPRESENTATION('',(#10640),#10643);
#10640 = B_SPLINE_CURVE_WITH_KNOTS('',1,(#10641,#10642),.UNSPECIFIED.,
  .F.,.F.,(2,2),(-2.0000006,-1.345),.PIECEWISE_BEZIER_KNOTS.);
#10641 = CARTESIAN_POINT('',(-2.451817652804,-2.0000006));
#10642 = CARTESIAN_POINT('',(-2.451817652804,-1.345));
#10643 = ( GEOMETRIC_REPRESENTATION_CONTEXT(2) 
PARAMETRIC_REPRESENTATION_CONTEXT() REPRESENTATION_CONTEXT('2D SPACE',''
  ) );
#10644 = PCURVE('',#10586,#10645);
#10645 = DEFINITIONAL_REPRESENTATION('',(#10646),#10649);
#10646 = B_SPLINE_CURVE_WITH_KNOTS('',1,(#10647,#10648),.UNSPECIFIED.,
  .F.,.F.,(2,2),(-2.0000006,-1.345),.PIECEWISE_BEZIER_KNOTS.);
#10647 = CARTESIAN_POINT('',(2.249264068712,-0.5000006));
#10648 = CARTESIAN_POINT('',(2.249264068712,0.155));
#10649 = ( GEOMETRIC_REPRESENTATION_CONTEXT(2) 
PARAMETRIC_REPRESENTATION_CONTEXT() REPRESENTATION_CONTEXT('2D SPACE',''
  ) );
#10650 = ORIENTED_EDGE('',*,*,#10651,.F.);
#10651 = EDGE_CURVE('',#10652,#10631,#10654,.T.);
#10652 = VERTEX_POINT('',#10653);
#10653 = CARTESIAN_POINT('',(12.013735931289,52.8335,26.1));
#10654 = SURFACE_CURVE('',#10655,(#10660,#10667),.PCURVE_S1.);
#10655 = CIRCLE('',#10656,0.55);
#10656 = AXIS2_PLACEMENT_3D('',#10657,#10658,#10659);
#10657 = CARTESIAN_POINT('',(12.438,53.1835,26.1));
#10658 = DIRECTION('',(0.,0.,-1.));
#10659 = DIRECTION('',(1.,0.,0.));
#10660 = PCURVE('',#9674,#10661);
#10661 = DEFINITIONAL_REPRESENTATION('',(#10662),#10666);
#10662 = LINE('',#10663,#10664);
#10663 = CARTESIAN_POINT('',(-6.28318530718,-1.5));
#10664 = VECTOR('',#10665,1.);
#10665 = DIRECTION('',(1.,-0.));
#10666 = ( GEOMETRIC_REPRESENTATION_CONTEXT(2) 
PARAMETRIC_REPRESENTATION_CONTEXT() REPRESENTATION_CONTEXT('2D SPACE',''
  ) );
#10667 = PCURVE('',#10555,#10668);
#10668 = DEFINITIONAL_REPRESENTATION('',(#10669),#10677);
#10669 = ( BOUNDED_CURVE() B_SPLINE_CURVE(2,(#10670,#10671,#10672,#10673
    ,#10674,#10675,#10676),.UNSPECIFIED.,.T.,.F.) 
B_SPLINE_CURVE_WITH_KNOTS((1,2,2,2,2,1),(-2.094395102393,0.,
    2.094395102393,4.188790204786,6.28318530718,8.377580409573),
.UNSPECIFIED.) CURVE() GEOMETRIC_REPRESENTATION_ITEM() 
RATIONAL_B_SPLINE_CURVE((1.,0.5,1.,0.5,1.,0.5,1.)) REPRESENTATION_ITEM(
  '') );
#10670 = CARTESIAN_POINT('',(0.55,-7.105427357601E-15));
#10671 = CARTESIAN_POINT('',(0.55,-0.952627944163));
#10672 = CARTESIAN_POINT('',(-0.275,-0.476313972081));
#10673 = CARTESIAN_POINT('',(-1.1,-7.240138505507E-15));
#10674 = CARTESIAN_POINT('',(-0.275,0.476313972081));
#10675 = CARTESIAN_POINT('',(0.55,0.952627944163));
#10676 = CARTESIAN_POINT('',(0.55,-7.105427357601E-15));
#10677 = ( GEOMETRIC_REPRESENTATION_CONTEXT(2) 
PARAMETRIC_REPRESENTATION_CONTEXT() REPRESENTATION_CONTEXT('2D SPACE',''
  ) );
#10678 = ORIENTED_EDGE('',*,*,#10679,.F.);
#10679 = EDGE_CURVE('',#10680,#10652,#10682,.T.);
#10680 = VERTEX_POINT('',#10681);
#10681 = CARTESIAN_POINT('',(12.013735931288,52.8335,26.6));
#10682 = SURFACE_CURVE('',#10683,(#10687,#10693),.PCURVE_S1.);
#10683 = LINE('',#10684,#10685);
#10684 = CARTESIAN_POINT('',(12.013735931288,52.8335,24.6));
#10685 = VECTOR('',#10686,1.);
#10686 = DIRECTION('',(-0.,-0.,-1.));
#10687 = PCURVE('',#9674,#10688);
#10688 = DEFINITIONAL_REPRESENTATION('',(#10689),#10692);
#10689 = B_SPLINE_CURVE_WITH_KNOTS('',1,(#10690,#10691),.UNSPECIFIED.,
  .F.,.F.,(2,2),(-2.0000006,-1.345),.PIECEWISE_BEZIER_KNOTS.);
#10690 = CARTESIAN_POINT('',(-3.831367654375,-2.0000006));
#10691 = CARTESIAN_POINT('',(-3.831367654375,-1.345));
#10692 = ( GEOMETRIC_REPRESENTATION_CONTEXT(2) 
PARAMETRIC_REPRESENTATION_CONTEXT() REPRESENTATION_CONTEXT('2D SPACE',''
  ) );
#10693 = PCURVE('',#10694,#10699);
#10694 = PLANE('',#10695);
#10695 = AXIS2_PLACEMENT_3D('',#10696,#10697,#10698);
#10696 = CARTESIAN_POINT('',(10.613,52.8335,26.1));
#10697 = DIRECTION('',(0.,1.,0.));
#10698 = DIRECTION('',(1.,0.,0.));
#10699 = DEFINITIONAL_REPRESENTATION('',(#10700),#10703);
#10700 = B_SPLINE_CURVE_WITH_KNOTS('',1,(#10701,#10702),.UNSPECIFIED.,
  .F.,.F.,(2,2),(-2.0000006,-1.345),.PIECEWISE_BEZIER_KNOTS.);
#10701 = CARTESIAN_POINT('',(1.400735931288,-0.5000006));
#10702 = CARTESIAN_POINT('',(1.400735931288,0.155));
#10703 = ( GEOMETRIC_REPRESENTATION_CONTEXT(2) 
PARAMETRIC_REPRESENTATION_CONTEXT() REPRESENTATION_CONTEXT('2D SPACE',''
  ) );
#10704 = ORIENTED_EDGE('',*,*,#10705,.F.);
#10705 = EDGE_CURVE('',#10706,#10680,#10708,.T.);
#10706 = VERTEX_POINT('',#10707);
#10707 = CARTESIAN_POINT('',(12.862264068712,52.8335,26.6));
#10708 = SURFACE_CURVE('',#10709,(#10714,#10721),.PCURVE_S1.);
#10709 = CIRCLE('',#10710,0.55);
#10710 = AXIS2_PLACEMENT_3D('',#10711,#10712,#10713);
#10711 = CARTESIAN_POINT('',(12.438,53.1835,26.6));
#10712 = DIRECTION('',(0.,0.,-1.));
#10713 = DIRECTION('',(1.,0.,0.));
#10714 = PCURVE('',#9674,#10715);
#10715 = DEFINITIONAL_REPRESENTATION('',(#10716),#10720);
#10716 = LINE('',#10717,#10718);
#10717 = CARTESIAN_POINT('',(-6.28318530718,-2.));
#10718 = VECTOR('',#10719,1.);
#10719 = DIRECTION('',(1.,-0.));
#10720 = ( GEOMETRIC_REPRESENTATION_CONTEXT(2) 
PARAMETRIC_REPRESENTATION_CONTEXT() REPRESENTATION_CONTEXT('2D SPACE',''
  ) );
#10721 = PCURVE('',#10722,#10727);
#10722 = PLANE('',#10723);
#10723 = AXIS2_PLACEMENT_3D('',#10724,#10725,#10726);
#10724 = CARTESIAN_POINT('',(12.438,53.1835,26.6));
#10725 = DIRECTION('',(0.,0.,1.));
#10726 = DIRECTION('',(1.,0.,-0.));
#10727 = DEFINITIONAL_REPRESENTATION('',(#10728),#10736);
#10728 = ( BOUNDED_CURVE() B_SPLINE_CURVE(2,(#10729,#10730,#10731,#10732
    ,#10733,#10734,#10735),.UNSPECIFIED.,.T.,.F.) 
B_SPLINE_CURVE_WITH_KNOTS((1,2,2,2,2,1),(-2.094395102393,0.,
    2.094395102393,4.188790204786,6.28318530718,8.377580409573),
.UNSPECIFIED.) CURVE() GEOMETRIC_REPRESENTATION_ITEM() 
RATIONAL_B_SPLINE_CURVE((1.,0.5,1.,0.5,1.,0.5,1.)) REPRESENTATION_ITEM(
  '') );
#10729 = CARTESIAN_POINT('',(0.55,-7.105427357601E-15));
#10730 = CARTESIAN_POINT('',(0.55,-0.952627944163));
#10731 = CARTESIAN_POINT('',(-0.275,-0.476313972081));
#10732 = CARTESIAN_POINT('',(-1.1,-7.240138505507E-15));
#10733 = CARTESIAN_POINT('',(-0.275,0.476313972081));
#10734 = CARTESIAN_POINT('',(0.55,0.952627944163));
#10735 = CARTESIAN_POINT('',(0.55,-7.105427357601E-15));
#10736 = ( GEOMETRIC_REPRESENTATION_CONTEXT(2) 
PARAMETRIC_REPRESENTATION_CONTEXT() REPRESENTATION_CONTEXT('2D SPACE',''
  ) );
#10737 = ORIENTED_EDGE('',*,*,#10738,.T.);
#10738 = EDGE_CURVE('',#10706,#10739,#10741,.T.);
#10739 = VERTEX_POINT('',#10740);
#10740 = CARTESIAN_POINT('',(12.862264068711,52.8335,26.1));
#10741 = SURFACE_CURVE('',#10742,(#10746,#10752),.PCURVE_S1.);
#10742 = LINE('',#10743,#10744);
#10743 = CARTESIAN_POINT('',(12.862264068712,52.8335,24.6));
#10744 = VECTOR('',#10745,1.);
#10745 = DIRECTION('',(-0.,-0.,-1.));
#10746 = PCURVE('',#9674,#10747);
#10747 = DEFINITIONAL_REPRESENTATION('',(#10748),#10751);
#10748 = B_SPLINE_CURVE_WITH_KNOTS('',1,(#10749,#10750),.UNSPECIFIED.,
  .F.,.F.,(2,2),(-2.0000006,-1.345),.PIECEWISE_BEZIER_KNOTS.);
#10749 = CARTESIAN_POINT('',(-5.593410306394,-2.0000006));
#10750 = CARTESIAN_POINT('',(-5.593410306394,-1.345));
#10751 = ( GEOMETRIC_REPRESENTATION_CONTEXT(2) 
PARAMETRIC_REPRESENTATION_CONTEXT() REPRESENTATION_CONTEXT('2D SPACE',''
  ) );
#10752 = PCURVE('',#10694,#10753);
#10753 = DEFINITIONAL_REPRESENTATION('',(#10754),#10757);
#10754 = B_SPLINE_CURVE_WITH_KNOTS('',1,(#10755,#10756),.UNSPECIFIED.,
  .F.,.F.,(2,2),(-2.0000006,-1.345),.PIECEWISE_BEZIER_KNOTS.);
#10755 = CARTESIAN_POINT('',(2.249264068712,-0.5000006));
#10756 = CARTESIAN_POINT('',(2.249264068712,0.155));
#10757 = ( GEOMETRIC_REPRESENTATION_CONTEXT(2) 
PARAMETRIC_REPRESENTATION_CONTEXT() REPRESENTATION_CONTEXT('2D SPACE',''
  ) );
#10758 = ORIENTED_EDGE('',*,*,#10759,.F.);
#10759 = EDGE_CURVE('',#10516,#10739,#10760,.T.);
#10760 = SURFACE_CURVE('',#10761,(#10766,#10773),.PCURVE_S1.);
#10761 = CIRCLE('',#10762,0.55);
#10762 = AXIS2_PLACEMENT_3D('',#10763,#10764,#10765);
#10763 = CARTESIAN_POINT('',(12.438,53.1835,26.1));
#10764 = DIRECTION('',(0.,0.,-1.));
#10765 = DIRECTION('',(1.,0.,0.));
#10766 = PCURVE('',#9674,#10767);
#10767 = DEFINITIONAL_REPRESENTATION('',(#10768),#10772);
#10768 = LINE('',#10769,#10770);
#10769 = CARTESIAN_POINT('',(-6.28318530718,-1.5));
#10770 = VECTOR('',#10771,1.);
#10771 = DIRECTION('',(1.,-0.));
#10772 = ( GEOMETRIC_REPRESENTATION_CONTEXT(2) 
PARAMETRIC_REPRESENTATION_CONTEXT() REPRESENTATION_CONTEXT('2D SPACE',''
  ) );
#10773 = PCURVE('',#10555,#10774);
#10774 = DEFINITIONAL_REPRESENTATION('',(#10775),#10783);
#10775 = ( BOUNDED_CURVE() B_SPLINE_CURVE(2,(#10776,#10777,#10778,#10779
    ,#10780,#10781,#10782),.UNSPECIFIED.,.T.,.F.) 
B_SPLINE_CURVE_WITH_KNOTS((1,2,2,2,2,1),(-2.094395102393,0.,
    2.094395102393,4.188790204786,6.28318530718,8.377580409573),
.UNSPECIFIED.) CURVE() GEOMETRIC_REPRESENTATION_ITEM() 
RATIONAL_B_SPLINE_CURVE((1.,0.5,1.,0.5,1.,0.5,1.)) REPRESENTATION_ITEM(
  '') );
#10776 = CARTESIAN_POINT('',(0.55,-7.105427357601E-15));
#10777 = CARTESIAN_POINT('',(0.55,-0.952627944163));
#10778 = CARTESIAN_POINT('',(-0.275,-0.476313972081));
#10779 = CARTESIAN_POINT('',(-1.1,-7.240138505507E-15));
#10780 = CARTESIAN_POINT('',(-0.275,0.476313972081));
#10781 = CARTESIAN_POINT('',(0.55,0.952627944163));
#10782 = CARTESIAN_POINT('',(0.55,-7.105427357601E-15));
#10783 = ( GEOMETRIC_REPRESENTATION_CONTEXT(2) 
PARAMETRIC_REPRESENTATION_CONTEXT() REPRESENTATION_CONTEXT('2D SPACE',''
  ) );
#10784 = ORIENTED_EDGE('',*,*,#10515,.F.);
#10785 = ADVANCED_FACE('',(#10786),#9730,.T.);
#10786 = FACE_BOUND('',#10787,.T.);
#10787 = EDGE_LOOP('',(#10788,#10789,#10810,#10811,#10812));
#10788 = ORIENTED_EDGE('',*,*,#9826,.F.);
#10789 = ORIENTED_EDGE('',*,*,#10790,.T.);
#10790 = EDGE_CURVE('',#9827,#9914,#10791,.T.);
#10791 = SURFACE_CURVE('',#10792,(#10796,#10803),.PCURVE_S1.);
#10792 = LINE('',#10793,#10794);
#10793 = CARTESIAN_POINT('',(10.613,-52.7035,26.1));
#10794 = VECTOR('',#10795,1.);
#10795 = DIRECTION('',(1.,0.,0.));
#10796 = PCURVE('',#9730,#10797);
#10797 = DEFINITIONAL_REPRESENTATION('',(#10798),#10802);
#10798 = LINE('',#10799,#10800);
#10799 = CARTESIAN_POINT('',(-1.825,-0.35));
#10800 = VECTOR('',#10801,1.);
#10801 = DIRECTION('',(1.,0.));
#10802 = ( GEOMETRIC_REPRESENTATION_CONTEXT(2) 
PARAMETRIC_REPRESENTATION_CONTEXT() REPRESENTATION_CONTEXT('2D SPACE',''
  ) );
#10803 = PCURVE('',#9869,#10804);
#10804 = DEFINITIONAL_REPRESENTATION('',(#10805),#10809);
#10805 = LINE('',#10806,#10807);
#10806 = CARTESIAN_POINT('',(0.,0.));
#10807 = VECTOR('',#10808,1.);
#10808 = DIRECTION('',(1.,0.));
#10809 = ( GEOMETRIC_REPRESENTATION_CONTEXT(2) 
PARAMETRIC_REPRESENTATION_CONTEXT() REPRESENTATION_CONTEXT('2D SPACE',''
  ) );
#10810 = ORIENTED_EDGE('',*,*,#9934,.F.);
#10811 = ORIENTED_EDGE('',*,*,#9713,.F.);
#10812 = ORIENTED_EDGE('',*,*,#10813,.T.);
#10813 = EDGE_CURVE('',#9714,#9806,#10814,.T.);
#10814 = SURFACE_CURVE('',#10815,(#10819,#10826),.PCURVE_S1.);
#10815 = LINE('',#10816,#10817);
#10816 = CARTESIAN_POINT('',(14.263,-52.0035,26.1));
#10817 = VECTOR('',#10818,1.);
#10818 = DIRECTION('',(-1.,0.,0.));
#10819 = PCURVE('',#9730,#10820);
#10820 = DEFINITIONAL_REPRESENTATION('',(#10821),#10825);
#10821 = LINE('',#10822,#10823);
#10822 = CARTESIAN_POINT('',(1.825,0.35));
#10823 = VECTOR('',#10824,1.);
#10824 = DIRECTION('',(-1.,0.));
#10825 = ( GEOMETRIC_REPRESENTATION_CONTEXT(2) 
PARAMETRIC_REPRESENTATION_CONTEXT() REPRESENTATION_CONTEXT('2D SPACE',''
  ) );
#10826 = PCURVE('',#9761,#10827);
#10827 = DEFINITIONAL_REPRESENTATION('',(#10828),#10832);
#10828 = LINE('',#10829,#10830);
#10829 = CARTESIAN_POINT('',(0.,-0.));
#10830 = VECTOR('',#10831,1.);
#10831 = DIRECTION('',(1.,0.));
#10832 = ( GEOMETRIC_REPRESENTATION_CONTEXT(2) 
PARAMETRIC_REPRESENTATION_CONTEXT() REPRESENTATION_CONTEXT('2D SPACE',''
  ) );
#10833 = ADVANCED_FACE('',(#10834),#9869,.T.);
#10834 = FACE_BOUND('',#10835,.T.);
#10835 = EDGE_LOOP('',(#10836,#10837,#10838,#10859,#10885,#10911,#10937,
    #10963,#10989,#11017,#11038,#11059,#11080,#11101,#11122,#11141));
#10836 = ORIENTED_EDGE('',*,*,#10790,.F.);
#10837 = ORIENTED_EDGE('',*,*,#9854,.F.);
#10838 = ORIENTED_EDGE('',*,*,#10839,.T.);
#10839 = EDGE_CURVE('',#9855,#10840,#10842,.T.);
#10840 = VERTEX_POINT('',#10841);
#10841 = CARTESIAN_POINT('',(11.746534165703,-52.7035,26.6));
#10842 = SURFACE_CURVE('',#10843,(#10847,#10853),.PCURVE_S1.);
#10843 = LINE('',#10844,#10845);
#10844 = CARTESIAN_POINT('',(11.5255,-52.7035,26.6));
#10845 = VECTOR('',#10846,1.);
#10846 = DIRECTION('',(-1.,0.,0.));
#10847 = PCURVE('',#9869,#10848);
#10848 = DEFINITIONAL_REPRESENTATION('',(#10849),#10852);
#10849 = B_SPLINE_CURVE_WITH_KNOTS('',1,(#10850,#10851),.UNSPECIFIED.,
  .F.,.F.,(2,2),(-1.6875,-0.1375),.PIECEWISE_BEZIER_KNOTS.);
#10850 = CARTESIAN_POINT('',(2.6,-0.5));
#10851 = CARTESIAN_POINT('',(1.05,-0.5));
#10852 = ( GEOMETRIC_REPRESENTATION_CONTEXT(2) 
PARAMETRIC_REPRESENTATION_CONTEXT() REPRESENTATION_CONTEXT('2D SPACE',''
  ) );
#10853 = PCURVE('',#9897,#10854);
#10854 = DEFINITIONAL_REPRESENTATION('',(#10855),#10858);
#10855 = B_SPLINE_CURVE_WITH_KNOTS('',1,(#10856,#10857),.UNSPECIFIED.,
  .F.,.F.,(2,2),(-1.6875,-0.1375),.PIECEWISE_BEZIER_KNOTS.);
#10856 = CARTESIAN_POINT('',(0.775,-0.35));
#10857 = CARTESIAN_POINT('',(-0.775,-0.35));
#10858 = ( GEOMETRIC_REPRESENTATION_CONTEXT(2) 
PARAMETRIC_REPRESENTATION_CONTEXT() REPRESENTATION_CONTEXT('2D SPACE',''
  ) );
#10859 = ORIENTED_EDGE('',*,*,#10860,.F.);
#10860 = EDGE_CURVE('',#10861,#10840,#10863,.T.);
#10861 = VERTEX_POINT('',#10862);
#10862 = CARTESIAN_POINT('',(11.746534165703,-52.7035,26.95));
#10863 = SURFACE_CURVE('',#10864,(#10868,#10874),.PCURVE_S1.);
#10864 = LINE('',#10865,#10866);
#10865 = CARTESIAN_POINT('',(11.746534165703,-52.7035,26.6));
#10866 = VECTOR('',#10867,1.);
#10867 = DIRECTION('',(-0.,-0.,-1.));
#10868 = PCURVE('',#9869,#10869);
#10869 = DEFINITIONAL_REPRESENTATION('',(#10870),#10873);
#10870 = B_SPLINE_CURVE_WITH_KNOTS('',1,(#10871,#10872),.UNSPECIFIED.,
  .F.,.F.,(2,2),(-0.3500006,5.999999999062E-07),
  .PIECEWISE_BEZIER_KNOTS.);
#10871 = CARTESIAN_POINT('',(1.133534165703,-0.8500006));
#10872 = CARTESIAN_POINT('',(1.133534165703,-0.4999994));
#10873 = ( GEOMETRIC_REPRESENTATION_CONTEXT(2) 
PARAMETRIC_REPRESENTATION_CONTEXT() REPRESENTATION_CONTEXT('2D SPACE',''
  ) );
#10874 = PCURVE('',#10875,#10880);
#10875 = CYLINDRICAL_SURFACE('',#10876,0.775);
#10876 = AXIS2_PLACEMENT_3D('',#10877,#10878,#10879);
#10877 = CARTESIAN_POINT('',(12.438,-52.3535,26.6));
#10878 = DIRECTION('',(-0.,-0.,-1.));
#10879 = DIRECTION('',(1.,0.,0.));
#10880 = DEFINITIONAL_REPRESENTATION('',(#10881),#10884);
#10881 = B_SPLINE_CURVE_WITH_KNOTS('',1,(#10882,#10883),.UNSPECIFIED.,
  .F.,.F.,(2,2),(-0.3500006,5.999999999062E-07),
  .PIECEWISE_BEZIER_KNOTS.);
#10882 = CARTESIAN_POINT('',(-3.610164921114,-0.3500006));
#10883 = CARTESIAN_POINT('',(-3.610164921114,5.999999999062E-07));
#10884 = ( GEOMETRIC_REPRESENTATION_CONTEXT(2) 
PARAMETRIC_REPRESENTATION_CONTEXT() REPRESENTATION_CONTEXT('2D SPACE',''
  ) );
#10885 = ORIENTED_EDGE('',*,*,#10886,.F.);
#10886 = EDGE_CURVE('',#10887,#10861,#10889,.T.);
#10887 = VERTEX_POINT('',#10888);
#10888 = CARTESIAN_POINT('',(12.013735931288,-52.7035,26.95));
#10889 = SURFACE_CURVE('',#10890,(#10894,#10900),.PCURVE_S1.);
#10890 = LINE('',#10891,#10892);
#10891 = CARTESIAN_POINT('',(11.5255,-52.7035,26.95));
#10892 = VECTOR('',#10893,1.);
#10893 = DIRECTION('',(-1.,0.,0.));
#10894 = PCURVE('',#9869,#10895);
#10895 = DEFINITIONAL_REPRESENTATION('',(#10896),#10899);
#10896 = B_SPLINE_CURVE_WITH_KNOTS('',1,(#10897,#10898),.UNSPECIFIED.,
  .F.,.F.,(2,2),(-1.6875,-0.1375),.PIECEWISE_BEZIER_KNOTS.);
#10897 = CARTESIAN_POINT('',(2.6,-0.85));
#10898 = CARTESIAN_POINT('',(1.05,-0.85));
#10899 = ( GEOMETRIC_REPRESENTATION_CONTEXT(2) 
PARAMETRIC_REPRESENTATION_CONTEXT() REPRESENTATION_CONTEXT('2D SPACE',''
  ) );
#10900 = PCURVE('',#10901,#10906);
#10901 = PLANE('',#10902);
#10902 = AXIS2_PLACEMENT_3D('',#10903,#10904,#10905);
#10903 = CARTESIAN_POINT('',(12.438,-52.3535,26.95));
#10904 = DIRECTION('',(0.,0.,1.));
#10905 = DIRECTION('',(1.,0.,-0.));
#10906 = DEFINITIONAL_REPRESENTATION('',(#10907),#10910);
#10907 = B_SPLINE_CURVE_WITH_KNOTS('',1,(#10908,#10909),.UNSPECIFIED.,
  .F.,.F.,(2,2),(-1.6875,-0.1375),.PIECEWISE_BEZIER_KNOTS.);
#10908 = CARTESIAN_POINT('',(0.775,-0.35));
#10909 = CARTESIAN_POINT('',(-0.775,-0.35));
#10910 = ( GEOMETRIC_REPRESENTATION_CONTEXT(2) 
PARAMETRIC_REPRESENTATION_CONTEXT() REPRESENTATION_CONTEXT('2D SPACE',''
  ) );
#10911 = ORIENTED_EDGE('',*,*,#10912,.F.);
#10912 = EDGE_CURVE('',#10913,#10887,#10915,.T.);
#10913 = VERTEX_POINT('',#10914);
#10914 = CARTESIAN_POINT('',(12.013735931288,-52.7035,27.55));
#10915 = SURFACE_CURVE('',#10916,(#10920,#10926),.PCURVE_S1.);
#10916 = LINE('',#10917,#10918);
#10917 = CARTESIAN_POINT('',(12.013735931288,-52.7035,24.6));
#10918 = VECTOR('',#10919,1.);
#10919 = DIRECTION('',(-0.,-0.,-1.));
#10920 = PCURVE('',#9869,#10921);
#10921 = DEFINITIONAL_REPRESENTATION('',(#10922),#10925);
#10922 = B_SPLINE_CURVE_WITH_KNOTS('',1,(#10923,#10924),.UNSPECIFIED.,
  .F.,.F.,(2,2),(-2.9500006,-2.3499994),.PIECEWISE_BEZIER_KNOTS.);
#10923 = CARTESIAN_POINT('',(1.400735931288,-1.4500006));
#10924 = CARTESIAN_POINT('',(1.400735931288,-0.8499994));
#10925 = ( GEOMETRIC_REPRESENTATION_CONTEXT(2) 
PARAMETRIC_REPRESENTATION_CONTEXT() REPRESENTATION_CONTEXT('2D SPACE',''
  ) );
#10926 = PCURVE('',#10927,#10932);
#10927 = CYLINDRICAL_SURFACE('',#10928,0.55);
#10928 = AXIS2_PLACEMENT_3D('',#10929,#10930,#10931);
#10929 = CARTESIAN_POINT('',(12.438,-52.3535,24.6));
#10930 = DIRECTION('',(-0.,-0.,-1.));
#10931 = DIRECTION('',(1.,0.,0.));
#10932 = DEFINITIONAL_REPRESENTATION('',(#10933),#10936);
#10933 = B_SPLINE_CURVE_WITH_KNOTS('',1,(#10934,#10935),.UNSPECIFIED.,
  .F.,.F.,(2,2),(-2.9500006,-2.3499994),.PIECEWISE_BEZIER_KNOTS.);
#10934 = CARTESIAN_POINT('',(-3.831367654375,-2.9500006));
#10935 = CARTESIAN_POINT('',(-3.831367654375,-2.3499994));
#10936 = ( GEOMETRIC_REPRESENTATION_CONTEXT(2) 
PARAMETRIC_REPRESENTATION_CONTEXT() REPRESENTATION_CONTEXT('2D SPACE',''
  ) );
#10937 = ORIENTED_EDGE('',*,*,#10938,.T.);
#10938 = EDGE_CURVE('',#10913,#10939,#10941,.T.);
#10939 = VERTEX_POINT('',#10940);
#10940 = CARTESIAN_POINT('',(11.690922360126,-52.7035,27.55));
#10941 = SURFACE_CURVE('',#10942,(#10946,#10952),.PCURVE_S1.);
#10942 = LINE('',#10943,#10944);
#10943 = CARTESIAN_POINT('',(11.5255,-52.7035,27.55));
#10944 = VECTOR('',#10945,1.);
#10945 = DIRECTION('',(-1.,0.,0.));
#10946 = PCURVE('',#9869,#10947);
#10947 = DEFINITIONAL_REPRESENTATION('',(#10948),#10951);
#10948 = B_SPLINE_CURVE_WITH_KNOTS('',1,(#10949,#10950),.UNSPECIFIED.,
  .F.,.F.,(2,2),(-1.7375,-8.75E-02),.PIECEWISE_BEZIER_KNOTS.);
#10949 = CARTESIAN_POINT('',(2.65,-1.45));
#10950 = CARTESIAN_POINT('',(1.,-1.45));
#10951 = ( GEOMETRIC_REPRESENTATION_CONTEXT(2) 
PARAMETRIC_REPRESENTATION_CONTEXT() REPRESENTATION_CONTEXT('2D SPACE',''
  ) );
#10952 = PCURVE('',#10953,#10958);
#10953 = PLANE('',#10954);
#10954 = AXIS2_PLACEMENT_3D('',#10955,#10956,#10957);
#10955 = CARTESIAN_POINT('',(12.438,-52.3535,27.55));
#10956 = DIRECTION('',(0.,0.,1.));
#10957 = DIRECTION('',(1.,0.,-0.));
#10958 = DEFINITIONAL_REPRESENTATION('',(#10959),#10962);
#10959 = B_SPLINE_CURVE_WITH_KNOTS('',1,(#10960,#10961),.UNSPECIFIED.,
  .F.,.F.,(2,2),(-1.7375,-8.75E-02),.PIECEWISE_BEZIER_KNOTS.);
#10960 = CARTESIAN_POINT('',(0.825,-0.35));
#10961 = CARTESIAN_POINT('',(-0.825,-0.35));
#10962 = ( GEOMETRIC_REPRESENTATION_CONTEXT(2) 
PARAMETRIC_REPRESENTATION_CONTEXT() REPRESENTATION_CONTEXT('2D SPACE',''
  ) );
#10963 = ORIENTED_EDGE('',*,*,#10964,.F.);
#10964 = EDGE_CURVE('',#10965,#10939,#10967,.T.);
#10965 = VERTEX_POINT('',#10966);
#10966 = CARTESIAN_POINT('',(11.690922360126,-52.7035,27.65));
#10967 = SURFACE_CURVE('',#10968,(#10972,#10978),.PCURVE_S1.);
#10968 = LINE('',#10969,#10970);
#10969 = CARTESIAN_POINT('',(11.690922360126,-52.7035,27.55));
#10970 = VECTOR('',#10971,1.);
#10971 = DIRECTION('',(-0.,-0.,-1.));
#10972 = PCURVE('',#9869,#10973);
#10973 = DEFINITIONAL_REPRESENTATION('',(#10974),#10977);
#10974 = B_SPLINE_CURVE_WITH_KNOTS('',1,(#10975,#10976),.UNSPECIFIED.,
  .F.,.F.,(2,2),(-0.255,5.999999999062E-07),.PIECEWISE_BEZIER_KNOTS.);
#10975 = CARTESIAN_POINT('',(1.077922360126,-1.705));
#10976 = CARTESIAN_POINT('',(1.077922360126,-1.4499994));
#10977 = ( GEOMETRIC_REPRESENTATION_CONTEXT(2) 
PARAMETRIC_REPRESENTATION_CONTEXT() REPRESENTATION_CONTEXT('2D SPACE',''
  ) );
#10978 = PCURVE('',#10979,#10984);
#10979 = CYLINDRICAL_SURFACE('',#10980,0.825);
#10980 = AXIS2_PLACEMENT_3D('',#10981,#10982,#10983);
#10981 = CARTESIAN_POINT('',(12.438,-52.3535,27.55));
#10982 = DIRECTION('',(-0.,-0.,-1.));
#10983 = DIRECTION('',(1.,0.,0.));
#10984 = DEFINITIONAL_REPRESENTATION('',(#10985),#10988);
#10985 = B_SPLINE_CURVE_WITH_KNOTS('',1,(#10986,#10987),.UNSPECIFIED.,
  .F.,.F.,(2,2),(-0.255,5.999999999062E-07),.PIECEWISE_BEZIER_KNOTS.);
#10986 = CARTESIAN_POINT('',(-3.57971778199,-0.255));
#10987 = CARTESIAN_POINT('',(-3.57971778199,5.999999999062E-07));
#10988 = ( GEOMETRIC_REPRESENTATION_CONTEXT(2) 
PARAMETRIC_REPRESENTATION_CONTEXT() REPRESENTATION_CONTEXT('2D SPACE',''
  ) );
#10989 = ORIENTED_EDGE('',*,*,#10990,.T.);
#10990 = EDGE_CURVE('',#10965,#10991,#10993,.T.);
#10991 = VERTEX_POINT('',#10992);
#10992 = CARTESIAN_POINT('',(13.185077639874,-52.7035,27.65));
#10993 = SURFACE_CURVE('',#10994,(#10998,#11005),.PCURVE_S1.);
#10994 = LINE('',#10995,#10996);
#10995 = CARTESIAN_POINT('',(10.613,-52.7035,27.65));
#10996 = VECTOR('',#10997,1.);
#10997 = DIRECTION('',(1.,0.,0.));
#10998 = PCURVE('',#9869,#10999);
#10999 = DEFINITIONAL_REPRESENTATION('',(#11000),#11004);
#11000 = LINE('',#11001,#11002);
#11001 = CARTESIAN_POINT('',(0.,-1.55));
#11002 = VECTOR('',#11003,1.);
#11003 = DIRECTION('',(1.,0.));
#11004 = ( GEOMETRIC_REPRESENTATION_CONTEXT(2) 
PARAMETRIC_REPRESENTATION_CONTEXT() REPRESENTATION_CONTEXT('2D SPACE',''
  ) );
#11005 = PCURVE('',#11006,#11011);
#11006 = PLANE('',#11007);
#11007 = AXIS2_PLACEMENT_3D('',#11008,#11009,#11010);
#11008 = CARTESIAN_POINT('',(12.438,-52.3535,27.65));
#11009 = DIRECTION('',(0.,0.,1.));
#11010 = DIRECTION('',(1.,0.,0.));
#11011 = DEFINITIONAL_REPRESENTATION('',(#11012),#11016);
#11012 = LINE('',#11013,#11014);
#11013 = CARTESIAN_POINT('',(-1.825,-0.35));
#11014 = VECTOR('',#11015,1.);
#11015 = DIRECTION('',(1.,0.));
#11016 = ( GEOMETRIC_REPRESENTATION_CONTEXT(2) 
PARAMETRIC_REPRESENTATION_CONTEXT() REPRESENTATION_CONTEXT('2D SPACE',''
  ) );
#11017 = ORIENTED_EDGE('',*,*,#11018,.T.);
#11018 = EDGE_CURVE('',#10991,#11019,#11021,.T.);
#11019 = VERTEX_POINT('',#11020);
#11020 = CARTESIAN_POINT('',(13.185077639874,-52.7035,27.55));
#11021 = SURFACE_CURVE('',#11022,(#11026,#11032),.PCURVE_S1.);
#11022 = LINE('',#11023,#11024);
#11023 = CARTESIAN_POINT('',(13.185077639874,-52.7035,27.55));
#11024 = VECTOR('',#11025,1.);
#11025 = DIRECTION('',(-0.,-0.,-1.));
#11026 = PCURVE('',#9869,#11027);
#11027 = DEFINITIONAL_REPRESENTATION('',(#11028),#11031);
#11028 = B_SPLINE_CURVE_WITH_KNOTS('',1,(#11029,#11030),.UNSPECIFIED.,
  .F.,.F.,(2,2),(-0.255,5.999999999062E-07),.PIECEWISE_BEZIER_KNOTS.);
#11029 = CARTESIAN_POINT('',(2.572077639874,-1.705));
#11030 = CARTESIAN_POINT('',(2.572077639874,-1.4499994));
#11031 = ( GEOMETRIC_REPRESENTATION_CONTEXT(2) 
PARAMETRIC_REPRESENTATION_CONTEXT() REPRESENTATION_CONTEXT('2D SPACE',''
  ) );
#11032 = PCURVE('',#10979,#11033);
#11033 = DEFINITIONAL_REPRESENTATION('',(#11034),#11037);
#11034 = B_SPLINE_CURVE_WITH_KNOTS('',1,(#11035,#11036),.UNSPECIFIED.,
  .F.,.F.,(2,2),(-0.255,5.999999999062E-07),.PIECEWISE_BEZIER_KNOTS.);
#11035 = CARTESIAN_POINT('',(-5.84506017878,-0.255));
#11036 = CARTESIAN_POINT('',(-5.84506017878,5.999999999062E-07));
#11037 = ( GEOMETRIC_REPRESENTATION_CONTEXT(2) 
PARAMETRIC_REPRESENTATION_CONTEXT() REPRESENTATION_CONTEXT('2D SPACE',''
  ) );
#11038 = ORIENTED_EDGE('',*,*,#11039,.T.);
#11039 = EDGE_CURVE('',#11019,#11040,#11042,.T.);
#11040 = VERTEX_POINT('',#11041);
#11041 = CARTESIAN_POINT('',(12.862264068712,-52.7035,27.55));
#11042 = SURFACE_CURVE('',#11043,(#11047,#11053),.PCURVE_S1.);
#11043 = LINE('',#11044,#11045);
#11044 = CARTESIAN_POINT('',(11.5255,-52.7035,27.55));
#11045 = VECTOR('',#11046,1.);
#11046 = DIRECTION('',(-1.,0.,0.));
#11047 = PCURVE('',#9869,#11048);
#11048 = DEFINITIONAL_REPRESENTATION('',(#11049),#11052);
#11049 = B_SPLINE_CURVE_WITH_KNOTS('',1,(#11050,#11051),.UNSPECIFIED.,
  .F.,.F.,(2,2),(-1.7375,-8.75E-02),.PIECEWISE_BEZIER_KNOTS.);
#11050 = CARTESIAN_POINT('',(2.65,-1.45));
#11051 = CARTESIAN_POINT('',(1.,-1.45));
#11052 = ( GEOMETRIC_REPRESENTATION_CONTEXT(2) 
PARAMETRIC_REPRESENTATION_CONTEXT() REPRESENTATION_CONTEXT('2D SPACE',''
  ) );
#11053 = PCURVE('',#10953,#11054);
#11054 = DEFINITIONAL_REPRESENTATION('',(#11055),#11058);
#11055 = B_SPLINE_CURVE_WITH_KNOTS('',1,(#11056,#11057),.UNSPECIFIED.,
  .F.,.F.,(2,2),(-1.7375,-8.75E-02),.PIECEWISE_BEZIER_KNOTS.);
#11056 = CARTESIAN_POINT('',(0.825,-0.35));
#11057 = CARTESIAN_POINT('',(-0.825,-0.35));
#11058 = ( GEOMETRIC_REPRESENTATION_CONTEXT(2) 
PARAMETRIC_REPRESENTATION_CONTEXT() REPRESENTATION_CONTEXT('2D SPACE',''
  ) );
#11059 = ORIENTED_EDGE('',*,*,#11060,.T.);
#11060 = EDGE_CURVE('',#11040,#11061,#11063,.T.);
#11061 = VERTEX_POINT('',#11062);
#11062 = CARTESIAN_POINT('',(12.862264068712,-52.7035,26.95));
#11063 = SURFACE_CURVE('',#11064,(#11068,#11074),.PCURVE_S1.);
#11064 = LINE('',#11065,#11066);
#11065 = CARTESIAN_POINT('',(12.862264068712,-52.7035,24.6));
#11066 = VECTOR('',#11067,1.);
#11067 = DIRECTION('',(-0.,-0.,-1.));
#11068 = PCURVE('',#9869,#11069);
#11069 = DEFINITIONAL_REPRESENTATION('',(#11070),#11073);
#11070 = B_SPLINE_CURVE_WITH_KNOTS('',1,(#11071,#11072),.UNSPECIFIED.,
  .F.,.F.,(2,2),(-2.9500006,-2.3499994),.PIECEWISE_BEZIER_KNOTS.);
#11071 = CARTESIAN_POINT('',(2.249264068712,-1.4500006));
#11072 = CARTESIAN_POINT('',(2.249264068712,-0.8499994));
#11073 = ( GEOMETRIC_REPRESENTATION_CONTEXT(2) 
PARAMETRIC_REPRESENTATION_CONTEXT() REPRESENTATION_CONTEXT('2D SPACE',''
  ) );
#11074 = PCURVE('',#10927,#11075);
#11075 = DEFINITIONAL_REPRESENTATION('',(#11076),#11079);
#11076 = B_SPLINE_CURVE_WITH_KNOTS('',1,(#11077,#11078),.UNSPECIFIED.,
  .F.,.F.,(2,2),(-2.9500006,-2.3499994),.PIECEWISE_BEZIER_KNOTS.);
#11077 = CARTESIAN_POINT('',(-5.593410306394,-2.9500006));
#11078 = CARTESIAN_POINT('',(-5.593410306394,-2.3499994));
#11079 = ( GEOMETRIC_REPRESENTATION_CONTEXT(2) 
PARAMETRIC_REPRESENTATION_CONTEXT() REPRESENTATION_CONTEXT('2D SPACE',''
  ) );
#11080 = ORIENTED_EDGE('',*,*,#11081,.F.);
#11081 = EDGE_CURVE('',#11082,#11061,#11084,.T.);
#11082 = VERTEX_POINT('',#11083);
#11083 = CARTESIAN_POINT('',(13.129465834297,-52.7035,26.95));
#11084 = SURFACE_CURVE('',#11085,(#11089,#11095),.PCURVE_S1.);
#11085 = LINE('',#11086,#11087);
#11086 = CARTESIAN_POINT('',(11.5255,-52.7035,26.95));
#11087 = VECTOR('',#11088,1.);
#11088 = DIRECTION('',(-1.,0.,0.));
#11089 = PCURVE('',#9869,#11090);
#11090 = DEFINITIONAL_REPRESENTATION('',(#11091),#11094);
#11091 = B_SPLINE_CURVE_WITH_KNOTS('',1,(#11092,#11093),.UNSPECIFIED.,
  .F.,.F.,(2,2),(-1.6875,-0.1375),.PIECEWISE_BEZIER_KNOTS.);
#11092 = CARTESIAN_POINT('',(2.6,-0.85));
#11093 = CARTESIAN_POINT('',(1.05,-0.85));
#11094 = ( GEOMETRIC_REPRESENTATION_CONTEXT(2) 
PARAMETRIC_REPRESENTATION_CONTEXT() REPRESENTATION_CONTEXT('2D SPACE',''
  ) );
#11095 = PCURVE('',#10901,#11096);
#11096 = DEFINITIONAL_REPRESENTATION('',(#11097),#11100);
#11097 = B_SPLINE_CURVE_WITH_KNOTS('',1,(#11098,#11099),.UNSPECIFIED.,
  .F.,.F.,(2,2),(-1.6875,-0.1375),.PIECEWISE_BEZIER_KNOTS.);
#11098 = CARTESIAN_POINT('',(0.775,-0.35));
#11099 = CARTESIAN_POINT('',(-0.775,-0.35));
#11100 = ( GEOMETRIC_REPRESENTATION_CONTEXT(2) 
PARAMETRIC_REPRESENTATION_CONTEXT() REPRESENTATION_CONTEXT('2D SPACE',''
  ) );
#11101 = ORIENTED_EDGE('',*,*,#11102,.T.);
#11102 = EDGE_CURVE('',#11082,#11103,#11105,.T.);
#11103 = VERTEX_POINT('',#11104);
#11104 = CARTESIAN_POINT('',(13.129465834297,-52.7035,26.6));
#11105 = SURFACE_CURVE('',#11106,(#11110,#11116),.PCURVE_S1.);
#11106 = LINE('',#11107,#11108);
#11107 = CARTESIAN_POINT('',(13.129465834297,-52.7035,26.6));
#11108 = VECTOR('',#11109,1.);
#11109 = DIRECTION('',(-0.,-0.,-1.));
#11110 = PCURVE('',#9869,#11111);
#11111 = DEFINITIONAL_REPRESENTATION('',(#11112),#11115);
#11112 = B_SPLINE_CURVE_WITH_KNOTS('',1,(#11113,#11114),.UNSPECIFIED.,
  .F.,.F.,(2,2),(-0.3500006,5.999999999062E-07),
  .PIECEWISE_BEZIER_KNOTS.);
#11113 = CARTESIAN_POINT('',(2.516465834297,-0.8500006));
#11114 = CARTESIAN_POINT('',(2.516465834297,-0.4999994));
#11115 = ( GEOMETRIC_REPRESENTATION_CONTEXT(2) 
PARAMETRIC_REPRESENTATION_CONTEXT() REPRESENTATION_CONTEXT('2D SPACE',''
  ) );
#11116 = PCURVE('',#10875,#11117);
#11117 = DEFINITIONAL_REPRESENTATION('',(#11118),#11121);
#11118 = B_SPLINE_CURVE_WITH_KNOTS('',1,(#11119,#11120),.UNSPECIFIED.,
  .F.,.F.,(2,2),(-0.3500006,5.999999999062E-07),
  .PIECEWISE_BEZIER_KNOTS.);
#11119 = CARTESIAN_POINT('',(-5.814613039656,-0.3500006));
#11120 = CARTESIAN_POINT('',(-5.814613039656,5.999999999062E-07));
#11121 = ( GEOMETRIC_REPRESENTATION_CONTEXT(2) 
PARAMETRIC_REPRESENTATION_CONTEXT() REPRESENTATION_CONTEXT('2D SPACE',''
  ) );
#11122 = ORIENTED_EDGE('',*,*,#11123,.T.);
#11123 = EDGE_CURVE('',#11103,#9881,#11124,.T.);
#11124 = SURFACE_CURVE('',#11125,(#11129,#11135),.PCURVE_S1.);
#11125 = LINE('',#11126,#11127);
#11126 = CARTESIAN_POINT('',(11.5255,-52.7035,26.6));
#11127 = VECTOR('',#11128,1.);
#11128 = DIRECTION('',(-1.,0.,0.));
#11129 = PCURVE('',#9869,#11130);
#11130 = DEFINITIONAL_REPRESENTATION('',(#11131),#11134);
#11131 = B_SPLINE_CURVE_WITH_KNOTS('',1,(#11132,#11133),.UNSPECIFIED.,
  .F.,.F.,(2,2),(-1.6875,-0.1375),.PIECEWISE_BEZIER_KNOTS.);
#11132 = CARTESIAN_POINT('',(2.6,-0.5));
#11133 = CARTESIAN_POINT('',(1.05,-0.5));
#11134 = ( GEOMETRIC_REPRESENTATION_CONTEXT(2) 
PARAMETRIC_REPRESENTATION_CONTEXT() REPRESENTATION_CONTEXT('2D SPACE',''
  ) );
#11135 = PCURVE('',#9897,#11136);
#11136 = DEFINITIONAL_REPRESENTATION('',(#11137),#11140);
#11137 = B_SPLINE_CURVE_WITH_KNOTS('',1,(#11138,#11139),.UNSPECIFIED.,
  .F.,.F.,(2,2),(-1.6875,-0.1375),.PIECEWISE_BEZIER_KNOTS.);
#11138 = CARTESIAN_POINT('',(0.775,-0.35));
#11139 = CARTESIAN_POINT('',(-0.775,-0.35));
#11140 = ( GEOMETRIC_REPRESENTATION_CONTEXT(2) 
PARAMETRIC_REPRESENTATION_CONTEXT() REPRESENTATION_CONTEXT('2D SPACE',''
  ) );
#11141 = ORIENTED_EDGE('',*,*,#9913,.T.);
#11142 = ADVANCED_FACE('',(#11143),#9897,.F.);
#11143 = FACE_BOUND('',#11144,.F.);
#11144 = EDGE_LOOP('',(#11145,#11167,#11168,#11169));
#11145 = ORIENTED_EDGE('',*,*,#11146,.T.);
#11146 = EDGE_CURVE('',#10840,#11103,#11147,.T.);
#11147 = SURFACE_CURVE('',#11148,(#11153,#11160),.PCURVE_S1.);
#11148 = CIRCLE('',#11149,0.775);
#11149 = AXIS2_PLACEMENT_3D('',#11150,#11151,#11152);
#11150 = CARTESIAN_POINT('',(12.438,-52.3535,26.6));
#11151 = DIRECTION('',(0.,0.,1.));
#11152 = DIRECTION('',(1.,0.,0.));
#11153 = PCURVE('',#9897,#11154);
#11154 = DEFINITIONAL_REPRESENTATION('',(#11155),#11159);
#11155 = CIRCLE('',#11156,0.775);
#11156 = AXIS2_PLACEMENT_2D('',#11157,#11158);
#11157 = CARTESIAN_POINT('',(-3.552713678801E-15,0.));
#11158 = DIRECTION('',(1.,0.));
#11159 = ( GEOMETRIC_REPRESENTATION_CONTEXT(2) 
PARAMETRIC_REPRESENTATION_CONTEXT() REPRESENTATION_CONTEXT('2D SPACE',''
  ) );
#11160 = PCURVE('',#10875,#11161);
#11161 = DEFINITIONAL_REPRESENTATION('',(#11162),#11166);
#11162 = LINE('',#11163,#11164);
#11163 = CARTESIAN_POINT('',(-0.,0.));
#11164 = VECTOR('',#11165,1.);
#11165 = DIRECTION('',(-1.,0.));
#11166 = ( GEOMETRIC_REPRESENTATION_CONTEXT(2) 
PARAMETRIC_REPRESENTATION_CONTEXT() REPRESENTATION_CONTEXT('2D SPACE',''
  ) );
#11167 = ORIENTED_EDGE('',*,*,#11123,.T.);
#11168 = ORIENTED_EDGE('',*,*,#9880,.T.);
#11169 = ORIENTED_EDGE('',*,*,#10839,.T.);
#11170 = ADVANCED_FACE('',(#11171),#9761,.T.);
#11171 = FACE_BOUND('',#11172,.T.);
#11172 = EDGE_LOOP('',(#11173,#11174,#11175,#11196,#11222,#11248,#11274,
    #11300,#11321,#11344,#11365,#11386,#11407,#11428,#11449,#11468));
#11173 = ORIENTED_EDGE('',*,*,#10813,.F.);
#11174 = ORIENTED_EDGE('',*,*,#9746,.F.);
#11175 = ORIENTED_EDGE('',*,*,#11176,.T.);
#11176 = EDGE_CURVE('',#9747,#11177,#11179,.T.);
#11177 = VERTEX_POINT('',#11178);
#11178 = CARTESIAN_POINT('',(13.129465834297,-52.0035,26.6));
#11179 = SURFACE_CURVE('',#11180,(#11184,#11190),.PCURVE_S1.);
#11180 = LINE('',#11181,#11182);
#11181 = CARTESIAN_POINT('',(13.3505,-52.0035,26.6));
#11182 = VECTOR('',#11183,1.);
#11183 = DIRECTION('',(1.,0.,-0.));
#11184 = PCURVE('',#9761,#11185);
#11185 = DEFINITIONAL_REPRESENTATION('',(#11186),#11189);
#11186 = B_SPLINE_CURVE_WITH_KNOTS('',1,(#11187,#11188),.UNSPECIFIED.,
  .F.,.F.,(2,2),(-1.6875,-0.1375),.PIECEWISE_BEZIER_KNOTS.);
#11187 = CARTESIAN_POINT('',(2.6,-0.5));
#11188 = CARTESIAN_POINT('',(1.05,-0.5));
#11189 = ( GEOMETRIC_REPRESENTATION_CONTEXT(2) 
PARAMETRIC_REPRESENTATION_CONTEXT() REPRESENTATION_CONTEXT('2D SPACE',''
  ) );
#11190 = PCURVE('',#9789,#11191);
#11191 = DEFINITIONAL_REPRESENTATION('',(#11192),#11195);
#11192 = B_SPLINE_CURVE_WITH_KNOTS('',1,(#11193,#11194),.UNSPECIFIED.,
  .F.,.F.,(2,2),(-1.6875,-0.1375),.PIECEWISE_BEZIER_KNOTS.);
#11193 = CARTESIAN_POINT('',(-0.775,0.35));
#11194 = CARTESIAN_POINT('',(0.775,0.35));
#11195 = ( GEOMETRIC_REPRESENTATION_CONTEXT(2) 
PARAMETRIC_REPRESENTATION_CONTEXT() REPRESENTATION_CONTEXT('2D SPACE',''
  ) );
#11196 = ORIENTED_EDGE('',*,*,#11197,.F.);
#11197 = EDGE_CURVE('',#11198,#11177,#11200,.T.);
#11198 = VERTEX_POINT('',#11199);
#11199 = CARTESIAN_POINT('',(13.129465834297,-52.0035,26.95));
#11200 = SURFACE_CURVE('',#11201,(#11205,#11211),.PCURVE_S1.);
#11201 = LINE('',#11202,#11203);
#11202 = CARTESIAN_POINT('',(13.129465834297,-52.0035,26.6));
#11203 = VECTOR('',#11204,1.);
#11204 = DIRECTION('',(-0.,-0.,-1.));
#11205 = PCURVE('',#9761,#11206);
#11206 = DEFINITIONAL_REPRESENTATION('',(#11207),#11210);
#11207 = B_SPLINE_CURVE_WITH_KNOTS('',1,(#11208,#11209),.UNSPECIFIED.,
  .F.,.F.,(2,2),(-0.3500006,5.999999999062E-07),
  .PIECEWISE_BEZIER_KNOTS.);
#11208 = CARTESIAN_POINT('',(1.133534165703,-0.8500006));
#11209 = CARTESIAN_POINT('',(1.133534165703,-0.4999994));
#11210 = ( GEOMETRIC_REPRESENTATION_CONTEXT(2) 
PARAMETRIC_REPRESENTATION_CONTEXT() REPRESENTATION_CONTEXT('2D SPACE',''
  ) );
#11211 = PCURVE('',#11212,#11217);
#11212 = CYLINDRICAL_SURFACE('',#11213,0.775);
#11213 = AXIS2_PLACEMENT_3D('',#11214,#11215,#11216);
#11214 = CARTESIAN_POINT('',(12.438,-52.3535,26.6));
#11215 = DIRECTION('',(-0.,-0.,-1.));
#11216 = DIRECTION('',(1.,0.,0.));
#11217 = DEFINITIONAL_REPRESENTATION('',(#11218),#11221);
#11218 = B_SPLINE_CURVE_WITH_KNOTS('',1,(#11219,#11220),.UNSPECIFIED.,
  .F.,.F.,(2,2),(-0.3500006,5.999999999062E-07),
  .PIECEWISE_BEZIER_KNOTS.);
#11219 = CARTESIAN_POINT('',(-0.468572267524,-0.3500006));
#11220 = CARTESIAN_POINT('',(-0.468572267524,5.999999999062E-07));
#11221 = ( GEOMETRIC_REPRESENTATION_CONTEXT(2) 
PARAMETRIC_REPRESENTATION_CONTEXT() REPRESENTATION_CONTEXT('2D SPACE',''
  ) );
#11222 = ORIENTED_EDGE('',*,*,#11223,.F.);
#11223 = EDGE_CURVE('',#11224,#11198,#11226,.T.);
#11224 = VERTEX_POINT('',#11225);
#11225 = CARTESIAN_POINT('',(12.862264068712,-52.0035,26.95));
#11226 = SURFACE_CURVE('',#11227,(#11231,#11237),.PCURVE_S1.);
#11227 = LINE('',#11228,#11229);
#11228 = CARTESIAN_POINT('',(13.3505,-52.0035,26.95));
#11229 = VECTOR('',#11230,1.);
#11230 = DIRECTION('',(1.,0.,-0.));
#11231 = PCURVE('',#9761,#11232);
#11232 = DEFINITIONAL_REPRESENTATION('',(#11233),#11236);
#11233 = B_SPLINE_CURVE_WITH_KNOTS('',1,(#11234,#11235),.UNSPECIFIED.,
  .F.,.F.,(2,2),(-1.6875,-0.1375),.PIECEWISE_BEZIER_KNOTS.);
#11234 = CARTESIAN_POINT('',(2.6,-0.85));
#11235 = CARTESIAN_POINT('',(1.05,-0.85));
#11236 = ( GEOMETRIC_REPRESENTATION_CONTEXT(2) 
PARAMETRIC_REPRESENTATION_CONTEXT() REPRESENTATION_CONTEXT('2D SPACE',''
  ) );
#11237 = PCURVE('',#11238,#11243);
#11238 = PLANE('',#11239);
#11239 = AXIS2_PLACEMENT_3D('',#11240,#11241,#11242);
#11240 = CARTESIAN_POINT('',(12.438,-52.3535,26.95));
#11241 = DIRECTION('',(0.,0.,1.));
#11242 = DIRECTION('',(1.,0.,-0.));
#11243 = DEFINITIONAL_REPRESENTATION('',(#11244),#11247);
#11244 = B_SPLINE_CURVE_WITH_KNOTS('',1,(#11245,#11246),.UNSPECIFIED.,
  .F.,.F.,(2,2),(-1.6875,-0.1375),.PIECEWISE_BEZIER_KNOTS.);
#11245 = CARTESIAN_POINT('',(-0.775,0.35));
#11246 = CARTESIAN_POINT('',(0.775,0.35));
#11247 = ( GEOMETRIC_REPRESENTATION_CONTEXT(2) 
PARAMETRIC_REPRESENTATION_CONTEXT() REPRESENTATION_CONTEXT('2D SPACE',''
  ) );
#11248 = ORIENTED_EDGE('',*,*,#11249,.F.);
#11249 = EDGE_CURVE('',#11250,#11224,#11252,.T.);
#11250 = VERTEX_POINT('',#11251);
#11251 = CARTESIAN_POINT('',(12.862264068712,-52.0035,27.55));
#11252 = SURFACE_CURVE('',#11253,(#11257,#11263),.PCURVE_S1.);
#11253 = LINE('',#11254,#11255);
#11254 = CARTESIAN_POINT('',(12.862264068712,-52.0035,24.6));
#11255 = VECTOR('',#11256,1.);
#11256 = DIRECTION('',(-0.,-0.,-1.));
#11257 = PCURVE('',#9761,#11258);
#11258 = DEFINITIONAL_REPRESENTATION('',(#11259),#11262);
#11259 = B_SPLINE_CURVE_WITH_KNOTS('',1,(#11260,#11261),.UNSPECIFIED.,
  .F.,.F.,(2,2),(-2.9500006,-2.3499994),.PIECEWISE_BEZIER_KNOTS.);
#11260 = CARTESIAN_POINT('',(1.400735931288,-1.4500006));
#11261 = CARTESIAN_POINT('',(1.400735931288,-0.8499994));
#11262 = ( GEOMETRIC_REPRESENTATION_CONTEXT(2) 
PARAMETRIC_REPRESENTATION_CONTEXT() REPRESENTATION_CONTEXT('2D SPACE',''
  ) );
#11263 = PCURVE('',#11264,#11269);
#11264 = CYLINDRICAL_SURFACE('',#11265,0.55);
#11265 = AXIS2_PLACEMENT_3D('',#11266,#11267,#11268);
#11266 = CARTESIAN_POINT('',(12.438,-52.3535,24.6));
#11267 = DIRECTION('',(-0.,-0.,-1.));
#11268 = DIRECTION('',(1.,0.,0.));
#11269 = DEFINITIONAL_REPRESENTATION('',(#11270),#11273);
#11270 = B_SPLINE_CURVE_WITH_KNOTS('',1,(#11271,#11272),.UNSPECIFIED.,
  .F.,.F.,(2,2),(-2.9500006,-2.3499994),.PIECEWISE_BEZIER_KNOTS.);
#11271 = CARTESIAN_POINT('',(-0.689775000786,-2.9500006));
#11272 = CARTESIAN_POINT('',(-0.689775000786,-2.3499994));
#11273 = ( GEOMETRIC_REPRESENTATION_CONTEXT(2) 
PARAMETRIC_REPRESENTATION_CONTEXT() REPRESENTATION_CONTEXT('2D SPACE',''
  ) );
#11274 = ORIENTED_EDGE('',*,*,#11275,.T.);
#11275 = EDGE_CURVE('',#11250,#11276,#11278,.T.);
#11276 = VERTEX_POINT('',#11277);
#11277 = CARTESIAN_POINT('',(13.185077639874,-52.0035,27.55));
#11278 = SURFACE_CURVE('',#11279,(#11283,#11289),.PCURVE_S1.);
#11279 = LINE('',#11280,#11281);
#11280 = CARTESIAN_POINT('',(13.3505,-52.0035,27.55));
#11281 = VECTOR('',#11282,1.);
#11282 = DIRECTION('',(1.,0.,-0.));
#11283 = PCURVE('',#9761,#11284);
#11284 = DEFINITIONAL_REPRESENTATION('',(#11285),#11288);
#11285 = B_SPLINE_CURVE_WITH_KNOTS('',1,(#11286,#11287),.UNSPECIFIED.,
  .F.,.F.,(2,2),(-1.7375,-8.75E-02),.PIECEWISE_BEZIER_KNOTS.);
#11286 = CARTESIAN_POINT('',(2.65,-1.45));
#11287 = CARTESIAN_POINT('',(1.,-1.45));
#11288 = ( GEOMETRIC_REPRESENTATION_CONTEXT(2) 
PARAMETRIC_REPRESENTATION_CONTEXT() REPRESENTATION_CONTEXT('2D SPACE',''
  ) );
#11289 = PCURVE('',#11290,#11295);
#11290 = PLANE('',#11291);
#11291 = AXIS2_PLACEMENT_3D('',#11292,#11293,#11294);
#11292 = CARTESIAN_POINT('',(12.438,-52.3535,27.55));
#11293 = DIRECTION('',(0.,0.,1.));
#11294 = DIRECTION('',(1.,0.,-0.));
#11295 = DEFINITIONAL_REPRESENTATION('',(#11296),#11299);
#11296 = B_SPLINE_CURVE_WITH_KNOTS('',1,(#11297,#11298),.UNSPECIFIED.,
  .F.,.F.,(2,2),(-1.7375,-8.75E-02),.PIECEWISE_BEZIER_KNOTS.);
#11297 = CARTESIAN_POINT('',(-0.825,0.35));
#11298 = CARTESIAN_POINT('',(0.825,0.35));
#11299 = ( GEOMETRIC_REPRESENTATION_CONTEXT(2) 
PARAMETRIC_REPRESENTATION_CONTEXT() REPRESENTATION_CONTEXT('2D SPACE',''
  ) );
#11300 = ORIENTED_EDGE('',*,*,#11301,.F.);
#11301 = EDGE_CURVE('',#11302,#11276,#11304,.T.);
#11302 = VERTEX_POINT('',#11303);
#11303 = CARTESIAN_POINT('',(13.185077639874,-52.0035,27.65));
#11304 = SURFACE_CURVE('',#11305,(#11309,#11315),.PCURVE_S1.);
#11305 = LINE('',#11306,#11307);
#11306 = CARTESIAN_POINT('',(13.185077639874,-52.0035,27.55));
#11307 = VECTOR('',#11308,1.);
#11308 = DIRECTION('',(-0.,-0.,-1.));
#11309 = PCURVE('',#9761,#11310);
#11310 = DEFINITIONAL_REPRESENTATION('',(#11311),#11314);
#11311 = B_SPLINE_CURVE_WITH_KNOTS('',1,(#11312,#11313),.UNSPECIFIED.,
  .F.,.F.,(2,2),(-0.255,5.999999999062E-07),.PIECEWISE_BEZIER_KNOTS.);
#11312 = CARTESIAN_POINT('',(1.077922360126,-1.705));
#11313 = CARTESIAN_POINT('',(1.077922360126,-1.4499994));
#11314 = ( GEOMETRIC_REPRESENTATION_CONTEXT(2) 
PARAMETRIC_REPRESENTATION_CONTEXT() REPRESENTATION_CONTEXT('2D SPACE',''
  ) );
#11315 = PCURVE('',#10979,#11316);
#11316 = DEFINITIONAL_REPRESENTATION('',(#11317),#11320);
#11317 = B_SPLINE_CURVE_WITH_KNOTS('',1,(#11318,#11319),.UNSPECIFIED.,
  .F.,.F.,(2,2),(-0.255,5.999999999062E-07),.PIECEWISE_BEZIER_KNOTS.);
#11318 = CARTESIAN_POINT('',(-0.4381251284,-0.255));
#11319 = CARTESIAN_POINT('',(-0.4381251284,5.999999999062E-07));
#11320 = ( GEOMETRIC_REPRESENTATION_CONTEXT(2) 
PARAMETRIC_REPRESENTATION_CONTEXT() REPRESENTATION_CONTEXT('2D SPACE',''
  ) );
#11321 = ORIENTED_EDGE('',*,*,#11322,.T.);
#11322 = EDGE_CURVE('',#11302,#11323,#11325,.T.);
#11323 = VERTEX_POINT('',#11324);
#11324 = CARTESIAN_POINT('',(11.690922360126,-52.0035,27.65));
#11325 = SURFACE_CURVE('',#11326,(#11330,#11337),.PCURVE_S1.);
#11326 = LINE('',#11327,#11328);
#11327 = CARTESIAN_POINT('',(14.263,-52.0035,27.65));
#11328 = VECTOR('',#11329,1.);
#11329 = DIRECTION('',(-1.,0.,0.));
#11330 = PCURVE('',#9761,#11331);
#11331 = DEFINITIONAL_REPRESENTATION('',(#11332),#11336);
#11332 = LINE('',#11333,#11334);
#11333 = CARTESIAN_POINT('',(0.,-1.55));
#11334 = VECTOR('',#11335,1.);
#11335 = DIRECTION('',(1.,0.));
#11336 = ( GEOMETRIC_REPRESENTATION_CONTEXT(2) 
PARAMETRIC_REPRESENTATION_CONTEXT() REPRESENTATION_CONTEXT('2D SPACE',''
  ) );
#11337 = PCURVE('',#11006,#11338);
#11338 = DEFINITIONAL_REPRESENTATION('',(#11339),#11343);
#11339 = LINE('',#11340,#11341);
#11340 = CARTESIAN_POINT('',(1.825,0.35));
#11341 = VECTOR('',#11342,1.);
#11342 = DIRECTION('',(-1.,0.));
#11343 = ( GEOMETRIC_REPRESENTATION_CONTEXT(2) 
PARAMETRIC_REPRESENTATION_CONTEXT() REPRESENTATION_CONTEXT('2D SPACE',''
  ) );
#11344 = ORIENTED_EDGE('',*,*,#11345,.T.);
#11345 = EDGE_CURVE('',#11323,#11346,#11348,.T.);
#11346 = VERTEX_POINT('',#11347);
#11347 = CARTESIAN_POINT('',(11.690922360126,-52.0035,27.55));
#11348 = SURFACE_CURVE('',#11349,(#11353,#11359),.PCURVE_S1.);
#11349 = LINE('',#11350,#11351);
#11350 = CARTESIAN_POINT('',(11.690922360126,-52.0035,27.55));
#11351 = VECTOR('',#11352,1.);
#11352 = DIRECTION('',(-0.,-0.,-1.));
#11353 = PCURVE('',#9761,#11354);
#11354 = DEFINITIONAL_REPRESENTATION('',(#11355),#11358);
#11355 = B_SPLINE_CURVE_WITH_KNOTS('',1,(#11356,#11357),.UNSPECIFIED.,
  .F.,.F.,(2,2),(-0.255,5.999999999062E-07),.PIECEWISE_BEZIER_KNOTS.);
#11356 = CARTESIAN_POINT('',(2.572077639874,-1.705));
#11357 = CARTESIAN_POINT('',(2.572077639874,-1.4499994));
#11358 = ( GEOMETRIC_REPRESENTATION_CONTEXT(2) 
PARAMETRIC_REPRESENTATION_CONTEXT() REPRESENTATION_CONTEXT('2D SPACE',''
  ) );
#11359 = PCURVE('',#10979,#11360);
#11360 = DEFINITIONAL_REPRESENTATION('',(#11361),#11364);
#11361 = B_SPLINE_CURVE_WITH_KNOTS('',1,(#11362,#11363),.UNSPECIFIED.,
  .F.,.F.,(2,2),(-0.255,5.999999999062E-07),.PIECEWISE_BEZIER_KNOTS.);
#11362 = CARTESIAN_POINT('',(-2.70346752519,-0.255));
#11363 = CARTESIAN_POINT('',(-2.70346752519,5.999999999062E-07));
#11364 = ( GEOMETRIC_REPRESENTATION_CONTEXT(2) 
PARAMETRIC_REPRESENTATION_CONTEXT() REPRESENTATION_CONTEXT('2D SPACE',''
  ) );
#11365 = ORIENTED_EDGE('',*,*,#11366,.T.);
#11366 = EDGE_CURVE('',#11346,#11367,#11369,.T.);
#11367 = VERTEX_POINT('',#11368);
#11368 = CARTESIAN_POINT('',(12.013735931288,-52.0035,27.55));
#11369 = SURFACE_CURVE('',#11370,(#11374,#11380),.PCURVE_S1.);
#11370 = LINE('',#11371,#11372);
#11371 = CARTESIAN_POINT('',(13.3505,-52.0035,27.55));
#11372 = VECTOR('',#11373,1.);
#11373 = DIRECTION('',(1.,0.,-0.));
#11374 = PCURVE('',#9761,#11375);
#11375 = DEFINITIONAL_REPRESENTATION('',(#11376),#11379);
#11376 = B_SPLINE_CURVE_WITH_KNOTS('',1,(#11377,#11378),.UNSPECIFIED.,
  .F.,.F.,(2,2),(-1.7375,-8.75E-02),.PIECEWISE_BEZIER_KNOTS.);
#11377 = CARTESIAN_POINT('',(2.65,-1.45));
#11378 = CARTESIAN_POINT('',(1.,-1.45));
#11379 = ( GEOMETRIC_REPRESENTATION_CONTEXT(2) 
PARAMETRIC_REPRESENTATION_CONTEXT() REPRESENTATION_CONTEXT('2D SPACE',''
  ) );
#11380 = PCURVE('',#11290,#11381);
#11381 = DEFINITIONAL_REPRESENTATION('',(#11382),#11385);
#11382 = B_SPLINE_CURVE_WITH_KNOTS('',1,(#11383,#11384),.UNSPECIFIED.,
  .F.,.F.,(2,2),(-1.7375,-8.75E-02),.PIECEWISE_BEZIER_KNOTS.);
#11383 = CARTESIAN_POINT('',(-0.825,0.35));
#11384 = CARTESIAN_POINT('',(0.825,0.35));
#11385 = ( GEOMETRIC_REPRESENTATION_CONTEXT(2) 
PARAMETRIC_REPRESENTATION_CONTEXT() REPRESENTATION_CONTEXT('2D SPACE',''
  ) );
#11386 = ORIENTED_EDGE('',*,*,#11387,.T.);
#11387 = EDGE_CURVE('',#11367,#11388,#11390,.T.);
#11388 = VERTEX_POINT('',#11389);
#11389 = CARTESIAN_POINT('',(12.013735931288,-52.0035,26.95));
#11390 = SURFACE_CURVE('',#11391,(#11395,#11401),.PCURVE_S1.);
#11391 = LINE('',#11392,#11393);
#11392 = CARTESIAN_POINT('',(12.013735931288,-52.0035,24.6));
#11393 = VECTOR('',#11394,1.);
#11394 = DIRECTION('',(-0.,-0.,-1.));
#11395 = PCURVE('',#9761,#11396);
#11396 = DEFINITIONAL_REPRESENTATION('',(#11397),#11400);
#11397 = B_SPLINE_CURVE_WITH_KNOTS('',1,(#11398,#11399),.UNSPECIFIED.,
  .F.,.F.,(2,2),(-2.9500006,-2.3499994),.PIECEWISE_BEZIER_KNOTS.);
#11398 = CARTESIAN_POINT('',(2.249264068712,-1.4500006));
#11399 = CARTESIAN_POINT('',(2.249264068712,-0.8499994));
#11400 = ( GEOMETRIC_REPRESENTATION_CONTEXT(2) 
PARAMETRIC_REPRESENTATION_CONTEXT() REPRESENTATION_CONTEXT('2D SPACE',''
  ) );
#11401 = PCURVE('',#11264,#11402);
#11402 = DEFINITIONAL_REPRESENTATION('',(#11403),#11406);
#11403 = B_SPLINE_CURVE_WITH_KNOTS('',1,(#11404,#11405),.UNSPECIFIED.,
  .F.,.F.,(2,2),(-2.9500006,-2.3499994),.PIECEWISE_BEZIER_KNOTS.);
#11404 = CARTESIAN_POINT('',(-2.451817652804,-2.9500006));
#11405 = CARTESIAN_POINT('',(-2.451817652804,-2.3499994));
#11406 = ( GEOMETRIC_REPRESENTATION_CONTEXT(2) 
PARAMETRIC_REPRESENTATION_CONTEXT() REPRESENTATION_CONTEXT('2D SPACE',''
  ) );
#11407 = ORIENTED_EDGE('',*,*,#11408,.F.);
#11408 = EDGE_CURVE('',#11409,#11388,#11411,.T.);
#11409 = VERTEX_POINT('',#11410);
#11410 = CARTESIAN_POINT('',(11.746534165703,-52.0035,26.95));
#11411 = SURFACE_CURVE('',#11412,(#11416,#11422),.PCURVE_S1.);
#11412 = LINE('',#11413,#11414);
#11413 = CARTESIAN_POINT('',(13.3505,-52.0035,26.95));
#11414 = VECTOR('',#11415,1.);
#11415 = DIRECTION('',(1.,0.,-0.));
#11416 = PCURVE('',#9761,#11417);
#11417 = DEFINITIONAL_REPRESENTATION('',(#11418),#11421);
#11418 = B_SPLINE_CURVE_WITH_KNOTS('',1,(#11419,#11420),.UNSPECIFIED.,
  .F.,.F.,(2,2),(-1.6875,-0.1375),.PIECEWISE_BEZIER_KNOTS.);
#11419 = CARTESIAN_POINT('',(2.6,-0.85));
#11420 = CARTESIAN_POINT('',(1.05,-0.85));
#11421 = ( GEOMETRIC_REPRESENTATION_CONTEXT(2) 
PARAMETRIC_REPRESENTATION_CONTEXT() REPRESENTATION_CONTEXT('2D SPACE',''
  ) );
#11422 = PCURVE('',#11238,#11423);
#11423 = DEFINITIONAL_REPRESENTATION('',(#11424),#11427);
#11424 = B_SPLINE_CURVE_WITH_KNOTS('',1,(#11425,#11426),.UNSPECIFIED.,
  .F.,.F.,(2,2),(-1.6875,-0.1375),.PIECEWISE_BEZIER_KNOTS.);
#11425 = CARTESIAN_POINT('',(-0.775,0.35));
#11426 = CARTESIAN_POINT('',(0.775,0.35));
#11427 = ( GEOMETRIC_REPRESENTATION_CONTEXT(2) 
PARAMETRIC_REPRESENTATION_CONTEXT() REPRESENTATION_CONTEXT('2D SPACE',''
  ) );
#11428 = ORIENTED_EDGE('',*,*,#11429,.T.);
#11429 = EDGE_CURVE('',#11409,#11430,#11432,.T.);
#11430 = VERTEX_POINT('',#11431);
#11431 = CARTESIAN_POINT('',(11.746534165703,-52.0035,26.6));
#11432 = SURFACE_CURVE('',#11433,(#11437,#11443),.PCURVE_S1.);
#11433 = LINE('',#11434,#11435);
#11434 = CARTESIAN_POINT('',(11.746534165703,-52.0035,26.6));
#11435 = VECTOR('',#11436,1.);
#11436 = DIRECTION('',(-0.,-0.,-1.));
#11437 = PCURVE('',#9761,#11438);
#11438 = DEFINITIONAL_REPRESENTATION('',(#11439),#11442);
#11439 = B_SPLINE_CURVE_WITH_KNOTS('',1,(#11440,#11441),.UNSPECIFIED.,
  .F.,.F.,(2,2),(-0.3500006,5.999999999062E-07),
  .PIECEWISE_BEZIER_KNOTS.);
#11440 = CARTESIAN_POINT('',(2.516465834297,-0.8500006));
#11441 = CARTESIAN_POINT('',(2.516465834297,-0.4999994));
#11442 = ( GEOMETRIC_REPRESENTATION_CONTEXT(2) 
PARAMETRIC_REPRESENTATION_CONTEXT() REPRESENTATION_CONTEXT('2D SPACE',''
  ) );
#11443 = PCURVE('',#11212,#11444);
#11444 = DEFINITIONAL_REPRESENTATION('',(#11445),#11448);
#11445 = B_SPLINE_CURVE_WITH_KNOTS('',1,(#11446,#11447),.UNSPECIFIED.,
  .F.,.F.,(2,2),(-0.3500006,5.999999999062E-07),
  .PIECEWISE_BEZIER_KNOTS.);
#11446 = CARTESIAN_POINT('',(-2.673020386066,-0.3500006));
#11447 = CARTESIAN_POINT('',(-2.673020386066,5.999999999062E-07));
#11448 = ( GEOMETRIC_REPRESENTATION_CONTEXT(2) 
PARAMETRIC_REPRESENTATION_CONTEXT() REPRESENTATION_CONTEXT('2D SPACE',''
  ) );
#11449 = ORIENTED_EDGE('',*,*,#11450,.T.);
#11450 = EDGE_CURVE('',#11430,#9773,#11451,.T.);
#11451 = SURFACE_CURVE('',#11452,(#11456,#11462),.PCURVE_S1.);
#11452 = LINE('',#11453,#11454);
#11453 = CARTESIAN_POINT('',(13.3505,-52.0035,26.6));
#11454 = VECTOR('',#11455,1.);
#11455 = DIRECTION('',(1.,0.,-0.));
#11456 = PCURVE('',#9761,#11457);
#11457 = DEFINITIONAL_REPRESENTATION('',(#11458),#11461);
#11458 = B_SPLINE_CURVE_WITH_KNOTS('',1,(#11459,#11460),.UNSPECIFIED.,
  .F.,.F.,(2,2),(-1.6875,-0.1375),.PIECEWISE_BEZIER_KNOTS.);
#11459 = CARTESIAN_POINT('',(2.6,-0.5));
#11460 = CARTESIAN_POINT('',(1.05,-0.5));
#11461 = ( GEOMETRIC_REPRESENTATION_CONTEXT(2) 
PARAMETRIC_REPRESENTATION_CONTEXT() REPRESENTATION_CONTEXT('2D SPACE',''
  ) );
#11462 = PCURVE('',#9789,#11463);
#11463 = DEFINITIONAL_REPRESENTATION('',(#11464),#11467);
#11464 = B_SPLINE_CURVE_WITH_KNOTS('',1,(#11465,#11466),.UNSPECIFIED.,
  .F.,.F.,(2,2),(-1.6875,-0.1375),.PIECEWISE_BEZIER_KNOTS.);
#11465 = CARTESIAN_POINT('',(-0.775,0.35));
#11466 = CARTESIAN_POINT('',(0.775,0.35));
#11467 = ( GEOMETRIC_REPRESENTATION_CONTEXT(2) 
PARAMETRIC_REPRESENTATION_CONTEXT() REPRESENTATION_CONTEXT('2D SPACE',''
  ) );
#11468 = ORIENTED_EDGE('',*,*,#9805,.T.);
#11469 = ADVANCED_FACE('',(#11470),#9789,.F.);
#11470 = FACE_BOUND('',#11471,.F.);
#11471 = EDGE_LOOP('',(#11472,#11473,#11495,#11496));
#11472 = ORIENTED_EDGE('',*,*,#11176,.T.);
#11473 = ORIENTED_EDGE('',*,*,#11474,.T.);
#11474 = EDGE_CURVE('',#11177,#11430,#11475,.T.);
#11475 = SURFACE_CURVE('',#11476,(#11481,#11488),.PCURVE_S1.);
#11476 = CIRCLE('',#11477,0.775);
#11477 = AXIS2_PLACEMENT_3D('',#11478,#11479,#11480);
#11478 = CARTESIAN_POINT('',(12.438,-52.3535,26.6));
#11479 = DIRECTION('',(0.,0.,1.));
#11480 = DIRECTION('',(1.,0.,0.));
#11481 = PCURVE('',#9789,#11482);
#11482 = DEFINITIONAL_REPRESENTATION('',(#11483),#11487);
#11483 = CIRCLE('',#11484,0.775);
#11484 = AXIS2_PLACEMENT_2D('',#11485,#11486);
#11485 = CARTESIAN_POINT('',(-3.552713678801E-15,0.));
#11486 = DIRECTION('',(1.,0.));
#11487 = ( GEOMETRIC_REPRESENTATION_CONTEXT(2) 
PARAMETRIC_REPRESENTATION_CONTEXT() REPRESENTATION_CONTEXT('2D SPACE',''
  ) );
#11488 = PCURVE('',#11212,#11489);
#11489 = DEFINITIONAL_REPRESENTATION('',(#11490),#11494);
#11490 = LINE('',#11491,#11492);
#11491 = CARTESIAN_POINT('',(-0.,0.));
#11492 = VECTOR('',#11493,1.);
#11493 = DIRECTION('',(-1.,0.));
#11494 = ( GEOMETRIC_REPRESENTATION_CONTEXT(2) 
PARAMETRIC_REPRESENTATION_CONTEXT() REPRESENTATION_CONTEXT('2D SPACE',''
  ) );
#11495 = ORIENTED_EDGE('',*,*,#11450,.T.);
#11496 = ORIENTED_EDGE('',*,*,#9772,.T.);
#11497 = ADVANCED_FACE('',(#11498),#10005,.T.);
#11498 = FACE_BOUND('',#11499,.T.);
#11499 = EDGE_LOOP('',(#11500,#11501,#11522,#11523,#11524));
#11500 = ORIENTED_EDGE('',*,*,#10101,.F.);
#11501 = ORIENTED_EDGE('',*,*,#11502,.T.);
#11502 = EDGE_CURVE('',#10102,#10189,#11503,.T.);
#11503 = SURFACE_CURVE('',#11504,(#11508,#11515),.PCURVE_S1.);
#11504 = LINE('',#11505,#11506);
#11505 = CARTESIAN_POINT('',(38.324,-52.7035,26.1));
#11506 = VECTOR('',#11507,1.);
#11507 = DIRECTION('',(1.,0.,0.));
#11508 = PCURVE('',#10005,#11509);
#11509 = DEFINITIONAL_REPRESENTATION('',(#11510),#11514);
#11510 = LINE('',#11511,#11512);
#11511 = CARTESIAN_POINT('',(-1.825,-0.35));
#11512 = VECTOR('',#11513,1.);
#11513 = DIRECTION('',(1.,0.));
#11514 = ( GEOMETRIC_REPRESENTATION_CONTEXT(2) 
PARAMETRIC_REPRESENTATION_CONTEXT() REPRESENTATION_CONTEXT('2D SPACE',''
  ) );
#11515 = PCURVE('',#10144,#11516);
#11516 = DEFINITIONAL_REPRESENTATION('',(#11517),#11521);
#11517 = LINE('',#11518,#11519);
#11518 = CARTESIAN_POINT('',(0.,0.));
#11519 = VECTOR('',#11520,1.);
#11520 = DIRECTION('',(1.,0.));
#11521 = ( GEOMETRIC_REPRESENTATION_CONTEXT(2) 
PARAMETRIC_REPRESENTATION_CONTEXT() REPRESENTATION_CONTEXT('2D SPACE',''
  ) );
#11522 = ORIENTED_EDGE('',*,*,#10209,.F.);
#11523 = ORIENTED_EDGE('',*,*,#9988,.F.);
#11524 = ORIENTED_EDGE('',*,*,#11525,.T.);
#11525 = EDGE_CURVE('',#9989,#10081,#11526,.T.);
#11526 = SURFACE_CURVE('',#11527,(#11531,#11538),.PCURVE_S1.);
#11527 = LINE('',#11528,#11529);
#11528 = CARTESIAN_POINT('',(41.974,-52.0035,26.1));
#11529 = VECTOR('',#11530,1.);
#11530 = DIRECTION('',(-1.,0.,0.));
#11531 = PCURVE('',#10005,#11532);
#11532 = DEFINITIONAL_REPRESENTATION('',(#11533),#11537);
#11533 = LINE('',#11534,#11535);
#11534 = CARTESIAN_POINT('',(1.825,0.35));
#11535 = VECTOR('',#11536,1.);
#11536 = DIRECTION('',(-1.,0.));
#11537 = ( GEOMETRIC_REPRESENTATION_CONTEXT(2) 
PARAMETRIC_REPRESENTATION_CONTEXT() REPRESENTATION_CONTEXT('2D SPACE',''
  ) );
#11538 = PCURVE('',#10036,#11539);
#11539 = DEFINITIONAL_REPRESENTATION('',(#11540),#11544);
#11540 = LINE('',#11541,#11542);
#11541 = CARTESIAN_POINT('',(0.,-0.));
#11542 = VECTOR('',#11543,1.);
#11543 = DIRECTION('',(1.,0.));
#11544 = ( GEOMETRIC_REPRESENTATION_CONTEXT(2) 
PARAMETRIC_REPRESENTATION_CONTEXT() REPRESENTATION_CONTEXT('2D SPACE',''
  ) );
#11545 = ADVANCED_FACE('',(#11546),#10144,.T.);
#11546 = FACE_BOUND('',#11547,.T.);
#11547 = EDGE_LOOP('',(#11548,#11549,#11550,#11571,#11597,#11623,#11649,
    #11675,#11701,#11729,#11750,#11771,#11792,#11813,#11834,#11853));
#11548 = ORIENTED_EDGE('',*,*,#11502,.F.);
#11549 = ORIENTED_EDGE('',*,*,#10129,.F.);
#11550 = ORIENTED_EDGE('',*,*,#11551,.T.);
#11551 = EDGE_CURVE('',#10130,#11552,#11554,.T.);
#11552 = VERTEX_POINT('',#11553);
#11553 = CARTESIAN_POINT('',(39.457534165703,-52.7035,26.6));
#11554 = SURFACE_CURVE('',#11555,(#11559,#11565),.PCURVE_S1.);
#11555 = LINE('',#11556,#11557);
#11556 = CARTESIAN_POINT('',(39.2365,-52.7035,26.6));
#11557 = VECTOR('',#11558,1.);
#11558 = DIRECTION('',(-1.,0.,0.));
#11559 = PCURVE('',#10144,#11560);
#11560 = DEFINITIONAL_REPRESENTATION('',(#11561),#11564);
#11561 = B_SPLINE_CURVE_WITH_KNOTS('',1,(#11562,#11563),.UNSPECIFIED.,
  .F.,.F.,(2,2),(-1.6875,-0.1375),.PIECEWISE_BEZIER_KNOTS.);
#11562 = CARTESIAN_POINT('',(2.6,-0.5));
#11563 = CARTESIAN_POINT('',(1.05,-0.5));
#11564 = ( GEOMETRIC_REPRESENTATION_CONTEXT(2) 
PARAMETRIC_REPRESENTATION_CONTEXT() REPRESENTATION_CONTEXT('2D SPACE',''
  ) );
#11565 = PCURVE('',#10172,#11566);
#11566 = DEFINITIONAL_REPRESENTATION('',(#11567),#11570);
#11567 = B_SPLINE_CURVE_WITH_KNOTS('',1,(#11568,#11569),.UNSPECIFIED.,
  .F.,.F.,(2,2),(-1.6875,-0.1375),.PIECEWISE_BEZIER_KNOTS.);
#11568 = CARTESIAN_POINT('',(0.775,-0.35));
#11569 = CARTESIAN_POINT('',(-0.775,-0.35));
#11570 = ( GEOMETRIC_REPRESENTATION_CONTEXT(2) 
PARAMETRIC_REPRESENTATION_CONTEXT() REPRESENTATION_CONTEXT('2D SPACE',''
  ) );
#11571 = ORIENTED_EDGE('',*,*,#11572,.F.);
#11572 = EDGE_CURVE('',#11573,#11552,#11575,.T.);
#11573 = VERTEX_POINT('',#11574);
#11574 = CARTESIAN_POINT('',(39.457534165703,-52.7035,26.95));
#11575 = SURFACE_CURVE('',#11576,(#11580,#11586),.PCURVE_S1.);
#11576 = LINE('',#11577,#11578);
#11577 = CARTESIAN_POINT('',(39.457534165703,-52.7035,26.6));
#11578 = VECTOR('',#11579,1.);
#11579 = DIRECTION('',(-0.,-0.,-1.));
#11580 = PCURVE('',#10144,#11581);
#11581 = DEFINITIONAL_REPRESENTATION('',(#11582),#11585);
#11582 = B_SPLINE_CURVE_WITH_KNOTS('',1,(#11583,#11584),.UNSPECIFIED.,
  .F.,.F.,(2,2),(-0.3500006,5.999999999062E-07),
  .PIECEWISE_BEZIER_KNOTS.);
#11583 = CARTESIAN_POINT('',(1.133534165703,-0.8500006));
#11584 = CARTESIAN_POINT('',(1.133534165703,-0.4999994));
#11585 = ( GEOMETRIC_REPRESENTATION_CONTEXT(2) 
PARAMETRIC_REPRESENTATION_CONTEXT() REPRESENTATION_CONTEXT('2D SPACE',''
  ) );
#11586 = PCURVE('',#11587,#11592);
#11587 = CYLINDRICAL_SURFACE('',#11588,0.775);
#11588 = AXIS2_PLACEMENT_3D('',#11589,#11590,#11591);
#11589 = CARTESIAN_POINT('',(40.149,-52.3535,26.6));
#11590 = DIRECTION('',(-0.,-0.,-1.));
#11591 = DIRECTION('',(1.,0.,0.));
#11592 = DEFINITIONAL_REPRESENTATION('',(#11593),#11596);
#11593 = B_SPLINE_CURVE_WITH_KNOTS('',1,(#11594,#11595),.UNSPECIFIED.,
  .F.,.F.,(2,2),(-0.3500006,5.999999999062E-07),
  .PIECEWISE_BEZIER_KNOTS.);
#11594 = CARTESIAN_POINT('',(-3.610164921114,-0.3500006));
#11595 = CARTESIAN_POINT('',(-3.610164921114,5.999999999062E-07));
#11596 = ( GEOMETRIC_REPRESENTATION_CONTEXT(2) 
PARAMETRIC_REPRESENTATION_CONTEXT() REPRESENTATION_CONTEXT('2D SPACE',''
  ) );
#11597 = ORIENTED_EDGE('',*,*,#11598,.F.);
#11598 = EDGE_CURVE('',#11599,#11573,#11601,.T.);
#11599 = VERTEX_POINT('',#11600);
#11600 = CARTESIAN_POINT('',(39.724735931288,-52.7035,26.95));
#11601 = SURFACE_CURVE('',#11602,(#11606,#11612),.PCURVE_S1.);
#11602 = LINE('',#11603,#11604);
#11603 = CARTESIAN_POINT('',(39.2365,-52.7035,26.95));
#11604 = VECTOR('',#11605,1.);
#11605 = DIRECTION('',(-1.,0.,0.));
#11606 = PCURVE('',#10144,#11607);
#11607 = DEFINITIONAL_REPRESENTATION('',(#11608),#11611);
#11608 = B_SPLINE_CURVE_WITH_KNOTS('',1,(#11609,#11610),.UNSPECIFIED.,
  .F.,.F.,(2,2),(-1.6875,-0.1375),.PIECEWISE_BEZIER_KNOTS.);
#11609 = CARTESIAN_POINT('',(2.6,-0.85));
#11610 = CARTESIAN_POINT('',(1.05,-0.85));
#11611 = ( GEOMETRIC_REPRESENTATION_CONTEXT(2) 
PARAMETRIC_REPRESENTATION_CONTEXT() REPRESENTATION_CONTEXT('2D SPACE',''
  ) );
#11612 = PCURVE('',#11613,#11618);
#11613 = PLANE('',#11614);
#11614 = AXIS2_PLACEMENT_3D('',#11615,#11616,#11617);
#11615 = CARTESIAN_POINT('',(40.149,-52.3535,26.95));
#11616 = DIRECTION('',(0.,0.,1.));
#11617 = DIRECTION('',(1.,0.,-0.));
#11618 = DEFINITIONAL_REPRESENTATION('',(#11619),#11622);
#11619 = B_SPLINE_CURVE_WITH_KNOTS('',1,(#11620,#11621),.UNSPECIFIED.,
  .F.,.F.,(2,2),(-1.6875,-0.1375),.PIECEWISE_BEZIER_KNOTS.);
#11620 = CARTESIAN_POINT('',(0.775,-0.35));
#11621 = CARTESIAN_POINT('',(-0.775,-0.35));
#11622 = ( GEOMETRIC_REPRESENTATION_CONTEXT(2) 
PARAMETRIC_REPRESENTATION_CONTEXT() REPRESENTATION_CONTEXT('2D SPACE',''
  ) );
#11623 = ORIENTED_EDGE('',*,*,#11624,.F.);
#11624 = EDGE_CURVE('',#11625,#11599,#11627,.T.);
#11625 = VERTEX_POINT('',#11626);
#11626 = CARTESIAN_POINT('',(39.724735931288,-52.7035,27.55));
#11627 = SURFACE_CURVE('',#11628,(#11632,#11638),.PCURVE_S1.);
#11628 = LINE('',#11629,#11630);
#11629 = CARTESIAN_POINT('',(39.724735931288,-52.7035,24.6));
#11630 = VECTOR('',#11631,1.);
#11631 = DIRECTION('',(-0.,-0.,-1.));
#11632 = PCURVE('',#10144,#11633);
#11633 = DEFINITIONAL_REPRESENTATION('',(#11634),#11637);
#11634 = B_SPLINE_CURVE_WITH_KNOTS('',1,(#11635,#11636),.UNSPECIFIED.,
  .F.,.F.,(2,2),(-2.9500006,-2.3499994),.PIECEWISE_BEZIER_KNOTS.);
#11635 = CARTESIAN_POINT('',(1.400735931288,-1.4500006));
#11636 = CARTESIAN_POINT('',(1.400735931288,-0.8499994));
#11637 = ( GEOMETRIC_REPRESENTATION_CONTEXT(2) 
PARAMETRIC_REPRESENTATION_CONTEXT() REPRESENTATION_CONTEXT('2D SPACE',''
  ) );
#11638 = PCURVE('',#11639,#11644);
#11639 = CYLINDRICAL_SURFACE('',#11640,0.55);
#11640 = AXIS2_PLACEMENT_3D('',#11641,#11642,#11643);
#11641 = CARTESIAN_POINT('',(40.149,-52.3535,24.6));
#11642 = DIRECTION('',(-0.,-0.,-1.));
#11643 = DIRECTION('',(1.,0.,0.));
#11644 = DEFINITIONAL_REPRESENTATION('',(#11645),#11648);
#11645 = B_SPLINE_CURVE_WITH_KNOTS('',1,(#11646,#11647),.UNSPECIFIED.,
  .F.,.F.,(2,2),(-2.9500006,-2.3499994),.PIECEWISE_BEZIER_KNOTS.);
#11646 = CARTESIAN_POINT('',(-3.831367654375,-2.9500006));
#11647 = CARTESIAN_POINT('',(-3.831367654375,-2.3499994));
#11648 = ( GEOMETRIC_REPRESENTATION_CONTEXT(2) 
PARAMETRIC_REPRESENTATION_CONTEXT() REPRESENTATION_CONTEXT('2D SPACE',''
  ) );
#11649 = ORIENTED_EDGE('',*,*,#11650,.T.);
#11650 = EDGE_CURVE('',#11625,#11651,#11653,.T.);
#11651 = VERTEX_POINT('',#11652);
#11652 = CARTESIAN_POINT('',(39.401922360126,-52.7035,27.55));
#11653 = SURFACE_CURVE('',#11654,(#11658,#11664),.PCURVE_S1.);
#11654 = LINE('',#11655,#11656);
#11655 = CARTESIAN_POINT('',(39.2365,-52.7035,27.55));
#11656 = VECTOR('',#11657,1.);
#11657 = DIRECTION('',(-1.,0.,0.));
#11658 = PCURVE('',#10144,#11659);
#11659 = DEFINITIONAL_REPRESENTATION('',(#11660),#11663);
#11660 = B_SPLINE_CURVE_WITH_KNOTS('',1,(#11661,#11662),.UNSPECIFIED.,
  .F.,.F.,(2,2),(-1.7375,-8.75E-02),.PIECEWISE_BEZIER_KNOTS.);
#11661 = CARTESIAN_POINT('',(2.65,-1.45));
#11662 = CARTESIAN_POINT('',(1.,-1.45));
#11663 = ( GEOMETRIC_REPRESENTATION_CONTEXT(2) 
PARAMETRIC_REPRESENTATION_CONTEXT() REPRESENTATION_CONTEXT('2D SPACE',''
  ) );
#11664 = PCURVE('',#11665,#11670);
#11665 = PLANE('',#11666);
#11666 = AXIS2_PLACEMENT_3D('',#11667,#11668,#11669);
#11667 = CARTESIAN_POINT('',(40.149,-52.3535,27.55));
#11668 = DIRECTION('',(0.,0.,1.));
#11669 = DIRECTION('',(1.,0.,-0.));
#11670 = DEFINITIONAL_REPRESENTATION('',(#11671),#11674);
#11671 = B_SPLINE_CURVE_WITH_KNOTS('',1,(#11672,#11673),.UNSPECIFIED.,
  .F.,.F.,(2,2),(-1.7375,-8.75E-02),.PIECEWISE_BEZIER_KNOTS.);
#11672 = CARTESIAN_POINT('',(0.825,-0.35));
#11673 = CARTESIAN_POINT('',(-0.825,-0.35));
#11674 = ( GEOMETRIC_REPRESENTATION_CONTEXT(2) 
PARAMETRIC_REPRESENTATION_CONTEXT() REPRESENTATION_CONTEXT('2D SPACE',''
  ) );
#11675 = ORIENTED_EDGE('',*,*,#11676,.F.);
#11676 = EDGE_CURVE('',#11677,#11651,#11679,.T.);
#11677 = VERTEX_POINT('',#11678);
#11678 = CARTESIAN_POINT('',(39.401922360125,-52.7035,27.65));
#11679 = SURFACE_CURVE('',#11680,(#11684,#11690),.PCURVE_S1.);
#11680 = LINE('',#11681,#11682);
#11681 = CARTESIAN_POINT('',(39.401922360126,-52.7035,27.55));
#11682 = VECTOR('',#11683,1.);
#11683 = DIRECTION('',(-0.,-0.,-1.));
#11684 = PCURVE('',#10144,#11685);
#11685 = DEFINITIONAL_REPRESENTATION('',(#11686),#11689);
#11686 = B_SPLINE_CURVE_WITH_KNOTS('',1,(#11687,#11688),.UNSPECIFIED.,
  .F.,.F.,(2,2),(-0.255,5.999999999062E-07),.PIECEWISE_BEZIER_KNOTS.);
#11687 = CARTESIAN_POINT('',(1.077922360126,-1.705));
#11688 = CARTESIAN_POINT('',(1.077922360126,-1.4499994));
#11689 = ( GEOMETRIC_REPRESENTATION_CONTEXT(2) 
PARAMETRIC_REPRESENTATION_CONTEXT() REPRESENTATION_CONTEXT('2D SPACE',''
  ) );
#11690 = PCURVE('',#11691,#11696);
#11691 = CYLINDRICAL_SURFACE('',#11692,0.825);
#11692 = AXIS2_PLACEMENT_3D('',#11693,#11694,#11695);
#11693 = CARTESIAN_POINT('',(40.149,-52.3535,27.55));
#11694 = DIRECTION('',(-0.,-0.,-1.));
#11695 = DIRECTION('',(1.,0.,0.));
#11696 = DEFINITIONAL_REPRESENTATION('',(#11697),#11700);
#11697 = B_SPLINE_CURVE_WITH_KNOTS('',1,(#11698,#11699),.UNSPECIFIED.,
  .F.,.F.,(2,2),(-0.255,5.999999999062E-07),.PIECEWISE_BEZIER_KNOTS.);
#11698 = CARTESIAN_POINT('',(-3.57971778199,-0.255));
#11699 = CARTESIAN_POINT('',(-3.57971778199,5.999999999062E-07));
#11700 = ( GEOMETRIC_REPRESENTATION_CONTEXT(2) 
PARAMETRIC_REPRESENTATION_CONTEXT() REPRESENTATION_CONTEXT('2D SPACE',''
  ) );
#11701 = ORIENTED_EDGE('',*,*,#11702,.T.);
#11702 = EDGE_CURVE('',#11677,#11703,#11705,.T.);
#11703 = VERTEX_POINT('',#11704);
#11704 = CARTESIAN_POINT('',(40.896077639875,-52.7035,27.65));
#11705 = SURFACE_CURVE('',#11706,(#11710,#11717),.PCURVE_S1.);
#11706 = LINE('',#11707,#11708);
#11707 = CARTESIAN_POINT('',(38.324,-52.7035,27.65));
#11708 = VECTOR('',#11709,1.);
#11709 = DIRECTION('',(1.,0.,0.));
#11710 = PCURVE('',#10144,#11711);
#11711 = DEFINITIONAL_REPRESENTATION('',(#11712),#11716);
#11712 = LINE('',#11713,#11714);
#11713 = CARTESIAN_POINT('',(0.,-1.55));
#11714 = VECTOR('',#11715,1.);
#11715 = DIRECTION('',(1.,0.));
#11716 = ( GEOMETRIC_REPRESENTATION_CONTEXT(2) 
PARAMETRIC_REPRESENTATION_CONTEXT() REPRESENTATION_CONTEXT('2D SPACE',''
  ) );
#11717 = PCURVE('',#11718,#11723);
#11718 = PLANE('',#11719);
#11719 = AXIS2_PLACEMENT_3D('',#11720,#11721,#11722);
#11720 = CARTESIAN_POINT('',(40.149,-52.3535,27.65));
#11721 = DIRECTION('',(0.,0.,1.));
#11722 = DIRECTION('',(1.,0.,0.));
#11723 = DEFINITIONAL_REPRESENTATION('',(#11724),#11728);
#11724 = LINE('',#11725,#11726);
#11725 = CARTESIAN_POINT('',(-1.825,-0.35));
#11726 = VECTOR('',#11727,1.);
#11727 = DIRECTION('',(1.,0.));
#11728 = ( GEOMETRIC_REPRESENTATION_CONTEXT(2) 
PARAMETRIC_REPRESENTATION_CONTEXT() REPRESENTATION_CONTEXT('2D SPACE',''
  ) );
#11729 = ORIENTED_EDGE('',*,*,#11730,.T.);
#11730 = EDGE_CURVE('',#11703,#11731,#11733,.T.);
#11731 = VERTEX_POINT('',#11732);
#11732 = CARTESIAN_POINT('',(40.896077639874,-52.7035,27.55));
#11733 = SURFACE_CURVE('',#11734,(#11738,#11744),.PCURVE_S1.);
#11734 = LINE('',#11735,#11736);
#11735 = CARTESIAN_POINT('',(40.896077639874,-52.7035,27.55));
#11736 = VECTOR('',#11737,1.);
#11737 = DIRECTION('',(-0.,-0.,-1.));
#11738 = PCURVE('',#10144,#11739);
#11739 = DEFINITIONAL_REPRESENTATION('',(#11740),#11743);
#11740 = B_SPLINE_CURVE_WITH_KNOTS('',1,(#11741,#11742),.UNSPECIFIED.,
  .F.,.F.,(2,2),(-0.255,5.999999999062E-07),.PIECEWISE_BEZIER_KNOTS.);
#11741 = CARTESIAN_POINT('',(2.572077639874,-1.705));
#11742 = CARTESIAN_POINT('',(2.572077639874,-1.4499994));
#11743 = ( GEOMETRIC_REPRESENTATION_CONTEXT(2) 
PARAMETRIC_REPRESENTATION_CONTEXT() REPRESENTATION_CONTEXT('2D SPACE',''
  ) );
#11744 = PCURVE('',#11691,#11745);
#11745 = DEFINITIONAL_REPRESENTATION('',(#11746),#11749);
#11746 = B_SPLINE_CURVE_WITH_KNOTS('',1,(#11747,#11748),.UNSPECIFIED.,
  .F.,.F.,(2,2),(-0.255,5.999999999062E-07),.PIECEWISE_BEZIER_KNOTS.);
#11747 = CARTESIAN_POINT('',(-5.84506017878,-0.255));
#11748 = CARTESIAN_POINT('',(-5.84506017878,5.999999999062E-07));
#11749 = ( GEOMETRIC_REPRESENTATION_CONTEXT(2) 
PARAMETRIC_REPRESENTATION_CONTEXT() REPRESENTATION_CONTEXT('2D SPACE',''
  ) );
#11750 = ORIENTED_EDGE('',*,*,#11751,.T.);
#11751 = EDGE_CURVE('',#11731,#11752,#11754,.T.);
#11752 = VERTEX_POINT('',#11753);
#11753 = CARTESIAN_POINT('',(40.573264068712,-52.7035,27.55));
#11754 = SURFACE_CURVE('',#11755,(#11759,#11765),.PCURVE_S1.);
#11755 = LINE('',#11756,#11757);
#11756 = CARTESIAN_POINT('',(39.2365,-52.7035,27.55));
#11757 = VECTOR('',#11758,1.);
#11758 = DIRECTION('',(-1.,0.,0.));
#11759 = PCURVE('',#10144,#11760);
#11760 = DEFINITIONAL_REPRESENTATION('',(#11761),#11764);
#11761 = B_SPLINE_CURVE_WITH_KNOTS('',1,(#11762,#11763),.UNSPECIFIED.,
  .F.,.F.,(2,2),(-1.7375,-8.75E-02),.PIECEWISE_BEZIER_KNOTS.);
#11762 = CARTESIAN_POINT('',(2.65,-1.45));
#11763 = CARTESIAN_POINT('',(1.,-1.45));
#11764 = ( GEOMETRIC_REPRESENTATION_CONTEXT(2) 
PARAMETRIC_REPRESENTATION_CONTEXT() REPRESENTATION_CONTEXT('2D SPACE',''
  ) );
#11765 = PCURVE('',#11665,#11766);
#11766 = DEFINITIONAL_REPRESENTATION('',(#11767),#11770);
#11767 = B_SPLINE_CURVE_WITH_KNOTS('',1,(#11768,#11769),.UNSPECIFIED.,
  .F.,.F.,(2,2),(-1.7375,-8.75E-02),.PIECEWISE_BEZIER_KNOTS.);
#11768 = CARTESIAN_POINT('',(0.825,-0.35));
#11769 = CARTESIAN_POINT('',(-0.825,-0.35));
#11770 = ( GEOMETRIC_REPRESENTATION_CONTEXT(2) 
PARAMETRIC_REPRESENTATION_CONTEXT() REPRESENTATION_CONTEXT('2D SPACE',''
  ) );
#11771 = ORIENTED_EDGE('',*,*,#11772,.T.);
#11772 = EDGE_CURVE('',#11752,#11773,#11775,.T.);
#11773 = VERTEX_POINT('',#11774);
#11774 = CARTESIAN_POINT('',(40.573264068712,-52.7035,26.95));
#11775 = SURFACE_CURVE('',#11776,(#11780,#11786),.PCURVE_S1.);
#11776 = LINE('',#11777,#11778);
#11777 = CARTESIAN_POINT('',(40.573264068712,-52.7035,24.6));
#11778 = VECTOR('',#11779,1.);
#11779 = DIRECTION('',(-0.,-0.,-1.));
#11780 = PCURVE('',#10144,#11781);
#11781 = DEFINITIONAL_REPRESENTATION('',(#11782),#11785);
#11782 = B_SPLINE_CURVE_WITH_KNOTS('',1,(#11783,#11784),.UNSPECIFIED.,
  .F.,.F.,(2,2),(-2.9500006,-2.3499994),.PIECEWISE_BEZIER_KNOTS.);
#11783 = CARTESIAN_POINT('',(2.249264068712,-1.4500006));
#11784 = CARTESIAN_POINT('',(2.249264068712,-0.8499994));
#11785 = ( GEOMETRIC_REPRESENTATION_CONTEXT(2) 
PARAMETRIC_REPRESENTATION_CONTEXT() REPRESENTATION_CONTEXT('2D SPACE',''
  ) );
#11786 = PCURVE('',#11639,#11787);
#11787 = DEFINITIONAL_REPRESENTATION('',(#11788),#11791);
#11788 = B_SPLINE_CURVE_WITH_KNOTS('',1,(#11789,#11790),.UNSPECIFIED.,
  .F.,.F.,(2,2),(-2.9500006,-2.3499994),.PIECEWISE_BEZIER_KNOTS.);
#11789 = CARTESIAN_POINT('',(-5.593410306394,-2.9500006));
#11790 = CARTESIAN_POINT('',(-5.593410306394,-2.3499994));
#11791 = ( GEOMETRIC_REPRESENTATION_CONTEXT(2) 
PARAMETRIC_REPRESENTATION_CONTEXT() REPRESENTATION_CONTEXT('2D SPACE',''
  ) );
#11792 = ORIENTED_EDGE('',*,*,#11793,.F.);
#11793 = EDGE_CURVE('',#11794,#11773,#11796,.T.);
#11794 = VERTEX_POINT('',#11795);
#11795 = CARTESIAN_POINT('',(40.840465834297,-52.7035,26.95));
#11796 = SURFACE_CURVE('',#11797,(#11801,#11807),.PCURVE_S1.);
#11797 = LINE('',#11798,#11799);
#11798 = CARTESIAN_POINT('',(39.2365,-52.7035,26.95));
#11799 = VECTOR('',#11800,1.);
#11800 = DIRECTION('',(-1.,0.,0.));
#11801 = PCURVE('',#10144,#11802);
#11802 = DEFINITIONAL_REPRESENTATION('',(#11803),#11806);
#11803 = B_SPLINE_CURVE_WITH_KNOTS('',1,(#11804,#11805),.UNSPECIFIED.,
  .F.,.F.,(2,2),(-1.6875,-0.1375),.PIECEWISE_BEZIER_KNOTS.);
#11804 = CARTESIAN_POINT('',(2.6,-0.85));
#11805 = CARTESIAN_POINT('',(1.05,-0.85));
#11806 = ( GEOMETRIC_REPRESENTATION_CONTEXT(2) 
PARAMETRIC_REPRESENTATION_CONTEXT() REPRESENTATION_CONTEXT('2D SPACE',''
  ) );
#11807 = PCURVE('',#11613,#11808);
#11808 = DEFINITIONAL_REPRESENTATION('',(#11809),#11812);
#11809 = B_SPLINE_CURVE_WITH_KNOTS('',1,(#11810,#11811),.UNSPECIFIED.,
  .F.,.F.,(2,2),(-1.6875,-0.1375),.PIECEWISE_BEZIER_KNOTS.);
#11810 = CARTESIAN_POINT('',(0.775,-0.35));
#11811 = CARTESIAN_POINT('',(-0.775,-0.35));
#11812 = ( GEOMETRIC_REPRESENTATION_CONTEXT(2) 
PARAMETRIC_REPRESENTATION_CONTEXT() REPRESENTATION_CONTEXT('2D SPACE',''
  ) );
#11813 = ORIENTED_EDGE('',*,*,#11814,.T.);
#11814 = EDGE_CURVE('',#11794,#11815,#11817,.T.);
#11815 = VERTEX_POINT('',#11816);
#11816 = CARTESIAN_POINT('',(40.840465834297,-52.7035,26.6));
#11817 = SURFACE_CURVE('',#11818,(#11822,#11828),.PCURVE_S1.);
#11818 = LINE('',#11819,#11820);
#11819 = CARTESIAN_POINT('',(40.840465834297,-52.7035,26.6));
#11820 = VECTOR('',#11821,1.);
#11821 = DIRECTION('',(-0.,-0.,-1.));
#11822 = PCURVE('',#10144,#11823);
#11823 = DEFINITIONAL_REPRESENTATION('',(#11824),#11827);
#11824 = B_SPLINE_CURVE_WITH_KNOTS('',1,(#11825,#11826),.UNSPECIFIED.,
  .F.,.F.,(2,2),(-0.3500006,5.999999999062E-07),
  .PIECEWISE_BEZIER_KNOTS.);
#11825 = CARTESIAN_POINT('',(2.516465834297,-0.8500006));
#11826 = CARTESIAN_POINT('',(2.516465834297,-0.4999994));
#11827 = ( GEOMETRIC_REPRESENTATION_CONTEXT(2) 
PARAMETRIC_REPRESENTATION_CONTEXT() REPRESENTATION_CONTEXT('2D SPACE',''
  ) );
#11828 = PCURVE('',#11587,#11829);
#11829 = DEFINITIONAL_REPRESENTATION('',(#11830),#11833);
#11830 = B_SPLINE_CURVE_WITH_KNOTS('',1,(#11831,#11832),.UNSPECIFIED.,
  .F.,.F.,(2,2),(-0.3500006,5.999999999062E-07),
  .PIECEWISE_BEZIER_KNOTS.);
#11831 = CARTESIAN_POINT('',(-5.814613039656,-0.3500006));
#11832 = CARTESIAN_POINT('',(-5.814613039656,5.999999999062E-07));
#11833 = ( GEOMETRIC_REPRESENTATION_CONTEXT(2) 
PARAMETRIC_REPRESENTATION_CONTEXT() REPRESENTATION_CONTEXT('2D SPACE',''
  ) );
#11834 = ORIENTED_EDGE('',*,*,#11835,.T.);
#11835 = EDGE_CURVE('',#11815,#10156,#11836,.T.);
#11836 = SURFACE_CURVE('',#11837,(#11841,#11847),.PCURVE_S1.);
#11837 = LINE('',#11838,#11839);
#11838 = CARTESIAN_POINT('',(39.2365,-52.7035,26.6));
#11839 = VECTOR('',#11840,1.);
#11840 = DIRECTION('',(-1.,0.,0.));
#11841 = PCURVE('',#10144,#11842);
#11842 = DEFINITIONAL_REPRESENTATION('',(#11843),#11846);
#11843 = B_SPLINE_CURVE_WITH_KNOTS('',1,(#11844,#11845),.UNSPECIFIED.,
  .F.,.F.,(2,2),(-1.6875,-0.1375),.PIECEWISE_BEZIER_KNOTS.);
#11844 = CARTESIAN_POINT('',(2.6,-0.5));
#11845 = CARTESIAN_POINT('',(1.05,-0.5));
#11846 = ( GEOMETRIC_REPRESENTATION_CONTEXT(2) 
PARAMETRIC_REPRESENTATION_CONTEXT() REPRESENTATION_CONTEXT('2D SPACE',''
  ) );
#11847 = PCURVE('',#10172,#11848);
#11848 = DEFINITIONAL_REPRESENTATION('',(#11849),#11852);
#11849 = B_SPLINE_CURVE_WITH_KNOTS('',1,(#11850,#11851),.UNSPECIFIED.,
  .F.,.F.,(2,2),(-1.6875,-0.1375),.PIECEWISE_BEZIER_KNOTS.);
#11850 = CARTESIAN_POINT('',(0.775,-0.35));
#11851 = CARTESIAN_POINT('',(-0.775,-0.35));
#11852 = ( GEOMETRIC_REPRESENTATION_CONTEXT(2) 
PARAMETRIC_REPRESENTATION_CONTEXT() REPRESENTATION_CONTEXT('2D SPACE',''
  ) );
#11853 = ORIENTED_EDGE('',*,*,#10188,.T.);
#11854 = ADVANCED_FACE('',(#11855),#10172,.F.);
#11855 = FACE_BOUND('',#11856,.F.);
#11856 = EDGE_LOOP('',(#11857,#11879,#11880,#11881));
#11857 = ORIENTED_EDGE('',*,*,#11858,.T.);
#11858 = EDGE_CURVE('',#11552,#11815,#11859,.T.);
#11859 = SURFACE_CURVE('',#11860,(#11865,#11872),.PCURVE_S1.);
#11860 = CIRCLE('',#11861,0.775);
#11861 = AXIS2_PLACEMENT_3D('',#11862,#11863,#11864);
#11862 = CARTESIAN_POINT('',(40.149,-52.3535,26.6));
#11863 = DIRECTION('',(0.,0.,1.));
#11864 = DIRECTION('',(1.,0.,0.));
#11865 = PCURVE('',#10172,#11866);
#11866 = DEFINITIONAL_REPRESENTATION('',(#11867),#11871);
#11867 = CIRCLE('',#11868,0.775);
#11868 = AXIS2_PLACEMENT_2D('',#11869,#11870);
#11869 = CARTESIAN_POINT('',(7.105427357601E-15,-7.105427357601E-15));
#11870 = DIRECTION('',(1.,0.));
#11871 = ( GEOMETRIC_REPRESENTATION_CONTEXT(2) 
PARAMETRIC_REPRESENTATION_CONTEXT() REPRESENTATION_CONTEXT('2D SPACE',''
  ) );
#11872 = PCURVE('',#11587,#11873);
#11873 = DEFINITIONAL_REPRESENTATION('',(#11874),#11878);
#11874 = LINE('',#11875,#11876);
#11875 = CARTESIAN_POINT('',(-0.,0.));
#11876 = VECTOR('',#11877,1.);
#11877 = DIRECTION('',(-1.,0.));
#11878 = ( GEOMETRIC_REPRESENTATION_CONTEXT(2) 
PARAMETRIC_REPRESENTATION_CONTEXT() REPRESENTATION_CONTEXT('2D SPACE',''
  ) );
#11879 = ORIENTED_EDGE('',*,*,#11835,.T.);
#11880 = ORIENTED_EDGE('',*,*,#10155,.T.);
#11881 = ORIENTED_EDGE('',*,*,#11551,.T.);
#11882 = ADVANCED_FACE('',(#11883),#10036,.T.);
#11883 = FACE_BOUND('',#11884,.T.);
#11884 = EDGE_LOOP('',(#11885,#11886,#11887,#11908,#11934,#11960,#11986,
    #12012,#12033,#12056,#12077,#12098,#12119,#12140,#12161,#12180));
#11885 = ORIENTED_EDGE('',*,*,#11525,.F.);
#11886 = ORIENTED_EDGE('',*,*,#10021,.F.);
#11887 = ORIENTED_EDGE('',*,*,#11888,.T.);
#11888 = EDGE_CURVE('',#10022,#11889,#11891,.T.);
#11889 = VERTEX_POINT('',#11890);
#11890 = CARTESIAN_POINT('',(40.840465834297,-52.0035,26.6));
#11891 = SURFACE_CURVE('',#11892,(#11896,#11902),.PCURVE_S1.);
#11892 = LINE('',#11893,#11894);
#11893 = CARTESIAN_POINT('',(41.0615,-52.0035,26.6));
#11894 = VECTOR('',#11895,1.);
#11895 = DIRECTION('',(1.,0.,-0.));
#11896 = PCURVE('',#10036,#11897);
#11897 = DEFINITIONAL_REPRESENTATION('',(#11898),#11901);
#11898 = B_SPLINE_CURVE_WITH_KNOTS('',1,(#11899,#11900),.UNSPECIFIED.,
  .F.,.F.,(2,2),(-1.6875,-0.1375),.PIECEWISE_BEZIER_KNOTS.);
#11899 = CARTESIAN_POINT('',(2.6,-0.5));
#11900 = CARTESIAN_POINT('',(1.05,-0.5));
#11901 = ( GEOMETRIC_REPRESENTATION_CONTEXT(2) 
PARAMETRIC_REPRESENTATION_CONTEXT() REPRESENTATION_CONTEXT('2D SPACE',''
  ) );
#11902 = PCURVE('',#10064,#11903);
#11903 = DEFINITIONAL_REPRESENTATION('',(#11904),#11907);
#11904 = B_SPLINE_CURVE_WITH_KNOTS('',1,(#11905,#11906),.UNSPECIFIED.,
  .F.,.F.,(2,2),(-1.6875,-0.1375),.PIECEWISE_BEZIER_KNOTS.);
#11905 = CARTESIAN_POINT('',(-0.775,0.35));
#11906 = CARTESIAN_POINT('',(0.775,0.35));
#11907 = ( GEOMETRIC_REPRESENTATION_CONTEXT(2) 
PARAMETRIC_REPRESENTATION_CONTEXT() REPRESENTATION_CONTEXT('2D SPACE',''
  ) );
#11908 = ORIENTED_EDGE('',*,*,#11909,.F.);
#11909 = EDGE_CURVE('',#11910,#11889,#11912,.T.);
#11910 = VERTEX_POINT('',#11911);
#11911 = CARTESIAN_POINT('',(40.840465834297,-52.0035,26.95));
#11912 = SURFACE_CURVE('',#11913,(#11917,#11923),.PCURVE_S1.);
#11913 = LINE('',#11914,#11915);
#11914 = CARTESIAN_POINT('',(40.840465834297,-52.0035,26.6));
#11915 = VECTOR('',#11916,1.);
#11916 = DIRECTION('',(-0.,-0.,-1.));
#11917 = PCURVE('',#10036,#11918);
#11918 = DEFINITIONAL_REPRESENTATION('',(#11919),#11922);
#11919 = B_SPLINE_CURVE_WITH_KNOTS('',1,(#11920,#11921),.UNSPECIFIED.,
  .F.,.F.,(2,2),(-0.3500006,5.999999999062E-07),
  .PIECEWISE_BEZIER_KNOTS.);
#11920 = CARTESIAN_POINT('',(1.133534165703,-0.8500006));
#11921 = CARTESIAN_POINT('',(1.133534165703,-0.4999994));
#11922 = ( GEOMETRIC_REPRESENTATION_CONTEXT(2) 
PARAMETRIC_REPRESENTATION_CONTEXT() REPRESENTATION_CONTEXT('2D SPACE',''
  ) );
#11923 = PCURVE('',#11924,#11929);
#11924 = CYLINDRICAL_SURFACE('',#11925,0.775);
#11925 = AXIS2_PLACEMENT_3D('',#11926,#11927,#11928);
#11926 = CARTESIAN_POINT('',(40.149,-52.3535,26.6));
#11927 = DIRECTION('',(-0.,-0.,-1.));
#11928 = DIRECTION('',(1.,0.,0.));
#11929 = DEFINITIONAL_REPRESENTATION('',(#11930),#11933);
#11930 = B_SPLINE_CURVE_WITH_KNOTS('',1,(#11931,#11932),.UNSPECIFIED.,
  .F.,.F.,(2,2),(-0.3500006,5.999999999062E-07),
  .PIECEWISE_BEZIER_KNOTS.);
#11931 = CARTESIAN_POINT('',(-0.468572267524,-0.3500006));
#11932 = CARTESIAN_POINT('',(-0.468572267524,5.999999999062E-07));
#11933 = ( GEOMETRIC_REPRESENTATION_CONTEXT(2) 
PARAMETRIC_REPRESENTATION_CONTEXT() REPRESENTATION_CONTEXT('2D SPACE',''
  ) );
#11934 = ORIENTED_EDGE('',*,*,#11935,.F.);
#11935 = EDGE_CURVE('',#11936,#11910,#11938,.T.);
#11936 = VERTEX_POINT('',#11937);
#11937 = CARTESIAN_POINT('',(40.573264068712,-52.0035,26.95));
#11938 = SURFACE_CURVE('',#11939,(#11943,#11949),.PCURVE_S1.);
#11939 = LINE('',#11940,#11941);
#11940 = CARTESIAN_POINT('',(41.0615,-52.0035,26.95));
#11941 = VECTOR('',#11942,1.);
#11942 = DIRECTION('',(1.,0.,-0.));
#11943 = PCURVE('',#10036,#11944);
#11944 = DEFINITIONAL_REPRESENTATION('',(#11945),#11948);
#11945 = B_SPLINE_CURVE_WITH_KNOTS('',1,(#11946,#11947),.UNSPECIFIED.,
  .F.,.F.,(2,2),(-1.6875,-0.1375),.PIECEWISE_BEZIER_KNOTS.);
#11946 = CARTESIAN_POINT('',(2.6,-0.85));
#11947 = CARTESIAN_POINT('',(1.05,-0.85));
#11948 = ( GEOMETRIC_REPRESENTATION_CONTEXT(2) 
PARAMETRIC_REPRESENTATION_CONTEXT() REPRESENTATION_CONTEXT('2D SPACE',''
  ) );
#11949 = PCURVE('',#11950,#11955);
#11950 = PLANE('',#11951);
#11951 = AXIS2_PLACEMENT_3D('',#11952,#11953,#11954);
#11952 = CARTESIAN_POINT('',(40.149,-52.3535,26.95));
#11953 = DIRECTION('',(0.,0.,1.));
#11954 = DIRECTION('',(1.,0.,-0.));
#11955 = DEFINITIONAL_REPRESENTATION('',(#11956),#11959);
#11956 = B_SPLINE_CURVE_WITH_KNOTS('',1,(#11957,#11958),.UNSPECIFIED.,
  .F.,.F.,(2,2),(-1.6875,-0.1375),.PIECEWISE_BEZIER_KNOTS.);
#11957 = CARTESIAN_POINT('',(-0.775,0.35));
#11958 = CARTESIAN_POINT('',(0.775,0.35));
#11959 = ( GEOMETRIC_REPRESENTATION_CONTEXT(2) 
PARAMETRIC_REPRESENTATION_CONTEXT() REPRESENTATION_CONTEXT('2D SPACE',''
  ) );
#11960 = ORIENTED_EDGE('',*,*,#11961,.F.);
#11961 = EDGE_CURVE('',#11962,#11936,#11964,.T.);
#11962 = VERTEX_POINT('',#11963);
#11963 = CARTESIAN_POINT('',(40.573264068712,-52.0035,27.55));
#11964 = SURFACE_CURVE('',#11965,(#11969,#11975),.PCURVE_S1.);
#11965 = LINE('',#11966,#11967);
#11966 = CARTESIAN_POINT('',(40.573264068712,-52.0035,24.6));
#11967 = VECTOR('',#11968,1.);
#11968 = DIRECTION('',(-0.,-0.,-1.));
#11969 = PCURVE('',#10036,#11970);
#11970 = DEFINITIONAL_REPRESENTATION('',(#11971),#11974);
#11971 = B_SPLINE_CURVE_WITH_KNOTS('',1,(#11972,#11973),.UNSPECIFIED.,
  .F.,.F.,(2,2),(-2.9500006,-2.3499994),.PIECEWISE_BEZIER_KNOTS.);
#11972 = CARTESIAN_POINT('',(1.400735931288,-1.4500006));
#11973 = CARTESIAN_POINT('',(1.400735931288,-0.8499994));
#11974 = ( GEOMETRIC_REPRESENTATION_CONTEXT(2) 
PARAMETRIC_REPRESENTATION_CONTEXT() REPRESENTATION_CONTEXT('2D SPACE',''
  ) );
#11975 = PCURVE('',#11976,#11981);
#11976 = CYLINDRICAL_SURFACE('',#11977,0.55);
#11977 = AXIS2_PLACEMENT_3D('',#11978,#11979,#11980);
#11978 = CARTESIAN_POINT('',(40.149,-52.3535,24.6));
#11979 = DIRECTION('',(-0.,-0.,-1.));
#11980 = DIRECTION('',(1.,0.,0.));
#11981 = DEFINITIONAL_REPRESENTATION('',(#11982),#11985);
#11982 = B_SPLINE_CURVE_WITH_KNOTS('',1,(#11983,#11984),.UNSPECIFIED.,
  .F.,.F.,(2,2),(-2.9500006,-2.3499994),.PIECEWISE_BEZIER_KNOTS.);
#11983 = CARTESIAN_POINT('',(-0.689775000786,-2.9500006));
#11984 = CARTESIAN_POINT('',(-0.689775000786,-2.3499994));
#11985 = ( GEOMETRIC_REPRESENTATION_CONTEXT(2) 
PARAMETRIC_REPRESENTATION_CONTEXT() REPRESENTATION_CONTEXT('2D SPACE',''
  ) );
#11986 = ORIENTED_EDGE('',*,*,#11987,.T.);
#11987 = EDGE_CURVE('',#11962,#11988,#11990,.T.);
#11988 = VERTEX_POINT('',#11989);
#11989 = CARTESIAN_POINT('',(40.896077639874,-52.0035,27.55));
#11990 = SURFACE_CURVE('',#11991,(#11995,#12001),.PCURVE_S1.);
#11991 = LINE('',#11992,#11993);
#11992 = CARTESIAN_POINT('',(41.0615,-52.0035,27.55));
#11993 = VECTOR('',#11994,1.);
#11994 = DIRECTION('',(1.,0.,-0.));
#11995 = PCURVE('',#10036,#11996);
#11996 = DEFINITIONAL_REPRESENTATION('',(#11997),#12000);
#11997 = B_SPLINE_CURVE_WITH_KNOTS('',1,(#11998,#11999),.UNSPECIFIED.,
  .F.,.F.,(2,2),(-1.7375,-8.75E-02),.PIECEWISE_BEZIER_KNOTS.);
#11998 = CARTESIAN_POINT('',(2.65,-1.45));
#11999 = CARTESIAN_POINT('',(1.,-1.45));
#12000 = ( GEOMETRIC_REPRESENTATION_CONTEXT(2) 
PARAMETRIC_REPRESENTATION_CONTEXT() REPRESENTATION_CONTEXT('2D SPACE',''
  ) );
#12001 = PCURVE('',#12002,#12007);
#12002 = PLANE('',#12003);
#12003 = AXIS2_PLACEMENT_3D('',#12004,#12005,#12006);
#12004 = CARTESIAN_POINT('',(40.149,-52.3535,27.55));
#12005 = DIRECTION('',(0.,0.,1.));
#12006 = DIRECTION('',(1.,0.,-0.));
#12007 = DEFINITIONAL_REPRESENTATION('',(#12008),#12011);
#12008 = B_SPLINE_CURVE_WITH_KNOTS('',1,(#12009,#12010),.UNSPECIFIED.,
  .F.,.F.,(2,2),(-1.7375,-8.75E-02),.PIECEWISE_BEZIER_KNOTS.);
#12009 = CARTESIAN_POINT('',(-0.825,0.35));
#12010 = CARTESIAN_POINT('',(0.825,0.35));
#12011 = ( GEOMETRIC_REPRESENTATION_CONTEXT(2) 
PARAMETRIC_REPRESENTATION_CONTEXT() REPRESENTATION_CONTEXT('2D SPACE',''
  ) );
#12012 = ORIENTED_EDGE('',*,*,#12013,.F.);
#12013 = EDGE_CURVE('',#12014,#11988,#12016,.T.);
#12014 = VERTEX_POINT('',#12015);
#12015 = CARTESIAN_POINT('',(40.896077639874,-52.0035,27.65));
#12016 = SURFACE_CURVE('',#12017,(#12021,#12027),.PCURVE_S1.);
#12017 = LINE('',#12018,#12019);
#12018 = CARTESIAN_POINT('',(40.896077639874,-52.0035,27.55));
#12019 = VECTOR('',#12020,1.);
#12020 = DIRECTION('',(-0.,-0.,-1.));
#12021 = PCURVE('',#10036,#12022);
#12022 = DEFINITIONAL_REPRESENTATION('',(#12023),#12026);
#12023 = B_SPLINE_CURVE_WITH_KNOTS('',1,(#12024,#12025),.UNSPECIFIED.,
  .F.,.F.,(2,2),(-0.255,5.999999999062E-07),.PIECEWISE_BEZIER_KNOTS.);
#12024 = CARTESIAN_POINT('',(1.077922360126,-1.705));
#12025 = CARTESIAN_POINT('',(1.077922360126,-1.4499994));
#12026 = ( GEOMETRIC_REPRESENTATION_CONTEXT(2) 
PARAMETRIC_REPRESENTATION_CONTEXT() REPRESENTATION_CONTEXT('2D SPACE',''
  ) );
#12027 = PCURVE('',#11691,#12028);
#12028 = DEFINITIONAL_REPRESENTATION('',(#12029),#12032);
#12029 = B_SPLINE_CURVE_WITH_KNOTS('',1,(#12030,#12031),.UNSPECIFIED.,
  .F.,.F.,(2,2),(-0.255,5.999999999062E-07),.PIECEWISE_BEZIER_KNOTS.);
#12030 = CARTESIAN_POINT('',(-0.4381251284,-0.255));
#12031 = CARTESIAN_POINT('',(-0.4381251284,5.999999999062E-07));
#12032 = ( GEOMETRIC_REPRESENTATION_CONTEXT(2) 
PARAMETRIC_REPRESENTATION_CONTEXT() REPRESENTATION_CONTEXT('2D SPACE',''
  ) );
#12033 = ORIENTED_EDGE('',*,*,#12034,.T.);
#12034 = EDGE_CURVE('',#12014,#12035,#12037,.T.);
#12035 = VERTEX_POINT('',#12036);
#12036 = CARTESIAN_POINT('',(39.401922360126,-52.0035,27.65));
#12037 = SURFACE_CURVE('',#12038,(#12042,#12049),.PCURVE_S1.);
#12038 = LINE('',#12039,#12040);
#12039 = CARTESIAN_POINT('',(41.974,-52.0035,27.65));
#12040 = VECTOR('',#12041,1.);
#12041 = DIRECTION('',(-1.,0.,0.));
#12042 = PCURVE('',#10036,#12043);
#12043 = DEFINITIONAL_REPRESENTATION('',(#12044),#12048);
#12044 = LINE('',#12045,#12046);
#12045 = CARTESIAN_POINT('',(0.,-1.55));
#12046 = VECTOR('',#12047,1.);
#12047 = DIRECTION('',(1.,0.));
#12048 = ( GEOMETRIC_REPRESENTATION_CONTEXT(2) 
PARAMETRIC_REPRESENTATION_CONTEXT() REPRESENTATION_CONTEXT('2D SPACE',''
  ) );
#12049 = PCURVE('',#11718,#12050);
#12050 = DEFINITIONAL_REPRESENTATION('',(#12051),#12055);
#12051 = LINE('',#12052,#12053);
#12052 = CARTESIAN_POINT('',(1.825,0.35));
#12053 = VECTOR('',#12054,1.);
#12054 = DIRECTION('',(-1.,0.));
#12055 = ( GEOMETRIC_REPRESENTATION_CONTEXT(2) 
PARAMETRIC_REPRESENTATION_CONTEXT() REPRESENTATION_CONTEXT('2D SPACE',''
  ) );
#12056 = ORIENTED_EDGE('',*,*,#12057,.T.);
#12057 = EDGE_CURVE('',#12035,#12058,#12060,.T.);
#12058 = VERTEX_POINT('',#12059);
#12059 = CARTESIAN_POINT('',(39.401922360126,-52.0035,27.55));
#12060 = SURFACE_CURVE('',#12061,(#12065,#12071),.PCURVE_S1.);
#12061 = LINE('',#12062,#12063);
#12062 = CARTESIAN_POINT('',(39.401922360126,-52.0035,27.55));
#12063 = VECTOR('',#12064,1.);
#12064 = DIRECTION('',(-0.,-0.,-1.));
#12065 = PCURVE('',#10036,#12066);
#12066 = DEFINITIONAL_REPRESENTATION('',(#12067),#12070);
#12067 = B_SPLINE_CURVE_WITH_KNOTS('',1,(#12068,#12069),.UNSPECIFIED.,
  .F.,.F.,(2,2),(-0.255,5.999999999062E-07),.PIECEWISE_BEZIER_KNOTS.);
#12068 = CARTESIAN_POINT('',(2.572077639874,-1.705));
#12069 = CARTESIAN_POINT('',(2.572077639874,-1.4499994));
#12070 = ( GEOMETRIC_REPRESENTATION_CONTEXT(2) 
PARAMETRIC_REPRESENTATION_CONTEXT() REPRESENTATION_CONTEXT('2D SPACE',''
  ) );
#12071 = PCURVE('',#11691,#12072);
#12072 = DEFINITIONAL_REPRESENTATION('',(#12073),#12076);
#12073 = B_SPLINE_CURVE_WITH_KNOTS('',1,(#12074,#12075),.UNSPECIFIED.,
  .F.,.F.,(2,2),(-0.255,5.999999999062E-07),.PIECEWISE_BEZIER_KNOTS.);
#12074 = CARTESIAN_POINT('',(-2.70346752519,-0.255));
#12075 = CARTESIAN_POINT('',(-2.70346752519,5.999999999062E-07));
#12076 = ( GEOMETRIC_REPRESENTATION_CONTEXT(2) 
PARAMETRIC_REPRESENTATION_CONTEXT() REPRESENTATION_CONTEXT('2D SPACE',''
  ) );
#12077 = ORIENTED_EDGE('',*,*,#12078,.T.);
#12078 = EDGE_CURVE('',#12058,#12079,#12081,.T.);
#12079 = VERTEX_POINT('',#12080);
#12080 = CARTESIAN_POINT('',(39.724735931288,-52.0035,27.55));
#12081 = SURFACE_CURVE('',#12082,(#12086,#12092),.PCURVE_S1.);
#12082 = LINE('',#12083,#12084);
#12083 = CARTESIAN_POINT('',(41.0615,-52.0035,27.55));
#12084 = VECTOR('',#12085,1.);
#12085 = DIRECTION('',(1.,0.,-0.));
#12086 = PCURVE('',#10036,#12087);
#12087 = DEFINITIONAL_REPRESENTATION('',(#12088),#12091);
#12088 = B_SPLINE_CURVE_WITH_KNOTS('',1,(#12089,#12090),.UNSPECIFIED.,
  .F.,.F.,(2,2),(-1.7375,-8.75E-02),.PIECEWISE_BEZIER_KNOTS.);
#12089 = CARTESIAN_POINT('',(2.65,-1.45));
#12090 = CARTESIAN_POINT('',(1.,-1.45));
#12091 = ( GEOMETRIC_REPRESENTATION_CONTEXT(2) 
PARAMETRIC_REPRESENTATION_CONTEXT() REPRESENTATION_CONTEXT('2D SPACE',''
  ) );
#12092 = PCURVE('',#12002,#12093);
#12093 = DEFINITIONAL_REPRESENTATION('',(#12094),#12097);
#12094 = B_SPLINE_CURVE_WITH_KNOTS('',1,(#12095,#12096),.UNSPECIFIED.,
  .F.,.F.,(2,2),(-1.7375,-8.75E-02),.PIECEWISE_BEZIER_KNOTS.);
#12095 = CARTESIAN_POINT('',(-0.825,0.35));
#12096 = CARTESIAN_POINT('',(0.825,0.35));
#12097 = ( GEOMETRIC_REPRESENTATION_CONTEXT(2) 
PARAMETRIC_REPRESENTATION_CONTEXT() REPRESENTATION_CONTEXT('2D SPACE',''
  ) );
#12098 = ORIENTED_EDGE('',*,*,#12099,.T.);
#12099 = EDGE_CURVE('',#12079,#12100,#12102,.T.);
#12100 = VERTEX_POINT('',#12101);
#12101 = CARTESIAN_POINT('',(39.724735931288,-52.0035,26.95));
#12102 = SURFACE_CURVE('',#12103,(#12107,#12113),.PCURVE_S1.);
#12103 = LINE('',#12104,#12105);
#12104 = CARTESIAN_POINT('',(39.724735931288,-52.0035,24.6));
#12105 = VECTOR('',#12106,1.);
#12106 = DIRECTION('',(-0.,-0.,-1.));
#12107 = PCURVE('',#10036,#12108);
#12108 = DEFINITIONAL_REPRESENTATION('',(#12109),#12112);
#12109 = B_SPLINE_CURVE_WITH_KNOTS('',1,(#12110,#12111),.UNSPECIFIED.,
  .F.,.F.,(2,2),(-2.9500006,-2.3499994),.PIECEWISE_BEZIER_KNOTS.);
#12110 = CARTESIAN_POINT('',(2.249264068712,-1.4500006));
#12111 = CARTESIAN_POINT('',(2.249264068712,-0.8499994));
#12112 = ( GEOMETRIC_REPRESENTATION_CONTEXT(2) 
PARAMETRIC_REPRESENTATION_CONTEXT() REPRESENTATION_CONTEXT('2D SPACE',''
  ) );
#12113 = PCURVE('',#11976,#12114);
#12114 = DEFINITIONAL_REPRESENTATION('',(#12115),#12118);
#12115 = B_SPLINE_CURVE_WITH_KNOTS('',1,(#12116,#12117),.UNSPECIFIED.,
  .F.,.F.,(2,2),(-2.9500006,-2.3499994),.PIECEWISE_BEZIER_KNOTS.);
#12116 = CARTESIAN_POINT('',(-2.451817652804,-2.9500006));
#12117 = CARTESIAN_POINT('',(-2.451817652804,-2.3499994));
#12118 = ( GEOMETRIC_REPRESENTATION_CONTEXT(2) 
PARAMETRIC_REPRESENTATION_CONTEXT() REPRESENTATION_CONTEXT('2D SPACE',''
  ) );
#12119 = ORIENTED_EDGE('',*,*,#12120,.F.);
#12120 = EDGE_CURVE('',#12121,#12100,#12123,.T.);
#12121 = VERTEX_POINT('',#12122);
#12122 = CARTESIAN_POINT('',(39.457534165703,-52.0035,26.95));
#12123 = SURFACE_CURVE('',#12124,(#12128,#12134),.PCURVE_S1.);
#12124 = LINE('',#12125,#12126);
#12125 = CARTESIAN_POINT('',(41.0615,-52.0035,26.95));
#12126 = VECTOR('',#12127,1.);
#12127 = DIRECTION('',(1.,0.,-0.));
#12128 = PCURVE('',#10036,#12129);
#12129 = DEFINITIONAL_REPRESENTATION('',(#12130),#12133);
#12130 = B_SPLINE_CURVE_WITH_KNOTS('',1,(#12131,#12132),.UNSPECIFIED.,
  .F.,.F.,(2,2),(-1.6875,-0.1375),.PIECEWISE_BEZIER_KNOTS.);
#12131 = CARTESIAN_POINT('',(2.6,-0.85));
#12132 = CARTESIAN_POINT('',(1.05,-0.85));
#12133 = ( GEOMETRIC_REPRESENTATION_CONTEXT(2) 
PARAMETRIC_REPRESENTATION_CONTEXT() REPRESENTATION_CONTEXT('2D SPACE',''
  ) );
#12134 = PCURVE('',#11950,#12135);
#12135 = DEFINITIONAL_REPRESENTATION('',(#12136),#12139);
#12136 = B_SPLINE_CURVE_WITH_KNOTS('',1,(#12137,#12138),.UNSPECIFIED.,
  .F.,.F.,(2,2),(-1.6875,-0.1375),.PIECEWISE_BEZIER_KNOTS.);
#12137 = CARTESIAN_POINT('',(-0.775,0.35));
#12138 = CARTESIAN_POINT('',(0.775,0.35));
#12139 = ( GEOMETRIC_REPRESENTATION_CONTEXT(2) 
PARAMETRIC_REPRESENTATION_CONTEXT() REPRESENTATION_CONTEXT('2D SPACE',''
  ) );
#12140 = ORIENTED_EDGE('',*,*,#12141,.T.);
#12141 = EDGE_CURVE('',#12121,#12142,#12144,.T.);
#12142 = VERTEX_POINT('',#12143);
#12143 = CARTESIAN_POINT('',(39.457534165703,-52.0035,26.6));
#12144 = SURFACE_CURVE('',#12145,(#12149,#12155),.PCURVE_S1.);
#12145 = LINE('',#12146,#12147);
#12146 = CARTESIAN_POINT('',(39.457534165703,-52.0035,26.6));
#12147 = VECTOR('',#12148,1.);
#12148 = DIRECTION('',(-0.,-0.,-1.));
#12149 = PCURVE('',#10036,#12150);
#12150 = DEFINITIONAL_REPRESENTATION('',(#12151),#12154);
#12151 = B_SPLINE_CURVE_WITH_KNOTS('',1,(#12152,#12153),.UNSPECIFIED.,
  .F.,.F.,(2,2),(-0.3500006,5.999999999062E-07),
  .PIECEWISE_BEZIER_KNOTS.);
#12152 = CARTESIAN_POINT('',(2.516465834297,-0.8500006));
#12153 = CARTESIAN_POINT('',(2.516465834297,-0.4999994));
#12154 = ( GEOMETRIC_REPRESENTATION_CONTEXT(2) 
PARAMETRIC_REPRESENTATION_CONTEXT() REPRESENTATION_CONTEXT('2D SPACE',''
  ) );
#12155 = PCURVE('',#11924,#12156);
#12156 = DEFINITIONAL_REPRESENTATION('',(#12157),#12160);
#12157 = B_SPLINE_CURVE_WITH_KNOTS('',1,(#12158,#12159),.UNSPECIFIED.,
  .F.,.F.,(2,2),(-0.3500006,5.999999999062E-07),
  .PIECEWISE_BEZIER_KNOTS.);
#12158 = CARTESIAN_POINT('',(-2.673020386066,-0.3500006));
#12159 = CARTESIAN_POINT('',(-2.673020386066,5.999999999062E-07));
#12160 = ( GEOMETRIC_REPRESENTATION_CONTEXT(2) 
PARAMETRIC_REPRESENTATION_CONTEXT() REPRESENTATION_CONTEXT('2D SPACE',''
  ) );
#12161 = ORIENTED_EDGE('',*,*,#12162,.T.);
#12162 = EDGE_CURVE('',#12142,#10048,#12163,.T.);
#12163 = SURFACE_CURVE('',#12164,(#12168,#12174),.PCURVE_S1.);
#12164 = LINE('',#12165,#12166);
#12165 = CARTESIAN_POINT('',(41.0615,-52.0035,26.6));
#12166 = VECTOR('',#12167,1.);
#12167 = DIRECTION('',(1.,0.,-0.));
#12168 = PCURVE('',#10036,#12169);
#12169 = DEFINITIONAL_REPRESENTATION('',(#12170),#12173);
#12170 = B_SPLINE_CURVE_WITH_KNOTS('',1,(#12171,#12172),.UNSPECIFIED.,
  .F.,.F.,(2,2),(-1.6875,-0.1375),.PIECEWISE_BEZIER_KNOTS.);
#12171 = CARTESIAN_POINT('',(2.6,-0.5));
#12172 = CARTESIAN_POINT('',(1.05,-0.5));
#12173 = ( GEOMETRIC_REPRESENTATION_CONTEXT(2) 
PARAMETRIC_REPRESENTATION_CONTEXT() REPRESENTATION_CONTEXT('2D SPACE',''
  ) );
#12174 = PCURVE('',#10064,#12175);
#12175 = DEFINITIONAL_REPRESENTATION('',(#12176),#12179);
#12176 = B_SPLINE_CURVE_WITH_KNOTS('',1,(#12177,#12178),.UNSPECIFIED.,
  .F.,.F.,(2,2),(-1.6875,-0.1375),.PIECEWISE_BEZIER_KNOTS.);
#12177 = CARTESIAN_POINT('',(-0.775,0.35));
#12178 = CARTESIAN_POINT('',(0.775,0.35));
#12179 = ( GEOMETRIC_REPRESENTATION_CONTEXT(2) 
PARAMETRIC_REPRESENTATION_CONTEXT() REPRESENTATION_CONTEXT('2D SPACE',''
  ) );
#12180 = ORIENTED_EDGE('',*,*,#10080,.T.);
#12181 = ADVANCED_FACE('',(#12182),#10064,.F.);
#12182 = FACE_BOUND('',#12183,.F.);
#12183 = EDGE_LOOP('',(#12184,#12185,#12207,#12208));
#12184 = ORIENTED_EDGE('',*,*,#11888,.T.);
#12185 = ORIENTED_EDGE('',*,*,#12186,.T.);
#12186 = EDGE_CURVE('',#11889,#12142,#12187,.T.);
#12187 = SURFACE_CURVE('',#12188,(#12193,#12200),.PCURVE_S1.);
#12188 = CIRCLE('',#12189,0.775);
#12189 = AXIS2_PLACEMENT_3D('',#12190,#12191,#12192);
#12190 = CARTESIAN_POINT('',(40.149,-52.3535,26.6));
#12191 = DIRECTION('',(0.,0.,1.));
#12192 = DIRECTION('',(1.,0.,0.));
#12193 = PCURVE('',#10064,#12194);
#12194 = DEFINITIONAL_REPRESENTATION('',(#12195),#12199);
#12195 = CIRCLE('',#12196,0.775);
#12196 = AXIS2_PLACEMENT_2D('',#12197,#12198);
#12197 = CARTESIAN_POINT('',(7.105427357601E-15,-7.105427357601E-15));
#12198 = DIRECTION('',(1.,0.));
#12199 = ( GEOMETRIC_REPRESENTATION_CONTEXT(2) 
PARAMETRIC_REPRESENTATION_CONTEXT() REPRESENTATION_CONTEXT('2D SPACE',''
  ) );
#12200 = PCURVE('',#11924,#12201);
#12201 = DEFINITIONAL_REPRESENTATION('',(#12202),#12206);
#12202 = LINE('',#12203,#12204);
#12203 = CARTESIAN_POINT('',(-0.,0.));
#12204 = VECTOR('',#12205,1.);
#12205 = DIRECTION('',(-1.,0.));
#12206 = ( GEOMETRIC_REPRESENTATION_CONTEXT(2) 
PARAMETRIC_REPRESENTATION_CONTEXT() REPRESENTATION_CONTEXT('2D SPACE',''
  ) );
#12207 = ORIENTED_EDGE('',*,*,#12162,.T.);
#12208 = ORIENTED_EDGE('',*,*,#10047,.T.);
#12209 = ADVANCED_FACE('',(#12210),#10280,.T.);
#12210 = FACE_BOUND('',#12211,.T.);
#12211 = EDGE_LOOP('',(#12212,#12213,#12234,#12235,#12236));
#12212 = ORIENTED_EDGE('',*,*,#10376,.F.);
#12213 = ORIENTED_EDGE('',*,*,#12214,.T.);
#12214 = EDGE_CURVE('',#10377,#10464,#12215,.T.);
#12215 = SURFACE_CURVE('',#12216,(#12220,#12227),.PCURVE_S1.);
#12216 = LINE('',#12217,#12218);
#12217 = CARTESIAN_POINT('',(38.35,52.8845,26.1));
#12218 = VECTOR('',#12219,1.);
#12219 = DIRECTION('',(1.,0.,0.));
#12220 = PCURVE('',#10280,#12221);
#12221 = DEFINITIONAL_REPRESENTATION('',(#12222),#12226);
#12222 = LINE('',#12223,#12224);
#12223 = CARTESIAN_POINT('',(-1.825,-0.35));
#12224 = VECTOR('',#12225,1.);
#12225 = DIRECTION('',(1.,0.));
#12226 = ( GEOMETRIC_REPRESENTATION_CONTEXT(2) 
PARAMETRIC_REPRESENTATION_CONTEXT() REPRESENTATION_CONTEXT('2D SPACE',''
  ) );
#12227 = PCURVE('',#10419,#12228);
#12228 = DEFINITIONAL_REPRESENTATION('',(#12229),#12233);
#12229 = LINE('',#12230,#12231);
#12230 = CARTESIAN_POINT('',(0.,0.));
#12231 = VECTOR('',#12232,1.);
#12232 = DIRECTION('',(1.,0.));
#12233 = ( GEOMETRIC_REPRESENTATION_CONTEXT(2) 
PARAMETRIC_REPRESENTATION_CONTEXT() REPRESENTATION_CONTEXT('2D SPACE',''
  ) );
#12234 = ORIENTED_EDGE('',*,*,#10484,.F.);
#12235 = ORIENTED_EDGE('',*,*,#10263,.F.);
#12236 = ORIENTED_EDGE('',*,*,#12237,.T.);
#12237 = EDGE_CURVE('',#10264,#10356,#12238,.T.);
#12238 = SURFACE_CURVE('',#12239,(#12243,#12250),.PCURVE_S1.);
#12239 = LINE('',#12240,#12241);
#12240 = CARTESIAN_POINT('',(42.,53.5845,26.1));
#12241 = VECTOR('',#12242,1.);
#12242 = DIRECTION('',(-1.,0.,0.));
#12243 = PCURVE('',#10280,#12244);
#12244 = DEFINITIONAL_REPRESENTATION('',(#12245),#12249);
#12245 = LINE('',#12246,#12247);
#12246 = CARTESIAN_POINT('',(1.825,0.35));
#12247 = VECTOR('',#12248,1.);
#12248 = DIRECTION('',(-1.,0.));
#12249 = ( GEOMETRIC_REPRESENTATION_CONTEXT(2) 
PARAMETRIC_REPRESENTATION_CONTEXT() REPRESENTATION_CONTEXT('2D SPACE',''
  ) );
#12250 = PCURVE('',#10311,#12251);
#12251 = DEFINITIONAL_REPRESENTATION('',(#12252),#12256);
#12252 = LINE('',#12253,#12254);
#12253 = CARTESIAN_POINT('',(0.,-0.));
#12254 = VECTOR('',#12255,1.);
#12255 = DIRECTION('',(1.,0.));
#12256 = ( GEOMETRIC_REPRESENTATION_CONTEXT(2) 
PARAMETRIC_REPRESENTATION_CONTEXT() REPRESENTATION_CONTEXT('2D SPACE',''
  ) );
#12257 = ADVANCED_FACE('',(#12258),#10419,.T.);
#12258 = FACE_BOUND('',#12259,.T.);
#12259 = EDGE_LOOP('',(#12260,#12261,#12262,#12283,#12309,#12335,#12361,
    #12387,#12413,#12441,#12462,#12483,#12504,#12525,#12546,#12565));
#12260 = ORIENTED_EDGE('',*,*,#12214,.F.);
#12261 = ORIENTED_EDGE('',*,*,#10404,.F.);
#12262 = ORIENTED_EDGE('',*,*,#12263,.T.);
#12263 = EDGE_CURVE('',#10405,#12264,#12266,.T.);
#12264 = VERTEX_POINT('',#12265);
#12265 = CARTESIAN_POINT('',(39.483534165703,52.8845,26.6));
#12266 = SURFACE_CURVE('',#12267,(#12271,#12277),.PCURVE_S1.);
#12267 = LINE('',#12268,#12269);
#12268 = CARTESIAN_POINT('',(39.2625,52.8845,26.6));
#12269 = VECTOR('',#12270,1.);
#12270 = DIRECTION('',(-1.,0.,0.));
#12271 = PCURVE('',#10419,#12272);
#12272 = DEFINITIONAL_REPRESENTATION('',(#12273),#12276);
#12273 = B_SPLINE_CURVE_WITH_KNOTS('',1,(#12274,#12275),.UNSPECIFIED.,
  .F.,.F.,(2,2),(-1.6875,-0.1375),.PIECEWISE_BEZIER_KNOTS.);
#12274 = CARTESIAN_POINT('',(2.6,-0.5));
#12275 = CARTESIAN_POINT('',(1.05,-0.5));
#12276 = ( GEOMETRIC_REPRESENTATION_CONTEXT(2) 
PARAMETRIC_REPRESENTATION_CONTEXT() REPRESENTATION_CONTEXT('2D SPACE',''
  ) );
#12277 = PCURVE('',#10447,#12278);
#12278 = DEFINITIONAL_REPRESENTATION('',(#12279),#12282);
#12279 = B_SPLINE_CURVE_WITH_KNOTS('',1,(#12280,#12281),.UNSPECIFIED.,
  .F.,.F.,(2,2),(-1.6875,-0.1375),.PIECEWISE_BEZIER_KNOTS.);
#12280 = CARTESIAN_POINT('',(0.775,-0.35));
#12281 = CARTESIAN_POINT('',(-0.775,-0.35));
#12282 = ( GEOMETRIC_REPRESENTATION_CONTEXT(2) 
PARAMETRIC_REPRESENTATION_CONTEXT() REPRESENTATION_CONTEXT('2D SPACE',''
  ) );
#12283 = ORIENTED_EDGE('',*,*,#12284,.F.);
#12284 = EDGE_CURVE('',#12285,#12264,#12287,.T.);
#12285 = VERTEX_POINT('',#12286);
#12286 = CARTESIAN_POINT('',(39.483534165703,52.8845,26.95));
#12287 = SURFACE_CURVE('',#12288,(#12292,#12298),.PCURVE_S1.);
#12288 = LINE('',#12289,#12290);
#12289 = CARTESIAN_POINT('',(39.483534165703,52.8845,26.6));
#12290 = VECTOR('',#12291,1.);
#12291 = DIRECTION('',(-0.,-0.,-1.));
#12292 = PCURVE('',#10419,#12293);
#12293 = DEFINITIONAL_REPRESENTATION('',(#12294),#12297);
#12294 = B_SPLINE_CURVE_WITH_KNOTS('',1,(#12295,#12296),.UNSPECIFIED.,
  .F.,.F.,(2,2),(-0.3500006,5.999999999062E-07),
  .PIECEWISE_BEZIER_KNOTS.);
#12295 = CARTESIAN_POINT('',(1.133534165703,-0.8500006));
#12296 = CARTESIAN_POINT('',(1.133534165703,-0.4999994));
#12297 = ( GEOMETRIC_REPRESENTATION_CONTEXT(2) 
PARAMETRIC_REPRESENTATION_CONTEXT() REPRESENTATION_CONTEXT('2D SPACE',''
  ) );
#12298 = PCURVE('',#12299,#12304);
#12299 = CYLINDRICAL_SURFACE('',#12300,0.775);
#12300 = AXIS2_PLACEMENT_3D('',#12301,#12302,#12303);
#12301 = CARTESIAN_POINT('',(40.175,53.2345,26.6));
#12302 = DIRECTION('',(-0.,-0.,-1.));
#12303 = DIRECTION('',(1.,0.,0.));
#12304 = DEFINITIONAL_REPRESENTATION('',(#12305),#12308);
#12305 = B_SPLINE_CURVE_WITH_KNOTS('',1,(#12306,#12307),.UNSPECIFIED.,
  .F.,.F.,(2,2),(-0.3500006,5.999999999062E-07),
  .PIECEWISE_BEZIER_KNOTS.);
#12306 = CARTESIAN_POINT('',(-3.610164921114,-0.3500006));
#12307 = CARTESIAN_POINT('',(-3.610164921114,5.999999999062E-07));
#12308 = ( GEOMETRIC_REPRESENTATION_CONTEXT(2) 
PARAMETRIC_REPRESENTATION_CONTEXT() REPRESENTATION_CONTEXT('2D SPACE',''
  ) );
#12309 = ORIENTED_EDGE('',*,*,#12310,.F.);
#12310 = EDGE_CURVE('',#12311,#12285,#12313,.T.);
#12311 = VERTEX_POINT('',#12312);
#12312 = CARTESIAN_POINT('',(39.750735931288,52.8845,26.95));
#12313 = SURFACE_CURVE('',#12314,(#12318,#12324),.PCURVE_S1.);
#12314 = LINE('',#12315,#12316);
#12315 = CARTESIAN_POINT('',(39.2625,52.8845,26.95));
#12316 = VECTOR('',#12317,1.);
#12317 = DIRECTION('',(-1.,0.,0.));
#12318 = PCURVE('',#10419,#12319);
#12319 = DEFINITIONAL_REPRESENTATION('',(#12320),#12323);
#12320 = B_SPLINE_CURVE_WITH_KNOTS('',1,(#12321,#12322),.UNSPECIFIED.,
  .F.,.F.,(2,2),(-1.6875,-0.1375),.PIECEWISE_BEZIER_KNOTS.);
#12321 = CARTESIAN_POINT('',(2.6,-0.85));
#12322 = CARTESIAN_POINT('',(1.05,-0.85));
#12323 = ( GEOMETRIC_REPRESENTATION_CONTEXT(2) 
PARAMETRIC_REPRESENTATION_CONTEXT() REPRESENTATION_CONTEXT('2D SPACE',''
  ) );
#12324 = PCURVE('',#12325,#12330);
#12325 = PLANE('',#12326);
#12326 = AXIS2_PLACEMENT_3D('',#12327,#12328,#12329);
#12327 = CARTESIAN_POINT('',(40.175,53.2345,26.95));
#12328 = DIRECTION('',(0.,0.,1.));
#12329 = DIRECTION('',(1.,0.,-0.));
#12330 = DEFINITIONAL_REPRESENTATION('',(#12331),#12334);
#12331 = B_SPLINE_CURVE_WITH_KNOTS('',1,(#12332,#12333),.UNSPECIFIED.,
  .F.,.F.,(2,2),(-1.6875,-0.1375),.PIECEWISE_BEZIER_KNOTS.);
#12332 = CARTESIAN_POINT('',(0.775,-0.35));
#12333 = CARTESIAN_POINT('',(-0.775,-0.35));
#12334 = ( GEOMETRIC_REPRESENTATION_CONTEXT(2) 
PARAMETRIC_REPRESENTATION_CONTEXT() REPRESENTATION_CONTEXT('2D SPACE',''
  ) );
#12335 = ORIENTED_EDGE('',*,*,#12336,.F.);
#12336 = EDGE_CURVE('',#12337,#12311,#12339,.T.);
#12337 = VERTEX_POINT('',#12338);
#12338 = CARTESIAN_POINT('',(39.750735931288,52.8845,27.55));
#12339 = SURFACE_CURVE('',#12340,(#12344,#12350),.PCURVE_S1.);
#12340 = LINE('',#12341,#12342);
#12341 = CARTESIAN_POINT('',(39.750735931288,52.8845,24.6));
#12342 = VECTOR('',#12343,1.);
#12343 = DIRECTION('',(-0.,-0.,-1.));
#12344 = PCURVE('',#10419,#12345);
#12345 = DEFINITIONAL_REPRESENTATION('',(#12346),#12349);
#12346 = B_SPLINE_CURVE_WITH_KNOTS('',1,(#12347,#12348),.UNSPECIFIED.,
  .F.,.F.,(2,2),(-2.9500006,-2.3499994),.PIECEWISE_BEZIER_KNOTS.);
#12347 = CARTESIAN_POINT('',(1.400735931288,-1.4500006));
#12348 = CARTESIAN_POINT('',(1.400735931288,-0.8499994));
#12349 = ( GEOMETRIC_REPRESENTATION_CONTEXT(2) 
PARAMETRIC_REPRESENTATION_CONTEXT() REPRESENTATION_CONTEXT('2D SPACE',''
  ) );
#12350 = PCURVE('',#12351,#12356);
#12351 = CYLINDRICAL_SURFACE('',#12352,0.55);
#12352 = AXIS2_PLACEMENT_3D('',#12353,#12354,#12355);
#12353 = CARTESIAN_POINT('',(40.175,53.2345,24.6));
#12354 = DIRECTION('',(-0.,-0.,-1.));
#12355 = DIRECTION('',(1.,0.,0.));
#12356 = DEFINITIONAL_REPRESENTATION('',(#12357),#12360);
#12357 = B_SPLINE_CURVE_WITH_KNOTS('',1,(#12358,#12359),.UNSPECIFIED.,
  .F.,.F.,(2,2),(-2.9500006,-2.3499994),.PIECEWISE_BEZIER_KNOTS.);
#12358 = CARTESIAN_POINT('',(-3.831367654375,-2.9500006));
#12359 = CARTESIAN_POINT('',(-3.831367654375,-2.3499994));
#12360 = ( GEOMETRIC_REPRESENTATION_CONTEXT(2) 
PARAMETRIC_REPRESENTATION_CONTEXT() REPRESENTATION_CONTEXT('2D SPACE',''
  ) );
#12361 = ORIENTED_EDGE('',*,*,#12362,.T.);
#12362 = EDGE_CURVE('',#12337,#12363,#12365,.T.);
#12363 = VERTEX_POINT('',#12364);
#12364 = CARTESIAN_POINT('',(39.427922360126,52.8845,27.55));
#12365 = SURFACE_CURVE('',#12366,(#12370,#12376),.PCURVE_S1.);
#12366 = LINE('',#12367,#12368);
#12367 = CARTESIAN_POINT('',(39.2625,52.8845,27.55));
#12368 = VECTOR('',#12369,1.);
#12369 = DIRECTION('',(-1.,0.,0.));
#12370 = PCURVE('',#10419,#12371);
#12371 = DEFINITIONAL_REPRESENTATION('',(#12372),#12375);
#12372 = B_SPLINE_CURVE_WITH_KNOTS('',1,(#12373,#12374),.UNSPECIFIED.,
  .F.,.F.,(2,2),(-1.7375,-8.75E-02),.PIECEWISE_BEZIER_KNOTS.);
#12373 = CARTESIAN_POINT('',(2.65,-1.45));
#12374 = CARTESIAN_POINT('',(1.,-1.45));
#12375 = ( GEOMETRIC_REPRESENTATION_CONTEXT(2) 
PARAMETRIC_REPRESENTATION_CONTEXT() REPRESENTATION_CONTEXT('2D SPACE',''
  ) );
#12376 = PCURVE('',#12377,#12382);
#12377 = PLANE('',#12378);
#12378 = AXIS2_PLACEMENT_3D('',#12379,#12380,#12381);
#12379 = CARTESIAN_POINT('',(40.175,53.2345,27.55));
#12380 = DIRECTION('',(0.,0.,1.));
#12381 = DIRECTION('',(1.,0.,-0.));
#12382 = DEFINITIONAL_REPRESENTATION('',(#12383),#12386);
#12383 = B_SPLINE_CURVE_WITH_KNOTS('',1,(#12384,#12385),.UNSPECIFIED.,
  .F.,.F.,(2,2),(-1.7375,-8.75E-02),.PIECEWISE_BEZIER_KNOTS.);
#12384 = CARTESIAN_POINT('',(0.825,-0.35));
#12385 = CARTESIAN_POINT('',(-0.825,-0.35));
#12386 = ( GEOMETRIC_REPRESENTATION_CONTEXT(2) 
PARAMETRIC_REPRESENTATION_CONTEXT() REPRESENTATION_CONTEXT('2D SPACE',''
  ) );
#12387 = ORIENTED_EDGE('',*,*,#12388,.F.);
#12388 = EDGE_CURVE('',#12389,#12363,#12391,.T.);
#12389 = VERTEX_POINT('',#12390);
#12390 = CARTESIAN_POINT('',(39.427922360126,52.8845,27.65));
#12391 = SURFACE_CURVE('',#12392,(#12396,#12402),.PCURVE_S1.);
#12392 = LINE('',#12393,#12394);
#12393 = CARTESIAN_POINT('',(39.427922360126,52.8845,27.55));
#12394 = VECTOR('',#12395,1.);
#12395 = DIRECTION('',(-0.,-0.,-1.));
#12396 = PCURVE('',#10419,#12397);
#12397 = DEFINITIONAL_REPRESENTATION('',(#12398),#12401);
#12398 = B_SPLINE_CURVE_WITH_KNOTS('',1,(#12399,#12400),.UNSPECIFIED.,
  .F.,.F.,(2,2),(-0.255,5.999999999062E-07),.PIECEWISE_BEZIER_KNOTS.);
#12399 = CARTESIAN_POINT('',(1.077922360126,-1.705));
#12400 = CARTESIAN_POINT('',(1.077922360126,-1.4499994));
#12401 = ( GEOMETRIC_REPRESENTATION_CONTEXT(2) 
PARAMETRIC_REPRESENTATION_CONTEXT() REPRESENTATION_CONTEXT('2D SPACE',''
  ) );
#12402 = PCURVE('',#12403,#12408);
#12403 = CYLINDRICAL_SURFACE('',#12404,0.825);
#12404 = AXIS2_PLACEMENT_3D('',#12405,#12406,#12407);
#12405 = CARTESIAN_POINT('',(40.175,53.2345,27.55));
#12406 = DIRECTION('',(-0.,-0.,-1.));
#12407 = DIRECTION('',(1.,0.,0.));
#12408 = DEFINITIONAL_REPRESENTATION('',(#12409),#12412);
#12409 = B_SPLINE_CURVE_WITH_KNOTS('',1,(#12410,#12411),.UNSPECIFIED.,
  .F.,.F.,(2,2),(-0.255,5.999999999062E-07),.PIECEWISE_BEZIER_KNOTS.);
#12410 = CARTESIAN_POINT('',(-3.57971778199,-0.255));
#12411 = CARTESIAN_POINT('',(-3.57971778199,5.999999999062E-07));
#12412 = ( GEOMETRIC_REPRESENTATION_CONTEXT(2) 
PARAMETRIC_REPRESENTATION_CONTEXT() REPRESENTATION_CONTEXT('2D SPACE',''
  ) );
#12413 = ORIENTED_EDGE('',*,*,#12414,.T.);
#12414 = EDGE_CURVE('',#12389,#12415,#12417,.T.);
#12415 = VERTEX_POINT('',#12416);
#12416 = CARTESIAN_POINT('',(40.922077639874,52.8845,27.65));
#12417 = SURFACE_CURVE('',#12418,(#12422,#12429),.PCURVE_S1.);
#12418 = LINE('',#12419,#12420);
#12419 = CARTESIAN_POINT('',(38.35,52.8845,27.65));
#12420 = VECTOR('',#12421,1.);
#12421 = DIRECTION('',(1.,0.,0.));
#12422 = PCURVE('',#10419,#12423);
#12423 = DEFINITIONAL_REPRESENTATION('',(#12424),#12428);
#12424 = LINE('',#12425,#12426);
#12425 = CARTESIAN_POINT('',(0.,-1.55));
#12426 = VECTOR('',#12427,1.);
#12427 = DIRECTION('',(1.,0.));
#12428 = ( GEOMETRIC_REPRESENTATION_CONTEXT(2) 
PARAMETRIC_REPRESENTATION_CONTEXT() REPRESENTATION_CONTEXT('2D SPACE',''
  ) );
#12429 = PCURVE('',#12430,#12435);
#12430 = PLANE('',#12431);
#12431 = AXIS2_PLACEMENT_3D('',#12432,#12433,#12434);
#12432 = CARTESIAN_POINT('',(40.175,53.2345,27.65));
#12433 = DIRECTION('',(0.,0.,1.));
#12434 = DIRECTION('',(1.,0.,0.));
#12435 = DEFINITIONAL_REPRESENTATION('',(#12436),#12440);
#12436 = LINE('',#12437,#12438);
#12437 = CARTESIAN_POINT('',(-1.825,-0.35));
#12438 = VECTOR('',#12439,1.);
#12439 = DIRECTION('',(1.,0.));
#12440 = ( GEOMETRIC_REPRESENTATION_CONTEXT(2) 
PARAMETRIC_REPRESENTATION_CONTEXT() REPRESENTATION_CONTEXT('2D SPACE',''
  ) );
#12441 = ORIENTED_EDGE('',*,*,#12442,.T.);
#12442 = EDGE_CURVE('',#12415,#12443,#12445,.T.);
#12443 = VERTEX_POINT('',#12444);
#12444 = CARTESIAN_POINT('',(40.922077639874,52.8845,27.55));
#12445 = SURFACE_CURVE('',#12446,(#12450,#12456),.PCURVE_S1.);
#12446 = LINE('',#12447,#12448);
#12447 = CARTESIAN_POINT('',(40.922077639874,52.8845,27.55));
#12448 = VECTOR('',#12449,1.);
#12449 = DIRECTION('',(-0.,-0.,-1.));
#12450 = PCURVE('',#10419,#12451);
#12451 = DEFINITIONAL_REPRESENTATION('',(#12452),#12455);
#12452 = B_SPLINE_CURVE_WITH_KNOTS('',1,(#12453,#12454),.UNSPECIFIED.,
  .F.,.F.,(2,2),(-0.255,5.999999999062E-07),.PIECEWISE_BEZIER_KNOTS.);
#12453 = CARTESIAN_POINT('',(2.572077639874,-1.705));
#12454 = CARTESIAN_POINT('',(2.572077639874,-1.4499994));
#12455 = ( GEOMETRIC_REPRESENTATION_CONTEXT(2) 
PARAMETRIC_REPRESENTATION_CONTEXT() REPRESENTATION_CONTEXT('2D SPACE',''
  ) );
#12456 = PCURVE('',#12403,#12457);
#12457 = DEFINITIONAL_REPRESENTATION('',(#12458),#12461);
#12458 = B_SPLINE_CURVE_WITH_KNOTS('',1,(#12459,#12460),.UNSPECIFIED.,
  .F.,.F.,(2,2),(-0.255,5.999999999062E-07),.PIECEWISE_BEZIER_KNOTS.);
#12459 = CARTESIAN_POINT('',(-5.84506017878,-0.255));
#12460 = CARTESIAN_POINT('',(-5.84506017878,5.999999999062E-07));
#12461 = ( GEOMETRIC_REPRESENTATION_CONTEXT(2) 
PARAMETRIC_REPRESENTATION_CONTEXT() REPRESENTATION_CONTEXT('2D SPACE',''
  ) );
#12462 = ORIENTED_EDGE('',*,*,#12463,.T.);
#12463 = EDGE_CURVE('',#12443,#12464,#12466,.T.);
#12464 = VERTEX_POINT('',#12465);
#12465 = CARTESIAN_POINT('',(40.599264068712,52.8845,27.55));
#12466 = SURFACE_CURVE('',#12467,(#12471,#12477),.PCURVE_S1.);
#12467 = LINE('',#12468,#12469);
#12468 = CARTESIAN_POINT('',(39.2625,52.8845,27.55));
#12469 = VECTOR('',#12470,1.);
#12470 = DIRECTION('',(-1.,0.,0.));
#12471 = PCURVE('',#10419,#12472);
#12472 = DEFINITIONAL_REPRESENTATION('',(#12473),#12476);
#12473 = B_SPLINE_CURVE_WITH_KNOTS('',1,(#12474,#12475),.UNSPECIFIED.,
  .F.,.F.,(2,2),(-1.7375,-8.75E-02),.PIECEWISE_BEZIER_KNOTS.);
#12474 = CARTESIAN_POINT('',(2.65,-1.45));
#12475 = CARTESIAN_POINT('',(1.,-1.45));
#12476 = ( GEOMETRIC_REPRESENTATION_CONTEXT(2) 
PARAMETRIC_REPRESENTATION_CONTEXT() REPRESENTATION_CONTEXT('2D SPACE',''
  ) );
#12477 = PCURVE('',#12377,#12478);
#12478 = DEFINITIONAL_REPRESENTATION('',(#12479),#12482);
#12479 = B_SPLINE_CURVE_WITH_KNOTS('',1,(#12480,#12481),.UNSPECIFIED.,
  .F.,.F.,(2,2),(-1.7375,-8.75E-02),.PIECEWISE_BEZIER_KNOTS.);
#12480 = CARTESIAN_POINT('',(0.825,-0.35));
#12481 = CARTESIAN_POINT('',(-0.825,-0.35));
#12482 = ( GEOMETRIC_REPRESENTATION_CONTEXT(2) 
PARAMETRIC_REPRESENTATION_CONTEXT() REPRESENTATION_CONTEXT('2D SPACE',''
  ) );
#12483 = ORIENTED_EDGE('',*,*,#12484,.T.);
#12484 = EDGE_CURVE('',#12464,#12485,#12487,.T.);
#12485 = VERTEX_POINT('',#12486);
#12486 = CARTESIAN_POINT('',(40.599264068712,52.8845,26.95));
#12487 = SURFACE_CURVE('',#12488,(#12492,#12498),.PCURVE_S1.);
#12488 = LINE('',#12489,#12490);
#12489 = CARTESIAN_POINT('',(40.599264068712,52.8845,24.6));
#12490 = VECTOR('',#12491,1.);
#12491 = DIRECTION('',(-0.,-0.,-1.));
#12492 = PCURVE('',#10419,#12493);
#12493 = DEFINITIONAL_REPRESENTATION('',(#12494),#12497);
#12494 = B_SPLINE_CURVE_WITH_KNOTS('',1,(#12495,#12496),.UNSPECIFIED.,
  .F.,.F.,(2,2),(-2.9500006,-2.3499994),.PIECEWISE_BEZIER_KNOTS.);
#12495 = CARTESIAN_POINT('',(2.249264068712,-1.4500006));
#12496 = CARTESIAN_POINT('',(2.249264068712,-0.8499994));
#12497 = ( GEOMETRIC_REPRESENTATION_CONTEXT(2) 
PARAMETRIC_REPRESENTATION_CONTEXT() REPRESENTATION_CONTEXT('2D SPACE',''
  ) );
#12498 = PCURVE('',#12351,#12499);
#12499 = DEFINITIONAL_REPRESENTATION('',(#12500),#12503);
#12500 = B_SPLINE_CURVE_WITH_KNOTS('',1,(#12501,#12502),.UNSPECIFIED.,
  .F.,.F.,(2,2),(-2.9500006,-2.3499994),.PIECEWISE_BEZIER_KNOTS.);
#12501 = CARTESIAN_POINT('',(-5.593410306394,-2.9500006));
#12502 = CARTESIAN_POINT('',(-5.593410306394,-2.3499994));
#12503 = ( GEOMETRIC_REPRESENTATION_CONTEXT(2) 
PARAMETRIC_REPRESENTATION_CONTEXT() REPRESENTATION_CONTEXT('2D SPACE',''
  ) );
#12504 = ORIENTED_EDGE('',*,*,#12505,.F.);
#12505 = EDGE_CURVE('',#12506,#12485,#12508,.T.);
#12506 = VERTEX_POINT('',#12507);
#12507 = CARTESIAN_POINT('',(40.866465834297,52.8845,26.95));
#12508 = SURFACE_CURVE('',#12509,(#12513,#12519),.PCURVE_S1.);
#12509 = LINE('',#12510,#12511);
#12510 = CARTESIAN_POINT('',(39.2625,52.8845,26.95));
#12511 = VECTOR('',#12512,1.);
#12512 = DIRECTION('',(-1.,0.,0.));
#12513 = PCURVE('',#10419,#12514);
#12514 = DEFINITIONAL_REPRESENTATION('',(#12515),#12518);
#12515 = B_SPLINE_CURVE_WITH_KNOTS('',1,(#12516,#12517),.UNSPECIFIED.,
  .F.,.F.,(2,2),(-1.6875,-0.1375),.PIECEWISE_BEZIER_KNOTS.);
#12516 = CARTESIAN_POINT('',(2.6,-0.85));
#12517 = CARTESIAN_POINT('',(1.05,-0.85));
#12518 = ( GEOMETRIC_REPRESENTATION_CONTEXT(2) 
PARAMETRIC_REPRESENTATION_CONTEXT() REPRESENTATION_CONTEXT('2D SPACE',''
  ) );
#12519 = PCURVE('',#12325,#12520);
#12520 = DEFINITIONAL_REPRESENTATION('',(#12521),#12524);
#12521 = B_SPLINE_CURVE_WITH_KNOTS('',1,(#12522,#12523),.UNSPECIFIED.,
  .F.,.F.,(2,2),(-1.6875,-0.1375),.PIECEWISE_BEZIER_KNOTS.);
#12522 = CARTESIAN_POINT('',(0.775,-0.35));
#12523 = CARTESIAN_POINT('',(-0.775,-0.35));
#12524 = ( GEOMETRIC_REPRESENTATION_CONTEXT(2) 
PARAMETRIC_REPRESENTATION_CONTEXT() REPRESENTATION_CONTEXT('2D SPACE',''
  ) );
#12525 = ORIENTED_EDGE('',*,*,#12526,.T.);
#12526 = EDGE_CURVE('',#12506,#12527,#12529,.T.);
#12527 = VERTEX_POINT('',#12528);
#12528 = CARTESIAN_POINT('',(40.866465834297,52.8845,26.6));
#12529 = SURFACE_CURVE('',#12530,(#12534,#12540),.PCURVE_S1.);
#12530 = LINE('',#12531,#12532);
#12531 = CARTESIAN_POINT('',(40.866465834297,52.8845,26.6));
#12532 = VECTOR('',#12533,1.);
#12533 = DIRECTION('',(-0.,-0.,-1.));
#12534 = PCURVE('',#10419,#12535);
#12535 = DEFINITIONAL_REPRESENTATION('',(#12536),#12539);
#12536 = B_SPLINE_CURVE_WITH_KNOTS('',1,(#12537,#12538),.UNSPECIFIED.,
  .F.,.F.,(2,2),(-0.3500006,5.999999999062E-07),
  .PIECEWISE_BEZIER_KNOTS.);
#12537 = CARTESIAN_POINT('',(2.516465834297,-0.8500006));
#12538 = CARTESIAN_POINT('',(2.516465834297,-0.4999994));
#12539 = ( GEOMETRIC_REPRESENTATION_CONTEXT(2) 
PARAMETRIC_REPRESENTATION_CONTEXT() REPRESENTATION_CONTEXT('2D SPACE',''
  ) );
#12540 = PCURVE('',#12299,#12541);
#12541 = DEFINITIONAL_REPRESENTATION('',(#12542),#12545);
#12542 = B_SPLINE_CURVE_WITH_KNOTS('',1,(#12543,#12544),.UNSPECIFIED.,
  .F.,.F.,(2,2),(-0.3500006,5.999999999062E-07),
  .PIECEWISE_BEZIER_KNOTS.);
#12543 = CARTESIAN_POINT('',(-5.814613039656,-0.3500006));
#12544 = CARTESIAN_POINT('',(-5.814613039656,5.999999999062E-07));
#12545 = ( GEOMETRIC_REPRESENTATION_CONTEXT(2) 
PARAMETRIC_REPRESENTATION_CONTEXT() REPRESENTATION_CONTEXT('2D SPACE',''
  ) );
#12546 = ORIENTED_EDGE('',*,*,#12547,.T.);
#12547 = EDGE_CURVE('',#12527,#10431,#12548,.T.);
#12548 = SURFACE_CURVE('',#12549,(#12553,#12559),.PCURVE_S1.);
#12549 = LINE('',#12550,#12551);
#12550 = CARTESIAN_POINT('',(39.2625,52.8845,26.6));
#12551 = VECTOR('',#12552,1.);
#12552 = DIRECTION('',(-1.,0.,0.));
#12553 = PCURVE('',#10419,#12554);
#12554 = DEFINITIONAL_REPRESENTATION('',(#12555),#12558);
#12555 = B_SPLINE_CURVE_WITH_KNOTS('',1,(#12556,#12557),.UNSPECIFIED.,
  .F.,.F.,(2,2),(-1.6875,-0.1375),.PIECEWISE_BEZIER_KNOTS.);
#12556 = CARTESIAN_POINT('',(2.6,-0.5));
#12557 = CARTESIAN_POINT('',(1.05,-0.5));
#12558 = ( GEOMETRIC_REPRESENTATION_CONTEXT(2) 
PARAMETRIC_REPRESENTATION_CONTEXT() REPRESENTATION_CONTEXT('2D SPACE',''
  ) );
#12559 = PCURVE('',#10447,#12560);
#12560 = DEFINITIONAL_REPRESENTATION('',(#12561),#12564);
#12561 = B_SPLINE_CURVE_WITH_KNOTS('',1,(#12562,#12563),.UNSPECIFIED.,
  .F.,.F.,(2,2),(-1.6875,-0.1375),.PIECEWISE_BEZIER_KNOTS.);
#12562 = CARTESIAN_POINT('',(0.775,-0.35));
#12563 = CARTESIAN_POINT('',(-0.775,-0.35));
#12564 = ( GEOMETRIC_REPRESENTATION_CONTEXT(2) 
PARAMETRIC_REPRESENTATION_CONTEXT() REPRESENTATION_CONTEXT('2D SPACE',''
  ) );
#12565 = ORIENTED_EDGE('',*,*,#10463,.T.);
#12566 = ADVANCED_FACE('',(#12567),#10447,.F.);
#12567 = FACE_BOUND('',#12568,.F.);
#12568 = EDGE_LOOP('',(#12569,#12591,#12592,#12593));
#12569 = ORIENTED_EDGE('',*,*,#12570,.T.);
#12570 = EDGE_CURVE('',#12264,#12527,#12571,.T.);
#12571 = SURFACE_CURVE('',#12572,(#12577,#12584),.PCURVE_S1.);
#12572 = CIRCLE('',#12573,0.775);
#12573 = AXIS2_PLACEMENT_3D('',#12574,#12575,#12576);
#12574 = CARTESIAN_POINT('',(40.175,53.2345,26.6));
#12575 = DIRECTION('',(0.,0.,1.));
#12576 = DIRECTION('',(1.,0.,0.));
#12577 = PCURVE('',#10447,#12578);
#12578 = DEFINITIONAL_REPRESENTATION('',(#12579),#12583);
#12579 = CIRCLE('',#12580,0.775);
#12580 = AXIS2_PLACEMENT_2D('',#12581,#12582);
#12581 = CARTESIAN_POINT('',(0.,0.));
#12582 = DIRECTION('',(1.,0.));
#12583 = ( GEOMETRIC_REPRESENTATION_CONTEXT(2) 
PARAMETRIC_REPRESENTATION_CONTEXT() REPRESENTATION_CONTEXT('2D SPACE',''
  ) );
#12584 = PCURVE('',#12299,#12585);
#12585 = DEFINITIONAL_REPRESENTATION('',(#12586),#12590);
#12586 = LINE('',#12587,#12588);
#12587 = CARTESIAN_POINT('',(-0.,0.));
#12588 = VECTOR('',#12589,1.);
#12589 = DIRECTION('',(-1.,0.));
#12590 = ( GEOMETRIC_REPRESENTATION_CONTEXT(2) 
PARAMETRIC_REPRESENTATION_CONTEXT() REPRESENTATION_CONTEXT('2D SPACE',''
  ) );
#12591 = ORIENTED_EDGE('',*,*,#12547,.T.);
#12592 = ORIENTED_EDGE('',*,*,#10430,.T.);
#12593 = ORIENTED_EDGE('',*,*,#12263,.T.);
#12594 = ADVANCED_FACE('',(#12595),#10311,.T.);
#12595 = FACE_BOUND('',#12596,.T.);
#12596 = EDGE_LOOP('',(#12597,#12598,#12599,#12620,#12646,#12672,#12698,
    #12724,#12745,#12768,#12789,#12810,#12831,#12852,#12873,#12892));
#12597 = ORIENTED_EDGE('',*,*,#12237,.F.);
#12598 = ORIENTED_EDGE('',*,*,#10296,.F.);
#12599 = ORIENTED_EDGE('',*,*,#12600,.T.);
#12600 = EDGE_CURVE('',#10297,#12601,#12603,.T.);
#12601 = VERTEX_POINT('',#12602);
#12602 = CARTESIAN_POINT('',(40.866465834297,53.5845,26.6));
#12603 = SURFACE_CURVE('',#12604,(#12608,#12614),.PCURVE_S1.);
#12604 = LINE('',#12605,#12606);
#12605 = CARTESIAN_POINT('',(41.0875,53.5845,26.6));
#12606 = VECTOR('',#12607,1.);
#12607 = DIRECTION('',(1.,0.,-0.));
#12608 = PCURVE('',#10311,#12609);
#12609 = DEFINITIONAL_REPRESENTATION('',(#12610),#12613);
#12610 = B_SPLINE_CURVE_WITH_KNOTS('',1,(#12611,#12612),.UNSPECIFIED.,
  .F.,.F.,(2,2),(-1.6875,-0.1375),.PIECEWISE_BEZIER_KNOTS.);
#12611 = CARTESIAN_POINT('',(2.6,-0.5));
#12612 = CARTESIAN_POINT('',(1.05,-0.5));
#12613 = ( GEOMETRIC_REPRESENTATION_CONTEXT(2) 
PARAMETRIC_REPRESENTATION_CONTEXT() REPRESENTATION_CONTEXT('2D SPACE',''
  ) );
#12614 = PCURVE('',#10339,#12615);
#12615 = DEFINITIONAL_REPRESENTATION('',(#12616),#12619);
#12616 = B_SPLINE_CURVE_WITH_KNOTS('',1,(#12617,#12618),.UNSPECIFIED.,
  .F.,.F.,(2,2),(-1.6875,-0.1375),.PIECEWISE_BEZIER_KNOTS.);
#12617 = CARTESIAN_POINT('',(-0.775,0.35));
#12618 = CARTESIAN_POINT('',(0.775,0.35));
#12619 = ( GEOMETRIC_REPRESENTATION_CONTEXT(2) 
PARAMETRIC_REPRESENTATION_CONTEXT() REPRESENTATION_CONTEXT('2D SPACE',''
  ) );
#12620 = ORIENTED_EDGE('',*,*,#12621,.F.);
#12621 = EDGE_CURVE('',#12622,#12601,#12624,.T.);
#12622 = VERTEX_POINT('',#12623);
#12623 = CARTESIAN_POINT('',(40.866465834297,53.5845,26.95));
#12624 = SURFACE_CURVE('',#12625,(#12629,#12635),.PCURVE_S1.);
#12625 = LINE('',#12626,#12627);
#12626 = CARTESIAN_POINT('',(40.866465834297,53.5845,26.6));
#12627 = VECTOR('',#12628,1.);
#12628 = DIRECTION('',(-0.,-0.,-1.));
#12629 = PCURVE('',#10311,#12630);
#12630 = DEFINITIONAL_REPRESENTATION('',(#12631),#12634);
#12631 = B_SPLINE_CURVE_WITH_KNOTS('',1,(#12632,#12633),.UNSPECIFIED.,
  .F.,.F.,(2,2),(-0.3500006,5.999999999062E-07),
  .PIECEWISE_BEZIER_KNOTS.);
#12632 = CARTESIAN_POINT('',(1.133534165703,-0.8500006));
#12633 = CARTESIAN_POINT('',(1.133534165703,-0.4999994));
#12634 = ( GEOMETRIC_REPRESENTATION_CONTEXT(2) 
PARAMETRIC_REPRESENTATION_CONTEXT() REPRESENTATION_CONTEXT('2D SPACE',''
  ) );
#12635 = PCURVE('',#12636,#12641);
#12636 = CYLINDRICAL_SURFACE('',#12637,0.775);
#12637 = AXIS2_PLACEMENT_3D('',#12638,#12639,#12640);
#12638 = CARTESIAN_POINT('',(40.175,53.2345,26.6));
#12639 = DIRECTION('',(-0.,-0.,-1.));
#12640 = DIRECTION('',(1.,0.,0.));
#12641 = DEFINITIONAL_REPRESENTATION('',(#12642),#12645);
#12642 = B_SPLINE_CURVE_WITH_KNOTS('',1,(#12643,#12644),.UNSPECIFIED.,
  .F.,.F.,(2,2),(-0.3500006,5.999999999062E-07),
  .PIECEWISE_BEZIER_KNOTS.);
#12643 = CARTESIAN_POINT('',(-0.468572267524,-0.3500006));
#12644 = CARTESIAN_POINT('',(-0.468572267524,5.999999999062E-07));
#12645 = ( GEOMETRIC_REPRESENTATION_CONTEXT(2) 
PARAMETRIC_REPRESENTATION_CONTEXT() REPRESENTATION_CONTEXT('2D SPACE',''
  ) );
#12646 = ORIENTED_EDGE('',*,*,#12647,.F.);
#12647 = EDGE_CURVE('',#12648,#12622,#12650,.T.);
#12648 = VERTEX_POINT('',#12649);
#12649 = CARTESIAN_POINT('',(40.599264068712,53.5845,26.95));
#12650 = SURFACE_CURVE('',#12651,(#12655,#12661),.PCURVE_S1.);
#12651 = LINE('',#12652,#12653);
#12652 = CARTESIAN_POINT('',(41.0875,53.5845,26.95));
#12653 = VECTOR('',#12654,1.);
#12654 = DIRECTION('',(1.,0.,-0.));
#12655 = PCURVE('',#10311,#12656);
#12656 = DEFINITIONAL_REPRESENTATION('',(#12657),#12660);
#12657 = B_SPLINE_CURVE_WITH_KNOTS('',1,(#12658,#12659),.UNSPECIFIED.,
  .F.,.F.,(2,2),(-1.6875,-0.1375),.PIECEWISE_BEZIER_KNOTS.);
#12658 = CARTESIAN_POINT('',(2.6,-0.85));
#12659 = CARTESIAN_POINT('',(1.05,-0.85));
#12660 = ( GEOMETRIC_REPRESENTATION_CONTEXT(2) 
PARAMETRIC_REPRESENTATION_CONTEXT() REPRESENTATION_CONTEXT('2D SPACE',''
  ) );
#12661 = PCURVE('',#12662,#12667);
#12662 = PLANE('',#12663);
#12663 = AXIS2_PLACEMENT_3D('',#12664,#12665,#12666);
#12664 = CARTESIAN_POINT('',(40.175,53.2345,26.95));
#12665 = DIRECTION('',(0.,0.,1.));
#12666 = DIRECTION('',(1.,0.,-0.));
#12667 = DEFINITIONAL_REPRESENTATION('',(#12668),#12671);
#12668 = B_SPLINE_CURVE_WITH_KNOTS('',1,(#12669,#12670),.UNSPECIFIED.,
  .F.,.F.,(2,2),(-1.6875,-0.1375),.PIECEWISE_BEZIER_KNOTS.);
#12669 = CARTESIAN_POINT('',(-0.775,0.35));
#12670 = CARTESIAN_POINT('',(0.775,0.35));
#12671 = ( GEOMETRIC_REPRESENTATION_CONTEXT(2) 
PARAMETRIC_REPRESENTATION_CONTEXT() REPRESENTATION_CONTEXT('2D SPACE',''
  ) );
#12672 = ORIENTED_EDGE('',*,*,#12673,.F.);
#12673 = EDGE_CURVE('',#12674,#12648,#12676,.T.);
#12674 = VERTEX_POINT('',#12675);
#12675 = CARTESIAN_POINT('',(40.599264068712,53.5845,27.55));
#12676 = SURFACE_CURVE('',#12677,(#12681,#12687),.PCURVE_S1.);
#12677 = LINE('',#12678,#12679);
#12678 = CARTESIAN_POINT('',(40.599264068712,53.5845,24.6));
#12679 = VECTOR('',#12680,1.);
#12680 = DIRECTION('',(-0.,-0.,-1.));
#12681 = PCURVE('',#10311,#12682);
#12682 = DEFINITIONAL_REPRESENTATION('',(#12683),#12686);
#12683 = B_SPLINE_CURVE_WITH_KNOTS('',1,(#12684,#12685),.UNSPECIFIED.,
  .F.,.F.,(2,2),(-2.9500006,-2.3499994),.PIECEWISE_BEZIER_KNOTS.);
#12684 = CARTESIAN_POINT('',(1.400735931288,-1.4500006));
#12685 = CARTESIAN_POINT('',(1.400735931288,-0.8499994));
#12686 = ( GEOMETRIC_REPRESENTATION_CONTEXT(2) 
PARAMETRIC_REPRESENTATION_CONTEXT() REPRESENTATION_CONTEXT('2D SPACE',''
  ) );
#12687 = PCURVE('',#12688,#12693);
#12688 = CYLINDRICAL_SURFACE('',#12689,0.55);
#12689 = AXIS2_PLACEMENT_3D('',#12690,#12691,#12692);
#12690 = CARTESIAN_POINT('',(40.175,53.2345,24.6));
#12691 = DIRECTION('',(-0.,-0.,-1.));
#12692 = DIRECTION('',(1.,0.,0.));
#12693 = DEFINITIONAL_REPRESENTATION('',(#12694),#12697);
#12694 = B_SPLINE_CURVE_WITH_KNOTS('',1,(#12695,#12696),.UNSPECIFIED.,
  .F.,.F.,(2,2),(-2.9500006,-2.3499994),.PIECEWISE_BEZIER_KNOTS.);
#12695 = CARTESIAN_POINT('',(-0.689775000786,-2.9500006));
#12696 = CARTESIAN_POINT('',(-0.689775000786,-2.3499994));
#12697 = ( GEOMETRIC_REPRESENTATION_CONTEXT(2) 
PARAMETRIC_REPRESENTATION_CONTEXT() REPRESENTATION_CONTEXT('2D SPACE',''
  ) );
#12698 = ORIENTED_EDGE('',*,*,#12699,.T.);
#12699 = EDGE_CURVE('',#12674,#12700,#12702,.T.);
#12700 = VERTEX_POINT('',#12701);
#12701 = CARTESIAN_POINT('',(40.922077639874,53.5845,27.55));
#12702 = SURFACE_CURVE('',#12703,(#12707,#12713),.PCURVE_S1.);
#12703 = LINE('',#12704,#12705);
#12704 = CARTESIAN_POINT('',(41.0875,53.5845,27.55));
#12705 = VECTOR('',#12706,1.);
#12706 = DIRECTION('',(1.,0.,-0.));
#12707 = PCURVE('',#10311,#12708);
#12708 = DEFINITIONAL_REPRESENTATION('',(#12709),#12712);
#12709 = B_SPLINE_CURVE_WITH_KNOTS('',1,(#12710,#12711),.UNSPECIFIED.,
  .F.,.F.,(2,2),(-1.7375,-8.75E-02),.PIECEWISE_BEZIER_KNOTS.);
#12710 = CARTESIAN_POINT('',(2.65,-1.45));
#12711 = CARTESIAN_POINT('',(1.,-1.45));
#12712 = ( GEOMETRIC_REPRESENTATION_CONTEXT(2) 
PARAMETRIC_REPRESENTATION_CONTEXT() REPRESENTATION_CONTEXT('2D SPACE',''
  ) );
#12713 = PCURVE('',#12714,#12719);
#12714 = PLANE('',#12715);
#12715 = AXIS2_PLACEMENT_3D('',#12716,#12717,#12718);
#12716 = CARTESIAN_POINT('',(40.175,53.2345,27.55));
#12717 = DIRECTION('',(0.,0.,1.));
#12718 = DIRECTION('',(1.,0.,-0.));
#12719 = DEFINITIONAL_REPRESENTATION('',(#12720),#12723);
#12720 = B_SPLINE_CURVE_WITH_KNOTS('',1,(#12721,#12722),.UNSPECIFIED.,
  .F.,.F.,(2,2),(-1.7375,-8.75E-02),.PIECEWISE_BEZIER_KNOTS.);
#12721 = CARTESIAN_POINT('',(-0.825,0.35));
#12722 = CARTESIAN_POINT('',(0.825,0.35));
#12723 = ( GEOMETRIC_REPRESENTATION_CONTEXT(2) 
PARAMETRIC_REPRESENTATION_CONTEXT() REPRESENTATION_CONTEXT('2D SPACE',''
  ) );
#12724 = ORIENTED_EDGE('',*,*,#12725,.F.);
#12725 = EDGE_CURVE('',#12726,#12700,#12728,.T.);
#12726 = VERTEX_POINT('',#12727);
#12727 = CARTESIAN_POINT('',(40.922077639874,53.5845,27.65));
#12728 = SURFACE_CURVE('',#12729,(#12733,#12739),.PCURVE_S1.);
#12729 = LINE('',#12730,#12731);
#12730 = CARTESIAN_POINT('',(40.922077639874,53.5845,27.55));
#12731 = VECTOR('',#12732,1.);
#12732 = DIRECTION('',(-0.,-0.,-1.));
#12733 = PCURVE('',#10311,#12734);
#12734 = DEFINITIONAL_REPRESENTATION('',(#12735),#12738);
#12735 = B_SPLINE_CURVE_WITH_KNOTS('',1,(#12736,#12737),.UNSPECIFIED.,
  .F.,.F.,(2,2),(-0.255,5.999999999062E-07),.PIECEWISE_BEZIER_KNOTS.);
#12736 = CARTESIAN_POINT('',(1.077922360126,-1.705));
#12737 = CARTESIAN_POINT('',(1.077922360126,-1.4499994));
#12738 = ( GEOMETRIC_REPRESENTATION_CONTEXT(2) 
PARAMETRIC_REPRESENTATION_CONTEXT() REPRESENTATION_CONTEXT('2D SPACE',''
  ) );
#12739 = PCURVE('',#12403,#12740);
#12740 = DEFINITIONAL_REPRESENTATION('',(#12741),#12744);
#12741 = B_SPLINE_CURVE_WITH_KNOTS('',1,(#12742,#12743),.UNSPECIFIED.,
  .F.,.F.,(2,2),(-0.255,5.999999999062E-07),.PIECEWISE_BEZIER_KNOTS.);
#12742 = CARTESIAN_POINT('',(-0.4381251284,-0.255));
#12743 = CARTESIAN_POINT('',(-0.4381251284,5.999999999062E-07));
#12744 = ( GEOMETRIC_REPRESENTATION_CONTEXT(2) 
PARAMETRIC_REPRESENTATION_CONTEXT() REPRESENTATION_CONTEXT('2D SPACE',''
  ) );
#12745 = ORIENTED_EDGE('',*,*,#12746,.T.);
#12746 = EDGE_CURVE('',#12726,#12747,#12749,.T.);
#12747 = VERTEX_POINT('',#12748);
#12748 = CARTESIAN_POINT('',(39.427922360126,53.5845,27.65));
#12749 = SURFACE_CURVE('',#12750,(#12754,#12761),.PCURVE_S1.);
#12750 = LINE('',#12751,#12752);
#12751 = CARTESIAN_POINT('',(42.,53.5845,27.65));
#12752 = VECTOR('',#12753,1.);
#12753 = DIRECTION('',(-1.,0.,0.));
#12754 = PCURVE('',#10311,#12755);
#12755 = DEFINITIONAL_REPRESENTATION('',(#12756),#12760);
#12756 = LINE('',#12757,#12758);
#12757 = CARTESIAN_POINT('',(0.,-1.55));
#12758 = VECTOR('',#12759,1.);
#12759 = DIRECTION('',(1.,0.));
#12760 = ( GEOMETRIC_REPRESENTATION_CONTEXT(2) 
PARAMETRIC_REPRESENTATION_CONTEXT() REPRESENTATION_CONTEXT('2D SPACE',''
  ) );
#12761 = PCURVE('',#12430,#12762);
#12762 = DEFINITIONAL_REPRESENTATION('',(#12763),#12767);
#12763 = LINE('',#12764,#12765);
#12764 = CARTESIAN_POINT('',(1.825,0.35));
#12765 = VECTOR('',#12766,1.);
#12766 = DIRECTION('',(-1.,0.));
#12767 = ( GEOMETRIC_REPRESENTATION_CONTEXT(2) 
PARAMETRIC_REPRESENTATION_CONTEXT() REPRESENTATION_CONTEXT('2D SPACE',''
  ) );
#12768 = ORIENTED_EDGE('',*,*,#12769,.T.);
#12769 = EDGE_CURVE('',#12747,#12770,#12772,.T.);
#12770 = VERTEX_POINT('',#12771);
#12771 = CARTESIAN_POINT('',(39.427922360126,53.5845,27.55));
#12772 = SURFACE_CURVE('',#12773,(#12777,#12783),.PCURVE_S1.);
#12773 = LINE('',#12774,#12775);
#12774 = CARTESIAN_POINT('',(39.427922360126,53.5845,27.55));
#12775 = VECTOR('',#12776,1.);
#12776 = DIRECTION('',(-0.,-0.,-1.));
#12777 = PCURVE('',#10311,#12778);
#12778 = DEFINITIONAL_REPRESENTATION('',(#12779),#12782);
#12779 = B_SPLINE_CURVE_WITH_KNOTS('',1,(#12780,#12781),.UNSPECIFIED.,
  .F.,.F.,(2,2),(-0.255,5.999999999062E-07),.PIECEWISE_BEZIER_KNOTS.);
#12780 = CARTESIAN_POINT('',(2.572077639874,-1.705));
#12781 = CARTESIAN_POINT('',(2.572077639874,-1.4499994));
#12782 = ( GEOMETRIC_REPRESENTATION_CONTEXT(2) 
PARAMETRIC_REPRESENTATION_CONTEXT() REPRESENTATION_CONTEXT('2D SPACE',''
  ) );
#12783 = PCURVE('',#12403,#12784);
#12784 = DEFINITIONAL_REPRESENTATION('',(#12785),#12788);
#12785 = B_SPLINE_CURVE_WITH_KNOTS('',1,(#12786,#12787),.UNSPECIFIED.,
  .F.,.F.,(2,2),(-0.255,5.999999999062E-07),.PIECEWISE_BEZIER_KNOTS.);
#12786 = CARTESIAN_POINT('',(-2.70346752519,-0.255));
#12787 = CARTESIAN_POINT('',(-2.70346752519,5.999999999062E-07));
#12788 = ( GEOMETRIC_REPRESENTATION_CONTEXT(2) 
PARAMETRIC_REPRESENTATION_CONTEXT() REPRESENTATION_CONTEXT('2D SPACE',''
  ) );
#12789 = ORIENTED_EDGE('',*,*,#12790,.T.);
#12790 = EDGE_CURVE('',#12770,#12791,#12793,.T.);
#12791 = VERTEX_POINT('',#12792);
#12792 = CARTESIAN_POINT('',(39.750735931288,53.5845,27.55));
#12793 = SURFACE_CURVE('',#12794,(#12798,#12804),.PCURVE_S1.);
#12794 = LINE('',#12795,#12796);
#12795 = CARTESIAN_POINT('',(41.0875,53.5845,27.55));
#12796 = VECTOR('',#12797,1.);
#12797 = DIRECTION('',(1.,0.,-0.));
#12798 = PCURVE('',#10311,#12799);
#12799 = DEFINITIONAL_REPRESENTATION('',(#12800),#12803);
#12800 = B_SPLINE_CURVE_WITH_KNOTS('',1,(#12801,#12802),.UNSPECIFIED.,
  .F.,.F.,(2,2),(-1.7375,-8.75E-02),.PIECEWISE_BEZIER_KNOTS.);
#12801 = CARTESIAN_POINT('',(2.65,-1.45));
#12802 = CARTESIAN_POINT('',(1.,-1.45));
#12803 = ( GEOMETRIC_REPRESENTATION_CONTEXT(2) 
PARAMETRIC_REPRESENTATION_CONTEXT() REPRESENTATION_CONTEXT('2D SPACE',''
  ) );
#12804 = PCURVE('',#12714,#12805);
#12805 = DEFINITIONAL_REPRESENTATION('',(#12806),#12809);
#12806 = B_SPLINE_CURVE_WITH_KNOTS('',1,(#12807,#12808),.UNSPECIFIED.,
  .F.,.F.,(2,2),(-1.7375,-8.75E-02),.PIECEWISE_BEZIER_KNOTS.);
#12807 = CARTESIAN_POINT('',(-0.825,0.35));
#12808 = CARTESIAN_POINT('',(0.825,0.35));
#12809 = ( GEOMETRIC_REPRESENTATION_CONTEXT(2) 
PARAMETRIC_REPRESENTATION_CONTEXT() REPRESENTATION_CONTEXT('2D SPACE',''
  ) );
#12810 = ORIENTED_EDGE('',*,*,#12811,.T.);
#12811 = EDGE_CURVE('',#12791,#12812,#12814,.T.);
#12812 = VERTEX_POINT('',#12813);
#12813 = CARTESIAN_POINT('',(39.750735931288,53.5845,26.95));
#12814 = SURFACE_CURVE('',#12815,(#12819,#12825),.PCURVE_S1.);
#12815 = LINE('',#12816,#12817);
#12816 = CARTESIAN_POINT('',(39.750735931288,53.5845,24.6));
#12817 = VECTOR('',#12818,1.);
#12818 = DIRECTION('',(-0.,-0.,-1.));
#12819 = PCURVE('',#10311,#12820);
#12820 = DEFINITIONAL_REPRESENTATION('',(#12821),#12824);
#12821 = B_SPLINE_CURVE_WITH_KNOTS('',1,(#12822,#12823),.UNSPECIFIED.,
  .F.,.F.,(2,2),(-2.9500006,-2.3499994),.PIECEWISE_BEZIER_KNOTS.);
#12822 = CARTESIAN_POINT('',(2.249264068712,-1.4500006));
#12823 = CARTESIAN_POINT('',(2.249264068712,-0.8499994));
#12824 = ( GEOMETRIC_REPRESENTATION_CONTEXT(2) 
PARAMETRIC_REPRESENTATION_CONTEXT() REPRESENTATION_CONTEXT('2D SPACE',''
  ) );
#12825 = PCURVE('',#12688,#12826);
#12826 = DEFINITIONAL_REPRESENTATION('',(#12827),#12830);
#12827 = B_SPLINE_CURVE_WITH_KNOTS('',1,(#12828,#12829),.UNSPECIFIED.,
  .F.,.F.,(2,2),(-2.9500006,-2.3499994),.PIECEWISE_BEZIER_KNOTS.);
#12828 = CARTESIAN_POINT('',(-2.451817652804,-2.9500006));
#12829 = CARTESIAN_POINT('',(-2.451817652804,-2.3499994));
#12830 = ( GEOMETRIC_REPRESENTATION_CONTEXT(2) 
PARAMETRIC_REPRESENTATION_CONTEXT() REPRESENTATION_CONTEXT('2D SPACE',''
  ) );
#12831 = ORIENTED_EDGE('',*,*,#12832,.F.);
#12832 = EDGE_CURVE('',#12833,#12812,#12835,.T.);
#12833 = VERTEX_POINT('',#12834);
#12834 = CARTESIAN_POINT('',(39.483534165703,53.5845,26.95));
#12835 = SURFACE_CURVE('',#12836,(#12840,#12846),.PCURVE_S1.);
#12836 = LINE('',#12837,#12838);
#12837 = CARTESIAN_POINT('',(41.0875,53.5845,26.95));
#12838 = VECTOR('',#12839,1.);
#12839 = DIRECTION('',(1.,0.,-0.));
#12840 = PCURVE('',#10311,#12841);
#12841 = DEFINITIONAL_REPRESENTATION('',(#12842),#12845);
#12842 = B_SPLINE_CURVE_WITH_KNOTS('',1,(#12843,#12844),.UNSPECIFIED.,
  .F.,.F.,(2,2),(-1.6875,-0.1375),.PIECEWISE_BEZIER_KNOTS.);
#12843 = CARTESIAN_POINT('',(2.6,-0.85));
#12844 = CARTESIAN_POINT('',(1.05,-0.85));
#12845 = ( GEOMETRIC_REPRESENTATION_CONTEXT(2) 
PARAMETRIC_REPRESENTATION_CONTEXT() REPRESENTATION_CONTEXT('2D SPACE',''
  ) );
#12846 = PCURVE('',#12662,#12847);
#12847 = DEFINITIONAL_REPRESENTATION('',(#12848),#12851);
#12848 = B_SPLINE_CURVE_WITH_KNOTS('',1,(#12849,#12850),.UNSPECIFIED.,
  .F.,.F.,(2,2),(-1.6875,-0.1375),.PIECEWISE_BEZIER_KNOTS.);
#12849 = CARTESIAN_POINT('',(-0.775,0.35));
#12850 = CARTESIAN_POINT('',(0.775,0.35));
#12851 = ( GEOMETRIC_REPRESENTATION_CONTEXT(2) 
PARAMETRIC_REPRESENTATION_CONTEXT() REPRESENTATION_CONTEXT('2D SPACE',''
  ) );
#12852 = ORIENTED_EDGE('',*,*,#12853,.T.);
#12853 = EDGE_CURVE('',#12833,#12854,#12856,.T.);
#12854 = VERTEX_POINT('',#12855);
#12855 = CARTESIAN_POINT('',(39.483534165703,53.5845,26.6));
#12856 = SURFACE_CURVE('',#12857,(#12861,#12867),.PCURVE_S1.);
#12857 = LINE('',#12858,#12859);
#12858 = CARTESIAN_POINT('',(39.483534165703,53.5845,26.6));
#12859 = VECTOR('',#12860,1.);
#12860 = DIRECTION('',(-0.,-0.,-1.));
#12861 = PCURVE('',#10311,#12862);
#12862 = DEFINITIONAL_REPRESENTATION('',(#12863),#12866);
#12863 = B_SPLINE_CURVE_WITH_KNOTS('',1,(#12864,#12865),.UNSPECIFIED.,
  .F.,.F.,(2,2),(-0.3500006,5.999999999062E-07),
  .PIECEWISE_BEZIER_KNOTS.);
#12864 = CARTESIAN_POINT('',(2.516465834297,-0.8500006));
#12865 = CARTESIAN_POINT('',(2.516465834297,-0.4999994));
#12866 = ( GEOMETRIC_REPRESENTATION_CONTEXT(2) 
PARAMETRIC_REPRESENTATION_CONTEXT() REPRESENTATION_CONTEXT('2D SPACE',''
  ) );
#12867 = PCURVE('',#12636,#12868);
#12868 = DEFINITIONAL_REPRESENTATION('',(#12869),#12872);
#12869 = B_SPLINE_CURVE_WITH_KNOTS('',1,(#12870,#12871),.UNSPECIFIED.,
  .F.,.F.,(2,2),(-0.3500006,5.999999999062E-07),
  .PIECEWISE_BEZIER_KNOTS.);
#12870 = CARTESIAN_POINT('',(-2.673020386066,-0.3500006));
#12871 = CARTESIAN_POINT('',(-2.673020386066,5.999999999062E-07));
#12872 = ( GEOMETRIC_REPRESENTATION_CONTEXT(2) 
PARAMETRIC_REPRESENTATION_CONTEXT() REPRESENTATION_CONTEXT('2D SPACE',''
  ) );
#12873 = ORIENTED_EDGE('',*,*,#12874,.T.);
#12874 = EDGE_CURVE('',#12854,#10323,#12875,.T.);
#12875 = SURFACE_CURVE('',#12876,(#12880,#12886),.PCURVE_S1.);
#12876 = LINE('',#12877,#12878);
#12877 = CARTESIAN_POINT('',(41.0875,53.5845,26.6));
#12878 = VECTOR('',#12879,1.);
#12879 = DIRECTION('',(1.,0.,-0.));
#12880 = PCURVE('',#10311,#12881);
#12881 = DEFINITIONAL_REPRESENTATION('',(#12882),#12885);
#12882 = B_SPLINE_CURVE_WITH_KNOTS('',1,(#12883,#12884),.UNSPECIFIED.,
  .F.,.F.,(2,2),(-1.6875,-0.1375),.PIECEWISE_BEZIER_KNOTS.);
#12883 = CARTESIAN_POINT('',(2.6,-0.5));
#12884 = CARTESIAN_POINT('',(1.05,-0.5));
#12885 = ( GEOMETRIC_REPRESENTATION_CONTEXT(2) 
PARAMETRIC_REPRESENTATION_CONTEXT() REPRESENTATION_CONTEXT('2D SPACE',''
  ) );
#12886 = PCURVE('',#10339,#12887);
#12887 = DEFINITIONAL_REPRESENTATION('',(#12888),#12891);
#12888 = B_SPLINE_CURVE_WITH_KNOTS('',1,(#12889,#12890),.UNSPECIFIED.,
  .F.,.F.,(2,2),(-1.6875,-0.1375),.PIECEWISE_BEZIER_KNOTS.);
#12889 = CARTESIAN_POINT('',(-0.775,0.35));
#12890 = CARTESIAN_POINT('',(0.775,0.35));
#12891 = ( GEOMETRIC_REPRESENTATION_CONTEXT(2) 
PARAMETRIC_REPRESENTATION_CONTEXT() REPRESENTATION_CONTEXT('2D SPACE',''
  ) );
#12892 = ORIENTED_EDGE('',*,*,#10355,.T.);
#12893 = ADVANCED_FACE('',(#12894),#10339,.F.);
#12894 = FACE_BOUND('',#12895,.F.);
#12895 = EDGE_LOOP('',(#12896,#12897,#12919,#12920));
#12896 = ORIENTED_EDGE('',*,*,#12600,.T.);
#12897 = ORIENTED_EDGE('',*,*,#12898,.T.);
#12898 = EDGE_CURVE('',#12601,#12854,#12899,.T.);
#12899 = SURFACE_CURVE('',#12900,(#12905,#12912),.PCURVE_S1.);
#12900 = CIRCLE('',#12901,0.775);
#12901 = AXIS2_PLACEMENT_3D('',#12902,#12903,#12904);
#12902 = CARTESIAN_POINT('',(40.175,53.2345,26.6));
#12903 = DIRECTION('',(0.,0.,1.));
#12904 = DIRECTION('',(1.,0.,0.));
#12905 = PCURVE('',#10339,#12906);
#12906 = DEFINITIONAL_REPRESENTATION('',(#12907),#12911);
#12907 = CIRCLE('',#12908,0.775);
#12908 = AXIS2_PLACEMENT_2D('',#12909,#12910);
#12909 = CARTESIAN_POINT('',(0.,0.));
#12910 = DIRECTION('',(1.,0.));
#12911 = ( GEOMETRIC_REPRESENTATION_CONTEXT(2) 
PARAMETRIC_REPRESENTATION_CONTEXT() REPRESENTATION_CONTEXT('2D SPACE',''
  ) );
#12912 = PCURVE('',#12636,#12913);
#12913 = DEFINITIONAL_REPRESENTATION('',(#12914),#12918);
#12914 = LINE('',#12915,#12916);
#12915 = CARTESIAN_POINT('',(-0.,0.));
#12916 = VECTOR('',#12917,1.);
#12917 = DIRECTION('',(-1.,0.));
#12918 = ( GEOMETRIC_REPRESENTATION_CONTEXT(2) 
PARAMETRIC_REPRESENTATION_CONTEXT() REPRESENTATION_CONTEXT('2D SPACE',''
  ) );
#12919 = ORIENTED_EDGE('',*,*,#12874,.T.);
#12920 = ORIENTED_EDGE('',*,*,#10322,.T.);
#12921 = ADVANCED_FACE('',(#12922),#10555,.T.);
#12922 = FACE_BOUND('',#12923,.T.);
#12923 = EDGE_LOOP('',(#12924,#12925,#12946,#12947,#12948));
#12924 = ORIENTED_EDGE('',*,*,#10651,.F.);
#12925 = ORIENTED_EDGE('',*,*,#12926,.T.);
#12926 = EDGE_CURVE('',#10652,#10739,#12927,.T.);
#12927 = SURFACE_CURVE('',#12928,(#12932,#12939),.PCURVE_S1.);
#12928 = LINE('',#12929,#12930);
#12929 = CARTESIAN_POINT('',(10.613,52.8335,26.1));
#12930 = VECTOR('',#12931,1.);
#12931 = DIRECTION('',(1.,0.,0.));
#12932 = PCURVE('',#10555,#12933);
#12933 = DEFINITIONAL_REPRESENTATION('',(#12934),#12938);
#12934 = LINE('',#12935,#12936);
#12935 = CARTESIAN_POINT('',(-1.825,-0.35));
#12936 = VECTOR('',#12937,1.);
#12937 = DIRECTION('',(1.,0.));
#12938 = ( GEOMETRIC_REPRESENTATION_CONTEXT(2) 
PARAMETRIC_REPRESENTATION_CONTEXT() REPRESENTATION_CONTEXT('2D SPACE',''
  ) );
#12939 = PCURVE('',#10694,#12940);
#12940 = DEFINITIONAL_REPRESENTATION('',(#12941),#12945);
#12941 = LINE('',#12942,#12943);
#12942 = CARTESIAN_POINT('',(0.,0.));
#12943 = VECTOR('',#12944,1.);
#12944 = DIRECTION('',(1.,0.));
#12945 = ( GEOMETRIC_REPRESENTATION_CONTEXT(2) 
PARAMETRIC_REPRESENTATION_CONTEXT() REPRESENTATION_CONTEXT('2D SPACE',''
  ) );
#12946 = ORIENTED_EDGE('',*,*,#10759,.F.);
#12947 = ORIENTED_EDGE('',*,*,#10538,.F.);
#12948 = ORIENTED_EDGE('',*,*,#12949,.T.);
#12949 = EDGE_CURVE('',#10539,#10631,#12950,.T.);
#12950 = SURFACE_CURVE('',#12951,(#12955,#12962),.PCURVE_S1.);
#12951 = LINE('',#12952,#12953);
#12952 = CARTESIAN_POINT('',(14.263,53.5335,26.1));
#12953 = VECTOR('',#12954,1.);
#12954 = DIRECTION('',(-1.,0.,0.));
#12955 = PCURVE('',#10555,#12956);
#12956 = DEFINITIONAL_REPRESENTATION('',(#12957),#12961);
#12957 = LINE('',#12958,#12959);
#12958 = CARTESIAN_POINT('',(1.825,0.35));
#12959 = VECTOR('',#12960,1.);
#12960 = DIRECTION('',(-1.,0.));
#12961 = ( GEOMETRIC_REPRESENTATION_CONTEXT(2) 
PARAMETRIC_REPRESENTATION_CONTEXT() REPRESENTATION_CONTEXT('2D SPACE',''
  ) );
#12962 = PCURVE('',#10586,#12963);
#12963 = DEFINITIONAL_REPRESENTATION('',(#12964),#12968);
#12964 = LINE('',#12965,#12966);
#12965 = CARTESIAN_POINT('',(0.,-0.));
#12966 = VECTOR('',#12967,1.);
#12967 = DIRECTION('',(1.,0.));
#12968 = ( GEOMETRIC_REPRESENTATION_CONTEXT(2) 
PARAMETRIC_REPRESENTATION_CONTEXT() REPRESENTATION_CONTEXT('2D SPACE',''
  ) );
#12969 = ADVANCED_FACE('',(#12970),#10694,.T.);
#12970 = FACE_BOUND('',#12971,.T.);
#12971 = EDGE_LOOP('',(#12972,#12973,#12974,#12995,#13021,#13047,#13073,
    #13099,#13125,#13153,#13174,#13195,#13216,#13237,#13258,#13277));
#12972 = ORIENTED_EDGE('',*,*,#12926,.F.);
#12973 = ORIENTED_EDGE('',*,*,#10679,.F.);
#12974 = ORIENTED_EDGE('',*,*,#12975,.T.);
#12975 = EDGE_CURVE('',#10680,#12976,#12978,.T.);
#12976 = VERTEX_POINT('',#12977);
#12977 = CARTESIAN_POINT('',(11.746534165703,52.8335,26.6));
#12978 = SURFACE_CURVE('',#12979,(#12983,#12989),.PCURVE_S1.);
#12979 = LINE('',#12980,#12981);
#12980 = CARTESIAN_POINT('',(11.5255,52.8335,26.6));
#12981 = VECTOR('',#12982,1.);
#12982 = DIRECTION('',(-1.,0.,0.));
#12983 = PCURVE('',#10694,#12984);
#12984 = DEFINITIONAL_REPRESENTATION('',(#12985),#12988);
#12985 = B_SPLINE_CURVE_WITH_KNOTS('',1,(#12986,#12987),.UNSPECIFIED.,
  .F.,.F.,(2,2),(-1.6875,-0.1375),.PIECEWISE_BEZIER_KNOTS.);
#12986 = CARTESIAN_POINT('',(2.6,-0.5));
#12987 = CARTESIAN_POINT('',(1.05,-0.5));
#12988 = ( GEOMETRIC_REPRESENTATION_CONTEXT(2) 
PARAMETRIC_REPRESENTATION_CONTEXT() REPRESENTATION_CONTEXT('2D SPACE',''
  ) );
#12989 = PCURVE('',#10722,#12990);
#12990 = DEFINITIONAL_REPRESENTATION('',(#12991),#12994);
#12991 = B_SPLINE_CURVE_WITH_KNOTS('',1,(#12992,#12993),.UNSPECIFIED.,
  .F.,.F.,(2,2),(-1.6875,-0.1375),.PIECEWISE_BEZIER_KNOTS.);
#12992 = CARTESIAN_POINT('',(0.775,-0.35));
#12993 = CARTESIAN_POINT('',(-0.775,-0.35));
#12994 = ( GEOMETRIC_REPRESENTATION_CONTEXT(2) 
PARAMETRIC_REPRESENTATION_CONTEXT() REPRESENTATION_CONTEXT('2D SPACE',''
  ) );
#12995 = ORIENTED_EDGE('',*,*,#12996,.F.);
#12996 = EDGE_CURVE('',#12997,#12976,#12999,.T.);
#12997 = VERTEX_POINT('',#12998);
#12998 = CARTESIAN_POINT('',(11.746534165703,52.8335,26.95));
#12999 = SURFACE_CURVE('',#13000,(#13004,#13010),.PCURVE_S1.);
#13000 = LINE('',#13001,#13002);
#13001 = CARTESIAN_POINT('',(11.746534165703,52.8335,26.6));
#13002 = VECTOR('',#13003,1.);
#13003 = DIRECTION('',(-0.,-0.,-1.));
#13004 = PCURVE('',#10694,#13005);
#13005 = DEFINITIONAL_REPRESENTATION('',(#13006),#13009);
#13006 = B_SPLINE_CURVE_WITH_KNOTS('',1,(#13007,#13008),.UNSPECIFIED.,
  .F.,.F.,(2,2),(-0.3500006,5.999999999062E-07),
  .PIECEWISE_BEZIER_KNOTS.);
#13007 = CARTESIAN_POINT('',(1.133534165703,-0.8500006));
#13008 = CARTESIAN_POINT('',(1.133534165703,-0.4999994));
#13009 = ( GEOMETRIC_REPRESENTATION_CONTEXT(2) 
PARAMETRIC_REPRESENTATION_CONTEXT() REPRESENTATION_CONTEXT('2D SPACE',''
  ) );
#13010 = PCURVE('',#13011,#13016);
#13011 = CYLINDRICAL_SURFACE('',#13012,0.775);
#13012 = AXIS2_PLACEMENT_3D('',#13013,#13014,#13015);
#13013 = CARTESIAN_POINT('',(12.438,53.1835,26.6));
#13014 = DIRECTION('',(-0.,-0.,-1.));
#13015 = DIRECTION('',(1.,0.,0.));
#13016 = DEFINITIONAL_REPRESENTATION('',(#13017),#13020);
#13017 = B_SPLINE_CURVE_WITH_KNOTS('',1,(#13018,#13019),.UNSPECIFIED.,
  .F.,.F.,(2,2),(-0.3500006,5.999999999062E-07),
  .PIECEWISE_BEZIER_KNOTS.);
#13018 = CARTESIAN_POINT('',(-3.610164921114,-0.3500006));
#13019 = CARTESIAN_POINT('',(-3.610164921114,5.999999999062E-07));
#13020 = ( GEOMETRIC_REPRESENTATION_CONTEXT(2) 
PARAMETRIC_REPRESENTATION_CONTEXT() REPRESENTATION_CONTEXT('2D SPACE',''
  ) );
#13021 = ORIENTED_EDGE('',*,*,#13022,.F.);
#13022 = EDGE_CURVE('',#13023,#12997,#13025,.T.);
#13023 = VERTEX_POINT('',#13024);
#13024 = CARTESIAN_POINT('',(12.013735931288,52.8335,26.95));
#13025 = SURFACE_CURVE('',#13026,(#13030,#13036),.PCURVE_S1.);
#13026 = LINE('',#13027,#13028);
#13027 = CARTESIAN_POINT('',(11.5255,52.8335,26.95));
#13028 = VECTOR('',#13029,1.);
#13029 = DIRECTION('',(-1.,0.,0.));
#13030 = PCURVE('',#10694,#13031);
#13031 = DEFINITIONAL_REPRESENTATION('',(#13032),#13035);
#13032 = B_SPLINE_CURVE_WITH_KNOTS('',1,(#13033,#13034),.UNSPECIFIED.,
  .F.,.F.,(2,2),(-1.6875,-0.1375),.PIECEWISE_BEZIER_KNOTS.);
#13033 = CARTESIAN_POINT('',(2.6,-0.85));
#13034 = CARTESIAN_POINT('',(1.05,-0.85));
#13035 = ( GEOMETRIC_REPRESENTATION_CONTEXT(2) 
PARAMETRIC_REPRESENTATION_CONTEXT() REPRESENTATION_CONTEXT('2D SPACE',''
  ) );
#13036 = PCURVE('',#13037,#13042);
#13037 = PLANE('',#13038);
#13038 = AXIS2_PLACEMENT_3D('',#13039,#13040,#13041);
#13039 = CARTESIAN_POINT('',(12.438,53.1835,26.95));
#13040 = DIRECTION('',(0.,0.,1.));
#13041 = DIRECTION('',(1.,0.,-0.));
#13042 = DEFINITIONAL_REPRESENTATION('',(#13043),#13046);
#13043 = B_SPLINE_CURVE_WITH_KNOTS('',1,(#13044,#13045),.UNSPECIFIED.,
  .F.,.F.,(2,2),(-1.6875,-0.1375),.PIECEWISE_BEZIER_KNOTS.);
#13044 = CARTESIAN_POINT('',(0.775,-0.35));
#13045 = CARTESIAN_POINT('',(-0.775,-0.35));
#13046 = ( GEOMETRIC_REPRESENTATION_CONTEXT(2) 
PARAMETRIC_REPRESENTATION_CONTEXT() REPRESENTATION_CONTEXT('2D SPACE',''
  ) );
#13047 = ORIENTED_EDGE('',*,*,#13048,.F.);
#13048 = EDGE_CURVE('',#13049,#13023,#13051,.T.);
#13049 = VERTEX_POINT('',#13050);
#13050 = CARTESIAN_POINT('',(12.013735931288,52.8335,27.55));
#13051 = SURFACE_CURVE('',#13052,(#13056,#13062),.PCURVE_S1.);
#13052 = LINE('',#13053,#13054);
#13053 = CARTESIAN_POINT('',(12.013735931288,52.8335,24.6));
#13054 = VECTOR('',#13055,1.);
#13055 = DIRECTION('',(-0.,-0.,-1.));
#13056 = PCURVE('',#10694,#13057);
#13057 = DEFINITIONAL_REPRESENTATION('',(#13058),#13061);
#13058 = B_SPLINE_CURVE_WITH_KNOTS('',1,(#13059,#13060),.UNSPECIFIED.,
  .F.,.F.,(2,2),(-2.9500006,-2.3499994),.PIECEWISE_BEZIER_KNOTS.);
#13059 = CARTESIAN_POINT('',(1.400735931288,-1.4500006));
#13060 = CARTESIAN_POINT('',(1.400735931288,-0.8499994));
#13061 = ( GEOMETRIC_REPRESENTATION_CONTEXT(2) 
PARAMETRIC_REPRESENTATION_CONTEXT() REPRESENTATION_CONTEXT('2D SPACE',''
  ) );
#13062 = PCURVE('',#13063,#13068);
#13063 = CYLINDRICAL_SURFACE('',#13064,0.55);
#13064 = AXIS2_PLACEMENT_3D('',#13065,#13066,#13067);
#13065 = CARTESIAN_POINT('',(12.438,53.1835,24.6));
#13066 = DIRECTION('',(-0.,-0.,-1.));
#13067 = DIRECTION('',(1.,0.,0.));
#13068 = DEFINITIONAL_REPRESENTATION('',(#13069),#13072);
#13069 = B_SPLINE_CURVE_WITH_KNOTS('',1,(#13070,#13071),.UNSPECIFIED.,
  .F.,.F.,(2,2),(-2.9500006,-2.3499994),.PIECEWISE_BEZIER_KNOTS.);
#13070 = CARTESIAN_POINT('',(-3.831367654375,-2.9500006));
#13071 = CARTESIAN_POINT('',(-3.831367654375,-2.3499994));
#13072 = ( GEOMETRIC_REPRESENTATION_CONTEXT(2) 
PARAMETRIC_REPRESENTATION_CONTEXT() REPRESENTATION_CONTEXT('2D SPACE',''
  ) );
#13073 = ORIENTED_EDGE('',*,*,#13074,.T.);
#13074 = EDGE_CURVE('',#13049,#13075,#13077,.T.);
#13075 = VERTEX_POINT('',#13076);
#13076 = CARTESIAN_POINT('',(11.690922360126,52.8335,27.55));
#13077 = SURFACE_CURVE('',#13078,(#13082,#13088),.PCURVE_S1.);
#13078 = LINE('',#13079,#13080);
#13079 = CARTESIAN_POINT('',(11.5255,52.8335,27.55));
#13080 = VECTOR('',#13081,1.);
#13081 = DIRECTION('',(-1.,0.,0.));
#13082 = PCURVE('',#10694,#13083);
#13083 = DEFINITIONAL_REPRESENTATION('',(#13084),#13087);
#13084 = B_SPLINE_CURVE_WITH_KNOTS('',1,(#13085,#13086),.UNSPECIFIED.,
  .F.,.F.,(2,2),(-1.7375,-8.75E-02),.PIECEWISE_BEZIER_KNOTS.);
#13085 = CARTESIAN_POINT('',(2.65,-1.45));
#13086 = CARTESIAN_POINT('',(1.,-1.45));
#13087 = ( GEOMETRIC_REPRESENTATION_CONTEXT(2) 
PARAMETRIC_REPRESENTATION_CONTEXT() REPRESENTATION_CONTEXT('2D SPACE',''
  ) );
#13088 = PCURVE('',#13089,#13094);
#13089 = PLANE('',#13090);
#13090 = AXIS2_PLACEMENT_3D('',#13091,#13092,#13093);
#13091 = CARTESIAN_POINT('',(12.438,53.1835,27.55));
#13092 = DIRECTION('',(0.,0.,1.));
#13093 = DIRECTION('',(1.,0.,-0.));
#13094 = DEFINITIONAL_REPRESENTATION('',(#13095),#13098);
#13095 = B_SPLINE_CURVE_WITH_KNOTS('',1,(#13096,#13097),.UNSPECIFIED.,
  .F.,.F.,(2,2),(-1.7375,-8.75E-02),.PIECEWISE_BEZIER_KNOTS.);
#13096 = CARTESIAN_POINT('',(0.825,-0.35));
#13097 = CARTESIAN_POINT('',(-0.825,-0.35));
#13098 = ( GEOMETRIC_REPRESENTATION_CONTEXT(2) 
PARAMETRIC_REPRESENTATION_CONTEXT() REPRESENTATION_CONTEXT('2D SPACE',''
  ) );
#13099 = ORIENTED_EDGE('',*,*,#13100,.F.);
#13100 = EDGE_CURVE('',#13101,#13075,#13103,.T.);
#13101 = VERTEX_POINT('',#13102);
#13102 = CARTESIAN_POINT('',(11.690922360126,52.8335,27.65));
#13103 = SURFACE_CURVE('',#13104,(#13108,#13114),.PCURVE_S1.);
#13104 = LINE('',#13105,#13106);
#13105 = CARTESIAN_POINT('',(11.690922360126,52.8335,27.55));
#13106 = VECTOR('',#13107,1.);
#13107 = DIRECTION('',(-0.,-0.,-1.));
#13108 = PCURVE('',#10694,#13109);
#13109 = DEFINITIONAL_REPRESENTATION('',(#13110),#13113);
#13110 = B_SPLINE_CURVE_WITH_KNOTS('',1,(#13111,#13112),.UNSPECIFIED.,
  .F.,.F.,(2,2),(-0.255,5.999999999062E-07),.PIECEWISE_BEZIER_KNOTS.);
#13111 = CARTESIAN_POINT('',(1.077922360126,-1.705));
#13112 = CARTESIAN_POINT('',(1.077922360126,-1.4499994));
#13113 = ( GEOMETRIC_REPRESENTATION_CONTEXT(2) 
PARAMETRIC_REPRESENTATION_CONTEXT() REPRESENTATION_CONTEXT('2D SPACE',''
  ) );
#13114 = PCURVE('',#13115,#13120);
#13115 = CYLINDRICAL_SURFACE('',#13116,0.825);
#13116 = AXIS2_PLACEMENT_3D('',#13117,#13118,#13119);
#13117 = CARTESIAN_POINT('',(12.438,53.1835,27.55));
#13118 = DIRECTION('',(-0.,-0.,-1.));
#13119 = DIRECTION('',(1.,0.,0.));
#13120 = DEFINITIONAL_REPRESENTATION('',(#13121),#13124);
#13121 = B_SPLINE_CURVE_WITH_KNOTS('',1,(#13122,#13123),.UNSPECIFIED.,
  .F.,.F.,(2,2),(-0.255,5.999999999062E-07),.PIECEWISE_BEZIER_KNOTS.);
#13122 = CARTESIAN_POINT('',(-3.57971778199,-0.255));
#13123 = CARTESIAN_POINT('',(-3.57971778199,5.999999999062E-07));
#13124 = ( GEOMETRIC_REPRESENTATION_CONTEXT(2) 
PARAMETRIC_REPRESENTATION_CONTEXT() REPRESENTATION_CONTEXT('2D SPACE',''
  ) );
#13125 = ORIENTED_EDGE('',*,*,#13126,.T.);
#13126 = EDGE_CURVE('',#13101,#13127,#13129,.T.);
#13127 = VERTEX_POINT('',#13128);
#13128 = CARTESIAN_POINT('',(13.185077639874,52.8335,27.65));
#13129 = SURFACE_CURVE('',#13130,(#13134,#13141),.PCURVE_S1.);
#13130 = LINE('',#13131,#13132);
#13131 = CARTESIAN_POINT('',(10.613,52.8335,27.65));
#13132 = VECTOR('',#13133,1.);
#13133 = DIRECTION('',(1.,0.,0.));
#13134 = PCURVE('',#10694,#13135);
#13135 = DEFINITIONAL_REPRESENTATION('',(#13136),#13140);
#13136 = LINE('',#13137,#13138);
#13137 = CARTESIAN_POINT('',(0.,-1.55));
#13138 = VECTOR('',#13139,1.);
#13139 = DIRECTION('',(1.,0.));
#13140 = ( GEOMETRIC_REPRESENTATION_CONTEXT(2) 
PARAMETRIC_REPRESENTATION_CONTEXT() REPRESENTATION_CONTEXT('2D SPACE',''
  ) );
#13141 = PCURVE('',#13142,#13147);
#13142 = PLANE('',#13143);
#13143 = AXIS2_PLACEMENT_3D('',#13144,#13145,#13146);
#13144 = CARTESIAN_POINT('',(12.438,53.1835,27.65));
#13145 = DIRECTION('',(0.,0.,1.));
#13146 = DIRECTION('',(1.,0.,0.));
#13147 = DEFINITIONAL_REPRESENTATION('',(#13148),#13152);
#13148 = LINE('',#13149,#13150);
#13149 = CARTESIAN_POINT('',(-1.825,-0.35));
#13150 = VECTOR('',#13151,1.);
#13151 = DIRECTION('',(1.,0.));
#13152 = ( GEOMETRIC_REPRESENTATION_CONTEXT(2) 
PARAMETRIC_REPRESENTATION_CONTEXT() REPRESENTATION_CONTEXT('2D SPACE',''
  ) );
#13153 = ORIENTED_EDGE('',*,*,#13154,.T.);
#13154 = EDGE_CURVE('',#13127,#13155,#13157,.T.);
#13155 = VERTEX_POINT('',#13156);
#13156 = CARTESIAN_POINT('',(13.185077639874,52.8335,27.55));
#13157 = SURFACE_CURVE('',#13158,(#13162,#13168),.PCURVE_S1.);
#13158 = LINE('',#13159,#13160);
#13159 = CARTESIAN_POINT('',(13.185077639874,52.8335,27.55));
#13160 = VECTOR('',#13161,1.);
#13161 = DIRECTION('',(-0.,-0.,-1.));
#13162 = PCURVE('',#10694,#13163);
#13163 = DEFINITIONAL_REPRESENTATION('',(#13164),#13167);
#13164 = B_SPLINE_CURVE_WITH_KNOTS('',1,(#13165,#13166),.UNSPECIFIED.,
  .F.,.F.,(2,2),(-0.255,5.999999999062E-07),.PIECEWISE_BEZIER_KNOTS.);
#13165 = CARTESIAN_POINT('',(2.572077639874,-1.705));
#13166 = CARTESIAN_POINT('',(2.572077639874,-1.4499994));
#13167 = ( GEOMETRIC_REPRESENTATION_CONTEXT(2) 
PARAMETRIC_REPRESENTATION_CONTEXT() REPRESENTATION_CONTEXT('2D SPACE',''
  ) );
#13168 = PCURVE('',#13115,#13169);
#13169 = DEFINITIONAL_REPRESENTATION('',(#13170),#13173);
#13170 = B_SPLINE_CURVE_WITH_KNOTS('',1,(#13171,#13172),.UNSPECIFIED.,
  .F.,.F.,(2,2),(-0.255,5.999999999062E-07),.PIECEWISE_BEZIER_KNOTS.);
#13171 = CARTESIAN_POINT('',(-5.84506017878,-0.255));
#13172 = CARTESIAN_POINT('',(-5.84506017878,5.999999999062E-07));
#13173 = ( GEOMETRIC_REPRESENTATION_CONTEXT(2) 
PARAMETRIC_REPRESENTATION_CONTEXT() REPRESENTATION_CONTEXT('2D SPACE',''
  ) );
#13174 = ORIENTED_EDGE('',*,*,#13175,.T.);
#13175 = EDGE_CURVE('',#13155,#13176,#13178,.T.);
#13176 = VERTEX_POINT('',#13177);
#13177 = CARTESIAN_POINT('',(12.862264068712,52.8335,27.55));
#13178 = SURFACE_CURVE('',#13179,(#13183,#13189),.PCURVE_S1.);
#13179 = LINE('',#13180,#13181);
#13180 = CARTESIAN_POINT('',(11.5255,52.8335,27.55));
#13181 = VECTOR('',#13182,1.);
#13182 = DIRECTION('',(-1.,0.,0.));
#13183 = PCURVE('',#10694,#13184);
#13184 = DEFINITIONAL_REPRESENTATION('',(#13185),#13188);
#13185 = B_SPLINE_CURVE_WITH_KNOTS('',1,(#13186,#13187),.UNSPECIFIED.,
  .F.,.F.,(2,2),(-1.7375,-8.75E-02),.PIECEWISE_BEZIER_KNOTS.);
#13186 = CARTESIAN_POINT('',(2.65,-1.45));
#13187 = CARTESIAN_POINT('',(1.,-1.45));
#13188 = ( GEOMETRIC_REPRESENTATION_CONTEXT(2) 
PARAMETRIC_REPRESENTATION_CONTEXT() REPRESENTATION_CONTEXT('2D SPACE',''
  ) );
#13189 = PCURVE('',#13089,#13190);
#13190 = DEFINITIONAL_REPRESENTATION('',(#13191),#13194);
#13191 = B_SPLINE_CURVE_WITH_KNOTS('',1,(#13192,#13193),.UNSPECIFIED.,
  .F.,.F.,(2,2),(-1.7375,-8.75E-02),.PIECEWISE_BEZIER_KNOTS.);
#13192 = CARTESIAN_POINT('',(0.825,-0.35));
#13193 = CARTESIAN_POINT('',(-0.825,-0.35));
#13194 = ( GEOMETRIC_REPRESENTATION_CONTEXT(2) 
PARAMETRIC_REPRESENTATION_CONTEXT() REPRESENTATION_CONTEXT('2D SPACE',''
  ) );
#13195 = ORIENTED_EDGE('',*,*,#13196,.T.);
#13196 = EDGE_CURVE('',#13176,#13197,#13199,.T.);
#13197 = VERTEX_POINT('',#13198);
#13198 = CARTESIAN_POINT('',(12.862264068712,52.8335,26.95));
#13199 = SURFACE_CURVE('',#13200,(#13204,#13210),.PCURVE_S1.);
#13200 = LINE('',#13201,#13202);
#13201 = CARTESIAN_POINT('',(12.862264068712,52.8335,24.6));
#13202 = VECTOR('',#13203,1.);
#13203 = DIRECTION('',(-0.,-0.,-1.));
#13204 = PCURVE('',#10694,#13205);
#13205 = DEFINITIONAL_REPRESENTATION('',(#13206),#13209);
#13206 = B_SPLINE_CURVE_WITH_KNOTS('',1,(#13207,#13208),.UNSPECIFIED.,
  .F.,.F.,(2,2),(-2.9500006,-2.3499994),.PIECEWISE_BEZIER_KNOTS.);
#13207 = CARTESIAN_POINT('',(2.249264068712,-1.4500006));
#13208 = CARTESIAN_POINT('',(2.249264068712,-0.8499994));
#13209 = ( GEOMETRIC_REPRESENTATION_CONTEXT(2) 
PARAMETRIC_REPRESENTATION_CONTEXT() REPRESENTATION_CONTEXT('2D SPACE',''
  ) );
#13210 = PCURVE('',#13063,#13211);
#13211 = DEFINITIONAL_REPRESENTATION('',(#13212),#13215);
#13212 = B_SPLINE_CURVE_WITH_KNOTS('',1,(#13213,#13214),.UNSPECIFIED.,
  .F.,.F.,(2,2),(-2.9500006,-2.3499994),.PIECEWISE_BEZIER_KNOTS.);
#13213 = CARTESIAN_POINT('',(-5.593410306394,-2.9500006));
#13214 = CARTESIAN_POINT('',(-5.593410306394,-2.3499994));
#13215 = ( GEOMETRIC_REPRESENTATION_CONTEXT(2) 
PARAMETRIC_REPRESENTATION_CONTEXT() REPRESENTATION_CONTEXT('2D SPACE',''
  ) );
#13216 = ORIENTED_EDGE('',*,*,#13217,.F.);
#13217 = EDGE_CURVE('',#13218,#13197,#13220,.T.);
#13218 = VERTEX_POINT('',#13219);
#13219 = CARTESIAN_POINT('',(13.129465834297,52.8335,26.95));
#13220 = SURFACE_CURVE('',#13221,(#13225,#13231),.PCURVE_S1.);
#13221 = LINE('',#13222,#13223);
#13222 = CARTESIAN_POINT('',(11.5255,52.8335,26.95));
#13223 = VECTOR('',#13224,1.);
#13224 = DIRECTION('',(-1.,0.,0.));
#13225 = PCURVE('',#10694,#13226);
#13226 = DEFINITIONAL_REPRESENTATION('',(#13227),#13230);
#13227 = B_SPLINE_CURVE_WITH_KNOTS('',1,(#13228,#13229),.UNSPECIFIED.,
  .F.,.F.,(2,2),(-1.6875,-0.1375),.PIECEWISE_BEZIER_KNOTS.);
#13228 = CARTESIAN_POINT('',(2.6,-0.85));
#13229 = CARTESIAN_POINT('',(1.05,-0.85));
#13230 = ( GEOMETRIC_REPRESENTATION_CONTEXT(2) 
PARAMETRIC_REPRESENTATION_CONTEXT() REPRESENTATION_CONTEXT('2D SPACE',''
  ) );
#13231 = PCURVE('',#13037,#13232);
#13232 = DEFINITIONAL_REPRESENTATION('',(#13233),#13236);
#13233 = B_SPLINE_CURVE_WITH_KNOTS('',1,(#13234,#13235),.UNSPECIFIED.,
  .F.,.F.,(2,2),(-1.6875,-0.1375),.PIECEWISE_BEZIER_KNOTS.);
#13234 = CARTESIAN_POINT('',(0.775,-0.35));
#13235 = CARTESIAN_POINT('',(-0.775,-0.35));
#13236 = ( GEOMETRIC_REPRESENTATION_CONTEXT(2) 
PARAMETRIC_REPRESENTATION_CONTEXT() REPRESENTATION_CONTEXT('2D SPACE',''
  ) );
#13237 = ORIENTED_EDGE('',*,*,#13238,.T.);
#13238 = EDGE_CURVE('',#13218,#13239,#13241,.T.);
#13239 = VERTEX_POINT('',#13240);
#13240 = CARTESIAN_POINT('',(13.129465834297,52.8335,26.6));
#13241 = SURFACE_CURVE('',#13242,(#13246,#13252),.PCURVE_S1.);
#13242 = LINE('',#13243,#13244);
#13243 = CARTESIAN_POINT('',(13.129465834297,52.8335,26.6));
#13244 = VECTOR('',#13245,1.);
#13245 = DIRECTION('',(-0.,-0.,-1.));
#13246 = PCURVE('',#10694,#13247);
#13247 = DEFINITIONAL_REPRESENTATION('',(#13248),#13251);
#13248 = B_SPLINE_CURVE_WITH_KNOTS('',1,(#13249,#13250),.UNSPECIFIED.,
  .F.,.F.,(2,2),(-0.3500006,5.999999999062E-07),
  .PIECEWISE_BEZIER_KNOTS.);
#13249 = CARTESIAN_POINT('',(2.516465834297,-0.8500006));
#13250 = CARTESIAN_POINT('',(2.516465834297,-0.4999994));
#13251 = ( GEOMETRIC_REPRESENTATION_CONTEXT(2) 
PARAMETRIC_REPRESENTATION_CONTEXT() REPRESENTATION_CONTEXT('2D SPACE',''
  ) );
#13252 = PCURVE('',#13011,#13253);
#13253 = DEFINITIONAL_REPRESENTATION('',(#13254),#13257);
#13254 = B_SPLINE_CURVE_WITH_KNOTS('',1,(#13255,#13256),.UNSPECIFIED.,
  .F.,.F.,(2,2),(-0.3500006,5.999999999062E-07),
  .PIECEWISE_BEZIER_KNOTS.);
#13255 = CARTESIAN_POINT('',(-5.814613039656,-0.3500006));
#13256 = CARTESIAN_POINT('',(-5.814613039656,5.999999999062E-07));
#13257 = ( GEOMETRIC_REPRESENTATION_CONTEXT(2) 
PARAMETRIC_REPRESENTATION_CONTEXT() REPRESENTATION_CONTEXT('2D SPACE',''
  ) );
#13258 = ORIENTED_EDGE('',*,*,#13259,.T.);
#13259 = EDGE_CURVE('',#13239,#10706,#13260,.T.);
#13260 = SURFACE_CURVE('',#13261,(#13265,#13271),.PCURVE_S1.);
#13261 = LINE('',#13262,#13263);
#13262 = CARTESIAN_POINT('',(11.5255,52.8335,26.6));
#13263 = VECTOR('',#13264,1.);
#13264 = DIRECTION('',(-1.,0.,0.));
#13265 = PCURVE('',#10694,#13266);
#13266 = DEFINITIONAL_REPRESENTATION('',(#13267),#13270);
#13267 = B_SPLINE_CURVE_WITH_KNOTS('',1,(#13268,#13269),.UNSPECIFIED.,
  .F.,.F.,(2,2),(-1.6875,-0.1375),.PIECEWISE_BEZIER_KNOTS.);
#13268 = CARTESIAN_POINT('',(2.6,-0.5));
#13269 = CARTESIAN_POINT('',(1.05,-0.5));
#13270 = ( GEOMETRIC_REPRESENTATION_CONTEXT(2) 
PARAMETRIC_REPRESENTATION_CONTEXT() REPRESENTATION_CONTEXT('2D SPACE',''
  ) );
#13271 = PCURVE('',#10722,#13272);
#13272 = DEFINITIONAL_REPRESENTATION('',(#13273),#13276);
#13273 = B_SPLINE_CURVE_WITH_KNOTS('',1,(#13274,#13275),.UNSPECIFIED.,
  .F.,.F.,(2,2),(-1.6875,-0.1375),.PIECEWISE_BEZIER_KNOTS.);
#13274 = CARTESIAN_POINT('',(0.775,-0.35));
#13275 = CARTESIAN_POINT('',(-0.775,-0.35));
#13276 = ( GEOMETRIC_REPRESENTATION_CONTEXT(2) 
PARAMETRIC_REPRESENTATION_CONTEXT() REPRESENTATION_CONTEXT('2D SPACE',''
  ) );
#13277 = ORIENTED_EDGE('',*,*,#10738,.T.);
#13278 = ADVANCED_FACE('',(#13279),#10722,.F.);
#13279 = FACE_BOUND('',#13280,.F.);
#13280 = EDGE_LOOP('',(#13281,#13303,#13304,#13305));
#13281 = ORIENTED_EDGE('',*,*,#13282,.T.);
#13282 = EDGE_CURVE('',#12976,#13239,#13283,.T.);
#13283 = SURFACE_CURVE('',#13284,(#13289,#13296),.PCURVE_S1.);
#13284 = CIRCLE('',#13285,0.775);
#13285 = AXIS2_PLACEMENT_3D('',#13286,#13287,#13288);
#13286 = CARTESIAN_POINT('',(12.438,53.1835,26.6));
#13287 = DIRECTION('',(0.,0.,1.));
#13288 = DIRECTION('',(1.,0.,0.));
#13289 = PCURVE('',#10722,#13290);
#13290 = DEFINITIONAL_REPRESENTATION('',(#13291),#13295);
#13291 = CIRCLE('',#13292,0.775);
#13292 = AXIS2_PLACEMENT_2D('',#13293,#13294);
#13293 = CARTESIAN_POINT('',(-3.552713678801E-15,-7.105427357601E-15));
#13294 = DIRECTION('',(1.,0.));
#13295 = ( GEOMETRIC_REPRESENTATION_CONTEXT(2) 
PARAMETRIC_REPRESENTATION_CONTEXT() REPRESENTATION_CONTEXT('2D SPACE',''
  ) );
#13296 = PCURVE('',#13011,#13297);
#13297 = DEFINITIONAL_REPRESENTATION('',(#13298),#13302);
#13298 = LINE('',#13299,#13300);
#13299 = CARTESIAN_POINT('',(-0.,0.));
#13300 = VECTOR('',#13301,1.);
#13301 = DIRECTION('',(-1.,0.));
#13302 = ( GEOMETRIC_REPRESENTATION_CONTEXT(2) 
PARAMETRIC_REPRESENTATION_CONTEXT() REPRESENTATION_CONTEXT('2D SPACE',''
  ) );
#13303 = ORIENTED_EDGE('',*,*,#13259,.T.);
#13304 = ORIENTED_EDGE('',*,*,#10705,.T.);
#13305 = ORIENTED_EDGE('',*,*,#12975,.T.);
#13306 = ADVANCED_FACE('',(#13307),#10586,.T.);
#13307 = FACE_BOUND('',#13308,.T.);
#13308 = EDGE_LOOP('',(#13309,#13310,#13311,#13332,#13358,#13384,#13410,
    #13436,#13457,#13480,#13501,#13522,#13543,#13564,#13585,#13604));
#13309 = ORIENTED_EDGE('',*,*,#12949,.F.);
#13310 = ORIENTED_EDGE('',*,*,#10571,.F.);
#13311 = ORIENTED_EDGE('',*,*,#13312,.T.);
#13312 = EDGE_CURVE('',#10572,#13313,#13315,.T.);
#13313 = VERTEX_POINT('',#13314);
#13314 = CARTESIAN_POINT('',(13.129465834297,53.5335,26.6));
#13315 = SURFACE_CURVE('',#13316,(#13320,#13326),.PCURVE_S1.);
#13316 = LINE('',#13317,#13318);
#13317 = CARTESIAN_POINT('',(13.3505,53.5335,26.6));
#13318 = VECTOR('',#13319,1.);
#13319 = DIRECTION('',(1.,0.,-0.));
#13320 = PCURVE('',#10586,#13321);
#13321 = DEFINITIONAL_REPRESENTATION('',(#13322),#13325);
#13322 = B_SPLINE_CURVE_WITH_KNOTS('',1,(#13323,#13324),.UNSPECIFIED.,
  .F.,.F.,(2,2),(-1.6875,-0.1375),.PIECEWISE_BEZIER_KNOTS.);
#13323 = CARTESIAN_POINT('',(2.6,-0.5));
#13324 = CARTESIAN_POINT('',(1.05,-0.5));
#13325 = ( GEOMETRIC_REPRESENTATION_CONTEXT(2) 
PARAMETRIC_REPRESENTATION_CONTEXT() REPRESENTATION_CONTEXT('2D SPACE',''
  ) );
#13326 = PCURVE('',#10614,#13327);
#13327 = DEFINITIONAL_REPRESENTATION('',(#13328),#13331);
#13328 = B_SPLINE_CURVE_WITH_KNOTS('',1,(#13329,#13330),.UNSPECIFIED.,
  .F.,.F.,(2,2),(-1.6875,-0.1375),.PIECEWISE_BEZIER_KNOTS.);
#13329 = CARTESIAN_POINT('',(-0.775,0.35));
#13330 = CARTESIAN_POINT('',(0.775,0.35));
#13331 = ( GEOMETRIC_REPRESENTATION_CONTEXT(2) 
PARAMETRIC_REPRESENTATION_CONTEXT() REPRESENTATION_CONTEXT('2D SPACE',''
  ) );
#13332 = ORIENTED_EDGE('',*,*,#13333,.F.);
#13333 = EDGE_CURVE('',#13334,#13313,#13336,.T.);
#13334 = VERTEX_POINT('',#13335);
#13335 = CARTESIAN_POINT('',(13.129465834297,53.5335,26.95));
#13336 = SURFACE_CURVE('',#13337,(#13341,#13347),.PCURVE_S1.);
#13337 = LINE('',#13338,#13339);
#13338 = CARTESIAN_POINT('',(13.129465834297,53.5335,26.6));
#13339 = VECTOR('',#13340,1.);
#13340 = DIRECTION('',(-0.,-0.,-1.));
#13341 = PCURVE('',#10586,#13342);
#13342 = DEFINITIONAL_REPRESENTATION('',(#13343),#13346);
#13343 = B_SPLINE_CURVE_WITH_KNOTS('',1,(#13344,#13345),.UNSPECIFIED.,
  .F.,.F.,(2,2),(-0.3500006,5.999999999062E-07),
  .PIECEWISE_BEZIER_KNOTS.);
#13344 = CARTESIAN_POINT('',(1.133534165703,-0.8500006));
#13345 = CARTESIAN_POINT('',(1.133534165703,-0.4999994));
#13346 = ( GEOMETRIC_REPRESENTATION_CONTEXT(2) 
PARAMETRIC_REPRESENTATION_CONTEXT() REPRESENTATION_CONTEXT('2D SPACE',''
  ) );
#13347 = PCURVE('',#13348,#13353);
#13348 = CYLINDRICAL_SURFACE('',#13349,0.775);
#13349 = AXIS2_PLACEMENT_3D('',#13350,#13351,#13352);
#13350 = CARTESIAN_POINT('',(12.438,53.1835,26.6));
#13351 = DIRECTION('',(-0.,-0.,-1.));
#13352 = DIRECTION('',(1.,0.,0.));
#13353 = DEFINITIONAL_REPRESENTATION('',(#13354),#13357);
#13354 = B_SPLINE_CURVE_WITH_KNOTS('',1,(#13355,#13356),.UNSPECIFIED.,
  .F.,.F.,(2,2),(-0.3500006,5.999999999062E-07),
  .PIECEWISE_BEZIER_KNOTS.);
#13355 = CARTESIAN_POINT('',(-0.468572267524,-0.3500006));
#13356 = CARTESIAN_POINT('',(-0.468572267524,5.999999999062E-07));
#13357 = ( GEOMETRIC_REPRESENTATION_CONTEXT(2) 
PARAMETRIC_REPRESENTATION_CONTEXT() REPRESENTATION_CONTEXT('2D SPACE',''
  ) );
#13358 = ORIENTED_EDGE('',*,*,#13359,.F.);
#13359 = EDGE_CURVE('',#13360,#13334,#13362,.T.);
#13360 = VERTEX_POINT('',#13361);
#13361 = CARTESIAN_POINT('',(12.862264068712,53.5335,26.95));
#13362 = SURFACE_CURVE('',#13363,(#13367,#13373),.PCURVE_S1.);
#13363 = LINE('',#13364,#13365);
#13364 = CARTESIAN_POINT('',(13.3505,53.5335,26.95));
#13365 = VECTOR('',#13366,1.);
#13366 = DIRECTION('',(1.,0.,-0.));
#13367 = PCURVE('',#10586,#13368);
#13368 = DEFINITIONAL_REPRESENTATION('',(#13369),#13372);
#13369 = B_SPLINE_CURVE_WITH_KNOTS('',1,(#13370,#13371),.UNSPECIFIED.,
  .F.,.F.,(2,2),(-1.6875,-0.1375),.PIECEWISE_BEZIER_KNOTS.);
#13370 = CARTESIAN_POINT('',(2.6,-0.85));
#13371 = CARTESIAN_POINT('',(1.05,-0.85));
#13372 = ( GEOMETRIC_REPRESENTATION_CONTEXT(2) 
PARAMETRIC_REPRESENTATION_CONTEXT() REPRESENTATION_CONTEXT('2D SPACE',''
  ) );
#13373 = PCURVE('',#13374,#13379);
#13374 = PLANE('',#13375);
#13375 = AXIS2_PLACEMENT_3D('',#13376,#13377,#13378);
#13376 = CARTESIAN_POINT('',(12.438,53.1835,26.95));
#13377 = DIRECTION('',(0.,0.,1.));
#13378 = DIRECTION('',(1.,0.,-0.));
#13379 = DEFINITIONAL_REPRESENTATION('',(#13380),#13383);
#13380 = B_SPLINE_CURVE_WITH_KNOTS('',1,(#13381,#13382),.UNSPECIFIED.,
  .F.,.F.,(2,2),(-1.6875,-0.1375),.PIECEWISE_BEZIER_KNOTS.);
#13381 = CARTESIAN_POINT('',(-0.775,0.35));
#13382 = CARTESIAN_POINT('',(0.775,0.35));
#13383 = ( GEOMETRIC_REPRESENTATION_CONTEXT(2) 
PARAMETRIC_REPRESENTATION_CONTEXT() REPRESENTATION_CONTEXT('2D SPACE',''
  ) );
#13384 = ORIENTED_EDGE('',*,*,#13385,.F.);
#13385 = EDGE_CURVE('',#13386,#13360,#13388,.T.);
#13386 = VERTEX_POINT('',#13387);
#13387 = CARTESIAN_POINT('',(12.862264068712,53.5335,27.55));
#13388 = SURFACE_CURVE('',#13389,(#13393,#13399),.PCURVE_S1.);
#13389 = LINE('',#13390,#13391);
#13390 = CARTESIAN_POINT('',(12.862264068712,53.5335,24.6));
#13391 = VECTOR('',#13392,1.);
#13392 = DIRECTION('',(-0.,-0.,-1.));
#13393 = PCURVE('',#10586,#13394);
#13394 = DEFINITIONAL_REPRESENTATION('',(#13395),#13398);
#13395 = B_SPLINE_CURVE_WITH_KNOTS('',1,(#13396,#13397),.UNSPECIFIED.,
  .F.,.F.,(2,2),(-2.9500006,-2.3499994),.PIECEWISE_BEZIER_KNOTS.);
#13396 = CARTESIAN_POINT('',(1.400735931288,-1.4500006));
#13397 = CARTESIAN_POINT('',(1.400735931288,-0.8499994));
#13398 = ( GEOMETRIC_REPRESENTATION_CONTEXT(2) 
PARAMETRIC_REPRESENTATION_CONTEXT() REPRESENTATION_CONTEXT('2D SPACE',''
  ) );
#13399 = PCURVE('',#13400,#13405);
#13400 = CYLINDRICAL_SURFACE('',#13401,0.55);
#13401 = AXIS2_PLACEMENT_3D('',#13402,#13403,#13404);
#13402 = CARTESIAN_POINT('',(12.438,53.1835,24.6));
#13403 = DIRECTION('',(-0.,-0.,-1.));
#13404 = DIRECTION('',(1.,0.,0.));
#13405 = DEFINITIONAL_REPRESENTATION('',(#13406),#13409);
#13406 = B_SPLINE_CURVE_WITH_KNOTS('',1,(#13407,#13408),.UNSPECIFIED.,
  .F.,.F.,(2,2),(-2.9500006,-2.3499994),.PIECEWISE_BEZIER_KNOTS.);
#13407 = CARTESIAN_POINT('',(-0.689775000786,-2.9500006));
#13408 = CARTESIAN_POINT('',(-0.689775000786,-2.3499994));
#13409 = ( GEOMETRIC_REPRESENTATION_CONTEXT(2) 
PARAMETRIC_REPRESENTATION_CONTEXT() REPRESENTATION_CONTEXT('2D SPACE',''
  ) );
#13410 = ORIENTED_EDGE('',*,*,#13411,.T.);
#13411 = EDGE_CURVE('',#13386,#13412,#13414,.T.);
#13412 = VERTEX_POINT('',#13413);
#13413 = CARTESIAN_POINT('',(13.185077639874,53.5335,27.55));
#13414 = SURFACE_CURVE('',#13415,(#13419,#13425),.PCURVE_S1.);
#13415 = LINE('',#13416,#13417);
#13416 = CARTESIAN_POINT('',(13.3505,53.5335,27.55));
#13417 = VECTOR('',#13418,1.);
#13418 = DIRECTION('',(1.,0.,-0.));
#13419 = PCURVE('',#10586,#13420);
#13420 = DEFINITIONAL_REPRESENTATION('',(#13421),#13424);
#13421 = B_SPLINE_CURVE_WITH_KNOTS('',1,(#13422,#13423),.UNSPECIFIED.,
  .F.,.F.,(2,2),(-1.7375,-8.75E-02),.PIECEWISE_BEZIER_KNOTS.);
#13422 = CARTESIAN_POINT('',(2.65,-1.45));
#13423 = CARTESIAN_POINT('',(1.,-1.45));
#13424 = ( GEOMETRIC_REPRESENTATION_CONTEXT(2) 
PARAMETRIC_REPRESENTATION_CONTEXT() REPRESENTATION_CONTEXT('2D SPACE',''
  ) );
#13425 = PCURVE('',#13426,#13431);
#13426 = PLANE('',#13427);
#13427 = AXIS2_PLACEMENT_3D('',#13428,#13429,#13430);
#13428 = CARTESIAN_POINT('',(12.438,53.1835,27.55));
#13429 = DIRECTION('',(0.,0.,1.));
#13430 = DIRECTION('',(1.,0.,-0.));
#13431 = DEFINITIONAL_REPRESENTATION('',(#13432),#13435);
#13432 = B_SPLINE_CURVE_WITH_KNOTS('',1,(#13433,#13434),.UNSPECIFIED.,
  .F.,.F.,(2,2),(-1.7375,-8.75E-02),.PIECEWISE_BEZIER_KNOTS.);
#13433 = CARTESIAN_POINT('',(-0.825,0.35));
#13434 = CARTESIAN_POINT('',(0.825,0.35));
#13435 = ( GEOMETRIC_REPRESENTATION_CONTEXT(2) 
PARAMETRIC_REPRESENTATION_CONTEXT() REPRESENTATION_CONTEXT('2D SPACE',''
  ) );
#13436 = ORIENTED_EDGE('',*,*,#13437,.F.);
#13437 = EDGE_CURVE('',#13438,#13412,#13440,.T.);
#13438 = VERTEX_POINT('',#13439);
#13439 = CARTESIAN_POINT('',(13.185077639874,53.5335,27.65));
#13440 = SURFACE_CURVE('',#13441,(#13445,#13451),.PCURVE_S1.);
#13441 = LINE('',#13442,#13443);
#13442 = CARTESIAN_POINT('',(13.185077639874,53.5335,27.55));
#13443 = VECTOR('',#13444,1.);
#13444 = DIRECTION('',(-0.,-0.,-1.));
#13445 = PCURVE('',#10586,#13446);
#13446 = DEFINITIONAL_REPRESENTATION('',(#13447),#13450);
#13447 = B_SPLINE_CURVE_WITH_KNOTS('',1,(#13448,#13449),.UNSPECIFIED.,
  .F.,.F.,(2,2),(-0.255,5.999999999062E-07),.PIECEWISE_BEZIER_KNOTS.);
#13448 = CARTESIAN_POINT('',(1.077922360126,-1.705));
#13449 = CARTESIAN_POINT('',(1.077922360126,-1.4499994));
#13450 = ( GEOMETRIC_REPRESENTATION_CONTEXT(2) 
PARAMETRIC_REPRESENTATION_CONTEXT() REPRESENTATION_CONTEXT('2D SPACE',''
  ) );
#13451 = PCURVE('',#13115,#13452);
#13452 = DEFINITIONAL_REPRESENTATION('',(#13453),#13456);
#13453 = B_SPLINE_CURVE_WITH_KNOTS('',1,(#13454,#13455),.UNSPECIFIED.,
  .F.,.F.,(2,2),(-0.255,5.999999999062E-07),.PIECEWISE_BEZIER_KNOTS.);
#13454 = CARTESIAN_POINT('',(-0.4381251284,-0.255));
#13455 = CARTESIAN_POINT('',(-0.4381251284,5.999999999062E-07));
#13456 = ( GEOMETRIC_REPRESENTATION_CONTEXT(2) 
PARAMETRIC_REPRESENTATION_CONTEXT() REPRESENTATION_CONTEXT('2D SPACE',''
  ) );
#13457 = ORIENTED_EDGE('',*,*,#13458,.T.);
#13458 = EDGE_CURVE('',#13438,#13459,#13461,.T.);
#13459 = VERTEX_POINT('',#13460);
#13460 = CARTESIAN_POINT('',(11.690922360126,53.5335,27.65));
#13461 = SURFACE_CURVE('',#13462,(#13466,#13473),.PCURVE_S1.);
#13462 = LINE('',#13463,#13464);
#13463 = CARTESIAN_POINT('',(14.263,53.5335,27.65));
#13464 = VECTOR('',#13465,1.);
#13465 = DIRECTION('',(-1.,0.,0.));
#13466 = PCURVE('',#10586,#13467);
#13467 = DEFINITIONAL_REPRESENTATION('',(#13468),#13472);
#13468 = LINE('',#13469,#13470);
#13469 = CARTESIAN_POINT('',(0.,-1.55));
#13470 = VECTOR('',#13471,1.);
#13471 = DIRECTION('',(1.,0.));
#13472 = ( GEOMETRIC_REPRESENTATION_CONTEXT(2) 
PARAMETRIC_REPRESENTATION_CONTEXT() REPRESENTATION_CONTEXT('2D SPACE',''
  ) );
#13473 = PCURVE('',#13142,#13474);
#13474 = DEFINITIONAL_REPRESENTATION('',(#13475),#13479);
#13475 = LINE('',#13476,#13477);
#13476 = CARTESIAN_POINT('',(1.825,0.35));
#13477 = VECTOR('',#13478,1.);
#13478 = DIRECTION('',(-1.,0.));
#13479 = ( GEOMETRIC_REPRESENTATION_CONTEXT(2) 
PARAMETRIC_REPRESENTATION_CONTEXT() REPRESENTATION_CONTEXT('2D SPACE',''
  ) );
#13480 = ORIENTED_EDGE('',*,*,#13481,.T.);
#13481 = EDGE_CURVE('',#13459,#13482,#13484,.T.);
#13482 = VERTEX_POINT('',#13483);
#13483 = CARTESIAN_POINT('',(11.690922360126,53.5335,27.55));
#13484 = SURFACE_CURVE('',#13485,(#13489,#13495),.PCURVE_S1.);
#13485 = LINE('',#13486,#13487);
#13486 = CARTESIAN_POINT('',(11.690922360126,53.5335,27.55));
#13487 = VECTOR('',#13488,1.);
#13488 = DIRECTION('',(-0.,-0.,-1.));
#13489 = PCURVE('',#10586,#13490);
#13490 = DEFINITIONAL_REPRESENTATION('',(#13491),#13494);
#13491 = B_SPLINE_CURVE_WITH_KNOTS('',1,(#13492,#13493),.UNSPECIFIED.,
  .F.,.F.,(2,2),(-0.255,5.999999999062E-07),.PIECEWISE_BEZIER_KNOTS.);
#13492 = CARTESIAN_POINT('',(2.572077639874,-1.705));
#13493 = CARTESIAN_POINT('',(2.572077639874,-1.4499994));
#13494 = ( GEOMETRIC_REPRESENTATION_CONTEXT(2) 
PARAMETRIC_REPRESENTATION_CONTEXT() REPRESENTATION_CONTEXT('2D SPACE',''
  ) );
#13495 = PCURVE('',#13115,#13496);
#13496 = DEFINITIONAL_REPRESENTATION('',(#13497),#13500);
#13497 = B_SPLINE_CURVE_WITH_KNOTS('',1,(#13498,#13499),.UNSPECIFIED.,
  .F.,.F.,(2,2),(-0.255,5.999999999062E-07),.PIECEWISE_BEZIER_KNOTS.);
#13498 = CARTESIAN_POINT('',(-2.70346752519,-0.255));
#13499 = CARTESIAN_POINT('',(-2.70346752519,5.999999999062E-07));
#13500 = ( GEOMETRIC_REPRESENTATION_CONTEXT(2) 
PARAMETRIC_REPRESENTATION_CONTEXT() REPRESENTATION_CONTEXT('2D SPACE',''
  ) );
#13501 = ORIENTED_EDGE('',*,*,#13502,.T.);
#13502 = EDGE_CURVE('',#13482,#13503,#13505,.T.);
#13503 = VERTEX_POINT('',#13504);
#13504 = CARTESIAN_POINT('',(12.013735931288,53.5335,27.55));
#13505 = SURFACE_CURVE('',#13506,(#13510,#13516),.PCURVE_S1.);
#13506 = LINE('',#13507,#13508);
#13507 = CARTESIAN_POINT('',(13.3505,53.5335,27.55));
#13508 = VECTOR('',#13509,1.);
#13509 = DIRECTION('',(1.,0.,-0.));
#13510 = PCURVE('',#10586,#13511);
#13511 = DEFINITIONAL_REPRESENTATION('',(#13512),#13515);
#13512 = B_SPLINE_CURVE_WITH_KNOTS('',1,(#13513,#13514),.UNSPECIFIED.,
  .F.,.F.,(2,2),(-1.7375,-8.75E-02),.PIECEWISE_BEZIER_KNOTS.);
#13513 = CARTESIAN_POINT('',(2.65,-1.45));
#13514 = CARTESIAN_POINT('',(1.,-1.45));
#13515 = ( GEOMETRIC_REPRESENTATION_CONTEXT(2) 
PARAMETRIC_REPRESENTATION_CONTEXT() REPRESENTATION_CONTEXT('2D SPACE',''
  ) );
#13516 = PCURVE('',#13426,#13517);
#13517 = DEFINITIONAL_REPRESENTATION('',(#13518),#13521);
#13518 = B_SPLINE_CURVE_WITH_KNOTS('',1,(#13519,#13520),.UNSPECIFIED.,
  .F.,.F.,(2,2),(-1.7375,-8.75E-02),.PIECEWISE_BEZIER_KNOTS.);
#13519 = CARTESIAN_POINT('',(-0.825,0.35));
#13520 = CARTESIAN_POINT('',(0.825,0.35));
#13521 = ( GEOMETRIC_REPRESENTATION_CONTEXT(2) 
PARAMETRIC_REPRESENTATION_CONTEXT() REPRESENTATION_CONTEXT('2D SPACE',''
  ) );
#13522 = ORIENTED_EDGE('',*,*,#13523,.T.);
#13523 = EDGE_CURVE('',#13503,#13524,#13526,.T.);
#13524 = VERTEX_POINT('',#13525);
#13525 = CARTESIAN_POINT('',(12.013735931288,53.5335,26.95));
#13526 = SURFACE_CURVE('',#13527,(#13531,#13537),.PCURVE_S1.);
#13527 = LINE('',#13528,#13529);
#13528 = CARTESIAN_POINT('',(12.013735931288,53.5335,24.6));
#13529 = VECTOR('',#13530,1.);
#13530 = DIRECTION('',(-0.,-0.,-1.));
#13531 = PCURVE('',#10586,#13532);
#13532 = DEFINITIONAL_REPRESENTATION('',(#13533),#13536);
#13533 = B_SPLINE_CURVE_WITH_KNOTS('',1,(#13534,#13535),.UNSPECIFIED.,
  .F.,.F.,(2,2),(-2.9500006,-2.3499994),.PIECEWISE_BEZIER_KNOTS.);
#13534 = CARTESIAN_POINT('',(2.249264068712,-1.4500006));
#13535 = CARTESIAN_POINT('',(2.249264068712,-0.8499994));
#13536 = ( GEOMETRIC_REPRESENTATION_CONTEXT(2) 
PARAMETRIC_REPRESENTATION_CONTEXT() REPRESENTATION_CONTEXT('2D SPACE',''
  ) );
#13537 = PCURVE('',#13400,#13538);
#13538 = DEFINITIONAL_REPRESENTATION('',(#13539),#13542);
#13539 = B_SPLINE_CURVE_WITH_KNOTS('',1,(#13540,#13541),.UNSPECIFIED.,
  .F.,.F.,(2,2),(-2.9500006,-2.3499994),.PIECEWISE_BEZIER_KNOTS.);
#13540 = CARTESIAN_POINT('',(-2.451817652804,-2.9500006));
#13541 = CARTESIAN_POINT('',(-2.451817652804,-2.3499994));
#13542 = ( GEOMETRIC_REPRESENTATION_CONTEXT(2) 
PARAMETRIC_REPRESENTATION_CONTEXT() REPRESENTATION_CONTEXT('2D SPACE',''
  ) );
#13543 = ORIENTED_EDGE('',*,*,#13544,.F.);
#13544 = EDGE_CURVE('',#13545,#13524,#13547,.T.);
#13545 = VERTEX_POINT('',#13546);
#13546 = CARTESIAN_POINT('',(11.746534165703,53.5335,26.95));
#13547 = SURFACE_CURVE('',#13548,(#13552,#13558),.PCURVE_S1.);
#13548 = LINE('',#13549,#13550);
#13549 = CARTESIAN_POINT('',(13.3505,53.5335,26.95));
#13550 = VECTOR('',#13551,1.);
#13551 = DIRECTION('',(1.,0.,-0.));
#13552 = PCURVE('',#10586,#13553);
#13553 = DEFINITIONAL_REPRESENTATION('',(#13554),#13557);
#13554 = B_SPLINE_CURVE_WITH_KNOTS('',1,(#13555,#13556),.UNSPECIFIED.,
  .F.,.F.,(2,2),(-1.6875,-0.1375),.PIECEWISE_BEZIER_KNOTS.);
#13555 = CARTESIAN_POINT('',(2.6,-0.85));
#13556 = CARTESIAN_POINT('',(1.05,-0.85));
#13557 = ( GEOMETRIC_REPRESENTATION_CONTEXT(2) 
PARAMETRIC_REPRESENTATION_CONTEXT() REPRESENTATION_CONTEXT('2D SPACE',''
  ) );
#13558 = PCURVE('',#13374,#13559);
#13559 = DEFINITIONAL_REPRESENTATION('',(#13560),#13563);
#13560 = B_SPLINE_CURVE_WITH_KNOTS('',1,(#13561,#13562),.UNSPECIFIED.,
  .F.,.F.,(2,2),(-1.6875,-0.1375),.PIECEWISE_BEZIER_KNOTS.);
#13561 = CARTESIAN_POINT('',(-0.775,0.35));
#13562 = CARTESIAN_POINT('',(0.775,0.35));
#13563 = ( GEOMETRIC_REPRESENTATION_CONTEXT(2) 
PARAMETRIC_REPRESENTATION_CONTEXT() REPRESENTATION_CONTEXT('2D SPACE',''
  ) );
#13564 = ORIENTED_EDGE('',*,*,#13565,.T.);
#13565 = EDGE_CURVE('',#13545,#13566,#13568,.T.);
#13566 = VERTEX_POINT('',#13567);
#13567 = CARTESIAN_POINT('',(11.746534165703,53.5335,26.6));
#13568 = SURFACE_CURVE('',#13569,(#13573,#13579),.PCURVE_S1.);
#13569 = LINE('',#13570,#13571);
#13570 = CARTESIAN_POINT('',(11.746534165703,53.5335,26.6));
#13571 = VECTOR('',#13572,1.);
#13572 = DIRECTION('',(-0.,-0.,-1.));
#13573 = PCURVE('',#10586,#13574);
#13574 = DEFINITIONAL_REPRESENTATION('',(#13575),#13578);
#13575 = B_SPLINE_CURVE_WITH_KNOTS('',1,(#13576,#13577),.UNSPECIFIED.,
  .F.,.F.,(2,2),(-0.3500006,5.999999999062E-07),
  .PIECEWISE_BEZIER_KNOTS.);
#13576 = CARTESIAN_POINT('',(2.516465834297,-0.8500006));
#13577 = CARTESIAN_POINT('',(2.516465834297,-0.4999994));
#13578 = ( GEOMETRIC_REPRESENTATION_CONTEXT(2) 
PARAMETRIC_REPRESENTATION_CONTEXT() REPRESENTATION_CONTEXT('2D SPACE',''
  ) );
#13579 = PCURVE('',#13348,#13580);
#13580 = DEFINITIONAL_REPRESENTATION('',(#13581),#13584);
#13581 = B_SPLINE_CURVE_WITH_KNOTS('',1,(#13582,#13583),.UNSPECIFIED.,
  .F.,.F.,(2,2),(-0.3500006,5.999999999062E-07),
  .PIECEWISE_BEZIER_KNOTS.);
#13582 = CARTESIAN_POINT('',(-2.673020386066,-0.3500006));
#13583 = CARTESIAN_POINT('',(-2.673020386066,5.999999999062E-07));
#13584 = ( GEOMETRIC_REPRESENTATION_CONTEXT(2) 
PARAMETRIC_REPRESENTATION_CONTEXT() REPRESENTATION_CONTEXT('2D SPACE',''
  ) );
#13585 = ORIENTED_EDGE('',*,*,#13586,.T.);
#13586 = EDGE_CURVE('',#13566,#10598,#13587,.T.);
#13587 = SURFACE_CURVE('',#13588,(#13592,#13598),.PCURVE_S1.);
#13588 = LINE('',#13589,#13590);
#13589 = CARTESIAN_POINT('',(13.3505,53.5335,26.6));
#13590 = VECTOR('',#13591,1.);
#13591 = DIRECTION('',(1.,0.,-0.));
#13592 = PCURVE('',#10586,#13593);
#13593 = DEFINITIONAL_REPRESENTATION('',(#13594),#13597);
#13594 = B_SPLINE_CURVE_WITH_KNOTS('',1,(#13595,#13596),.UNSPECIFIED.,
  .F.,.F.,(2,2),(-1.6875,-0.1375),.PIECEWISE_BEZIER_KNOTS.);
#13595 = CARTESIAN_POINT('',(2.6,-0.5));
#13596 = CARTESIAN_POINT('',(1.05,-0.5));
#13597 = ( GEOMETRIC_REPRESENTATION_CONTEXT(2) 
PARAMETRIC_REPRESENTATION_CONTEXT() REPRESENTATION_CONTEXT('2D SPACE',''
  ) );
#13598 = PCURVE('',#10614,#13599);
#13599 = DEFINITIONAL_REPRESENTATION('',(#13600),#13603);
#13600 = B_SPLINE_CURVE_WITH_KNOTS('',1,(#13601,#13602),.UNSPECIFIED.,
  .F.,.F.,(2,2),(-1.6875,-0.1375),.PIECEWISE_BEZIER_KNOTS.);
#13601 = CARTESIAN_POINT('',(-0.775,0.35));
#13602 = CARTESIAN_POINT('',(0.775,0.35));
#13603 = ( GEOMETRIC_REPRESENTATION_CONTEXT(2) 
PARAMETRIC_REPRESENTATION_CONTEXT() REPRESENTATION_CONTEXT('2D SPACE',''
  ) );
#13604 = ORIENTED_EDGE('',*,*,#10630,.T.);
#13605 = ADVANCED_FACE('',(#13606),#10614,.F.);
#13606 = FACE_BOUND('',#13607,.F.);
#13607 = EDGE_LOOP('',(#13608,#13609,#13631,#13632));
#13608 = ORIENTED_EDGE('',*,*,#13312,.T.);
#13609 = ORIENTED_EDGE('',*,*,#13610,.T.);
#13610 = EDGE_CURVE('',#13313,#13566,#13611,.T.);
#13611 = SURFACE_CURVE('',#13612,(#13617,#13624),.PCURVE_S1.);
#13612 = CIRCLE('',#13613,0.775);
#13613 = AXIS2_PLACEMENT_3D('',#13614,#13615,#13616);
#13614 = CARTESIAN_POINT('',(12.438,53.1835,26.6));
#13615 = DIRECTION('',(0.,0.,1.));
#13616 = DIRECTION('',(1.,0.,0.));
#13617 = PCURVE('',#10614,#13618);
#13618 = DEFINITIONAL_REPRESENTATION('',(#13619),#13623);
#13619 = CIRCLE('',#13620,0.775);
#13620 = AXIS2_PLACEMENT_2D('',#13621,#13622);
#13621 = CARTESIAN_POINT('',(-3.552713678801E-15,-7.105427357601E-15));
#13622 = DIRECTION('',(1.,0.));
#13623 = ( GEOMETRIC_REPRESENTATION_CONTEXT(2) 
PARAMETRIC_REPRESENTATION_CONTEXT() REPRESENTATION_CONTEXT('2D SPACE',''
  ) );
#13624 = PCURVE('',#13348,#13625);
#13625 = DEFINITIONAL_REPRESENTATION('',(#13626),#13630);
#13626 = LINE('',#13627,#13628);
#13627 = CARTESIAN_POINT('',(-0.,0.));
#13628 = VECTOR('',#13629,1.);
#13629 = DIRECTION('',(-1.,0.));
#13630 = ( GEOMETRIC_REPRESENTATION_CONTEXT(2) 
PARAMETRIC_REPRESENTATION_CONTEXT() REPRESENTATION_CONTEXT('2D SPACE',''
  ) );
#13631 = ORIENTED_EDGE('',*,*,#13586,.T.);
#13632 = ORIENTED_EDGE('',*,*,#10597,.T.);
#13633 = ADVANCED_FACE('',(#13634),#10875,.T.);
#13634 = FACE_BOUND('',#13635,.F.);
#13635 = EDGE_LOOP('',(#13636,#13637,#13638,#13639));
#13636 = ORIENTED_EDGE('',*,*,#11102,.T.);
#13637 = ORIENTED_EDGE('',*,*,#11146,.F.);
#13638 = ORIENTED_EDGE('',*,*,#10860,.F.);
#13639 = ORIENTED_EDGE('',*,*,#13640,.T.);
#13640 = EDGE_CURVE('',#10861,#11082,#13641,.T.);
#13641 = SURFACE_CURVE('',#13642,(#13647,#13654),.PCURVE_S1.);
#13642 = CIRCLE('',#13643,0.775);
#13643 = AXIS2_PLACEMENT_3D('',#13644,#13645,#13646);
#13644 = CARTESIAN_POINT('',(12.438,-52.3535,26.95));
#13645 = DIRECTION('',(0.,0.,1.));
#13646 = DIRECTION('',(1.,0.,0.));
#13647 = PCURVE('',#10875,#13648);
#13648 = DEFINITIONAL_REPRESENTATION('',(#13649),#13653);
#13649 = LINE('',#13650,#13651);
#13650 = CARTESIAN_POINT('',(-0.,-0.35));
#13651 = VECTOR('',#13652,1.);
#13652 = DIRECTION('',(-1.,0.));
#13653 = ( GEOMETRIC_REPRESENTATION_CONTEXT(2) 
PARAMETRIC_REPRESENTATION_CONTEXT() REPRESENTATION_CONTEXT('2D SPACE',''
  ) );
#13654 = PCURVE('',#10901,#13655);
#13655 = DEFINITIONAL_REPRESENTATION('',(#13656),#13660);
#13656 = CIRCLE('',#13657,0.775);
#13657 = AXIS2_PLACEMENT_2D('',#13658,#13659);
#13658 = CARTESIAN_POINT('',(-3.552713678801E-15,0.));
#13659 = DIRECTION('',(1.,0.));
#13660 = ( GEOMETRIC_REPRESENTATION_CONTEXT(2) 
PARAMETRIC_REPRESENTATION_CONTEXT() REPRESENTATION_CONTEXT('2D SPACE',''
  ) );
#13661 = ADVANCED_FACE('',(#13662),#10901,.T.);
#13662 = FACE_BOUND('',#13663,.T.);
#13663 = EDGE_LOOP('',(#13664,#13665,#13666,#13692));
#13664 = ORIENTED_EDGE('',*,*,#13640,.T.);
#13665 = ORIENTED_EDGE('',*,*,#11081,.T.);
#13666 = ORIENTED_EDGE('',*,*,#13667,.T.);
#13667 = EDGE_CURVE('',#11061,#10887,#13668,.T.);
#13668 = SURFACE_CURVE('',#13669,(#13674,#13685),.PCURVE_S1.);
#13669 = CIRCLE('',#13670,0.55);
#13670 = AXIS2_PLACEMENT_3D('',#13671,#13672,#13673);
#13671 = CARTESIAN_POINT('',(12.438,-52.3535,26.95));
#13672 = DIRECTION('',(0.,0.,-1.));
#13673 = DIRECTION('',(1.,0.,0.));
#13674 = PCURVE('',#10901,#13675);
#13675 = DEFINITIONAL_REPRESENTATION('',(#13676),#13684);
#13676 = ( BOUNDED_CURVE() B_SPLINE_CURVE(2,(#13677,#13678,#13679,#13680
    ,#13681,#13682,#13683),.UNSPECIFIED.,.T.,.F.) 
B_SPLINE_CURVE_WITH_KNOTS((1,2,2,2,2,1),(-2.094395102393,0.,
    2.094395102393,4.188790204786,6.28318530718,8.377580409573),
.UNSPECIFIED.) CURVE() GEOMETRIC_REPRESENTATION_ITEM() 
RATIONAL_B_SPLINE_CURVE((1.,0.5,1.,0.5,1.,0.5,1.)) REPRESENTATION_ITEM(
  '') );
#13677 = CARTESIAN_POINT('',(0.55,0.));
#13678 = CARTESIAN_POINT('',(0.55,-0.952627944163));
#13679 = CARTESIAN_POINT('',(-0.275,-0.476313972081));
#13680 = CARTESIAN_POINT('',(-1.1,-1.347111479062E-16));
#13681 = CARTESIAN_POINT('',(-0.275,0.476313972081));
#13682 = CARTESIAN_POINT('',(0.55,0.952627944163));
#13683 = CARTESIAN_POINT('',(0.55,0.));
#13684 = ( GEOMETRIC_REPRESENTATION_CONTEXT(2) 
PARAMETRIC_REPRESENTATION_CONTEXT() REPRESENTATION_CONTEXT('2D SPACE',''
  ) );
#13685 = PCURVE('',#10927,#13686);
#13686 = DEFINITIONAL_REPRESENTATION('',(#13687),#13691);
#13687 = LINE('',#13688,#13689);
#13688 = CARTESIAN_POINT('',(-6.28318530718,-2.35));
#13689 = VECTOR('',#13690,1.);
#13690 = DIRECTION('',(1.,-0.));
#13691 = ( GEOMETRIC_REPRESENTATION_CONTEXT(2) 
PARAMETRIC_REPRESENTATION_CONTEXT() REPRESENTATION_CONTEXT('2D SPACE',''
  ) );
#13692 = ORIENTED_EDGE('',*,*,#10886,.T.);
#13693 = ADVANCED_FACE('',(#13694),#10927,.T.);
#13694 = FACE_BOUND('',#13695,.F.);
#13695 = EDGE_LOOP('',(#13696,#13697,#13698,#13699));
#13696 = ORIENTED_EDGE('',*,*,#11060,.T.);
#13697 = ORIENTED_EDGE('',*,*,#13667,.T.);
#13698 = ORIENTED_EDGE('',*,*,#10912,.F.);
#13699 = ORIENTED_EDGE('',*,*,#13700,.T.);
#13700 = EDGE_CURVE('',#10913,#11040,#13701,.T.);
#13701 = SURFACE_CURVE('',#13702,(#13707,#13714),.PCURVE_S1.);
#13702 = CIRCLE('',#13703,0.55);
#13703 = AXIS2_PLACEMENT_3D('',#13704,#13705,#13706);
#13704 = CARTESIAN_POINT('',(12.438,-52.3535,27.55));
#13705 = DIRECTION('',(0.,0.,1.));
#13706 = DIRECTION('',(1.,0.,0.));
#13707 = PCURVE('',#10927,#13708);
#13708 = DEFINITIONAL_REPRESENTATION('',(#13709),#13713);
#13709 = LINE('',#13710,#13711);
#13710 = CARTESIAN_POINT('',(-0.,-2.95));
#13711 = VECTOR('',#13712,1.);
#13712 = DIRECTION('',(-1.,0.));
#13713 = ( GEOMETRIC_REPRESENTATION_CONTEXT(2) 
PARAMETRIC_REPRESENTATION_CONTEXT() REPRESENTATION_CONTEXT('2D SPACE',''
  ) );
#13714 = PCURVE('',#10953,#13715);
#13715 = DEFINITIONAL_REPRESENTATION('',(#13716),#13720);
#13716 = CIRCLE('',#13717,0.55);
#13717 = AXIS2_PLACEMENT_2D('',#13718,#13719);
#13718 = CARTESIAN_POINT('',(0.,0.));
#13719 = DIRECTION('',(1.,0.));
#13720 = ( GEOMETRIC_REPRESENTATION_CONTEXT(2) 
PARAMETRIC_REPRESENTATION_CONTEXT() REPRESENTATION_CONTEXT('2D SPACE',''
  ) );
#13721 = ADVANCED_FACE('',(#13722),#10953,.F.);
#13722 = FACE_BOUND('',#13723,.F.);
#13723 = EDGE_LOOP('',(#13724,#13746,#13747,#13748));
#13724 = ORIENTED_EDGE('',*,*,#13725,.T.);
#13725 = EDGE_CURVE('',#10939,#11019,#13726,.T.);
#13726 = SURFACE_CURVE('',#13727,(#13732,#13739),.PCURVE_S1.);
#13727 = CIRCLE('',#13728,0.825);
#13728 = AXIS2_PLACEMENT_3D('',#13729,#13730,#13731);
#13729 = CARTESIAN_POINT('',(12.438,-52.3535,27.55));
#13730 = DIRECTION('',(0.,0.,1.));
#13731 = DIRECTION('',(1.,0.,0.));
#13732 = PCURVE('',#10953,#13733);
#13733 = DEFINITIONAL_REPRESENTATION('',(#13734),#13738);
#13734 = CIRCLE('',#13735,0.825);
#13735 = AXIS2_PLACEMENT_2D('',#13736,#13737);
#13736 = CARTESIAN_POINT('',(0.,0.));
#13737 = DIRECTION('',(1.,0.));
#13738 = ( GEOMETRIC_REPRESENTATION_CONTEXT(2) 
PARAMETRIC_REPRESENTATION_CONTEXT() REPRESENTATION_CONTEXT('2D SPACE',''
  ) );
#13739 = PCURVE('',#10979,#13740);
#13740 = DEFINITIONAL_REPRESENTATION('',(#13741),#13745);
#13741 = LINE('',#13742,#13743);
#13742 = CARTESIAN_POINT('',(-0.,0.));
#13743 = VECTOR('',#13744,1.);
#13744 = DIRECTION('',(-1.,0.));
#13745 = ( GEOMETRIC_REPRESENTATION_CONTEXT(2) 
PARAMETRIC_REPRESENTATION_CONTEXT() REPRESENTATION_CONTEXT('2D SPACE',''
  ) );
#13746 = ORIENTED_EDGE('',*,*,#11039,.T.);
#13747 = ORIENTED_EDGE('',*,*,#13700,.F.);
#13748 = ORIENTED_EDGE('',*,*,#10938,.T.);
#13749 = ADVANCED_FACE('',(#13750),#10979,.T.);
#13750 = FACE_BOUND('',#13751,.F.);
#13751 = EDGE_LOOP('',(#13752,#13780,#13803,#13830,#13831,#13857,#13858,
    #13859,#13860,#13886,#13887,#13909));
#13752 = ORIENTED_EDGE('',*,*,#13753,.T.);
#13753 = EDGE_CURVE('',#11302,#13754,#13756,.T.);
#13754 = VERTEX_POINT('',#13755);
#13755 = CARTESIAN_POINT('',(13.263,-52.3535,27.65));
#13756 = SURFACE_CURVE('',#13757,(#13762,#13769),.PCURVE_S1.);
#13757 = CIRCLE('',#13758,0.825);
#13758 = AXIS2_PLACEMENT_3D('',#13759,#13760,#13761);
#13759 = CARTESIAN_POINT('',(12.438,-52.3535,27.65));
#13760 = DIRECTION('',(0.,0.,-1.));
#13761 = DIRECTION('',(1.,0.,0.));
#13762 = PCURVE('',#10979,#13763);
#13763 = DEFINITIONAL_REPRESENTATION('',(#13764),#13768);
#13764 = LINE('',#13765,#13766);
#13765 = CARTESIAN_POINT('',(-6.28318530718,-0.1));
#13766 = VECTOR('',#13767,1.);
#13767 = DIRECTION('',(1.,-0.));
#13768 = ( GEOMETRIC_REPRESENTATION_CONTEXT(2) 
PARAMETRIC_REPRESENTATION_CONTEXT() REPRESENTATION_CONTEXT('2D SPACE',''
  ) );
#13769 = PCURVE('',#11006,#13770);
#13770 = DEFINITIONAL_REPRESENTATION('',(#13771),#13779);
#13771 = ( BOUNDED_CURVE() B_SPLINE_CURVE(2,(#13772,#13773,#13774,#13775
    ,#13776,#13777,#13778),.UNSPECIFIED.,.T.,.F.) 
B_SPLINE_CURVE_WITH_KNOTS((1,2,2,2,2,1),(-2.094395102393,0.,
    2.094395102393,4.188790204786,6.28318530718,8.377580409573),
.UNSPECIFIED.) CURVE() GEOMETRIC_REPRESENTATION_ITEM() 
RATIONAL_B_SPLINE_CURVE((1.,0.5,1.,0.5,1.,0.5,1.)) REPRESENTATION_ITEM(
  '') );
#13772 = CARTESIAN_POINT('',(0.825,0.));
#13773 = CARTESIAN_POINT('',(0.825,-1.428941916244));
#13774 = CARTESIAN_POINT('',(-0.4125,-0.714470958122));
#13775 = CARTESIAN_POINT('',(-1.65,-2.020667218593E-16));
#13776 = CARTESIAN_POINT('',(-0.4125,0.714470958122));
#13777 = CARTESIAN_POINT('',(0.825,1.428941916244));
#13778 = CARTESIAN_POINT('',(0.825,0.));
#13779 = ( GEOMETRIC_REPRESENTATION_CONTEXT(2) 
PARAMETRIC_REPRESENTATION_CONTEXT() REPRESENTATION_CONTEXT('2D SPACE',''
  ) );
#13780 = ORIENTED_EDGE('',*,*,#13781,.T.);
#13781 = EDGE_CURVE('',#13754,#13782,#13784,.T.);
#13782 = VERTEX_POINT('',#13783);
#13783 = CARTESIAN_POINT('',(13.263,-52.3535,27.9));
#13784 = SEAM_CURVE('',#13785,(#13789,#13796),.PCURVE_S1.);
#13785 = LINE('',#13786,#13787);
#13786 = CARTESIAN_POINT('',(13.263,-52.3535,27.55));
#13787 = VECTOR('',#13788,1.);
#13788 = DIRECTION('',(0.,0.,1.));
#13789 = PCURVE('',#10979,#13790);
#13790 = DEFINITIONAL_REPRESENTATION('',(#13791),#13795);
#13791 = LINE('',#13792,#13793);
#13792 = CARTESIAN_POINT('',(-6.28318530718,0.));
#13793 = VECTOR('',#13794,1.);
#13794 = DIRECTION('',(-0.,-1.));
#13795 = ( GEOMETRIC_REPRESENTATION_CONTEXT(2) 
PARAMETRIC_REPRESENTATION_CONTEXT() REPRESENTATION_CONTEXT('2D SPACE',''
  ) );
#13796 = PCURVE('',#10979,#13797);
#13797 = DEFINITIONAL_REPRESENTATION('',(#13798),#13802);
#13798 = LINE('',#13799,#13800);
#13799 = CARTESIAN_POINT('',(-0.,0.));
#13800 = VECTOR('',#13801,1.);
#13801 = DIRECTION('',(-0.,-1.));
#13802 = ( GEOMETRIC_REPRESENTATION_CONTEXT(2) 
PARAMETRIC_REPRESENTATION_CONTEXT() REPRESENTATION_CONTEXT('2D SPACE',''
  ) );
#13803 = ORIENTED_EDGE('',*,*,#13804,.T.);
#13804 = EDGE_CURVE('',#13782,#13782,#13805,.T.);
#13805 = SURFACE_CURVE('',#13806,(#13811,#13818),.PCURVE_S1.);
#13806 = CIRCLE('',#13807,0.825);
#13807 = AXIS2_PLACEMENT_3D('',#13808,#13809,#13810);
#13808 = CARTESIAN_POINT('',(12.438,-52.3535,27.9));
#13809 = DIRECTION('',(0.,0.,1.));
#13810 = DIRECTION('',(1.,0.,0.));
#13811 = PCURVE('',#10979,#13812);
#13812 = DEFINITIONAL_REPRESENTATION('',(#13813),#13817);
#13813 = LINE('',#13814,#13815);
#13814 = CARTESIAN_POINT('',(-0.,-0.35));
#13815 = VECTOR('',#13816,1.);
#13816 = DIRECTION('',(-1.,0.));
#13817 = ( GEOMETRIC_REPRESENTATION_CONTEXT(2) 
PARAMETRIC_REPRESENTATION_CONTEXT() REPRESENTATION_CONTEXT('2D SPACE',''
  ) );
#13818 = PCURVE('',#13819,#13824);
#13819 = PLANE('',#13820);
#13820 = AXIS2_PLACEMENT_3D('',#13821,#13822,#13823);
#13821 = CARTESIAN_POINT('',(12.438,-52.3535,27.9));
#13822 = DIRECTION('',(0.,0.,1.));
#13823 = DIRECTION('',(1.,0.,-0.));
#13824 = DEFINITIONAL_REPRESENTATION('',(#13825),#13829);
#13825 = CIRCLE('',#13826,0.825);
#13826 = AXIS2_PLACEMENT_2D('',#13827,#13828);
#13827 = CARTESIAN_POINT('',(0.,0.));
#13828 = DIRECTION('',(1.,0.));
#13829 = ( GEOMETRIC_REPRESENTATION_CONTEXT(2) 
PARAMETRIC_REPRESENTATION_CONTEXT() REPRESENTATION_CONTEXT('2D SPACE',''
  ) );
#13830 = ORIENTED_EDGE('',*,*,#13781,.F.);
#13831 = ORIENTED_EDGE('',*,*,#13832,.T.);
#13832 = EDGE_CURVE('',#13754,#10991,#13833,.T.);
#13833 = SURFACE_CURVE('',#13834,(#13839,#13846),.PCURVE_S1.);
#13834 = CIRCLE('',#13835,0.825);
#13835 = AXIS2_PLACEMENT_3D('',#13836,#13837,#13838);
#13836 = CARTESIAN_POINT('',(12.438,-52.3535,27.65));
#13837 = DIRECTION('',(0.,0.,-1.));
#13838 = DIRECTION('',(1.,0.,0.));
#13839 = PCURVE('',#10979,#13840);
#13840 = DEFINITIONAL_REPRESENTATION('',(#13841),#13845);
#13841 = LINE('',#13842,#13843);
#13842 = CARTESIAN_POINT('',(-6.28318530718,-0.1));
#13843 = VECTOR('',#13844,1.);
#13844 = DIRECTION('',(1.,-0.));
#13845 = ( GEOMETRIC_REPRESENTATION_CONTEXT(2) 
PARAMETRIC_REPRESENTATION_CONTEXT() REPRESENTATION_CONTEXT('2D SPACE',''
  ) );
#13846 = PCURVE('',#11006,#13847);
#13847 = DEFINITIONAL_REPRESENTATION('',(#13848),#13856);
#13848 = ( BOUNDED_CURVE() B_SPLINE_CURVE(2,(#13849,#13850,#13851,#13852
    ,#13853,#13854,#13855),.UNSPECIFIED.,.T.,.F.) 
B_SPLINE_CURVE_WITH_KNOTS((1,2,2,2,2,1),(-2.094395102393,0.,
    2.094395102393,4.188790204786,6.28318530718,8.377580409573),
.UNSPECIFIED.) CURVE() GEOMETRIC_REPRESENTATION_ITEM() 
RATIONAL_B_SPLINE_CURVE((1.,0.5,1.,0.5,1.,0.5,1.)) REPRESENTATION_ITEM(
  '') );
#13849 = CARTESIAN_POINT('',(0.825,0.));
#13850 = CARTESIAN_POINT('',(0.825,-1.428941916244));
#13851 = CARTESIAN_POINT('',(-0.4125,-0.714470958122));
#13852 = CARTESIAN_POINT('',(-1.65,-2.020667218593E-16));
#13853 = CARTESIAN_POINT('',(-0.4125,0.714470958122));
#13854 = CARTESIAN_POINT('',(0.825,1.428941916244));
#13855 = CARTESIAN_POINT('',(0.825,0.));
#13856 = ( GEOMETRIC_REPRESENTATION_CONTEXT(2) 
PARAMETRIC_REPRESENTATION_CONTEXT() REPRESENTATION_CONTEXT('2D SPACE',''
  ) );
#13857 = ORIENTED_EDGE('',*,*,#11018,.T.);
#13858 = ORIENTED_EDGE('',*,*,#13725,.F.);
#13859 = ORIENTED_EDGE('',*,*,#10964,.F.);
#13860 = ORIENTED_EDGE('',*,*,#13861,.T.);
#13861 = EDGE_CURVE('',#10965,#11323,#13862,.T.);
#13862 = SURFACE_CURVE('',#13863,(#13868,#13875),.PCURVE_S1.);
#13863 = CIRCLE('',#13864,0.825);
#13864 = AXIS2_PLACEMENT_3D('',#13865,#13866,#13867);
#13865 = CARTESIAN_POINT('',(12.438,-52.3535,27.65));
#13866 = DIRECTION('',(0.,0.,-1.));
#13867 = DIRECTION('',(1.,0.,0.));
#13868 = PCURVE('',#10979,#13869);
#13869 = DEFINITIONAL_REPRESENTATION('',(#13870),#13874);
#13870 = LINE('',#13871,#13872);
#13871 = CARTESIAN_POINT('',(-6.28318530718,-0.1));
#13872 = VECTOR('',#13873,1.);
#13873 = DIRECTION('',(1.,-0.));
#13874 = ( GEOMETRIC_REPRESENTATION_CONTEXT(2) 
PARAMETRIC_REPRESENTATION_CONTEXT() REPRESENTATION_CONTEXT('2D SPACE',''
  ) );
#13875 = PCURVE('',#11006,#13876);
#13876 = DEFINITIONAL_REPRESENTATION('',(#13877),#13885);
#13877 = ( BOUNDED_CURVE() B_SPLINE_CURVE(2,(#13878,#13879,#13880,#13881
    ,#13882,#13883,#13884),.UNSPECIFIED.,.T.,.F.) 
B_SPLINE_CURVE_WITH_KNOTS((1,2,2,2,2,1),(-2.094395102393,0.,
    2.094395102393,4.188790204786,6.28318530718,8.377580409573),
.UNSPECIFIED.) CURVE() GEOMETRIC_REPRESENTATION_ITEM() 
RATIONAL_B_SPLINE_CURVE((1.,0.5,1.,0.5,1.,0.5,1.)) REPRESENTATION_ITEM(
  '') );
#13878 = CARTESIAN_POINT('',(0.825,0.));
#13879 = CARTESIAN_POINT('',(0.825,-1.428941916244));
#13880 = CARTESIAN_POINT('',(-0.4125,-0.714470958122));
#13881 = CARTESIAN_POINT('',(-1.65,-2.020667218593E-16));
#13882 = CARTESIAN_POINT('',(-0.4125,0.714470958122));
#13883 = CARTESIAN_POINT('',(0.825,1.428941916244));
#13884 = CARTESIAN_POINT('',(0.825,0.));
#13885 = ( GEOMETRIC_REPRESENTATION_CONTEXT(2) 
PARAMETRIC_REPRESENTATION_CONTEXT() REPRESENTATION_CONTEXT('2D SPACE',''
  ) );
#13886 = ORIENTED_EDGE('',*,*,#11345,.T.);
#13887 = ORIENTED_EDGE('',*,*,#13888,.F.);
#13888 = EDGE_CURVE('',#11276,#11346,#13889,.T.);
#13889 = SURFACE_CURVE('',#13890,(#13895,#13902),.PCURVE_S1.);
#13890 = CIRCLE('',#13891,0.825);
#13891 = AXIS2_PLACEMENT_3D('',#13892,#13893,#13894);
#13892 = CARTESIAN_POINT('',(12.438,-52.3535,27.55));
#13893 = DIRECTION('',(0.,0.,1.));
#13894 = DIRECTION('',(1.,0.,0.));
#13895 = PCURVE('',#10979,#13896);
#13896 = DEFINITIONAL_REPRESENTATION('',(#13897),#13901);
#13897 = LINE('',#13898,#13899);
#13898 = CARTESIAN_POINT('',(-0.,0.));
#13899 = VECTOR('',#13900,1.);
#13900 = DIRECTION('',(-1.,0.));
#13901 = ( GEOMETRIC_REPRESENTATION_CONTEXT(2) 
PARAMETRIC_REPRESENTATION_CONTEXT() REPRESENTATION_CONTEXT('2D SPACE',''
  ) );
#13902 = PCURVE('',#11290,#13903);
#13903 = DEFINITIONAL_REPRESENTATION('',(#13904),#13908);
#13904 = CIRCLE('',#13905,0.825);
#13905 = AXIS2_PLACEMENT_2D('',#13906,#13907);
#13906 = CARTESIAN_POINT('',(0.,0.));
#13907 = DIRECTION('',(1.,0.));
#13908 = ( GEOMETRIC_REPRESENTATION_CONTEXT(2) 
PARAMETRIC_REPRESENTATION_CONTEXT() REPRESENTATION_CONTEXT('2D SPACE',''
  ) );
#13909 = ORIENTED_EDGE('',*,*,#11301,.F.);
#13910 = ADVANCED_FACE('',(#13911),#11006,.F.);
#13911 = FACE_BOUND('',#13912,.F.);
#13912 = EDGE_LOOP('',(#13913,#13914,#13915,#13916,#13917));
#13913 = ORIENTED_EDGE('',*,*,#13861,.F.);
#13914 = ORIENTED_EDGE('',*,*,#10990,.T.);
#13915 = ORIENTED_EDGE('',*,*,#13832,.F.);
#13916 = ORIENTED_EDGE('',*,*,#13753,.F.);
#13917 = ORIENTED_EDGE('',*,*,#11322,.T.);
#13918 = ADVANCED_FACE('',(#13919),#11212,.T.);
#13919 = FACE_BOUND('',#13920,.F.);
#13920 = EDGE_LOOP('',(#13921,#13922,#13923,#13945));
#13921 = ORIENTED_EDGE('',*,*,#11474,.F.);
#13922 = ORIENTED_EDGE('',*,*,#11197,.F.);
#13923 = ORIENTED_EDGE('',*,*,#13924,.T.);
#13924 = EDGE_CURVE('',#11198,#11409,#13925,.T.);
#13925 = SURFACE_CURVE('',#13926,(#13931,#13938),.PCURVE_S1.);
#13926 = CIRCLE('',#13927,0.775);
#13927 = AXIS2_PLACEMENT_3D('',#13928,#13929,#13930);
#13928 = CARTESIAN_POINT('',(12.438,-52.3535,26.95));
#13929 = DIRECTION('',(0.,0.,1.));
#13930 = DIRECTION('',(1.,0.,0.));
#13931 = PCURVE('',#11212,#13932);
#13932 = DEFINITIONAL_REPRESENTATION('',(#13933),#13937);
#13933 = LINE('',#13934,#13935);
#13934 = CARTESIAN_POINT('',(-0.,-0.35));
#13935 = VECTOR('',#13936,1.);
#13936 = DIRECTION('',(-1.,0.));
#13937 = ( GEOMETRIC_REPRESENTATION_CONTEXT(2) 
PARAMETRIC_REPRESENTATION_CONTEXT() REPRESENTATION_CONTEXT('2D SPACE',''
  ) );
#13938 = PCURVE('',#11238,#13939);
#13939 = DEFINITIONAL_REPRESENTATION('',(#13940),#13944);
#13940 = CIRCLE('',#13941,0.775);
#13941 = AXIS2_PLACEMENT_2D('',#13942,#13943);
#13942 = CARTESIAN_POINT('',(-3.552713678801E-15,0.));
#13943 = DIRECTION('',(1.,0.));
#13944 = ( GEOMETRIC_REPRESENTATION_CONTEXT(2) 
PARAMETRIC_REPRESENTATION_CONTEXT() REPRESENTATION_CONTEXT('2D SPACE',''
  ) );
#13945 = ORIENTED_EDGE('',*,*,#11429,.T.);
#13946 = ADVANCED_FACE('',(#13947),#11238,.T.);
#13947 = FACE_BOUND('',#13948,.T.);
#13948 = EDGE_LOOP('',(#13949,#13950,#13951,#13952));
#13949 = ORIENTED_EDGE('',*,*,#11223,.T.);
#13950 = ORIENTED_EDGE('',*,*,#13924,.T.);
#13951 = ORIENTED_EDGE('',*,*,#11408,.T.);
#13952 = ORIENTED_EDGE('',*,*,#13953,.T.);
#13953 = EDGE_CURVE('',#11388,#11224,#13954,.T.);
#13954 = SURFACE_CURVE('',#13955,(#13960,#13971),.PCURVE_S1.);
#13955 = CIRCLE('',#13956,0.55);
#13956 = AXIS2_PLACEMENT_3D('',#13957,#13958,#13959);
#13957 = CARTESIAN_POINT('',(12.438,-52.3535,26.95));
#13958 = DIRECTION('',(0.,0.,-1.));
#13959 = DIRECTION('',(1.,0.,0.));
#13960 = PCURVE('',#11238,#13961);
#13961 = DEFINITIONAL_REPRESENTATION('',(#13962),#13970);
#13962 = ( BOUNDED_CURVE() B_SPLINE_CURVE(2,(#13963,#13964,#13965,#13966
    ,#13967,#13968,#13969),.UNSPECIFIED.,.T.,.F.) 
B_SPLINE_CURVE_WITH_KNOTS((1,2,2,2,2,1),(-2.094395102393,0.,
    2.094395102393,4.188790204786,6.28318530718,8.377580409573),
.UNSPECIFIED.) CURVE() GEOMETRIC_REPRESENTATION_ITEM() 
RATIONAL_B_SPLINE_CURVE((1.,0.5,1.,0.5,1.,0.5,1.)) REPRESENTATION_ITEM(
  '') );
#13963 = CARTESIAN_POINT('',(0.55,0.));
#13964 = CARTESIAN_POINT('',(0.55,-0.952627944163));
#13965 = CARTESIAN_POINT('',(-0.275,-0.476313972081));
#13966 = CARTESIAN_POINT('',(-1.1,-1.347111479062E-16));
#13967 = CARTESIAN_POINT('',(-0.275,0.476313972081));
#13968 = CARTESIAN_POINT('',(0.55,0.952627944163));
#13969 = CARTESIAN_POINT('',(0.55,0.));
#13970 = ( GEOMETRIC_REPRESENTATION_CONTEXT(2) 
PARAMETRIC_REPRESENTATION_CONTEXT() REPRESENTATION_CONTEXT('2D SPACE',''
  ) );
#13971 = PCURVE('',#11264,#13972);
#13972 = DEFINITIONAL_REPRESENTATION('',(#13973),#13977);
#13973 = LINE('',#13974,#13975);
#13974 = CARTESIAN_POINT('',(-6.28318530718,-2.35));
#13975 = VECTOR('',#13976,1.);
#13976 = DIRECTION('',(1.,-0.));
#13977 = ( GEOMETRIC_REPRESENTATION_CONTEXT(2) 
PARAMETRIC_REPRESENTATION_CONTEXT() REPRESENTATION_CONTEXT('2D SPACE',''
  ) );
#13978 = ADVANCED_FACE('',(#13979),#11264,.T.);
#13979 = FACE_BOUND('',#13980,.F.);
#13980 = EDGE_LOOP('',(#13981,#13982,#13983,#14005));
#13981 = ORIENTED_EDGE('',*,*,#13953,.T.);
#13982 = ORIENTED_EDGE('',*,*,#11249,.F.);
#13983 = ORIENTED_EDGE('',*,*,#13984,.T.);
#13984 = EDGE_CURVE('',#11250,#11367,#13985,.T.);
#13985 = SURFACE_CURVE('',#13986,(#13991,#13998),.PCURVE_S1.);
#13986 = CIRCLE('',#13987,0.55);
#13987 = AXIS2_PLACEMENT_3D('',#13988,#13989,#13990);
#13988 = CARTESIAN_POINT('',(12.438,-52.3535,27.55));
#13989 = DIRECTION('',(0.,0.,1.));
#13990 = DIRECTION('',(1.,0.,0.));
#13991 = PCURVE('',#11264,#13992);
#13992 = DEFINITIONAL_REPRESENTATION('',(#13993),#13997);
#13993 = LINE('',#13994,#13995);
#13994 = CARTESIAN_POINT('',(-0.,-2.95));
#13995 = VECTOR('',#13996,1.);
#13996 = DIRECTION('',(-1.,0.));
#13997 = ( GEOMETRIC_REPRESENTATION_CONTEXT(2) 
PARAMETRIC_REPRESENTATION_CONTEXT() REPRESENTATION_CONTEXT('2D SPACE',''
  ) );
#13998 = PCURVE('',#11290,#13999);
#13999 = DEFINITIONAL_REPRESENTATION('',(#14000),#14004);
#14000 = CIRCLE('',#14001,0.55);
#14001 = AXIS2_PLACEMENT_2D('',#14002,#14003);
#14002 = CARTESIAN_POINT('',(0.,0.));
#14003 = DIRECTION('',(1.,0.));
#14004 = ( GEOMETRIC_REPRESENTATION_CONTEXT(2) 
PARAMETRIC_REPRESENTATION_CONTEXT() REPRESENTATION_CONTEXT('2D SPACE',''
  ) );
#14005 = ORIENTED_EDGE('',*,*,#11387,.T.);
#14006 = ADVANCED_FACE('',(#14007),#11290,.F.);
#14007 = FACE_BOUND('',#14008,.F.);
#14008 = EDGE_LOOP('',(#14009,#14010,#14011,#14012));
#14009 = ORIENTED_EDGE('',*,*,#11275,.T.);
#14010 = ORIENTED_EDGE('',*,*,#13888,.T.);
#14011 = ORIENTED_EDGE('',*,*,#11366,.T.);
#14012 = ORIENTED_EDGE('',*,*,#13984,.F.);
#14013 = ADVANCED_FACE('',(#14014),#11587,.T.);
#14014 = FACE_BOUND('',#14015,.F.);
#14015 = EDGE_LOOP('',(#14016,#14017,#14018,#14019));
#14016 = ORIENTED_EDGE('',*,*,#11814,.T.);
#14017 = ORIENTED_EDGE('',*,*,#11858,.F.);
#14018 = ORIENTED_EDGE('',*,*,#11572,.F.);
#14019 = ORIENTED_EDGE('',*,*,#14020,.T.);
#14020 = EDGE_CURVE('',#11573,#11794,#14021,.T.);
#14021 = SURFACE_CURVE('',#14022,(#14027,#14034),.PCURVE_S1.);
#14022 = CIRCLE('',#14023,0.775);
#14023 = AXIS2_PLACEMENT_3D('',#14024,#14025,#14026);
#14024 = CARTESIAN_POINT('',(40.149,-52.3535,26.95));
#14025 = DIRECTION('',(0.,0.,1.));
#14026 = DIRECTION('',(1.,0.,0.));
#14027 = PCURVE('',#11587,#14028);
#14028 = DEFINITIONAL_REPRESENTATION('',(#14029),#14033);
#14029 = LINE('',#14030,#14031);
#14030 = CARTESIAN_POINT('',(-0.,-0.35));
#14031 = VECTOR('',#14032,1.);
#14032 = DIRECTION('',(-1.,0.));
#14033 = ( GEOMETRIC_REPRESENTATION_CONTEXT(2) 
PARAMETRIC_REPRESENTATION_CONTEXT() REPRESENTATION_CONTEXT('2D SPACE',''
  ) );
#14034 = PCURVE('',#11613,#14035);
#14035 = DEFINITIONAL_REPRESENTATION('',(#14036),#14040);
#14036 = CIRCLE('',#14037,0.775);
#14037 = AXIS2_PLACEMENT_2D('',#14038,#14039);
#14038 = CARTESIAN_POINT('',(7.105427357601E-15,-7.105427357601E-15));
#14039 = DIRECTION('',(1.,0.));
#14040 = ( GEOMETRIC_REPRESENTATION_CONTEXT(2) 
PARAMETRIC_REPRESENTATION_CONTEXT() REPRESENTATION_CONTEXT('2D SPACE',''
  ) );
#14041 = ADVANCED_FACE('',(#14042),#11613,.T.);
#14042 = FACE_BOUND('',#14043,.T.);
#14043 = EDGE_LOOP('',(#14044,#14045,#14046,#14072));
#14044 = ORIENTED_EDGE('',*,*,#14020,.T.);
#14045 = ORIENTED_EDGE('',*,*,#11793,.T.);
#14046 = ORIENTED_EDGE('',*,*,#14047,.T.);
#14047 = EDGE_CURVE('',#11773,#11599,#14048,.T.);
#14048 = SURFACE_CURVE('',#14049,(#14054,#14065),.PCURVE_S1.);
#14049 = CIRCLE('',#14050,0.55);
#14050 = AXIS2_PLACEMENT_3D('',#14051,#14052,#14053);
#14051 = CARTESIAN_POINT('',(40.149,-52.3535,26.95));
#14052 = DIRECTION('',(0.,0.,-1.));
#14053 = DIRECTION('',(1.,0.,0.));
#14054 = PCURVE('',#11613,#14055);
#14055 = DEFINITIONAL_REPRESENTATION('',(#14056),#14064);
#14056 = ( BOUNDED_CURVE() B_SPLINE_CURVE(2,(#14057,#14058,#14059,#14060
    ,#14061,#14062,#14063),.UNSPECIFIED.,.T.,.F.) 
B_SPLINE_CURVE_WITH_KNOTS((1,2,2,2,2,1),(-2.094395102393,0.,
    2.094395102393,4.188790204786,6.28318530718,8.377580409573),
.UNSPECIFIED.) CURVE() GEOMETRIC_REPRESENTATION_ITEM() 
RATIONAL_B_SPLINE_CURVE((1.,0.5,1.,0.5,1.,0.5,1.)) REPRESENTATION_ITEM(
  '') );
#14057 = CARTESIAN_POINT('',(0.55,-7.105427357601E-15));
#14058 = CARTESIAN_POINT('',(0.55,-0.952627944163));
#14059 = CARTESIAN_POINT('',(-0.275,-0.476313972081));
#14060 = CARTESIAN_POINT('',(-1.1,-7.240138505507E-15));
#14061 = CARTESIAN_POINT('',(-0.275,0.476313972081));
#14062 = CARTESIAN_POINT('',(0.55,0.952627944163));
#14063 = CARTESIAN_POINT('',(0.55,-7.105427357601E-15));
#14064 = ( GEOMETRIC_REPRESENTATION_CONTEXT(2) 
PARAMETRIC_REPRESENTATION_CONTEXT() REPRESENTATION_CONTEXT('2D SPACE',''
  ) );
#14065 = PCURVE('',#11639,#14066);
#14066 = DEFINITIONAL_REPRESENTATION('',(#14067),#14071);
#14067 = LINE('',#14068,#14069);
#14068 = CARTESIAN_POINT('',(-6.28318530718,-2.35));
#14069 = VECTOR('',#14070,1.);
#14070 = DIRECTION('',(1.,-0.));
#14071 = ( GEOMETRIC_REPRESENTATION_CONTEXT(2) 
PARAMETRIC_REPRESENTATION_CONTEXT() REPRESENTATION_CONTEXT('2D SPACE',''
  ) );
#14072 = ORIENTED_EDGE('',*,*,#11598,.T.);
#14073 = ADVANCED_FACE('',(#14074),#11639,.T.);
#14074 = FACE_BOUND('',#14075,.F.);
#14075 = EDGE_LOOP('',(#14076,#14077,#14078,#14079));
#14076 = ORIENTED_EDGE('',*,*,#11772,.T.);
#14077 = ORIENTED_EDGE('',*,*,#14047,.T.);
#14078 = ORIENTED_EDGE('',*,*,#11624,.F.);
#14079 = ORIENTED_EDGE('',*,*,#14080,.T.);
#14080 = EDGE_CURVE('',#11625,#11752,#14081,.T.);
#14081 = SURFACE_CURVE('',#14082,(#14087,#14094),.PCURVE_S1.);
#14082 = CIRCLE('',#14083,0.55);
#14083 = AXIS2_PLACEMENT_3D('',#14084,#14085,#14086);
#14084 = CARTESIAN_POINT('',(40.149,-52.3535,27.55));
#14085 = DIRECTION('',(0.,0.,1.));
#14086 = DIRECTION('',(1.,0.,0.));
#14087 = PCURVE('',#11639,#14088);
#14088 = DEFINITIONAL_REPRESENTATION('',(#14089),#14093);
#14089 = LINE('',#14090,#14091);
#14090 = CARTESIAN_POINT('',(-0.,-2.95));
#14091 = VECTOR('',#14092,1.);
#14092 = DIRECTION('',(-1.,0.));
#14093 = ( GEOMETRIC_REPRESENTATION_CONTEXT(2) 
PARAMETRIC_REPRESENTATION_CONTEXT() REPRESENTATION_CONTEXT('2D SPACE',''
  ) );
#14094 = PCURVE('',#11665,#14095);
#14095 = DEFINITIONAL_REPRESENTATION('',(#14096),#14100);
#14096 = CIRCLE('',#14097,0.55);
#14097 = AXIS2_PLACEMENT_2D('',#14098,#14099);
#14098 = CARTESIAN_POINT('',(0.,0.));
#14099 = DIRECTION('',(1.,0.));
#14100 = ( GEOMETRIC_REPRESENTATION_CONTEXT(2) 
PARAMETRIC_REPRESENTATION_CONTEXT() REPRESENTATION_CONTEXT('2D SPACE',''
  ) );
#14101 = ADVANCED_FACE('',(#14102),#11665,.F.);
#14102 = FACE_BOUND('',#14103,.F.);
#14103 = EDGE_LOOP('',(#14104,#14126,#14127,#14128));
#14104 = ORIENTED_EDGE('',*,*,#14105,.T.);
#14105 = EDGE_CURVE('',#11651,#11731,#14106,.T.);
#14106 = SURFACE_CURVE('',#14107,(#14112,#14119),.PCURVE_S1.);
#14107 = CIRCLE('',#14108,0.825);
#14108 = AXIS2_PLACEMENT_3D('',#14109,#14110,#14111);
#14109 = CARTESIAN_POINT('',(40.149,-52.3535,27.55));
#14110 = DIRECTION('',(0.,0.,1.));
#14111 = DIRECTION('',(1.,0.,0.));
#14112 = PCURVE('',#11665,#14113);
#14113 = DEFINITIONAL_REPRESENTATION('',(#14114),#14118);
#14114 = CIRCLE('',#14115,0.825);
#14115 = AXIS2_PLACEMENT_2D('',#14116,#14117);
#14116 = CARTESIAN_POINT('',(0.,0.));
#14117 = DIRECTION('',(1.,0.));
#14118 = ( GEOMETRIC_REPRESENTATION_CONTEXT(2) 
PARAMETRIC_REPRESENTATION_CONTEXT() REPRESENTATION_CONTEXT('2D SPACE',''
  ) );
#14119 = PCURVE('',#11691,#14120);
#14120 = DEFINITIONAL_REPRESENTATION('',(#14121),#14125);
#14121 = LINE('',#14122,#14123);
#14122 = CARTESIAN_POINT('',(-0.,0.));
#14123 = VECTOR('',#14124,1.);
#14124 = DIRECTION('',(-1.,0.));
#14125 = ( GEOMETRIC_REPRESENTATION_CONTEXT(2) 
PARAMETRIC_REPRESENTATION_CONTEXT() REPRESENTATION_CONTEXT('2D SPACE',''
  ) );
#14126 = ORIENTED_EDGE('',*,*,#11751,.T.);
#14127 = ORIENTED_EDGE('',*,*,#14080,.F.);
#14128 = ORIENTED_EDGE('',*,*,#11650,.T.);
#14129 = ADVANCED_FACE('',(#14130),#11691,.T.);
#14130 = FACE_BOUND('',#14131,.F.);
#14131 = EDGE_LOOP('',(#14132,#14160,#14183,#14210,#14211,#14237,#14238,
    #14239,#14240,#14266,#14267,#14289));
#14132 = ORIENTED_EDGE('',*,*,#14133,.T.);
#14133 = EDGE_CURVE('',#12014,#14134,#14136,.T.);
#14134 = VERTEX_POINT('',#14135);
#14135 = CARTESIAN_POINT('',(40.974,-52.3535,27.65));
#14136 = SURFACE_CURVE('',#14137,(#14142,#14149),.PCURVE_S1.);
#14137 = CIRCLE('',#14138,0.825);
#14138 = AXIS2_PLACEMENT_3D('',#14139,#14140,#14141);
#14139 = CARTESIAN_POINT('',(40.149,-52.3535,27.65));
#14140 = DIRECTION('',(0.,0.,-1.));
#14141 = DIRECTION('',(1.,0.,0.));
#14142 = PCURVE('',#11691,#14143);
#14143 = DEFINITIONAL_REPRESENTATION('',(#14144),#14148);
#14144 = LINE('',#14145,#14146);
#14145 = CARTESIAN_POINT('',(-6.28318530718,-0.1));
#14146 = VECTOR('',#14147,1.);
#14147 = DIRECTION('',(1.,-0.));
#14148 = ( GEOMETRIC_REPRESENTATION_CONTEXT(2) 
PARAMETRIC_REPRESENTATION_CONTEXT() REPRESENTATION_CONTEXT('2D SPACE',''
  ) );
#14149 = PCURVE('',#11718,#14150);
#14150 = DEFINITIONAL_REPRESENTATION('',(#14151),#14159);
#14151 = ( BOUNDED_CURVE() B_SPLINE_CURVE(2,(#14152,#14153,#14154,#14155
    ,#14156,#14157,#14158),.UNSPECIFIED.,.T.,.F.) 
B_SPLINE_CURVE_WITH_KNOTS((1,2,2,2,2,1),(-2.094395102393,0.,
    2.094395102393,4.188790204786,6.28318530718,8.377580409573),
.UNSPECIFIED.) CURVE() GEOMETRIC_REPRESENTATION_ITEM() 
RATIONAL_B_SPLINE_CURVE((1.,0.5,1.,0.5,1.,0.5,1.)) REPRESENTATION_ITEM(
  '') );
#14152 = CARTESIAN_POINT('',(0.825,7.105427357601E-15));
#14153 = CARTESIAN_POINT('',(0.825,-1.428941916244));
#14154 = CARTESIAN_POINT('',(-0.4125,-0.714470958122));
#14155 = CARTESIAN_POINT('',(-1.65,6.903360635742E-15));
#14156 = CARTESIAN_POINT('',(-0.4125,0.714470958122));
#14157 = CARTESIAN_POINT('',(0.825,1.428941916244));
#14158 = CARTESIAN_POINT('',(0.825,7.105427357601E-15));
#14159 = ( GEOMETRIC_REPRESENTATION_CONTEXT(2) 
PARAMETRIC_REPRESENTATION_CONTEXT() REPRESENTATION_CONTEXT('2D SPACE',''
  ) );
#14160 = ORIENTED_EDGE('',*,*,#14161,.T.);
#14161 = EDGE_CURVE('',#14134,#14162,#14164,.T.);
#14162 = VERTEX_POINT('',#14163);
#14163 = CARTESIAN_POINT('',(40.974,-52.3535,27.9));
#14164 = SEAM_CURVE('',#14165,(#14169,#14176),.PCURVE_S1.);
#14165 = LINE('',#14166,#14167);
#14166 = CARTESIAN_POINT('',(40.974,-52.3535,27.55));
#14167 = VECTOR('',#14168,1.);
#14168 = DIRECTION('',(0.,0.,1.));
#14169 = PCURVE('',#11691,#14170);
#14170 = DEFINITIONAL_REPRESENTATION('',(#14171),#14175);
#14171 = LINE('',#14172,#14173);
#14172 = CARTESIAN_POINT('',(-6.28318530718,0.));
#14173 = VECTOR('',#14174,1.);
#14174 = DIRECTION('',(-0.,-1.));
#14175 = ( GEOMETRIC_REPRESENTATION_CONTEXT(2) 
PARAMETRIC_REPRESENTATION_CONTEXT() REPRESENTATION_CONTEXT('2D SPACE',''
  ) );
#14176 = PCURVE('',#11691,#14177);
#14177 = DEFINITIONAL_REPRESENTATION('',(#14178),#14182);
#14178 = LINE('',#14179,#14180);
#14179 = CARTESIAN_POINT('',(-0.,0.));
#14180 = VECTOR('',#14181,1.);
#14181 = DIRECTION('',(-0.,-1.));
#14182 = ( GEOMETRIC_REPRESENTATION_CONTEXT(2) 
PARAMETRIC_REPRESENTATION_CONTEXT() REPRESENTATION_CONTEXT('2D SPACE',''
  ) );
#14183 = ORIENTED_EDGE('',*,*,#14184,.T.);
#14184 = EDGE_CURVE('',#14162,#14162,#14185,.T.);
#14185 = SURFACE_CURVE('',#14186,(#14191,#14198),.PCURVE_S1.);
#14186 = CIRCLE('',#14187,0.825);
#14187 = AXIS2_PLACEMENT_3D('',#14188,#14189,#14190);
#14188 = CARTESIAN_POINT('',(40.149,-52.3535,27.9));
#14189 = DIRECTION('',(0.,0.,1.));
#14190 = DIRECTION('',(1.,0.,0.));
#14191 = PCURVE('',#11691,#14192);
#14192 = DEFINITIONAL_REPRESENTATION('',(#14193),#14197);
#14193 = LINE('',#14194,#14195);
#14194 = CARTESIAN_POINT('',(-0.,-0.35));
#14195 = VECTOR('',#14196,1.);
#14196 = DIRECTION('',(-1.,0.));
#14197 = ( GEOMETRIC_REPRESENTATION_CONTEXT(2) 
PARAMETRIC_REPRESENTATION_CONTEXT() REPRESENTATION_CONTEXT('2D SPACE',''
  ) );
#14198 = PCURVE('',#14199,#14204);
#14199 = PLANE('',#14200);
#14200 = AXIS2_PLACEMENT_3D('',#14201,#14202,#14203);
#14201 = CARTESIAN_POINT('',(40.149,-52.3535,27.9));
#14202 = DIRECTION('',(0.,0.,1.));
#14203 = DIRECTION('',(1.,0.,-0.));
#14204 = DEFINITIONAL_REPRESENTATION('',(#14205),#14209);
#14205 = CIRCLE('',#14206,0.825);
#14206 = AXIS2_PLACEMENT_2D('',#14207,#14208);
#14207 = CARTESIAN_POINT('',(0.,0.));
#14208 = DIRECTION('',(1.,0.));
#14209 = ( GEOMETRIC_REPRESENTATION_CONTEXT(2) 
PARAMETRIC_REPRESENTATION_CONTEXT() REPRESENTATION_CONTEXT('2D SPACE',''
  ) );
#14210 = ORIENTED_EDGE('',*,*,#14161,.F.);
#14211 = ORIENTED_EDGE('',*,*,#14212,.T.);
#14212 = EDGE_CURVE('',#14134,#11703,#14213,.T.);
#14213 = SURFACE_CURVE('',#14214,(#14219,#14226),.PCURVE_S1.);
#14214 = CIRCLE('',#14215,0.825);
#14215 = AXIS2_PLACEMENT_3D('',#14216,#14217,#14218);
#14216 = CARTESIAN_POINT('',(40.149,-52.3535,27.65));
#14217 = DIRECTION('',(0.,0.,-1.));
#14218 = DIRECTION('',(1.,0.,0.));
#14219 = PCURVE('',#11691,#14220);
#14220 = DEFINITIONAL_REPRESENTATION('',(#14221),#14225);
#14221 = LINE('',#14222,#14223);
#14222 = CARTESIAN_POINT('',(-6.28318530718,-0.1));
#14223 = VECTOR('',#14224,1.);
#14224 = DIRECTION('',(1.,-0.));
#14225 = ( GEOMETRIC_REPRESENTATION_CONTEXT(2) 
PARAMETRIC_REPRESENTATION_CONTEXT() REPRESENTATION_CONTEXT('2D SPACE',''
  ) );
#14226 = PCURVE('',#11718,#14227);
#14227 = DEFINITIONAL_REPRESENTATION('',(#14228),#14236);
#14228 = ( BOUNDED_CURVE() B_SPLINE_CURVE(2,(#14229,#14230,#14231,#14232
    ,#14233,#14234,#14235),.UNSPECIFIED.,.T.,.F.) 
B_SPLINE_CURVE_WITH_KNOTS((1,2,2,2,2,1),(-2.094395102393,0.,
    2.094395102393,4.188790204786,6.28318530718,8.377580409573),
.UNSPECIFIED.) CURVE() GEOMETRIC_REPRESENTATION_ITEM() 
RATIONAL_B_SPLINE_CURVE((1.,0.5,1.,0.5,1.,0.5,1.)) REPRESENTATION_ITEM(
  '') );
#14229 = CARTESIAN_POINT('',(0.825,7.105427357601E-15));
#14230 = CARTESIAN_POINT('',(0.825,-1.428941916244));
#14231 = CARTESIAN_POINT('',(-0.4125,-0.714470958122));
#14232 = CARTESIAN_POINT('',(-1.65,6.903360635742E-15));
#14233 = CARTESIAN_POINT('',(-0.4125,0.714470958122));
#14234 = CARTESIAN_POINT('',(0.825,1.428941916244));
#14235 = CARTESIAN_POINT('',(0.825,7.105427357601E-15));
#14236 = ( GEOMETRIC_REPRESENTATION_CONTEXT(2) 
PARAMETRIC_REPRESENTATION_CONTEXT() REPRESENTATION_CONTEXT('2D SPACE',''
  ) );
#14237 = ORIENTED_EDGE('',*,*,#11730,.T.);
#14238 = ORIENTED_EDGE('',*,*,#14105,.F.);
#14239 = ORIENTED_EDGE('',*,*,#11676,.F.);
#14240 = ORIENTED_EDGE('',*,*,#14241,.T.);
#14241 = EDGE_CURVE('',#11677,#12035,#14242,.T.);
#14242 = SURFACE_CURVE('',#14243,(#14248,#14255),.PCURVE_S1.);
#14243 = CIRCLE('',#14244,0.825);
#14244 = AXIS2_PLACEMENT_3D('',#14245,#14246,#14247);
#14245 = CARTESIAN_POINT('',(40.149,-52.3535,27.65));
#14246 = DIRECTION('',(0.,0.,-1.));
#14247 = DIRECTION('',(1.,0.,0.));
#14248 = PCURVE('',#11691,#14249);
#14249 = DEFINITIONAL_REPRESENTATION('',(#14250),#14254);
#14250 = LINE('',#14251,#14252);
#14251 = CARTESIAN_POINT('',(-6.28318530718,-0.1));
#14252 = VECTOR('',#14253,1.);
#14253 = DIRECTION('',(1.,-0.));
#14254 = ( GEOMETRIC_REPRESENTATION_CONTEXT(2) 
PARAMETRIC_REPRESENTATION_CONTEXT() REPRESENTATION_CONTEXT('2D SPACE',''
  ) );
#14255 = PCURVE('',#11718,#14256);
#14256 = DEFINITIONAL_REPRESENTATION('',(#14257),#14265);
#14257 = ( BOUNDED_CURVE() B_SPLINE_CURVE(2,(#14258,#14259,#14260,#14261
    ,#14262,#14263,#14264),.UNSPECIFIED.,.T.,.F.) 
B_SPLINE_CURVE_WITH_KNOTS((1,2,2,2,2,1),(-2.094395102393,0.,
    2.094395102393,4.188790204786,6.28318530718,8.377580409573),
.UNSPECIFIED.) CURVE() GEOMETRIC_REPRESENTATION_ITEM() 
RATIONAL_B_SPLINE_CURVE((1.,0.5,1.,0.5,1.,0.5,1.)) REPRESENTATION_ITEM(
  '') );
#14258 = CARTESIAN_POINT('',(0.825,7.105427357601E-15));
#14259 = CARTESIAN_POINT('',(0.825,-1.428941916244));
#14260 = CARTESIAN_POINT('',(-0.4125,-0.714470958122));
#14261 = CARTESIAN_POINT('',(-1.65,6.903360635742E-15));
#14262 = CARTESIAN_POINT('',(-0.4125,0.714470958122));
#14263 = CARTESIAN_POINT('',(0.825,1.428941916244));
#14264 = CARTESIAN_POINT('',(0.825,7.105427357601E-15));
#14265 = ( GEOMETRIC_REPRESENTATION_CONTEXT(2) 
PARAMETRIC_REPRESENTATION_CONTEXT() REPRESENTATION_CONTEXT('2D SPACE',''
  ) );
#14266 = ORIENTED_EDGE('',*,*,#12057,.T.);
#14267 = ORIENTED_EDGE('',*,*,#14268,.F.);
#14268 = EDGE_CURVE('',#11988,#12058,#14269,.T.);
#14269 = SURFACE_CURVE('',#14270,(#14275,#14282),.PCURVE_S1.);
#14270 = CIRCLE('',#14271,0.825);
#14271 = AXIS2_PLACEMENT_3D('',#14272,#14273,#14274);
#14272 = CARTESIAN_POINT('',(40.149,-52.3535,27.55));
#14273 = DIRECTION('',(0.,0.,1.));
#14274 = DIRECTION('',(1.,0.,0.));
#14275 = PCURVE('',#11691,#14276);
#14276 = DEFINITIONAL_REPRESENTATION('',(#14277),#14281);
#14277 = LINE('',#14278,#14279);
#14278 = CARTESIAN_POINT('',(-0.,0.));
#14279 = VECTOR('',#14280,1.);
#14280 = DIRECTION('',(-1.,0.));
#14281 = ( GEOMETRIC_REPRESENTATION_CONTEXT(2) 
PARAMETRIC_REPRESENTATION_CONTEXT() REPRESENTATION_CONTEXT('2D SPACE',''
  ) );
#14282 = PCURVE('',#12002,#14283);
#14283 = DEFINITIONAL_REPRESENTATION('',(#14284),#14288);
#14284 = CIRCLE('',#14285,0.825);
#14285 = AXIS2_PLACEMENT_2D('',#14286,#14287);
#14286 = CARTESIAN_POINT('',(0.,0.));
#14287 = DIRECTION('',(1.,0.));
#14288 = ( GEOMETRIC_REPRESENTATION_CONTEXT(2) 
PARAMETRIC_REPRESENTATION_CONTEXT() REPRESENTATION_CONTEXT('2D SPACE',''
  ) );
#14289 = ORIENTED_EDGE('',*,*,#12013,.F.);
#14290 = ADVANCED_FACE('',(#14291),#11718,.F.);
#14291 = FACE_BOUND('',#14292,.F.);
#14292 = EDGE_LOOP('',(#14293,#14294,#14295,#14296,#14297));
#14293 = ORIENTED_EDGE('',*,*,#14241,.F.);
#14294 = ORIENTED_EDGE('',*,*,#11702,.T.);
#14295 = ORIENTED_EDGE('',*,*,#14212,.F.);
#14296 = ORIENTED_EDGE('',*,*,#14133,.F.);
#14297 = ORIENTED_EDGE('',*,*,#12034,.T.);
#14298 = ADVANCED_FACE('',(#14299),#11924,.T.);
#14299 = FACE_BOUND('',#14300,.F.);
#14300 = EDGE_LOOP('',(#14301,#14302,#14303,#14325));
#14301 = ORIENTED_EDGE('',*,*,#12186,.F.);
#14302 = ORIENTED_EDGE('',*,*,#11909,.F.);
#14303 = ORIENTED_EDGE('',*,*,#14304,.T.);
#14304 = EDGE_CURVE('',#11910,#12121,#14305,.T.);
#14305 = SURFACE_CURVE('',#14306,(#14311,#14318),.PCURVE_S1.);
#14306 = CIRCLE('',#14307,0.775);
#14307 = AXIS2_PLACEMENT_3D('',#14308,#14309,#14310);
#14308 = CARTESIAN_POINT('',(40.149,-52.3535,26.95));
#14309 = DIRECTION('',(0.,0.,1.));
#14310 = DIRECTION('',(1.,0.,0.));
#14311 = PCURVE('',#11924,#14312);
#14312 = DEFINITIONAL_REPRESENTATION('',(#14313),#14317);
#14313 = LINE('',#14314,#14315);
#14314 = CARTESIAN_POINT('',(-0.,-0.35));
#14315 = VECTOR('',#14316,1.);
#14316 = DIRECTION('',(-1.,0.));
#14317 = ( GEOMETRIC_REPRESENTATION_CONTEXT(2) 
PARAMETRIC_REPRESENTATION_CONTEXT() REPRESENTATION_CONTEXT('2D SPACE',''
  ) );
#14318 = PCURVE('',#11950,#14319);
#14319 = DEFINITIONAL_REPRESENTATION('',(#14320),#14324);
#14320 = CIRCLE('',#14321,0.775);
#14321 = AXIS2_PLACEMENT_2D('',#14322,#14323);
#14322 = CARTESIAN_POINT('',(7.105427357601E-15,-7.105427357601E-15));
#14323 = DIRECTION('',(1.,0.));
#14324 = ( GEOMETRIC_REPRESENTATION_CONTEXT(2) 
PARAMETRIC_REPRESENTATION_CONTEXT() REPRESENTATION_CONTEXT('2D SPACE',''
  ) );
#14325 = ORIENTED_EDGE('',*,*,#12141,.T.);
#14326 = ADVANCED_FACE('',(#14327),#11950,.T.);
#14327 = FACE_BOUND('',#14328,.T.);
#14328 = EDGE_LOOP('',(#14329,#14330,#14331,#14332));
#14329 = ORIENTED_EDGE('',*,*,#11935,.T.);
#14330 = ORIENTED_EDGE('',*,*,#14304,.T.);
#14331 = ORIENTED_EDGE('',*,*,#12120,.T.);
#14332 = ORIENTED_EDGE('',*,*,#14333,.T.);
#14333 = EDGE_CURVE('',#12100,#11936,#14334,.T.);
#14334 = SURFACE_CURVE('',#14335,(#14340,#14351),.PCURVE_S1.);
#14335 = CIRCLE('',#14336,0.55);
#14336 = AXIS2_PLACEMENT_3D('',#14337,#14338,#14339);
#14337 = CARTESIAN_POINT('',(40.149,-52.3535,26.95));
#14338 = DIRECTION('',(0.,0.,-1.));
#14339 = DIRECTION('',(1.,0.,0.));
#14340 = PCURVE('',#11950,#14341);
#14341 = DEFINITIONAL_REPRESENTATION('',(#14342),#14350);
#14342 = ( BOUNDED_CURVE() B_SPLINE_CURVE(2,(#14343,#14344,#14345,#14346
    ,#14347,#14348,#14349),.UNSPECIFIED.,.T.,.F.) 
B_SPLINE_CURVE_WITH_KNOTS((1,2,2,2,2,1),(-2.094395102393,0.,
    2.094395102393,4.188790204786,6.28318530718,8.377580409573),
.UNSPECIFIED.) CURVE() GEOMETRIC_REPRESENTATION_ITEM() 
RATIONAL_B_SPLINE_CURVE((1.,0.5,1.,0.5,1.,0.5,1.)) REPRESENTATION_ITEM(
  '') );
#14343 = CARTESIAN_POINT('',(0.55,-7.105427357601E-15));
#14344 = CARTESIAN_POINT('',(0.55,-0.952627944163));
#14345 = CARTESIAN_POINT('',(-0.275,-0.476313972081));
#14346 = CARTESIAN_POINT('',(-1.1,-7.240138505507E-15));
#14347 = CARTESIAN_POINT('',(-0.275,0.476313972081));
#14348 = CARTESIAN_POINT('',(0.55,0.952627944163));
#14349 = CARTESIAN_POINT('',(0.55,-7.105427357601E-15));
#14350 = ( GEOMETRIC_REPRESENTATION_CONTEXT(2) 
PARAMETRIC_REPRESENTATION_CONTEXT() REPRESENTATION_CONTEXT('2D SPACE',''
  ) );
#14351 = PCURVE('',#11976,#14352);
#14352 = DEFINITIONAL_REPRESENTATION('',(#14353),#14357);
#14353 = LINE('',#14354,#14355);
#14354 = CARTESIAN_POINT('',(-6.28318530718,-2.35));
#14355 = VECTOR('',#14356,1.);
#14356 = DIRECTION('',(1.,-0.));
#14357 = ( GEOMETRIC_REPRESENTATION_CONTEXT(2) 
PARAMETRIC_REPRESENTATION_CONTEXT() REPRESENTATION_CONTEXT('2D SPACE',''
  ) );
#14358 = ADVANCED_FACE('',(#14359),#11976,.T.);
#14359 = FACE_BOUND('',#14360,.F.);
#14360 = EDGE_LOOP('',(#14361,#14362,#14363,#14385));
#14361 = ORIENTED_EDGE('',*,*,#14333,.T.);
#14362 = ORIENTED_EDGE('',*,*,#11961,.F.);
#14363 = ORIENTED_EDGE('',*,*,#14364,.T.);
#14364 = EDGE_CURVE('',#11962,#12079,#14365,.T.);
#14365 = SURFACE_CURVE('',#14366,(#14371,#14378),.PCURVE_S1.);
#14366 = CIRCLE('',#14367,0.55);
#14367 = AXIS2_PLACEMENT_3D('',#14368,#14369,#14370);
#14368 = CARTESIAN_POINT('',(40.149,-52.3535,27.55));
#14369 = DIRECTION('',(0.,0.,1.));
#14370 = DIRECTION('',(1.,0.,0.));
#14371 = PCURVE('',#11976,#14372);
#14372 = DEFINITIONAL_REPRESENTATION('',(#14373),#14377);
#14373 = LINE('',#14374,#14375);
#14374 = CARTESIAN_POINT('',(-0.,-2.95));
#14375 = VECTOR('',#14376,1.);
#14376 = DIRECTION('',(-1.,0.));
#14377 = ( GEOMETRIC_REPRESENTATION_CONTEXT(2) 
PARAMETRIC_REPRESENTATION_CONTEXT() REPRESENTATION_CONTEXT('2D SPACE',''
  ) );
#14378 = PCURVE('',#12002,#14379);
#14379 = DEFINITIONAL_REPRESENTATION('',(#14380),#14384);
#14380 = CIRCLE('',#14381,0.55);
#14381 = AXIS2_PLACEMENT_2D('',#14382,#14383);
#14382 = CARTESIAN_POINT('',(0.,0.));
#14383 = DIRECTION('',(1.,0.));
#14384 = ( GEOMETRIC_REPRESENTATION_CONTEXT(2) 
PARAMETRIC_REPRESENTATION_CONTEXT() REPRESENTATION_CONTEXT('2D SPACE',''
  ) );
#14385 = ORIENTED_EDGE('',*,*,#12099,.T.);
#14386 = ADVANCED_FACE('',(#14387),#12002,.F.);
#14387 = FACE_BOUND('',#14388,.F.);
#14388 = EDGE_LOOP('',(#14389,#14390,#14391,#14392));
#14389 = ORIENTED_EDGE('',*,*,#11987,.T.);
#14390 = ORIENTED_EDGE('',*,*,#14268,.T.);
#14391 = ORIENTED_EDGE('',*,*,#12078,.T.);
#14392 = ORIENTED_EDGE('',*,*,#14364,.F.);
#14393 = ADVANCED_FACE('',(#14394),#12299,.T.);
#14394 = FACE_BOUND('',#14395,.F.);
#14395 = EDGE_LOOP('',(#14396,#14397,#14398,#14399));
#14396 = ORIENTED_EDGE('',*,*,#12526,.T.);
#14397 = ORIENTED_EDGE('',*,*,#12570,.F.);
#14398 = ORIENTED_EDGE('',*,*,#12284,.F.);
#14399 = ORIENTED_EDGE('',*,*,#14400,.T.);
#14400 = EDGE_CURVE('',#12285,#12506,#14401,.T.);
#14401 = SURFACE_CURVE('',#14402,(#14407,#14414),.PCURVE_S1.);
#14402 = CIRCLE('',#14403,0.775);
#14403 = AXIS2_PLACEMENT_3D('',#14404,#14405,#14406);
#14404 = CARTESIAN_POINT('',(40.175,53.2345,26.95));
#14405 = DIRECTION('',(0.,0.,1.));
#14406 = DIRECTION('',(1.,0.,0.));
#14407 = PCURVE('',#12299,#14408);
#14408 = DEFINITIONAL_REPRESENTATION('',(#14409),#14413);
#14409 = LINE('',#14410,#14411);
#14410 = CARTESIAN_POINT('',(-0.,-0.35));
#14411 = VECTOR('',#14412,1.);
#14412 = DIRECTION('',(-1.,0.));
#14413 = ( GEOMETRIC_REPRESENTATION_CONTEXT(2) 
PARAMETRIC_REPRESENTATION_CONTEXT() REPRESENTATION_CONTEXT('2D SPACE',''
  ) );
#14414 = PCURVE('',#12325,#14415);
#14415 = DEFINITIONAL_REPRESENTATION('',(#14416),#14420);
#14416 = CIRCLE('',#14417,0.775);
#14417 = AXIS2_PLACEMENT_2D('',#14418,#14419);
#14418 = CARTESIAN_POINT('',(0.,0.));
#14419 = DIRECTION('',(1.,0.));
#14420 = ( GEOMETRIC_REPRESENTATION_CONTEXT(2) 
PARAMETRIC_REPRESENTATION_CONTEXT() REPRESENTATION_CONTEXT('2D SPACE',''
  ) );
#14421 = ADVANCED_FACE('',(#14422),#12325,.T.);
#14422 = FACE_BOUND('',#14423,.T.);
#14423 = EDGE_LOOP('',(#14424,#14425,#14426,#14452));
#14424 = ORIENTED_EDGE('',*,*,#14400,.T.);
#14425 = ORIENTED_EDGE('',*,*,#12505,.T.);
#14426 = ORIENTED_EDGE('',*,*,#14427,.T.);
#14427 = EDGE_CURVE('',#12485,#12311,#14428,.T.);
#14428 = SURFACE_CURVE('',#14429,(#14434,#14445),.PCURVE_S1.);
#14429 = CIRCLE('',#14430,0.55);
#14430 = AXIS2_PLACEMENT_3D('',#14431,#14432,#14433);
#14431 = CARTESIAN_POINT('',(40.175,53.2345,26.95));
#14432 = DIRECTION('',(0.,0.,-1.));
#14433 = DIRECTION('',(1.,0.,0.));
#14434 = PCURVE('',#12325,#14435);
#14435 = DEFINITIONAL_REPRESENTATION('',(#14436),#14444);
#14436 = ( BOUNDED_CURVE() B_SPLINE_CURVE(2,(#14437,#14438,#14439,#14440
    ,#14441,#14442,#14443),.UNSPECIFIED.,.T.,.F.) 
B_SPLINE_CURVE_WITH_KNOTS((1,2,2,2,2,1),(-2.094395102393,0.,
    2.094395102393,4.188790204786,6.28318530718,8.377580409573),
.UNSPECIFIED.) CURVE() GEOMETRIC_REPRESENTATION_ITEM() 
RATIONAL_B_SPLINE_CURVE((1.,0.5,1.,0.5,1.,0.5,1.)) REPRESENTATION_ITEM(
  '') );
#14437 = CARTESIAN_POINT('',(0.55,0.));
#14438 = CARTESIAN_POINT('',(0.55,-0.952627944163));
#14439 = CARTESIAN_POINT('',(-0.275,-0.476313972081));
#14440 = CARTESIAN_POINT('',(-1.1,-1.347111479062E-16));
#14441 = CARTESIAN_POINT('',(-0.275,0.476313972081));
#14442 = CARTESIAN_POINT('',(0.55,0.952627944163));
#14443 = CARTESIAN_POINT('',(0.55,0.));
#14444 = ( GEOMETRIC_REPRESENTATION_CONTEXT(2) 
PARAMETRIC_REPRESENTATION_CONTEXT() REPRESENTATION_CONTEXT('2D SPACE',''
  ) );
#14445 = PCURVE('',#12351,#14446);
#14446 = DEFINITIONAL_REPRESENTATION('',(#14447),#14451);
#14447 = LINE('',#14448,#14449);
#14448 = CARTESIAN_POINT('',(-6.28318530718,-2.35));
#14449 = VECTOR('',#14450,1.);
#14450 = DIRECTION('',(1.,-0.));
#14451 = ( GEOMETRIC_REPRESENTATION_CONTEXT(2) 
PARAMETRIC_REPRESENTATION_CONTEXT() REPRESENTATION_CONTEXT('2D SPACE',''
  ) );
#14452 = ORIENTED_EDGE('',*,*,#12310,.T.);
#14453 = ADVANCED_FACE('',(#14454),#12351,.T.);
#14454 = FACE_BOUND('',#14455,.F.);
#14455 = EDGE_LOOP('',(#14456,#14457,#14458,#14459));
#14456 = ORIENTED_EDGE('',*,*,#12484,.T.);
#14457 = ORIENTED_EDGE('',*,*,#14427,.T.);
#14458 = ORIENTED_EDGE('',*,*,#12336,.F.);
#14459 = ORIENTED_EDGE('',*,*,#14460,.T.);
#14460 = EDGE_CURVE('',#12337,#12464,#14461,.T.);
#14461 = SURFACE_CURVE('',#14462,(#14467,#14474),.PCURVE_S1.);
#14462 = CIRCLE('',#14463,0.55);
#14463 = AXIS2_PLACEMENT_3D('',#14464,#14465,#14466);
#14464 = CARTESIAN_POINT('',(40.175,53.2345,27.55));
#14465 = DIRECTION('',(0.,0.,1.));
#14466 = DIRECTION('',(1.,0.,0.));
#14467 = PCURVE('',#12351,#14468);
#14468 = DEFINITIONAL_REPRESENTATION('',(#14469),#14473);
#14469 = LINE('',#14470,#14471);
#14470 = CARTESIAN_POINT('',(-0.,-2.95));
#14471 = VECTOR('',#14472,1.);
#14472 = DIRECTION('',(-1.,0.));
#14473 = ( GEOMETRIC_REPRESENTATION_CONTEXT(2) 
PARAMETRIC_REPRESENTATION_CONTEXT() REPRESENTATION_CONTEXT('2D SPACE',''
  ) );
#14474 = PCURVE('',#12377,#14475);
#14475 = DEFINITIONAL_REPRESENTATION('',(#14476),#14480);
#14476 = CIRCLE('',#14477,0.55);
#14477 = AXIS2_PLACEMENT_2D('',#14478,#14479);
#14478 = CARTESIAN_POINT('',(0.,7.105427357601E-15));
#14479 = DIRECTION('',(1.,0.));
#14480 = ( GEOMETRIC_REPRESENTATION_CONTEXT(2) 
PARAMETRIC_REPRESENTATION_CONTEXT() REPRESENTATION_CONTEXT('2D SPACE',''
  ) );
#14481 = ADVANCED_FACE('',(#14482),#12377,.F.);
#14482 = FACE_BOUND('',#14483,.F.);
#14483 = EDGE_LOOP('',(#14484,#14506,#14507,#14508));
#14484 = ORIENTED_EDGE('',*,*,#14485,.T.);
#14485 = EDGE_CURVE('',#12363,#12443,#14486,.T.);
#14486 = SURFACE_CURVE('',#14487,(#14492,#14499),.PCURVE_S1.);
#14487 = CIRCLE('',#14488,0.825);
#14488 = AXIS2_PLACEMENT_3D('',#14489,#14490,#14491);
#14489 = CARTESIAN_POINT('',(40.175,53.2345,27.55));
#14490 = DIRECTION('',(0.,0.,1.));
#14491 = DIRECTION('',(1.,0.,0.));
#14492 = PCURVE('',#12377,#14493);
#14493 = DEFINITIONAL_REPRESENTATION('',(#14494),#14498);
#14494 = CIRCLE('',#14495,0.825);
#14495 = AXIS2_PLACEMENT_2D('',#14496,#14497);
#14496 = CARTESIAN_POINT('',(0.,7.105427357601E-15));
#14497 = DIRECTION('',(1.,0.));
#14498 = ( GEOMETRIC_REPRESENTATION_CONTEXT(2) 
PARAMETRIC_REPRESENTATION_CONTEXT() REPRESENTATION_CONTEXT('2D SPACE',''
  ) );
#14499 = PCURVE('',#12403,#14500);
#14500 = DEFINITIONAL_REPRESENTATION('',(#14501),#14505);
#14501 = LINE('',#14502,#14503);
#14502 = CARTESIAN_POINT('',(-0.,0.));
#14503 = VECTOR('',#14504,1.);
#14504 = DIRECTION('',(-1.,0.));
#14505 = ( GEOMETRIC_REPRESENTATION_CONTEXT(2) 
PARAMETRIC_REPRESENTATION_CONTEXT() REPRESENTATION_CONTEXT('2D SPACE',''
  ) );
#14506 = ORIENTED_EDGE('',*,*,#12463,.T.);
#14507 = ORIENTED_EDGE('',*,*,#14460,.F.);
#14508 = ORIENTED_EDGE('',*,*,#12362,.T.);
#14509 = ADVANCED_FACE('',(#14510),#12403,.T.);
#14510 = FACE_BOUND('',#14511,.F.);
#14511 = EDGE_LOOP('',(#14512,#14540,#14563,#14590,#14591,#14617,#14618,
    #14619,#14620,#14646,#14647,#14669));
#14512 = ORIENTED_EDGE('',*,*,#14513,.T.);
#14513 = EDGE_CURVE('',#12726,#14514,#14516,.T.);
#14514 = VERTEX_POINT('',#14515);
#14515 = CARTESIAN_POINT('',(41.,53.2345,27.65));
#14516 = SURFACE_CURVE('',#14517,(#14522,#14529),.PCURVE_S1.);
#14517 = CIRCLE('',#14518,0.825);
#14518 = AXIS2_PLACEMENT_3D('',#14519,#14520,#14521);
#14519 = CARTESIAN_POINT('',(40.175,53.2345,27.65));
#14520 = DIRECTION('',(0.,0.,-1.));
#14521 = DIRECTION('',(1.,0.,0.));
#14522 = PCURVE('',#12403,#14523);
#14523 = DEFINITIONAL_REPRESENTATION('',(#14524),#14528);
#14524 = LINE('',#14525,#14526);
#14525 = CARTESIAN_POINT('',(-6.28318530718,-0.1));
#14526 = VECTOR('',#14527,1.);
#14527 = DIRECTION('',(1.,-0.));
#14528 = ( GEOMETRIC_REPRESENTATION_CONTEXT(2) 
PARAMETRIC_REPRESENTATION_CONTEXT() REPRESENTATION_CONTEXT('2D SPACE',''
  ) );
#14529 = PCURVE('',#12430,#14530);
#14530 = DEFINITIONAL_REPRESENTATION('',(#14531),#14539);
#14531 = ( BOUNDED_CURVE() B_SPLINE_CURVE(2,(#14532,#14533,#14534,#14535
    ,#14536,#14537,#14538),.UNSPECIFIED.,.T.,.F.) 
B_SPLINE_CURVE_WITH_KNOTS((1,2,2,2,2,1),(-2.094395102393,0.,
    2.094395102393,4.188790204786,6.28318530718,8.377580409573),
.UNSPECIFIED.) CURVE() GEOMETRIC_REPRESENTATION_ITEM() 
RATIONAL_B_SPLINE_CURVE((1.,0.5,1.,0.5,1.,0.5,1.)) REPRESENTATION_ITEM(
  '') );
#14532 = CARTESIAN_POINT('',(0.825,-7.105427357601E-15));
#14533 = CARTESIAN_POINT('',(0.825,-1.428941916244));
#14534 = CARTESIAN_POINT('',(-0.4125,-0.714470958122));
#14535 = CARTESIAN_POINT('',(-1.65,-7.30749407946E-15));
#14536 = CARTESIAN_POINT('',(-0.4125,0.714470958122));
#14537 = CARTESIAN_POINT('',(0.825,1.428941916244));
#14538 = CARTESIAN_POINT('',(0.825,-7.105427357601E-15));
#14539 = ( GEOMETRIC_REPRESENTATION_CONTEXT(2) 
PARAMETRIC_REPRESENTATION_CONTEXT() REPRESENTATION_CONTEXT('2D SPACE',''
  ) );
#14540 = ORIENTED_EDGE('',*,*,#14541,.T.);
#14541 = EDGE_CURVE('',#14514,#14542,#14544,.T.);
#14542 = VERTEX_POINT('',#14543);
#14543 = CARTESIAN_POINT('',(41.,53.2345,27.9));
#14544 = SEAM_CURVE('',#14545,(#14549,#14556),.PCURVE_S1.);
#14545 = LINE('',#14546,#14547);
#14546 = CARTESIAN_POINT('',(41.,53.2345,27.55));
#14547 = VECTOR('',#14548,1.);
#14548 = DIRECTION('',(0.,0.,1.));
#14549 = PCURVE('',#12403,#14550);
#14550 = DEFINITIONAL_REPRESENTATION('',(#14551),#14555);
#14551 = LINE('',#14552,#14553);
#14552 = CARTESIAN_POINT('',(-6.28318530718,0.));
#14553 = VECTOR('',#14554,1.);
#14554 = DIRECTION('',(-0.,-1.));
#14555 = ( GEOMETRIC_REPRESENTATION_CONTEXT(2) 
PARAMETRIC_REPRESENTATION_CONTEXT() REPRESENTATION_CONTEXT('2D SPACE',''
  ) );
#14556 = PCURVE('',#12403,#14557);
#14557 = DEFINITIONAL_REPRESENTATION('',(#14558),#14562);
#14558 = LINE('',#14559,#14560);
#14559 = CARTESIAN_POINT('',(-0.,0.));
#14560 = VECTOR('',#14561,1.);
#14561 = DIRECTION('',(-0.,-1.));
#14562 = ( GEOMETRIC_REPRESENTATION_CONTEXT(2) 
PARAMETRIC_REPRESENTATION_CONTEXT() REPRESENTATION_CONTEXT('2D SPACE',''
  ) );
#14563 = ORIENTED_EDGE('',*,*,#14564,.T.);
#14564 = EDGE_CURVE('',#14542,#14542,#14565,.T.);
#14565 = SURFACE_CURVE('',#14566,(#14571,#14578),.PCURVE_S1.);
#14566 = CIRCLE('',#14567,0.825);
#14567 = AXIS2_PLACEMENT_3D('',#14568,#14569,#14570);
#14568 = CARTESIAN_POINT('',(40.175,53.2345,27.9));
#14569 = DIRECTION('',(0.,0.,1.));
#14570 = DIRECTION('',(1.,0.,0.));
#14571 = PCURVE('',#12403,#14572);
#14572 = DEFINITIONAL_REPRESENTATION('',(#14573),#14577);
#14573 = LINE('',#14574,#14575);
#14574 = CARTESIAN_POINT('',(-0.,-0.35));
#14575 = VECTOR('',#14576,1.);
#14576 = DIRECTION('',(-1.,0.));
#14577 = ( GEOMETRIC_REPRESENTATION_CONTEXT(2) 
PARAMETRIC_REPRESENTATION_CONTEXT() REPRESENTATION_CONTEXT('2D SPACE',''
  ) );
#14578 = PCURVE('',#14579,#14584);
#14579 = PLANE('',#14580);
#14580 = AXIS2_PLACEMENT_3D('',#14581,#14582,#14583);
#14581 = CARTESIAN_POINT('',(40.175,53.2345,27.9));
#14582 = DIRECTION('',(0.,0.,1.));
#14583 = DIRECTION('',(1.,0.,-0.));
#14584 = DEFINITIONAL_REPRESENTATION('',(#14585),#14589);
#14585 = CIRCLE('',#14586,0.825);
#14586 = AXIS2_PLACEMENT_2D('',#14587,#14588);
#14587 = CARTESIAN_POINT('',(0.,7.105427357601E-15));
#14588 = DIRECTION('',(1.,0.));
#14589 = ( GEOMETRIC_REPRESENTATION_CONTEXT(2) 
PARAMETRIC_REPRESENTATION_CONTEXT() REPRESENTATION_CONTEXT('2D SPACE',''
  ) );
#14590 = ORIENTED_EDGE('',*,*,#14541,.F.);
#14591 = ORIENTED_EDGE('',*,*,#14592,.T.);
#14592 = EDGE_CURVE('',#14514,#12415,#14593,.T.);
#14593 = SURFACE_CURVE('',#14594,(#14599,#14606),.PCURVE_S1.);
#14594 = CIRCLE('',#14595,0.825);
#14595 = AXIS2_PLACEMENT_3D('',#14596,#14597,#14598);
#14596 = CARTESIAN_POINT('',(40.175,53.2345,27.65));
#14597 = DIRECTION('',(0.,0.,-1.));
#14598 = DIRECTION('',(1.,0.,0.));
#14599 = PCURVE('',#12403,#14600);
#14600 = DEFINITIONAL_REPRESENTATION('',(#14601),#14605);
#14601 = LINE('',#14602,#14603);
#14602 = CARTESIAN_POINT('',(-6.28318530718,-0.1));
#14603 = VECTOR('',#14604,1.);
#14604 = DIRECTION('',(1.,-0.));
#14605 = ( GEOMETRIC_REPRESENTATION_CONTEXT(2) 
PARAMETRIC_REPRESENTATION_CONTEXT() REPRESENTATION_CONTEXT('2D SPACE',''
  ) );
#14606 = PCURVE('',#12430,#14607);
#14607 = DEFINITIONAL_REPRESENTATION('',(#14608),#14616);
#14608 = ( BOUNDED_CURVE() B_SPLINE_CURVE(2,(#14609,#14610,#14611,#14612
    ,#14613,#14614,#14615),.UNSPECIFIED.,.T.,.F.) 
B_SPLINE_CURVE_WITH_KNOTS((1,2,2,2,2,1),(-2.094395102393,0.,
    2.094395102393,4.188790204786,6.28318530718,8.377580409573),
.UNSPECIFIED.) CURVE() GEOMETRIC_REPRESENTATION_ITEM() 
RATIONAL_B_SPLINE_CURVE((1.,0.5,1.,0.5,1.,0.5,1.)) REPRESENTATION_ITEM(
  '') );
#14609 = CARTESIAN_POINT('',(0.825,-7.105427357601E-15));
#14610 = CARTESIAN_POINT('',(0.825,-1.428941916244));
#14611 = CARTESIAN_POINT('',(-0.4125,-0.714470958122));
#14612 = CARTESIAN_POINT('',(-1.65,-7.30749407946E-15));
#14613 = CARTESIAN_POINT('',(-0.4125,0.714470958122));
#14614 = CARTESIAN_POINT('',(0.825,1.428941916244));
#14615 = CARTESIAN_POINT('',(0.825,-7.105427357601E-15));
#14616 = ( GEOMETRIC_REPRESENTATION_CONTEXT(2) 
PARAMETRIC_REPRESENTATION_CONTEXT() REPRESENTATION_CONTEXT('2D SPACE',''
  ) );
#14617 = ORIENTED_EDGE('',*,*,#12442,.T.);
#14618 = ORIENTED_EDGE('',*,*,#14485,.F.);
#14619 = ORIENTED_EDGE('',*,*,#12388,.F.);
#14620 = ORIENTED_EDGE('',*,*,#14621,.T.);
#14621 = EDGE_CURVE('',#12389,#12747,#14622,.T.);
#14622 = SURFACE_CURVE('',#14623,(#14628,#14635),.PCURVE_S1.);
#14623 = CIRCLE('',#14624,0.825);
#14624 = AXIS2_PLACEMENT_3D('',#14625,#14626,#14627);
#14625 = CARTESIAN_POINT('',(40.175,53.2345,27.65));
#14626 = DIRECTION('',(0.,0.,-1.));
#14627 = DIRECTION('',(1.,0.,0.));
#14628 = PCURVE('',#12403,#14629);
#14629 = DEFINITIONAL_REPRESENTATION('',(#14630),#14634);
#14630 = LINE('',#14631,#14632);
#14631 = CARTESIAN_POINT('',(-6.28318530718,-0.1));
#14632 = VECTOR('',#14633,1.);
#14633 = DIRECTION('',(1.,-0.));
#14634 = ( GEOMETRIC_REPRESENTATION_CONTEXT(2) 
PARAMETRIC_REPRESENTATION_CONTEXT() REPRESENTATION_CONTEXT('2D SPACE',''
  ) );
#14635 = PCURVE('',#12430,#14636);
#14636 = DEFINITIONAL_REPRESENTATION('',(#14637),#14645);
#14637 = ( BOUNDED_CURVE() B_SPLINE_CURVE(2,(#14638,#14639,#14640,#14641
    ,#14642,#14643,#14644),.UNSPECIFIED.,.T.,.F.) 
B_SPLINE_CURVE_WITH_KNOTS((1,2,2,2,2,1),(-2.094395102393,0.,
    2.094395102393,4.188790204786,6.28318530718,8.377580409573),
.UNSPECIFIED.) CURVE() GEOMETRIC_REPRESENTATION_ITEM() 
RATIONAL_B_SPLINE_CURVE((1.,0.5,1.,0.5,1.,0.5,1.)) REPRESENTATION_ITEM(
  '') );
#14638 = CARTESIAN_POINT('',(0.825,-7.105427357601E-15));
#14639 = CARTESIAN_POINT('',(0.825,-1.428941916244));
#14640 = CARTESIAN_POINT('',(-0.4125,-0.714470958122));
#14641 = CARTESIAN_POINT('',(-1.65,-7.30749407946E-15));
#14642 = CARTESIAN_POINT('',(-0.4125,0.714470958122));
#14643 = CARTESIAN_POINT('',(0.825,1.428941916244));
#14644 = CARTESIAN_POINT('',(0.825,-7.105427357601E-15));
#14645 = ( GEOMETRIC_REPRESENTATION_CONTEXT(2) 
PARAMETRIC_REPRESENTATION_CONTEXT() REPRESENTATION_CONTEXT('2D SPACE',''
  ) );
#14646 = ORIENTED_EDGE('',*,*,#12769,.T.);
#14647 = ORIENTED_EDGE('',*,*,#14648,.F.);
#14648 = EDGE_CURVE('',#12700,#12770,#14649,.T.);
#14649 = SURFACE_CURVE('',#14650,(#14655,#14662),.PCURVE_S1.);
#14650 = CIRCLE('',#14651,0.825);
#14651 = AXIS2_PLACEMENT_3D('',#14652,#14653,#14654);
#14652 = CARTESIAN_POINT('',(40.175,53.2345,27.55));
#14653 = DIRECTION('',(0.,0.,1.));
#14654 = DIRECTION('',(1.,0.,0.));
#14655 = PCURVE('',#12403,#14656);
#14656 = DEFINITIONAL_REPRESENTATION('',(#14657),#14661);
#14657 = LINE('',#14658,#14659);
#14658 = CARTESIAN_POINT('',(-0.,0.));
#14659 = VECTOR('',#14660,1.);
#14660 = DIRECTION('',(-1.,0.));
#14661 = ( GEOMETRIC_REPRESENTATION_CONTEXT(2) 
PARAMETRIC_REPRESENTATION_CONTEXT() REPRESENTATION_CONTEXT('2D SPACE',''
  ) );
#14662 = PCURVE('',#12714,#14663);
#14663 = DEFINITIONAL_REPRESENTATION('',(#14664),#14668);
#14664 = CIRCLE('',#14665,0.825);
#14665 = AXIS2_PLACEMENT_2D('',#14666,#14667);
#14666 = CARTESIAN_POINT('',(0.,7.105427357601E-15));
#14667 = DIRECTION('',(1.,0.));
#14668 = ( GEOMETRIC_REPRESENTATION_CONTEXT(2) 
PARAMETRIC_REPRESENTATION_CONTEXT() REPRESENTATION_CONTEXT('2D SPACE',''
  ) );
#14669 = ORIENTED_EDGE('',*,*,#12725,.F.);
#14670 = ADVANCED_FACE('',(#14671),#12430,.F.);
#14671 = FACE_BOUND('',#14672,.F.);
#14672 = EDGE_LOOP('',(#14673,#14674,#14675,#14676,#14677));
#14673 = ORIENTED_EDGE('',*,*,#14621,.F.);
#14674 = ORIENTED_EDGE('',*,*,#12414,.T.);
#14675 = ORIENTED_EDGE('',*,*,#14592,.F.);
#14676 = ORIENTED_EDGE('',*,*,#14513,.F.);
#14677 = ORIENTED_EDGE('',*,*,#12746,.T.);
#14678 = ADVANCED_FACE('',(#14679),#12636,.T.);
#14679 = FACE_BOUND('',#14680,.F.);
#14680 = EDGE_LOOP('',(#14681,#14682,#14683,#14705));
#14681 = ORIENTED_EDGE('',*,*,#12898,.F.);
#14682 = ORIENTED_EDGE('',*,*,#12621,.F.);
#14683 = ORIENTED_EDGE('',*,*,#14684,.T.);
#14684 = EDGE_CURVE('',#12622,#12833,#14685,.T.);
#14685 = SURFACE_CURVE('',#14686,(#14691,#14698),.PCURVE_S1.);
#14686 = CIRCLE('',#14687,0.775);
#14687 = AXIS2_PLACEMENT_3D('',#14688,#14689,#14690);
#14688 = CARTESIAN_POINT('',(40.175,53.2345,26.95));
#14689 = DIRECTION('',(0.,0.,1.));
#14690 = DIRECTION('',(1.,0.,0.));
#14691 = PCURVE('',#12636,#14692);
#14692 = DEFINITIONAL_REPRESENTATION('',(#14693),#14697);
#14693 = LINE('',#14694,#14695);
#14694 = CARTESIAN_POINT('',(-0.,-0.35));
#14695 = VECTOR('',#14696,1.);
#14696 = DIRECTION('',(-1.,0.));
#14697 = ( GEOMETRIC_REPRESENTATION_CONTEXT(2) 
PARAMETRIC_REPRESENTATION_CONTEXT() REPRESENTATION_CONTEXT('2D SPACE',''
  ) );
#14698 = PCURVE('',#12662,#14699);
#14699 = DEFINITIONAL_REPRESENTATION('',(#14700),#14704);
#14700 = CIRCLE('',#14701,0.775);
#14701 = AXIS2_PLACEMENT_2D('',#14702,#14703);
#14702 = CARTESIAN_POINT('',(0.,0.));
#14703 = DIRECTION('',(1.,0.));
#14704 = ( GEOMETRIC_REPRESENTATION_CONTEXT(2) 
PARAMETRIC_REPRESENTATION_CONTEXT() REPRESENTATION_CONTEXT('2D SPACE',''
  ) );
#14705 = ORIENTED_EDGE('',*,*,#12853,.T.);
#14706 = ADVANCED_FACE('',(#14707),#12662,.T.);
#14707 = FACE_BOUND('',#14708,.T.);
#14708 = EDGE_LOOP('',(#14709,#14710,#14711,#14712));
#14709 = ORIENTED_EDGE('',*,*,#12647,.T.);
#14710 = ORIENTED_EDGE('',*,*,#14684,.T.);
#14711 = ORIENTED_EDGE('',*,*,#12832,.T.);
#14712 = ORIENTED_EDGE('',*,*,#14713,.T.);
#14713 = EDGE_CURVE('',#12812,#12648,#14714,.T.);
#14714 = SURFACE_CURVE('',#14715,(#14720,#14731),.PCURVE_S1.);
#14715 = CIRCLE('',#14716,0.55);
#14716 = AXIS2_PLACEMENT_3D('',#14717,#14718,#14719);
#14717 = CARTESIAN_POINT('',(40.175,53.2345,26.95));
#14718 = DIRECTION('',(0.,0.,-1.));
#14719 = DIRECTION('',(1.,0.,0.));
#14720 = PCURVE('',#12662,#14721);
#14721 = DEFINITIONAL_REPRESENTATION('',(#14722),#14730);
#14722 = ( BOUNDED_CURVE() B_SPLINE_CURVE(2,(#14723,#14724,#14725,#14726
    ,#14727,#14728,#14729),.UNSPECIFIED.,.T.,.F.) 
B_SPLINE_CURVE_WITH_KNOTS((1,2,2,2,2,1),(-2.094395102393,0.,
    2.094395102393,4.188790204786,6.28318530718,8.377580409573),
.UNSPECIFIED.) CURVE() GEOMETRIC_REPRESENTATION_ITEM() 
RATIONAL_B_SPLINE_CURVE((1.,0.5,1.,0.5,1.,0.5,1.)) REPRESENTATION_ITEM(
  '') );
#14723 = CARTESIAN_POINT('',(0.55,0.));
#14724 = CARTESIAN_POINT('',(0.55,-0.952627944163));
#14725 = CARTESIAN_POINT('',(-0.275,-0.476313972081));
#14726 = CARTESIAN_POINT('',(-1.1,-1.347111479062E-16));
#14727 = CARTESIAN_POINT('',(-0.275,0.476313972081));
#14728 = CARTESIAN_POINT('',(0.55,0.952627944163));
#14729 = CARTESIAN_POINT('',(0.55,0.));
#14730 = ( GEOMETRIC_REPRESENTATION_CONTEXT(2) 
PARAMETRIC_REPRESENTATION_CONTEXT() REPRESENTATION_CONTEXT('2D SPACE',''
  ) );
#14731 = PCURVE('',#12688,#14732);
#14732 = DEFINITIONAL_REPRESENTATION('',(#14733),#14737);
#14733 = LINE('',#14734,#14735);
#14734 = CARTESIAN_POINT('',(-6.28318530718,-2.35));
#14735 = VECTOR('',#14736,1.);
#14736 = DIRECTION('',(1.,-0.));
#14737 = ( GEOMETRIC_REPRESENTATION_CONTEXT(2) 
PARAMETRIC_REPRESENTATION_CONTEXT() REPRESENTATION_CONTEXT('2D SPACE',''
  ) );
#14738 = ADVANCED_FACE('',(#14739),#12688,.T.);
#14739 = FACE_BOUND('',#14740,.F.);
#14740 = EDGE_LOOP('',(#14741,#14742,#14743,#14765));
#14741 = ORIENTED_EDGE('',*,*,#14713,.T.);
#14742 = ORIENTED_EDGE('',*,*,#12673,.F.);
#14743 = ORIENTED_EDGE('',*,*,#14744,.T.);
#14744 = EDGE_CURVE('',#12674,#12791,#14745,.T.);
#14745 = SURFACE_CURVE('',#14746,(#14751,#14758),.PCURVE_S1.);
#14746 = CIRCLE('',#14747,0.55);
#14747 = AXIS2_PLACEMENT_3D('',#14748,#14749,#14750);
#14748 = CARTESIAN_POINT('',(40.175,53.2345,27.55));
#14749 = DIRECTION('',(0.,0.,1.));
#14750 = DIRECTION('',(1.,0.,0.));
#14751 = PCURVE('',#12688,#14752);
#14752 = DEFINITIONAL_REPRESENTATION('',(#14753),#14757);
#14753 = LINE('',#14754,#14755);
#14754 = CARTESIAN_POINT('',(-0.,-2.95));
#14755 = VECTOR('',#14756,1.);
#14756 = DIRECTION('',(-1.,0.));
#14757 = ( GEOMETRIC_REPRESENTATION_CONTEXT(2) 
PARAMETRIC_REPRESENTATION_CONTEXT() REPRESENTATION_CONTEXT('2D SPACE',''
  ) );
#14758 = PCURVE('',#12714,#14759);
#14759 = DEFINITIONAL_REPRESENTATION('',(#14760),#14764);
#14760 = CIRCLE('',#14761,0.55);
#14761 = AXIS2_PLACEMENT_2D('',#14762,#14763);
#14762 = CARTESIAN_POINT('',(0.,7.105427357601E-15));
#14763 = DIRECTION('',(1.,0.));
#14764 = ( GEOMETRIC_REPRESENTATION_CONTEXT(2) 
PARAMETRIC_REPRESENTATION_CONTEXT() REPRESENTATION_CONTEXT('2D SPACE',''
  ) );
#14765 = ORIENTED_EDGE('',*,*,#12811,.T.);
#14766 = ADVANCED_FACE('',(#14767),#12714,.F.);
#14767 = FACE_BOUND('',#14768,.F.);
#14768 = EDGE_LOOP('',(#14769,#14770,#14771,#14772));
#14769 = ORIENTED_EDGE('',*,*,#12699,.T.);
#14770 = ORIENTED_EDGE('',*,*,#14648,.T.);
#14771 = ORIENTED_EDGE('',*,*,#12790,.T.);
#14772 = ORIENTED_EDGE('',*,*,#14744,.F.);
#14773 = ADVANCED_FACE('',(#14774),#13011,.T.);
#14774 = FACE_BOUND('',#14775,.F.);
#14775 = EDGE_LOOP('',(#14776,#14777,#14778,#14779));
#14776 = ORIENTED_EDGE('',*,*,#13238,.T.);
#14777 = ORIENTED_EDGE('',*,*,#13282,.F.);
#14778 = ORIENTED_EDGE('',*,*,#12996,.F.);
#14779 = ORIENTED_EDGE('',*,*,#14780,.T.);
#14780 = EDGE_CURVE('',#12997,#13218,#14781,.T.);
#14781 = SURFACE_CURVE('',#14782,(#14787,#14794),.PCURVE_S1.);
#14782 = CIRCLE('',#14783,0.775);
#14783 = AXIS2_PLACEMENT_3D('',#14784,#14785,#14786);
#14784 = CARTESIAN_POINT('',(12.438,53.1835,26.95));
#14785 = DIRECTION('',(0.,0.,1.));
#14786 = DIRECTION('',(1.,0.,0.));
#14787 = PCURVE('',#13011,#14788);
#14788 = DEFINITIONAL_REPRESENTATION('',(#14789),#14793);
#14789 = LINE('',#14790,#14791);
#14790 = CARTESIAN_POINT('',(-0.,-0.35));
#14791 = VECTOR('',#14792,1.);
#14792 = DIRECTION('',(-1.,0.));
#14793 = ( GEOMETRIC_REPRESENTATION_CONTEXT(2) 
PARAMETRIC_REPRESENTATION_CONTEXT() REPRESENTATION_CONTEXT('2D SPACE',''
  ) );
#14794 = PCURVE('',#13037,#14795);
#14795 = DEFINITIONAL_REPRESENTATION('',(#14796),#14800);
#14796 = CIRCLE('',#14797,0.775);
#14797 = AXIS2_PLACEMENT_2D('',#14798,#14799);
#14798 = CARTESIAN_POINT('',(-3.552713678801E-15,-7.105427357601E-15));
#14799 = DIRECTION('',(1.,0.));
#14800 = ( GEOMETRIC_REPRESENTATION_CONTEXT(2) 
PARAMETRIC_REPRESENTATION_CONTEXT() REPRESENTATION_CONTEXT('2D SPACE',''
  ) );
#14801 = ADVANCED_FACE('',(#14802),#13037,.T.);
#14802 = FACE_BOUND('',#14803,.T.);
#14803 = EDGE_LOOP('',(#14804,#14805,#14806,#14832));
#14804 = ORIENTED_EDGE('',*,*,#14780,.T.);
#14805 = ORIENTED_EDGE('',*,*,#13217,.T.);
#14806 = ORIENTED_EDGE('',*,*,#14807,.T.);
#14807 = EDGE_CURVE('',#13197,#13023,#14808,.T.);
#14808 = SURFACE_CURVE('',#14809,(#14814,#14825),.PCURVE_S1.);
#14809 = CIRCLE('',#14810,0.55);
#14810 = AXIS2_PLACEMENT_3D('',#14811,#14812,#14813);
#14811 = CARTESIAN_POINT('',(12.438,53.1835,26.95));
#14812 = DIRECTION('',(0.,0.,-1.));
#14813 = DIRECTION('',(1.,0.,0.));
#14814 = PCURVE('',#13037,#14815);
#14815 = DEFINITIONAL_REPRESENTATION('',(#14816),#14824);
#14816 = ( BOUNDED_CURVE() B_SPLINE_CURVE(2,(#14817,#14818,#14819,#14820
    ,#14821,#14822,#14823),.UNSPECIFIED.,.T.,.F.) 
B_SPLINE_CURVE_WITH_KNOTS((1,2,2,2,2,1),(-2.094395102393,0.,
    2.094395102393,4.188790204786,6.28318530718,8.377580409573),
.UNSPECIFIED.) CURVE() GEOMETRIC_REPRESENTATION_ITEM() 
RATIONAL_B_SPLINE_CURVE((1.,0.5,1.,0.5,1.,0.5,1.)) REPRESENTATION_ITEM(
  '') );
#14817 = CARTESIAN_POINT('',(0.55,-7.105427357601E-15));
#14818 = CARTESIAN_POINT('',(0.55,-0.952627944163));
#14819 = CARTESIAN_POINT('',(-0.275,-0.476313972081));
#14820 = CARTESIAN_POINT('',(-1.1,-7.240138505507E-15));
#14821 = CARTESIAN_POINT('',(-0.275,0.476313972081));
#14822 = CARTESIAN_POINT('',(0.55,0.952627944163));
#14823 = CARTESIAN_POINT('',(0.55,-7.105427357601E-15));
#14824 = ( GEOMETRIC_REPRESENTATION_CONTEXT(2) 
PARAMETRIC_REPRESENTATION_CONTEXT() REPRESENTATION_CONTEXT('2D SPACE',''
  ) );
#14825 = PCURVE('',#13063,#14826);
#14826 = DEFINITIONAL_REPRESENTATION('',(#14827),#14831);
#14827 = LINE('',#14828,#14829);
#14828 = CARTESIAN_POINT('',(-6.28318530718,-2.35));
#14829 = VECTOR('',#14830,1.);
#14830 = DIRECTION('',(1.,-0.));
#14831 = ( GEOMETRIC_REPRESENTATION_CONTEXT(2) 
PARAMETRIC_REPRESENTATION_CONTEXT() REPRESENTATION_CONTEXT('2D SPACE',''
  ) );
#14832 = ORIENTED_EDGE('',*,*,#13022,.T.);
#14833 = ADVANCED_FACE('',(#14834),#13063,.T.);
#14834 = FACE_BOUND('',#14835,.F.);
#14835 = EDGE_LOOP('',(#14836,#14837,#14838,#14839));
#14836 = ORIENTED_EDGE('',*,*,#13196,.T.);
#14837 = ORIENTED_EDGE('',*,*,#14807,.T.);
#14838 = ORIENTED_EDGE('',*,*,#13048,.F.);
#14839 = ORIENTED_EDGE('',*,*,#14840,.T.);
#14840 = EDGE_CURVE('',#13049,#13176,#14841,.T.);
#14841 = SURFACE_CURVE('',#14842,(#14847,#14854),.PCURVE_S1.);
#14842 = CIRCLE('',#14843,0.55);
#14843 = AXIS2_PLACEMENT_3D('',#14844,#14845,#14846);
#14844 = CARTESIAN_POINT('',(12.438,53.1835,27.55));
#14845 = DIRECTION('',(0.,0.,1.));
#14846 = DIRECTION('',(1.,0.,0.));
#14847 = PCURVE('',#13063,#14848);
#14848 = DEFINITIONAL_REPRESENTATION('',(#14849),#14853);
#14849 = LINE('',#14850,#14851);
#14850 = CARTESIAN_POINT('',(-0.,-2.95));
#14851 = VECTOR('',#14852,1.);
#14852 = DIRECTION('',(-1.,0.));
#14853 = ( GEOMETRIC_REPRESENTATION_CONTEXT(2) 
PARAMETRIC_REPRESENTATION_CONTEXT() REPRESENTATION_CONTEXT('2D SPACE',''
  ) );
#14854 = PCURVE('',#13089,#14855);
#14855 = DEFINITIONAL_REPRESENTATION('',(#14856),#14860);
#14856 = CIRCLE('',#14857,0.55);
#14857 = AXIS2_PLACEMENT_2D('',#14858,#14859);
#14858 = CARTESIAN_POINT('',(0.,0.));
#14859 = DIRECTION('',(1.,0.));
#14860 = ( GEOMETRIC_REPRESENTATION_CONTEXT(2) 
PARAMETRIC_REPRESENTATION_CONTEXT() REPRESENTATION_CONTEXT('2D SPACE',''
  ) );
#14861 = ADVANCED_FACE('',(#14862),#13089,.F.);
#14862 = FACE_BOUND('',#14863,.F.);
#14863 = EDGE_LOOP('',(#14864,#14886,#14887,#14888));
#14864 = ORIENTED_EDGE('',*,*,#14865,.T.);
#14865 = EDGE_CURVE('',#13075,#13155,#14866,.T.);
#14866 = SURFACE_CURVE('',#14867,(#14872,#14879),.PCURVE_S1.);
#14867 = CIRCLE('',#14868,0.825);
#14868 = AXIS2_PLACEMENT_3D('',#14869,#14870,#14871);
#14869 = CARTESIAN_POINT('',(12.438,53.1835,27.55));
#14870 = DIRECTION('',(0.,0.,1.));
#14871 = DIRECTION('',(1.,0.,0.));
#14872 = PCURVE('',#13089,#14873);
#14873 = DEFINITIONAL_REPRESENTATION('',(#14874),#14878);
#14874 = CIRCLE('',#14875,0.825);
#14875 = AXIS2_PLACEMENT_2D('',#14876,#14877);
#14876 = CARTESIAN_POINT('',(0.,0.));
#14877 = DIRECTION('',(1.,0.));
#14878 = ( GEOMETRIC_REPRESENTATION_CONTEXT(2) 
PARAMETRIC_REPRESENTATION_CONTEXT() REPRESENTATION_CONTEXT('2D SPACE',''
  ) );
#14879 = PCURVE('',#13115,#14880);
#14880 = DEFINITIONAL_REPRESENTATION('',(#14881),#14885);
#14881 = LINE('',#14882,#14883);
#14882 = CARTESIAN_POINT('',(-0.,0.));
#14883 = VECTOR('',#14884,1.);
#14884 = DIRECTION('',(-1.,0.));
#14885 = ( GEOMETRIC_REPRESENTATION_CONTEXT(2) 
PARAMETRIC_REPRESENTATION_CONTEXT() REPRESENTATION_CONTEXT('2D SPACE',''
  ) );
#14886 = ORIENTED_EDGE('',*,*,#13175,.T.);
#14887 = ORIENTED_EDGE('',*,*,#14840,.F.);
#14888 = ORIENTED_EDGE('',*,*,#13074,.T.);
#14889 = ADVANCED_FACE('',(#14890),#13115,.T.);
#14890 = FACE_BOUND('',#14891,.F.);
#14891 = EDGE_LOOP('',(#14892,#14920,#14943,#14970,#14971,#14997,#14998,
    #14999,#15000,#15026,#15027,#15049));
#14892 = ORIENTED_EDGE('',*,*,#14893,.T.);
#14893 = EDGE_CURVE('',#13438,#14894,#14896,.T.);
#14894 = VERTEX_POINT('',#14895);
#14895 = CARTESIAN_POINT('',(13.263,53.1835,27.65));
#14896 = SURFACE_CURVE('',#14897,(#14902,#14909),.PCURVE_S1.);
#14897 = CIRCLE('',#14898,0.825);
#14898 = AXIS2_PLACEMENT_3D('',#14899,#14900,#14901);
#14899 = CARTESIAN_POINT('',(12.438,53.1835,27.65));
#14900 = DIRECTION('',(0.,0.,-1.));
#14901 = DIRECTION('',(1.,0.,0.));
#14902 = PCURVE('',#13115,#14903);
#14903 = DEFINITIONAL_REPRESENTATION('',(#14904),#14908);
#14904 = LINE('',#14905,#14906);
#14905 = CARTESIAN_POINT('',(-6.28318530718,-0.1));
#14906 = VECTOR('',#14907,1.);
#14907 = DIRECTION('',(1.,-0.));
#14908 = ( GEOMETRIC_REPRESENTATION_CONTEXT(2) 
PARAMETRIC_REPRESENTATION_CONTEXT() REPRESENTATION_CONTEXT('2D SPACE',''
  ) );
#14909 = PCURVE('',#13142,#14910);
#14910 = DEFINITIONAL_REPRESENTATION('',(#14911),#14919);
#14911 = ( BOUNDED_CURVE() B_SPLINE_CURVE(2,(#14912,#14913,#14914,#14915
    ,#14916,#14917,#14918),.UNSPECIFIED.,.T.,.F.) 
B_SPLINE_CURVE_WITH_KNOTS((1,2,2,2,2,1),(-2.094395102393,0.,
    2.094395102393,4.188790204786,6.28318530718,8.377580409573),
.UNSPECIFIED.) CURVE() GEOMETRIC_REPRESENTATION_ITEM() 
RATIONAL_B_SPLINE_CURVE((1.,0.5,1.,0.5,1.,0.5,1.)) REPRESENTATION_ITEM(
  '') );
#14912 = CARTESIAN_POINT('',(0.825,-7.105427357601E-15));
#14913 = CARTESIAN_POINT('',(0.825,-1.428941916244));
#14914 = CARTESIAN_POINT('',(-0.4125,-0.714470958122));
#14915 = CARTESIAN_POINT('',(-1.65,-7.30749407946E-15));
#14916 = CARTESIAN_POINT('',(-0.4125,0.714470958122));
#14917 = CARTESIAN_POINT('',(0.825,1.428941916244));
#14918 = CARTESIAN_POINT('',(0.825,-7.105427357601E-15));
#14919 = ( GEOMETRIC_REPRESENTATION_CONTEXT(2) 
PARAMETRIC_REPRESENTATION_CONTEXT() REPRESENTATION_CONTEXT('2D SPACE',''
  ) );
#14920 = ORIENTED_EDGE('',*,*,#14921,.T.);
#14921 = EDGE_CURVE('',#14894,#14922,#14924,.T.);
#14922 = VERTEX_POINT('',#14923);
#14923 = CARTESIAN_POINT('',(13.263,53.1835,27.9));
#14924 = SEAM_CURVE('',#14925,(#14929,#14936),.PCURVE_S1.);
#14925 = LINE('',#14926,#14927);
#14926 = CARTESIAN_POINT('',(13.263,53.1835,27.55));
#14927 = VECTOR('',#14928,1.);
#14928 = DIRECTION('',(0.,0.,1.));
#14929 = PCURVE('',#13115,#14930);
#14930 = DEFINITIONAL_REPRESENTATION('',(#14931),#14935);
#14931 = LINE('',#14932,#14933);
#14932 = CARTESIAN_POINT('',(-6.28318530718,0.));
#14933 = VECTOR('',#14934,1.);
#14934 = DIRECTION('',(-0.,-1.));
#14935 = ( GEOMETRIC_REPRESENTATION_CONTEXT(2) 
PARAMETRIC_REPRESENTATION_CONTEXT() REPRESENTATION_CONTEXT('2D SPACE',''
  ) );
#14936 = PCURVE('',#13115,#14937);
#14937 = DEFINITIONAL_REPRESENTATION('',(#14938),#14942);
#14938 = LINE('',#14939,#14940);
#14939 = CARTESIAN_POINT('',(-0.,0.));
#14940 = VECTOR('',#14941,1.);
#14941 = DIRECTION('',(-0.,-1.));
#14942 = ( GEOMETRIC_REPRESENTATION_CONTEXT(2) 
PARAMETRIC_REPRESENTATION_CONTEXT() REPRESENTATION_CONTEXT('2D SPACE',''
  ) );
#14943 = ORIENTED_EDGE('',*,*,#14944,.T.);
#14944 = EDGE_CURVE('',#14922,#14922,#14945,.T.);
#14945 = SURFACE_CURVE('',#14946,(#14951,#14958),.PCURVE_S1.);
#14946 = CIRCLE('',#14947,0.825);
#14947 = AXIS2_PLACEMENT_3D('',#14948,#14949,#14950);
#14948 = CARTESIAN_POINT('',(12.438,53.1835,27.9));
#14949 = DIRECTION('',(0.,0.,1.));
#14950 = DIRECTION('',(1.,0.,0.));
#14951 = PCURVE('',#13115,#14952);
#14952 = DEFINITIONAL_REPRESENTATION('',(#14953),#14957);
#14953 = LINE('',#14954,#14955);
#14954 = CARTESIAN_POINT('',(-0.,-0.35));
#14955 = VECTOR('',#14956,1.);
#14956 = DIRECTION('',(-1.,0.));
#14957 = ( GEOMETRIC_REPRESENTATION_CONTEXT(2) 
PARAMETRIC_REPRESENTATION_CONTEXT() REPRESENTATION_CONTEXT('2D SPACE',''
  ) );
#14958 = PCURVE('',#14959,#14964);
#14959 = PLANE('',#14960);
#14960 = AXIS2_PLACEMENT_3D('',#14961,#14962,#14963);
#14961 = CARTESIAN_POINT('',(12.438,53.1835,27.9));
#14962 = DIRECTION('',(0.,0.,1.));
#14963 = DIRECTION('',(1.,0.,-0.));
#14964 = DEFINITIONAL_REPRESENTATION('',(#14965),#14969);
#14965 = CIRCLE('',#14966,0.825);
#14966 = AXIS2_PLACEMENT_2D('',#14967,#14968);
#14967 = CARTESIAN_POINT('',(0.,0.));
#14968 = DIRECTION('',(1.,0.));
#14969 = ( GEOMETRIC_REPRESENTATION_CONTEXT(2) 
PARAMETRIC_REPRESENTATION_CONTEXT() REPRESENTATION_CONTEXT('2D SPACE',''
  ) );
#14970 = ORIENTED_EDGE('',*,*,#14921,.F.);
#14971 = ORIENTED_EDGE('',*,*,#14972,.T.);
#14972 = EDGE_CURVE('',#14894,#13127,#14973,.T.);
#14973 = SURFACE_CURVE('',#14974,(#14979,#14986),.PCURVE_S1.);
#14974 = CIRCLE('',#14975,0.825);
#14975 = AXIS2_PLACEMENT_3D('',#14976,#14977,#14978);
#14976 = CARTESIAN_POINT('',(12.438,53.1835,27.65));
#14977 = DIRECTION('',(0.,0.,-1.));
#14978 = DIRECTION('',(1.,0.,0.));
#14979 = PCURVE('',#13115,#14980);
#14980 = DEFINITIONAL_REPRESENTATION('',(#14981),#14985);
#14981 = LINE('',#14982,#14983);
#14982 = CARTESIAN_POINT('',(-6.28318530718,-0.1));
#14983 = VECTOR('',#14984,1.);
#14984 = DIRECTION('',(1.,-0.));
#14985 = ( GEOMETRIC_REPRESENTATION_CONTEXT(2) 
PARAMETRIC_REPRESENTATION_CONTEXT() REPRESENTATION_CONTEXT('2D SPACE',''
  ) );
#14986 = PCURVE('',#13142,#14987);
#14987 = DEFINITIONAL_REPRESENTATION('',(#14988),#14996);
#14988 = ( BOUNDED_CURVE() B_SPLINE_CURVE(2,(#14989,#14990,#14991,#14992
    ,#14993,#14994,#14995),.UNSPECIFIED.,.T.,.F.) 
B_SPLINE_CURVE_WITH_KNOTS((1,2,2,2,2,1),(-2.094395102393,0.,
    2.094395102393,4.188790204786,6.28318530718,8.377580409573),
.UNSPECIFIED.) CURVE() GEOMETRIC_REPRESENTATION_ITEM() 
RATIONAL_B_SPLINE_CURVE((1.,0.5,1.,0.5,1.,0.5,1.)) REPRESENTATION_ITEM(
  '') );
#14989 = CARTESIAN_POINT('',(0.825,-7.105427357601E-15));
#14990 = CARTESIAN_POINT('',(0.825,-1.428941916244));
#14991 = CARTESIAN_POINT('',(-0.4125,-0.714470958122));
#14992 = CARTESIAN_POINT('',(-1.65,-7.30749407946E-15));
#14993 = CARTESIAN_POINT('',(-0.4125,0.714470958122));
#14994 = CARTESIAN_POINT('',(0.825,1.428941916244));
#14995 = CARTESIAN_POINT('',(0.825,-7.105427357601E-15));
#14996 = ( GEOMETRIC_REPRESENTATION_CONTEXT(2) 
PARAMETRIC_REPRESENTATION_CONTEXT() REPRESENTATION_CONTEXT('2D SPACE',''
  ) );
#14997 = ORIENTED_EDGE('',*,*,#13154,.T.);
#14998 = ORIENTED_EDGE('',*,*,#14865,.F.);
#14999 = ORIENTED_EDGE('',*,*,#13100,.F.);
#15000 = ORIENTED_EDGE('',*,*,#15001,.T.);
#15001 = EDGE_CURVE('',#13101,#13459,#15002,.T.);
#15002 = SURFACE_CURVE('',#15003,(#15008,#15015),.PCURVE_S1.);
#15003 = CIRCLE('',#15004,0.825);
#15004 = AXIS2_PLACEMENT_3D('',#15005,#15006,#15007);
#15005 = CARTESIAN_POINT('',(12.438,53.1835,27.65));
#15006 = DIRECTION('',(0.,0.,-1.));
#15007 = DIRECTION('',(1.,0.,0.));
#15008 = PCURVE('',#13115,#15009);
#15009 = DEFINITIONAL_REPRESENTATION('',(#15010),#15014);
#15010 = LINE('',#15011,#15012);
#15011 = CARTESIAN_POINT('',(-6.28318530718,-0.1));
#15012 = VECTOR('',#15013,1.);
#15013 = DIRECTION('',(1.,-0.));
#15014 = ( GEOMETRIC_REPRESENTATION_CONTEXT(2) 
PARAMETRIC_REPRESENTATION_CONTEXT() REPRESENTATION_CONTEXT('2D SPACE',''
  ) );
#15015 = PCURVE('',#13142,#15016);
#15016 = DEFINITIONAL_REPRESENTATION('',(#15017),#15025);
#15017 = ( BOUNDED_CURVE() B_SPLINE_CURVE(2,(#15018,#15019,#15020,#15021
    ,#15022,#15023,#15024),.UNSPECIFIED.,.T.,.F.) 
B_SPLINE_CURVE_WITH_KNOTS((1,2,2,2,2,1),(-2.094395102393,0.,
    2.094395102393,4.188790204786,6.28318530718,8.377580409573),
.UNSPECIFIED.) CURVE() GEOMETRIC_REPRESENTATION_ITEM() 
RATIONAL_B_SPLINE_CURVE((1.,0.5,1.,0.5,1.,0.5,1.)) REPRESENTATION_ITEM(
  '') );
#15018 = CARTESIAN_POINT('',(0.825,-7.105427357601E-15));
#15019 = CARTESIAN_POINT('',(0.825,-1.428941916244));
#15020 = CARTESIAN_POINT('',(-0.4125,-0.714470958122));
#15021 = CARTESIAN_POINT('',(-1.65,-7.30749407946E-15));
#15022 = CARTESIAN_POINT('',(-0.4125,0.714470958122));
#15023 = CARTESIAN_POINT('',(0.825,1.428941916244));
#15024 = CARTESIAN_POINT('',(0.825,-7.105427357601E-15));
#15025 = ( GEOMETRIC_REPRESENTATION_CONTEXT(2) 
PARAMETRIC_REPRESENTATION_CONTEXT() REPRESENTATION_CONTEXT('2D SPACE',''
  ) );
#15026 = ORIENTED_EDGE('',*,*,#13481,.T.);
#15027 = ORIENTED_EDGE('',*,*,#15028,.F.);
#15028 = EDGE_CURVE('',#13412,#13482,#15029,.T.);
#15029 = SURFACE_CURVE('',#15030,(#15035,#15042),.PCURVE_S1.);
#15030 = CIRCLE('',#15031,0.825);
#15031 = AXIS2_PLACEMENT_3D('',#15032,#15033,#15034);
#15032 = CARTESIAN_POINT('',(12.438,53.1835,27.55));
#15033 = DIRECTION('',(0.,0.,1.));
#15034 = DIRECTION('',(1.,0.,0.));
#15035 = PCURVE('',#13115,#15036);
#15036 = DEFINITIONAL_REPRESENTATION('',(#15037),#15041);
#15037 = LINE('',#15038,#15039);
#15038 = CARTESIAN_POINT('',(-0.,0.));
#15039 = VECTOR('',#15040,1.);
#15040 = DIRECTION('',(-1.,0.));
#15041 = ( GEOMETRIC_REPRESENTATION_CONTEXT(2) 
PARAMETRIC_REPRESENTATION_CONTEXT() REPRESENTATION_CONTEXT('2D SPACE',''
  ) );
#15042 = PCURVE('',#13426,#15043);
#15043 = DEFINITIONAL_REPRESENTATION('',(#15044),#15048);
#15044 = CIRCLE('',#15045,0.825);
#15045 = AXIS2_PLACEMENT_2D('',#15046,#15047);
#15046 = CARTESIAN_POINT('',(0.,0.));
#15047 = DIRECTION('',(1.,0.));
#15048 = ( GEOMETRIC_REPRESENTATION_CONTEXT(2) 
PARAMETRIC_REPRESENTATION_CONTEXT() REPRESENTATION_CONTEXT('2D SPACE',''
  ) );
#15049 = ORIENTED_EDGE('',*,*,#13437,.F.);
#15050 = ADVANCED_FACE('',(#15051),#13142,.F.);
#15051 = FACE_BOUND('',#15052,.F.);
#15052 = EDGE_LOOP('',(#15053,#15054,#15055,#15056,#15057));
#15053 = ORIENTED_EDGE('',*,*,#15001,.F.);
#15054 = ORIENTED_EDGE('',*,*,#13126,.T.);
#15055 = ORIENTED_EDGE('',*,*,#14972,.F.);
#15056 = ORIENTED_EDGE('',*,*,#14893,.F.);
#15057 = ORIENTED_EDGE('',*,*,#13458,.T.);
#15058 = ADVANCED_FACE('',(#15059),#13348,.T.);
#15059 = FACE_BOUND('',#15060,.F.);
#15060 = EDGE_LOOP('',(#15061,#15062,#15063,#15085));
#15061 = ORIENTED_EDGE('',*,*,#13610,.F.);
#15062 = ORIENTED_EDGE('',*,*,#13333,.F.);
#15063 = ORIENTED_EDGE('',*,*,#15064,.T.);
#15064 = EDGE_CURVE('',#13334,#13545,#15065,.T.);
#15065 = SURFACE_CURVE('',#15066,(#15071,#15078),.PCURVE_S1.);
#15066 = CIRCLE('',#15067,0.775);
#15067 = AXIS2_PLACEMENT_3D('',#15068,#15069,#15070);
#15068 = CARTESIAN_POINT('',(12.438,53.1835,26.95));
#15069 = DIRECTION('',(0.,0.,1.));
#15070 = DIRECTION('',(1.,0.,0.));
#15071 = PCURVE('',#13348,#15072);
#15072 = DEFINITIONAL_REPRESENTATION('',(#15073),#15077);
#15073 = LINE('',#15074,#15075);
#15074 = CARTESIAN_POINT('',(-0.,-0.35));
#15075 = VECTOR('',#15076,1.);
#15076 = DIRECTION('',(-1.,0.));
#15077 = ( GEOMETRIC_REPRESENTATION_CONTEXT(2) 
PARAMETRIC_REPRESENTATION_CONTEXT() REPRESENTATION_CONTEXT('2D SPACE',''
  ) );
#15078 = PCURVE('',#13374,#15079);
#15079 = DEFINITIONAL_REPRESENTATION('',(#15080),#15084);
#15080 = CIRCLE('',#15081,0.775);
#15081 = AXIS2_PLACEMENT_2D('',#15082,#15083);
#15082 = CARTESIAN_POINT('',(-3.552713678801E-15,-7.105427357601E-15));
#15083 = DIRECTION('',(1.,0.));
#15084 = ( GEOMETRIC_REPRESENTATION_CONTEXT(2) 
PARAMETRIC_REPRESENTATION_CONTEXT() REPRESENTATION_CONTEXT('2D SPACE',''
  ) );
#15085 = ORIENTED_EDGE('',*,*,#13565,.T.);
#15086 = ADVANCED_FACE('',(#15087),#13374,.T.);
#15087 = FACE_BOUND('',#15088,.T.);
#15088 = EDGE_LOOP('',(#15089,#15090,#15091,#15092));
#15089 = ORIENTED_EDGE('',*,*,#13359,.T.);
#15090 = ORIENTED_EDGE('',*,*,#15064,.T.);
#15091 = ORIENTED_EDGE('',*,*,#13544,.T.);
#15092 = ORIENTED_EDGE('',*,*,#15093,.T.);
#15093 = EDGE_CURVE('',#13524,#13360,#15094,.T.);
#15094 = SURFACE_CURVE('',#15095,(#15100,#15111),.PCURVE_S1.);
#15095 = CIRCLE('',#15096,0.55);
#15096 = AXIS2_PLACEMENT_3D('',#15097,#15098,#15099);
#15097 = CARTESIAN_POINT('',(12.438,53.1835,26.95));
#15098 = DIRECTION('',(0.,0.,-1.));
#15099 = DIRECTION('',(1.,0.,0.));
#15100 = PCURVE('',#13374,#15101);
#15101 = DEFINITIONAL_REPRESENTATION('',(#15102),#15110);
#15102 = ( BOUNDED_CURVE() B_SPLINE_CURVE(2,(#15103,#15104,#15105,#15106
    ,#15107,#15108,#15109),.UNSPECIFIED.,.T.,.F.) 
B_SPLINE_CURVE_WITH_KNOTS((1,2,2,2,2,1),(-2.094395102393,0.,
    2.094395102393,4.188790204786,6.28318530718,8.377580409573),
.UNSPECIFIED.) CURVE() GEOMETRIC_REPRESENTATION_ITEM() 
RATIONAL_B_SPLINE_CURVE((1.,0.5,1.,0.5,1.,0.5,1.)) REPRESENTATION_ITEM(
  '') );
#15103 = CARTESIAN_POINT('',(0.55,-7.105427357601E-15));
#15104 = CARTESIAN_POINT('',(0.55,-0.952627944163));
#15105 = CARTESIAN_POINT('',(-0.275,-0.476313972081));
#15106 = CARTESIAN_POINT('',(-1.1,-7.240138505507E-15));
#15107 = CARTESIAN_POINT('',(-0.275,0.476313972081));
#15108 = CARTESIAN_POINT('',(0.55,0.952627944163));
#15109 = CARTESIAN_POINT('',(0.55,-7.105427357601E-15));
#15110 = ( GEOMETRIC_REPRESENTATION_CONTEXT(2) 
PARAMETRIC_REPRESENTATION_CONTEXT() REPRESENTATION_CONTEXT('2D SPACE',''
  ) );
#15111 = PCURVE('',#13400,#15112);
#15112 = DEFINITIONAL_REPRESENTATION('',(#15113),#15117);
#15113 = LINE('',#15114,#15115);
#15114 = CARTESIAN_POINT('',(-6.28318530718,-2.35));
#15115 = VECTOR('',#15116,1.);
#15116 = DIRECTION('',(1.,-0.));
#15117 = ( GEOMETRIC_REPRESENTATION_CONTEXT(2) 
PARAMETRIC_REPRESENTATION_CONTEXT() REPRESENTATION_CONTEXT('2D SPACE',''
  ) );
#15118 = ADVANCED_FACE('',(#15119),#13400,.T.);
#15119 = FACE_BOUND('',#15120,.F.);
#15120 = EDGE_LOOP('',(#15121,#15122,#15123,#15145));
#15121 = ORIENTED_EDGE('',*,*,#15093,.T.);
#15122 = ORIENTED_EDGE('',*,*,#13385,.F.);
#15123 = ORIENTED_EDGE('',*,*,#15124,.T.);
#15124 = EDGE_CURVE('',#13386,#13503,#15125,.T.);
#15125 = SURFACE_CURVE('',#15126,(#15131,#15138),.PCURVE_S1.);
#15126 = CIRCLE('',#15127,0.55);
#15127 = AXIS2_PLACEMENT_3D('',#15128,#15129,#15130);
#15128 = CARTESIAN_POINT('',(12.438,53.1835,27.55));
#15129 = DIRECTION('',(0.,0.,1.));
#15130 = DIRECTION('',(1.,0.,0.));
#15131 = PCURVE('',#13400,#15132);
#15132 = DEFINITIONAL_REPRESENTATION('',(#15133),#15137);
#15133 = LINE('',#15134,#15135);
#15134 = CARTESIAN_POINT('',(-0.,-2.95));
#15135 = VECTOR('',#15136,1.);
#15136 = DIRECTION('',(-1.,0.));
#15137 = ( GEOMETRIC_REPRESENTATION_CONTEXT(2) 
PARAMETRIC_REPRESENTATION_CONTEXT() REPRESENTATION_CONTEXT('2D SPACE',''
  ) );
#15138 = PCURVE('',#13426,#15139);
#15139 = DEFINITIONAL_REPRESENTATION('',(#15140),#15144);
#15140 = CIRCLE('',#15141,0.55);
#15141 = AXIS2_PLACEMENT_2D('',#15142,#15143);
#15142 = CARTESIAN_POINT('',(0.,0.));
#15143 = DIRECTION('',(1.,0.));
#15144 = ( GEOMETRIC_REPRESENTATION_CONTEXT(2) 
PARAMETRIC_REPRESENTATION_CONTEXT() REPRESENTATION_CONTEXT('2D SPACE',''
  ) );
#15145 = ORIENTED_EDGE('',*,*,#13523,.T.);
#15146 = ADVANCED_FACE('',(#15147),#13426,.F.);
#15147 = FACE_BOUND('',#15148,.F.);
#15148 = EDGE_LOOP('',(#15149,#15150,#15151,#15152));
#15149 = ORIENTED_EDGE('',*,*,#13411,.T.);
#15150 = ORIENTED_EDGE('',*,*,#15028,.T.);
#15151 = ORIENTED_EDGE('',*,*,#13502,.T.);
#15152 = ORIENTED_EDGE('',*,*,#15124,.F.);
#15153 = ADVANCED_FACE('',(#15154),#13819,.T.);
#15154 = FACE_BOUND('',#15155,.T.);
#15155 = EDGE_LOOP('',(#15156));
#15156 = ORIENTED_EDGE('',*,*,#13804,.T.);
#15157 = ADVANCED_FACE('',(#15158),#14199,.T.);
#15158 = FACE_BOUND('',#15159,.T.);
#15159 = EDGE_LOOP('',(#15160));
#15160 = ORIENTED_EDGE('',*,*,#14184,.T.);
#15161 = ADVANCED_FACE('',(#15162),#14579,.T.);
#15162 = FACE_BOUND('',#15163,.T.);
#15163 = EDGE_LOOP('',(#15164));
#15164 = ORIENTED_EDGE('',*,*,#14564,.T.);
#15165 = ADVANCED_FACE('',(#15166),#14959,.T.);
#15166 = FACE_BOUND('',#15167,.T.);
#15167 = EDGE_LOOP('',(#15168));
#15168 = ORIENTED_EDGE('',*,*,#14944,.T.);
#15169 = ( GEOMETRIC_REPRESENTATION_CONTEXT(3) 
GLOBAL_UNCERTAINTY_ASSIGNED_CONTEXT((#15173)) 
GLOBAL_UNIT_ASSIGNED_CONTEXT((#15170,#15171,#15172)) 
REPRESENTATION_CONTEXT('Context #1',
  '3D Context with UNIT and UNCERTAINTY') );
#15170 = ( LENGTH_UNIT() NAMED_UNIT(*) SI_UNIT(.MILLI.,.METRE.) );
#15171 = ( NAMED_UNIT(*) PLANE_ANGLE_UNIT() SI_UNIT($,.RADIAN.) );
#15172 = ( NAMED_UNIT(*) SI_UNIT($,.STERADIAN.) SOLID_ANGLE_UNIT() );
#15173 = UNCERTAINTY_MEASURE_WITH_UNIT(LENGTH_MEASURE(5.E-06),#15170,
  'distance_accuracy_value','confusion accuracy');
#15174 = PRODUCT_RELATED_PRODUCT_CATEGORY('part',$,(#7));
ENDSEC;
END-ISO-10303-21;
