ISO-10303-21;
HEADER;
FILE_DESCRIPTION(('Open CASCADE Model'),'2;1');
FILE_NAME('Open CASCADE Shape Model','2026-08-18T11:08:33',('Author'),(
    'Open CASCADE'),'Open CASCADE STEP processor 7.9','Open CASCADE 7.9'
  ,'Unknown');
FILE_SCHEMA(('AUTOMOTIVE_DESIGN { 1 0 10303 214 1 1 1 1 }'));
ENDSEC;
DATA;
#1 = APPLICATION_PROTOCOL_DEFINITION('international standard',
  'automotive_design',2000,#2);
#2 = APPLICATION_CONTEXT(
  'core data for automotive mechanical design processes');
#3 = SHAPE_DEFINITION_REPRESENTATION(#4,#10);
#4 = PRODUCT_DEFINITION_SHAPE('','',#5);
#5 = PRODUCT_DEFINITION('design','',#6,#9);
#6 = PRODUCT_DEFINITION_FORMATION('','',#7);
#7 = PRODUCT('Open CASCADE STEP translator 7.9 2',
  'Open CASCADE STEP translator 7.9 2','',(#8));
#8 = PRODUCT_CONTEXT('',#2,'mechanical');
#9 = PRODUCT_DEFINITION_CONTEXT('part definition',#2,'design');
#10 = ADVANCED_BREP_SHAPE_REPRESENTATION('',(#11,#15),#16169);
#11 = AXIS2_PLACEMENT_3D('',#12,#13,#14);
#12 = CARTESIAN_POINT('',(0.,0.,0.));
#13 = DIRECTION('',(0.,0.,1.));
#14 = DIRECTION('',(1.,0.,-0.));
#15 = MANIFOLD_SOLID_BREP('',#16);
#16 = CLOSED_SHELL('',(#17,#131,#211,#362,#437,#587,#663,#720,#793,#841,
    #1122,#1195,#1247,#1548,#1598,#1644,#2043,#2099,#2234,#2346,#2402,
    #2505,#2559,#2635,#2733,#2838,#2914,#3054,#3652,#3703,#3776,#3879,
    #3933,#4009,#4107,#4161,#4237,#4311,#4358,#4405,#4430,#4457,#4484,
    #4511,#4538,#4590,#4614,#4640,#4646,#4693,#4700,#4784,#4816,#4897,
    #4949,#5032,#5091,#5167,#5248,#5272,#5298,#5304,#5380,#5435,#5490,
    #5544,#5598,#5653,#5708,#5740,#5792,#5843,#5889,#5970,#5996,#6002,
    #6008,#6032,#6118,#6150,#6231,#6334,#6366,#6447,#6528,#6729,#6736,
    #6795,#6881,#6962,#7011,#7043,#7119,#7168,#7222,#7271,#7325,#7379,
    #7557,#7692,#7722,#7769,#7796,#7823,#7850,#7877,#7904,#7931,#7938,
    #7992,#8041,#8090,#8144,#8276,#8308,#8654,#8730,#8784,#8865,#8919,
    #8968,#8995,#9156,#9227,#9310,#9359,#9545,#9696,#9747,#9779,#9826,
    #9853,#9912,#9939,#10105,#10159,#10206,#10288,#10415,#10422,#10498,
    #10523,#10650,#10704,#10734,#10782,#10861,#10965,#11014,#11086,
    #11190,#11239,#11311,#11388,#11437,#11487,#11514,#11590,#11615,
    #11663,#11670,#11697,#11751,#11805,#11981,#11988,#12013,#12089,
    #12219,#12268,#12402,#12429,#12534,#12561,#12568,#12653,#12680,
    #12707,#12757,#12784,#12788,#12922,#13008,#13062,#13136,#13185,
    #13212,#13239,#13266,#13293,#13300,#13327,#13334,#13341,#13417,
    #13469,#13523,#13550,#13624,#13673,#13700,#13753,#13757,#13903,
    #13950,#13977,#14105,#14398,#14405,#14452,#14459,#14513,#14589,
    #14638,#14798,#14825,#14832,#14931,#14938,#14965,#15014,#15065,
    #15092,#15119,#15166,#15270,#15370,#15379,#15386,#15435,#15532,
    #15581,#15630,#15776,#15803,#15852,#15932,#15986,#16063,#16120,
    #16124,#16131,#16158,#16165));
#17 = ADVANCED_FACE('',(#18),#32,.T.);
#18 = FACE_BOUND('',#19,.T.);
#19 = EDGE_LOOP('',(#20,#55,#80,#108));
#20 = ORIENTED_EDGE('',*,*,#21,.T.);
#21 = EDGE_CURVE('',#22,#24,#26,.T.);
#22 = VERTEX_POINT('',#23);
#23 = CARTESIAN_POINT('',(-59.,-80.8,-5.E-02));
#24 = VERTEX_POINT('',#25);
#25 = CARTESIAN_POINT('',(59.,-80.8,-5.E-02));
#26 = SURFACE_CURVE('',#27,(#31,#43),.PCURVE_S1.);
#27 = LINE('',#28,#29);
#28 = CARTESIAN_POINT('',(-59.8,-80.8,-5.E-02));
#29 = VECTOR('',#30,1.);
#30 = DIRECTION('',(1.,0.,0.));
#31 = PCURVE('',#32,#37);
#32 = PLANE('',#33);
#33 = AXIS2_PLACEMENT_3D('',#34,#35,#36);
#34 = CARTESIAN_POINT('',(-60.6,-81.6,0.75));
#35 = DIRECTION('',(0.,-0.707106781187,-0.707106781187));
#36 = DIRECTION('',(1.,0.,0.));
#37 = DEFINITIONAL_REPRESENTATION('',(#38),#42);
#38 = LINE('',#39,#40);
#39 = CARTESIAN_POINT('',(0.8,-1.131370849898));
#40 = VECTOR('',#41,1.);
#41 = DIRECTION('',(1.,0.));
#42 = ( GEOMETRIC_REPRESENTATION_CONTEXT(2) 
PARAMETRIC_REPRESENTATION_CONTEXT() REPRESENTATION_CONTEXT('2D SPACE',''
  ) );
#43 = PCURVE('',#44,#49);
#44 = PLANE('',#45);
#45 = AXIS2_PLACEMENT_3D('',#46,#47,#48);
#46 = CARTESIAN_POINT('',(-59.,-80.8,-5.E-02));
#47 = DIRECTION('',(3.560465243493E-23,-4.301463101139E-20,1.));
#48 = DIRECTION('',(0.591833842845,0.806059986889,3.46513008708E-20));
#49 = DEFINITIONAL_REPRESENTATION('',(#50),#54);
#50 = LINE('',#51,#52);
#51 = CARTESIAN_POINT('',(-0.473467074276,0.644847989511));
#52 = VECTOR('',#53,1.);
#53 = DIRECTION('',(0.591833842845,-0.806059986889));
#54 = ( GEOMETRIC_REPRESENTATION_CONTEXT(2) 
PARAMETRIC_REPRESENTATION_CONTEXT() REPRESENTATION_CONTEXT('2D SPACE',''
  ) );
#55 = ORIENTED_EDGE('',*,*,#56,.T.);
#56 = EDGE_CURVE('',#24,#57,#59,.T.);
#57 = VERTEX_POINT('',#58);
#58 = CARTESIAN_POINT('',(59.,-81.6,0.75));
#59 = SURFACE_CURVE('',#60,(#63,#69),.PCURVE_S1.);
#60 = B_SPLINE_CURVE_WITH_KNOTS('',1,(#61,#62),.UNSPECIFIED.,.F.,.F.,(2,
    2),(0.,1.),.PIECEWISE_BEZIER_KNOTS.);
#61 = CARTESIAN_POINT('',(59.,-80.8,-5.E-02));
#62 = CARTESIAN_POINT('',(59.,-81.6,0.75));
#63 = PCURVE('',#32,#64);
#64 = DEFINITIONAL_REPRESENTATION('',(#65),#68);
#65 = B_SPLINE_CURVE_WITH_KNOTS('',1,(#66,#67),.UNSPECIFIED.,.F.,.F.,(2,
    2),(0.,1.),.PIECEWISE_BEZIER_KNOTS.);
#66 = CARTESIAN_POINT('',(119.6,-1.131370849898));
#67 = CARTESIAN_POINT('',(119.6,0.));
#68 = ( GEOMETRIC_REPRESENTATION_CONTEXT(2) 
PARAMETRIC_REPRESENTATION_CONTEXT() REPRESENTATION_CONTEXT('2D SPACE',''
  ) );
#69 = PCURVE('',#70,#75);
#70 = CONICAL_SURFACE('',#71,0.8,0.785398163397);
#71 = AXIS2_PLACEMENT_3D('',#72,#73,#74);
#72 = CARTESIAN_POINT('',(59.,-80.,-5.E-02));
#73 = DIRECTION('',(0.,0.,1.));
#74 = DIRECTION('',(0.,-1.,0.));
#75 = DEFINITIONAL_REPRESENTATION('',(#76),#79);
#76 = B_SPLINE_CURVE_WITH_KNOTS('',1,(#77,#78),.UNSPECIFIED.,.F.,.F.,(2,
    2),(0.,1.),.PIECEWISE_BEZIER_KNOTS.);
#77 = CARTESIAN_POINT('',(0.,0.));
#78 = CARTESIAN_POINT('',(0.,0.8));
#79 = ( GEOMETRIC_REPRESENTATION_CONTEXT(2) 
PARAMETRIC_REPRESENTATION_CONTEXT() REPRESENTATION_CONTEXT('2D SPACE',''
  ) );
#80 = ORIENTED_EDGE('',*,*,#81,.F.);
#81 = EDGE_CURVE('',#82,#57,#84,.T.);
#82 = VERTEX_POINT('',#83);
#83 = CARTESIAN_POINT('',(-59.,-81.6,0.75));
#84 = SURFACE_CURVE('',#85,(#89,#96),.PCURVE_S1.);
#85 = LINE('',#86,#87);
#86 = CARTESIAN_POINT('',(-60.6,-81.6,0.75));
#87 = VECTOR('',#88,1.);
#88 = DIRECTION('',(1.,0.,0.));
#89 = PCURVE('',#32,#90);
#90 = DEFINITIONAL_REPRESENTATION('',(#91),#95);
#91 = LINE('',#92,#93);
#92 = CARTESIAN_POINT('',(0.,0.));
#93 = VECTOR('',#94,1.);
#94 = DIRECTION('',(1.,0.));
#95 = ( GEOMETRIC_REPRESENTATION_CONTEXT(2) 
PARAMETRIC_REPRESENTATION_CONTEXT() REPRESENTATION_CONTEXT('2D SPACE',''
  ) );
#96 = PCURVE('',#97,#102);
#97 = PLANE('',#98);
#98 = AXIS2_PLACEMENT_3D('',#99,#100,#101);
#99 = CARTESIAN_POINT('',(-60.6,-81.6,2.55));
#100 = DIRECTION('',(0.,-1.,0.));
#101 = DIRECTION('',(1.,0.,0.));
#102 = DEFINITIONAL_REPRESENTATION('',(#103),#107);
#103 = LINE('',#104,#105);
#104 = CARTESIAN_POINT('',(0.,-1.8));
#105 = VECTOR('',#106,1.);
#106 = DIRECTION('',(1.,0.));
#107 = ( GEOMETRIC_REPRESENTATION_CONTEXT(2) 
PARAMETRIC_REPRESENTATION_CONTEXT() REPRESENTATION_CONTEXT('2D SPACE',''
  ) );
#108 = ORIENTED_EDGE('',*,*,#109,.F.);
#109 = EDGE_CURVE('',#22,#82,#110,.T.);
#110 = SURFACE_CURVE('',#111,(#114,#120),.PCURVE_S1.);
#111 = B_SPLINE_CURVE_WITH_KNOTS('',1,(#112,#113),.UNSPECIFIED.,.F.,.F.,
  (2,2),(0.,1.),.PIECEWISE_BEZIER_KNOTS.);
#112 = CARTESIAN_POINT('',(-59.,-80.8,-5.E-02));
#113 = CARTESIAN_POINT('',(-59.,-81.6,0.75));
#114 = PCURVE('',#32,#115);
#115 = DEFINITIONAL_REPRESENTATION('',(#116),#119);
#116 = B_SPLINE_CURVE_WITH_KNOTS('',1,(#117,#118),.UNSPECIFIED.,.F.,.F.,
  (2,2),(0.,1.),.PIECEWISE_BEZIER_KNOTS.);
#117 = CARTESIAN_POINT('',(1.6,-1.131370849898));
#118 = CARTESIAN_POINT('',(1.6,0.));
#119 = ( GEOMETRIC_REPRESENTATION_CONTEXT(2) 
PARAMETRIC_REPRESENTATION_CONTEXT() REPRESENTATION_CONTEXT('2D SPACE',''
  ) );
#120 = PCURVE('',#121,#126);
#121 = CONICAL_SURFACE('',#122,0.8,0.785398163397);
#122 = AXIS2_PLACEMENT_3D('',#123,#124,#125);
#123 = CARTESIAN_POINT('',(-59.,-80.,-5.E-02));
#124 = DIRECTION('',(0.,0.,1.));
#125 = DIRECTION('',(0.,-1.,0.));
#126 = DEFINITIONAL_REPRESENTATION('',(#127),#130);
#127 = B_SPLINE_CURVE_WITH_KNOTS('',1,(#128,#129),.UNSPECIFIED.,.F.,.F.,
  (2,2),(0.,1.),.PIECEWISE_BEZIER_KNOTS.);
#128 = CARTESIAN_POINT('',(6.28318530718,0.));
#129 = CARTESIAN_POINT('',(6.28318530718,0.8));
#130 = ( GEOMETRIC_REPRESENTATION_CONTEXT(2) 
PARAMETRIC_REPRESENTATION_CONTEXT() REPRESENTATION_CONTEXT('2D SPACE',''
  ) );
#131 = ADVANCED_FACE('',(#132),#44,.F.);
#132 = FACE_BOUND('',#133,.F.);
#133 = EDGE_LOOP('',(#134,#162,#163,#187));
#134 = ORIENTED_EDGE('',*,*,#135,.F.);
#135 = EDGE_CURVE('',#22,#136,#138,.T.);
#136 = VERTEX_POINT('',#137);
#137 = CARTESIAN_POINT('',(-59.17776388834,-80.78,-5.E-02));
#138 = SURFACE_CURVE('',#139,(#144,#155),.PCURVE_S1.);
#139 = CIRCLE('',#140,0.8);
#140 = AXIS2_PLACEMENT_3D('',#141,#142,#143);
#141 = CARTESIAN_POINT('',(-59.,-80.,-5.E-02));
#142 = DIRECTION('',(-0.,-0.,-1.));
#143 = DIRECTION('',(0.,-1.,0.));
#144 = PCURVE('',#44,#145);
#145 = DEFINITIONAL_REPRESENTATION('',(#146),#154);
#146 = ( BOUNDED_CURVE() B_SPLINE_CURVE(2,(#147,#148,#149,#150,#151,#152
,#153),.UNSPECIFIED.,.T.,.F.) B_SPLINE_CURVE_WITH_KNOTS((1,2,2,2,2,1),(
    -2.094395102393,0.,2.094395102393,4.188790204786,6.28318530718,
8.377580409573),.UNSPECIFIED.) CURVE() GEOMETRIC_REPRESENTATION_ITEM() 
RATIONAL_B_SPLINE_CURVE((1.,0.5,1.,0.5,1.,0.5,1.)) REPRESENTATION_ITEM(
  '') );
#147 = CARTESIAN_POINT('',(0.,0.));
#148 = CARTESIAN_POINT('',(-0.820069028357,1.116909480992));
#149 = CARTESIAN_POINT('',(0.557237470088,1.26865535191));
#150 = CARTESIAN_POINT('',(1.934543968534,1.420401222828));
#151 = CARTESIAN_POINT('',(1.377306498445,0.151745870918));
#152 = CARTESIAN_POINT('',(0.820069028357,-1.116909480992));
#153 = CARTESIAN_POINT('',(0.,0.));
#154 = ( GEOMETRIC_REPRESENTATION_CONTEXT(2) 
PARAMETRIC_REPRESENTATION_CONTEXT() REPRESENTATION_CONTEXT('2D SPACE',''
  ) );
#155 = PCURVE('',#121,#156);
#156 = DEFINITIONAL_REPRESENTATION('',(#157),#161);
#157 = LINE('',#158,#159);
#158 = CARTESIAN_POINT('',(6.28318530718,0.));
#159 = VECTOR('',#160,1.);
#160 = DIRECTION('',(-1.,0.));
#161 = ( GEOMETRIC_REPRESENTATION_CONTEXT(2) 
PARAMETRIC_REPRESENTATION_CONTEXT() REPRESENTATION_CONTEXT('2D SPACE',''
  ) );
#162 = ORIENTED_EDGE('',*,*,#21,.T.);
#163 = ORIENTED_EDGE('',*,*,#164,.T.);
#164 = EDGE_CURVE('',#24,#165,#167,.T.);
#165 = VERTEX_POINT('',#166);
#166 = CARTESIAN_POINT('',(59.177763888346,-80.78,-5.E-02));
#167 = SURFACE_CURVE('',#168,(#173,#180),.PCURVE_S1.);
#168 = CIRCLE('',#169,0.8);
#169 = AXIS2_PLACEMENT_3D('',#170,#171,#172);
#170 = CARTESIAN_POINT('',(59.,-80.,-5.E-02));
#171 = DIRECTION('',(0.,0.,1.));
#172 = DIRECTION('',(0.,-1.,0.));
#173 = PCURVE('',#44,#174);
#174 = DEFINITIONAL_REPRESENTATION('',(#175),#179);
#175 = CIRCLE('',#176,0.8);
#176 = AXIS2_PLACEMENT_2D('',#177,#178);
#177 = CARTESIAN_POINT('',(70.481241445199,-94.64161137863));
#178 = DIRECTION('',(-0.806059986889,-0.591833842845));
#179 = ( GEOMETRIC_REPRESENTATION_CONTEXT(2) 
PARAMETRIC_REPRESENTATION_CONTEXT() REPRESENTATION_CONTEXT('2D SPACE',''
  ) );
#180 = PCURVE('',#70,#181);
#181 = DEFINITIONAL_REPRESENTATION('',(#182),#186);
#182 = LINE('',#183,#184);
#183 = CARTESIAN_POINT('',(0.,0.));
#184 = VECTOR('',#185,1.);
#185 = DIRECTION('',(1.,0.));
#186 = ( GEOMETRIC_REPRESENTATION_CONTEXT(2) 
PARAMETRIC_REPRESENTATION_CONTEXT() REPRESENTATION_CONTEXT('2D SPACE',''
  ) );
#187 = ORIENTED_EDGE('',*,*,#188,.T.);
#188 = EDGE_CURVE('',#165,#136,#189,.T.);
#189 = SURFACE_CURVE('',#190,(#194,#200),.PCURVE_S1.);
#190 = LINE('',#191,#192);
#191 = CARTESIAN_POINT('',(-59.39,-80.78,-5.E-02));
#192 = VECTOR('',#193,1.);
#193 = DIRECTION('',(-1.,0.,3.560465243493E-23));
#194 = PCURVE('',#44,#195);
#195 = DEFINITIONAL_REPRESENTATION('',(#196),#199);
#196 = B_SPLINE_CURVE_WITH_KNOTS('',1,(#197,#198),.UNSPECIFIED.,.F.,.F.,
  (2,2),(-118.8097821602,-0.100605920399),.PIECEWISE_BEZIER_KNOTS.);
#197 = CARTESIAN_POINT('',(70.100955944479,-95.44161137863));
#198 = CARTESIAN_POINT('',(-0.155152010489,0.245105664866));
#199 = ( GEOMETRIC_REPRESENTATION_CONTEXT(2) 
PARAMETRIC_REPRESENTATION_CONTEXT() REPRESENTATION_CONTEXT('2D SPACE',''
  ) );
#200 = PCURVE('',#201,#206);
#201 = PLANE('',#202);
#202 = AXIS2_PLACEMENT_3D('',#203,#204,#205);
#203 = CARTESIAN_POINT('',(-59.78,-80.78,-0.5));
#204 = DIRECTION('',(0.,1.,0.));
#205 = DIRECTION('',(1.,0.,0.));
#206 = DEFINITIONAL_REPRESENTATION('',(#207),#210);
#207 = B_SPLINE_CURVE_WITH_KNOTS('',1,(#208,#209),.UNSPECIFIED.,.F.,.F.,
  (2,2),(-118.8097821602,-0.100605920399),.PIECEWISE_BEZIER_KNOTS.);
#208 = CARTESIAN_POINT('',(119.19978216024,-0.45));
#209 = CARTESIAN_POINT('',(0.490605920399,-0.45));
#210 = ( GEOMETRIC_REPRESENTATION_CONTEXT(2) 
PARAMETRIC_REPRESENTATION_CONTEXT() REPRESENTATION_CONTEXT('2D SPACE',''
  ) );
#211 = ADVANCED_FACE('',(#212),#70,.T.);
#212 = FACE_BOUND('',#213,.T.);
#213 = EDGE_LOOP('',(#214,#215,#216,#246,#281,#310,#335));
#214 = ORIENTED_EDGE('',*,*,#56,.F.);
#215 = ORIENTED_EDGE('',*,*,#164,.T.);
#216 = ORIENTED_EDGE('',*,*,#217,.T.);
#217 = EDGE_CURVE('',#165,#218,#220,.T.);
#218 = VERTEX_POINT('',#219);
#219 = CARTESIAN_POINT('',(59.78,-80.78,0.253086578651));
#220 = SURFACE_CURVE('',#221,(#226,#239),.PCURVE_S1.);
#221 = HYPERBOLA('',#222,0.78,0.78);
#222 = AXIS2_PLACEMENT_3D('',#223,#224,#225);
#223 = CARTESIAN_POINT('',(59.,-80.78,-0.85));
#224 = DIRECTION('',(0.,1.,0.));
#225 = DIRECTION('',(0.,-0.,1.));
#226 = PCURVE('',#70,#227);
#227 = DEFINITIONAL_REPRESENTATION('',(#228),#238);
#228 = B_SPLINE_CURVE_WITH_KNOTS('',8,(#229,#230,#231,#232,#233,#234,
    #235,#236,#237),.UNSPECIFIED.,.F.,.F.,(9,9),(0.225974298245,
    1.346072072827),.PIECEWISE_BEZIER_KNOTS.);
#229 = CARTESIAN_POINT('',(0.224075285302,-3.573530360512E-16));
#230 = CARTESIAN_POINT('',(0.360587201579,2.488911696721E-02));
#231 = CARTESIAN_POINT('',(0.492244199536,6.770136483141E-02));
#232 = CARTESIAN_POINT('',(0.615381814395,0.129180210763));
#233 = CARTESIAN_POINT('',(0.727229558937,0.210818769896));
#234 = CARTESIAN_POINT('',(0.82712248615,0.314906079461));
#235 = CARTESIAN_POINT('',(0.915524736991,0.444653009879));
#236 = CARTESIAN_POINT('',(0.993316197121,0.60440337712));
#237 = CARTESIAN_POINT('',(1.06157215526,0.8));
#238 = ( GEOMETRIC_REPRESENTATION_CONTEXT(2) 
PARAMETRIC_REPRESENTATION_CONTEXT() REPRESENTATION_CONTEXT('2D SPACE',''
  ) );
#239 = PCURVE('',#201,#240);
#240 = DEFINITIONAL_REPRESENTATION('',(#241),#245);
#241 = ( BOUNDED_CURVE() B_SPLINE_CURVE(2,(#242,#243,#244),
.UNSPECIFIED.,.F.,.F.) B_SPLINE_CURVE_WITH_KNOTS((3,3),(0.225974298245,
1.346072072827),.PIECEWISE_BEZIER_KNOTS.) CURVE() 
GEOMETRIC_REPRESENTATION_ITEM() RATIONAL_B_SPLINE_CURVE((1.,
1.160969613846,1.)) REPRESENTATION_ITEM('') );
#242 = CARTESIAN_POINT('',(118.95776388834,-0.45));
#243 = CARTESIAN_POINT('',(119.36417485183,-0.54030649142));
#244 = CARTESIAN_POINT('',(120.1769967788,-1.25));
#245 = ( GEOMETRIC_REPRESENTATION_CONTEXT(2) 
PARAMETRIC_REPRESENTATION_CONTEXT() REPRESENTATION_CONTEXT('2D SPACE',''
  ) );
#246 = ORIENTED_EDGE('',*,*,#247,.T.);
#247 = EDGE_CURVE('',#218,#248,#250,.T.);
#248 = VERTEX_POINT('',#249);
#249 = CARTESIAN_POINT('',(59.78,-80.17776388834,-5.E-02));
#250 = SURFACE_CURVE('',#251,(#256,#269),.PCURVE_S1.);
#251 = HYPERBOLA('',#252,0.78,0.78);
#252 = AXIS2_PLACEMENT_3D('',#253,#254,#255);
#253 = CARTESIAN_POINT('',(59.78,-80.,-0.85));
#254 = DIRECTION('',(-1.,0.,0.));
#255 = DIRECTION('',(0.,0.,1.));
#256 = PCURVE('',#70,#257);
#257 = DEFINITIONAL_REPRESENTATION('',(#258),#268);
#258 = B_SPLINE_CURVE_WITH_KNOTS('',8,(#259,#260,#261,#262,#263,#264,
    #265,#266,#267),.UNSPECIFIED.,.F.,.F.,(9,9),(-1.346072072827,
    -0.225974298245),.PIECEWISE_BEZIER_KNOTS.);
#259 = CARTESIAN_POINT('',(0.509224171535,0.8));
#260 = CARTESIAN_POINT('',(0.577480129674,0.60440337712));
#261 = CARTESIAN_POINT('',(0.655271589802,0.444653009879));
#262 = CARTESIAN_POINT('',(0.743673840647,0.31490607946));
#263 = CARTESIAN_POINT('',(0.843566767859,0.210818769894));
#264 = CARTESIAN_POINT('',(0.955414512402,0.129180210762));
#265 = CARTESIAN_POINT('',(1.078552127258,6.770136483149E-02));
#266 = CARTESIAN_POINT('',(1.210209125216,2.488911696721E-02));
#267 = CARTESIAN_POINT('',(1.346721041493,-3.573530360512E-16));
#268 = ( GEOMETRIC_REPRESENTATION_CONTEXT(2) 
PARAMETRIC_REPRESENTATION_CONTEXT() REPRESENTATION_CONTEXT('2D SPACE',''
  ) );
#269 = PCURVE('',#270,#275);
#270 = PLANE('',#271);
#271 = AXIS2_PLACEMENT_3D('',#272,#273,#274);
#272 = CARTESIAN_POINT('',(59.78,-80.78,-0.5));
#273 = DIRECTION('',(-1.,0.,0.));
#274 = DIRECTION('',(0.,1.,0.));
#275 = DEFINITIONAL_REPRESENTATION('',(#276),#280);
#276 = ( BOUNDED_CURVE() B_SPLINE_CURVE(2,(#277,#278,#279),
.UNSPECIFIED.,.F.,.F.) B_SPLINE_CURVE_WITH_KNOTS((3,3),(-1.346072072827,
-0.225974298245),.PIECEWISE_BEZIER_KNOTS.) CURVE() 
GEOMETRIC_REPRESENTATION_ITEM() RATIONAL_B_SPLINE_CURVE((1.,
1.160969613846,1.)) REPRESENTATION_ITEM('') );
#277 = CARTESIAN_POINT('',(-0.616996778808,-1.25));
#278 = CARTESIAN_POINT('',(0.195825148166,-0.54030649142));
#279 = CARTESIAN_POINT('',(0.602236111654,-0.45));
#280 = ( GEOMETRIC_REPRESENTATION_CONTEXT(2) 
PARAMETRIC_REPRESENTATION_CONTEXT() REPRESENTATION_CONTEXT('2D SPACE',''
  ) );
#281 = ORIENTED_EDGE('',*,*,#282,.T.);
#282 = EDGE_CURVE('',#248,#283,#285,.T.);
#283 = VERTEX_POINT('',#284);
#284 = CARTESIAN_POINT('',(59.8,-80.,-5.E-02));
#285 = SURFACE_CURVE('',#286,(#291,#298),.PCURVE_S1.);
#286 = CIRCLE('',#287,0.8);
#287 = AXIS2_PLACEMENT_3D('',#288,#289,#290);
#288 = CARTESIAN_POINT('',(59.,-80.,-5.E-02));
#289 = DIRECTION('',(0.,0.,1.));
#290 = DIRECTION('',(0.,-1.,0.));
#291 = PCURVE('',#70,#292);
#292 = DEFINITIONAL_REPRESENTATION('',(#293),#297);
#293 = LINE('',#294,#295);
#294 = CARTESIAN_POINT('',(0.,0.));
#295 = VECTOR('',#296,1.);
#296 = DIRECTION('',(1.,0.));
#297 = ( GEOMETRIC_REPRESENTATION_CONTEXT(2) 
PARAMETRIC_REPRESENTATION_CONTEXT() REPRESENTATION_CONTEXT('2D SPACE',''
  ) );
#298 = PCURVE('',#299,#304);
#299 = PLANE('',#300);
#300 = AXIS2_PLACEMENT_3D('',#301,#302,#303);
#301 = CARTESIAN_POINT('',(-59.,-80.8,-5.E-02));
#302 = DIRECTION('',(3.560465243493E-23,-4.301463101139E-20,1.));
#303 = DIRECTION('',(0.591833842845,0.806059986889,3.46513008708E-20));
#304 = DEFINITIONAL_REPRESENTATION('',(#305),#309);
#305 = CIRCLE('',#306,0.8);
#306 = AXIS2_PLACEMENT_2D('',#307,#308);
#307 = CARTESIAN_POINT('',(70.481241445199,-94.64161137863));
#308 = DIRECTION('',(-0.806059986889,-0.591833842845));
#309 = ( GEOMETRIC_REPRESENTATION_CONTEXT(2) 
PARAMETRIC_REPRESENTATION_CONTEXT() REPRESENTATION_CONTEXT('2D SPACE',''
  ) );
#310 = ORIENTED_EDGE('',*,*,#311,.T.);
#311 = EDGE_CURVE('',#283,#312,#314,.T.);
#312 = VERTEX_POINT('',#313);
#313 = CARTESIAN_POINT('',(60.6,-80.,0.75));
#314 = SURFACE_CURVE('',#315,(#318,#324),.PCURVE_S1.);
#315 = B_SPLINE_CURVE_WITH_KNOTS('',1,(#316,#317),.UNSPECIFIED.,.F.,.F.,
  (2,2),(0.,1.),.PIECEWISE_BEZIER_KNOTS.);
#316 = CARTESIAN_POINT('',(59.8,-80.,-5.E-02));
#317 = CARTESIAN_POINT('',(60.6,-80.,0.75));
#318 = PCURVE('',#70,#319);
#319 = DEFINITIONAL_REPRESENTATION('',(#320),#323);
#320 = B_SPLINE_CURVE_WITH_KNOTS('',1,(#321,#322),.UNSPECIFIED.,.F.,.F.,
  (2,2),(0.,1.),.PIECEWISE_BEZIER_KNOTS.);
#321 = CARTESIAN_POINT('',(1.570796326795,0.));
#322 = CARTESIAN_POINT('',(1.570796326795,0.8));
#323 = ( GEOMETRIC_REPRESENTATION_CONTEXT(2) 
PARAMETRIC_REPRESENTATION_CONTEXT() REPRESENTATION_CONTEXT('2D SPACE',''
  ) );
#324 = PCURVE('',#325,#330);
#325 = PLANE('',#326);
#326 = AXIS2_PLACEMENT_3D('',#327,#328,#329);
#327 = CARTESIAN_POINT('',(60.6,-81.6,0.75));
#328 = DIRECTION('',(0.707106781187,0.,-0.707106781187));
#329 = DIRECTION('',(0.,1.,0.));
#330 = DEFINITIONAL_REPRESENTATION('',(#331),#334);
#331 = B_SPLINE_CURVE_WITH_KNOTS('',1,(#332,#333),.UNSPECIFIED.,.F.,.F.,
  (2,2),(0.,1.),.PIECEWISE_BEZIER_KNOTS.);
#332 = CARTESIAN_POINT('',(1.6,-1.131370849898));
#333 = CARTESIAN_POINT('',(1.6,0.));
#334 = ( GEOMETRIC_REPRESENTATION_CONTEXT(2) 
PARAMETRIC_REPRESENTATION_CONTEXT() REPRESENTATION_CONTEXT('2D SPACE',''
  ) );
#335 = ORIENTED_EDGE('',*,*,#336,.F.);
#336 = EDGE_CURVE('',#57,#312,#337,.T.);
#337 = SURFACE_CURVE('',#338,(#343,#350),.PCURVE_S1.);
#338 = CIRCLE('',#339,1.6);
#339 = AXIS2_PLACEMENT_3D('',#340,#341,#342);
#340 = CARTESIAN_POINT('',(59.,-80.,0.75));
#341 = DIRECTION('',(0.,0.,1.));
#342 = DIRECTION('',(0.,-1.,0.));
#343 = PCURVE('',#70,#344);
#344 = DEFINITIONAL_REPRESENTATION('',(#345),#349);
#345 = LINE('',#346,#347);
#346 = CARTESIAN_POINT('',(0.,0.8));
#347 = VECTOR('',#348,1.);
#348 = DIRECTION('',(1.,0.));
#349 = ( GEOMETRIC_REPRESENTATION_CONTEXT(2) 
PARAMETRIC_REPRESENTATION_CONTEXT() REPRESENTATION_CONTEXT('2D SPACE',''
  ) );
#350 = PCURVE('',#351,#356);
#351 = CYLINDRICAL_SURFACE('',#352,1.6);
#352 = AXIS2_PLACEMENT_3D('',#353,#354,#355);
#353 = CARTESIAN_POINT('',(59.,-80.,0.75));
#354 = DIRECTION('',(0.,0.,1.));
#355 = DIRECTION('',(0.,-1.,0.));
#356 = DEFINITIONAL_REPRESENTATION('',(#357),#361);
#357 = LINE('',#358,#359);
#358 = CARTESIAN_POINT('',(0.,0.));
#359 = VECTOR('',#360,1.);
#360 = DIRECTION('',(1.,0.));
#361 = ( GEOMETRIC_REPRESENTATION_CONTEXT(2) 
PARAMETRIC_REPRESENTATION_CONTEXT() REPRESENTATION_CONTEXT('2D SPACE',''
  ) );
#362 = ADVANCED_FACE('',(#363),#97,.T.);
#363 = FACE_BOUND('',#364,.T.);
#364 = EDGE_LOOP('',(#365,#366,#386,#414));
#365 = ORIENTED_EDGE('',*,*,#81,.T.);
#366 = ORIENTED_EDGE('',*,*,#367,.T.);
#367 = EDGE_CURVE('',#57,#368,#370,.T.);
#368 = VERTEX_POINT('',#369);
#369 = CARTESIAN_POINT('',(59.,-81.6,2.55));
#370 = SURFACE_CURVE('',#371,(#374,#380),.PCURVE_S1.);
#371 = B_SPLINE_CURVE_WITH_KNOTS('',1,(#372,#373),.UNSPECIFIED.,.F.,.F.,
  (2,2),(0.,1.),.PIECEWISE_BEZIER_KNOTS.);
#372 = CARTESIAN_POINT('',(59.,-81.6,0.75));
#373 = CARTESIAN_POINT('',(59.,-81.6,2.55));
#374 = PCURVE('',#97,#375);
#375 = DEFINITIONAL_REPRESENTATION('',(#376),#379);
#376 = B_SPLINE_CURVE_WITH_KNOTS('',1,(#377,#378),.UNSPECIFIED.,.F.,.F.,
  (2,2),(0.,1.),.PIECEWISE_BEZIER_KNOTS.);
#377 = CARTESIAN_POINT('',(119.6,-1.8));
#378 = CARTESIAN_POINT('',(119.6,0.));
#379 = ( GEOMETRIC_REPRESENTATION_CONTEXT(2) 
PARAMETRIC_REPRESENTATION_CONTEXT() REPRESENTATION_CONTEXT('2D SPACE',''
  ) );
#380 = PCURVE('',#351,#381);
#381 = DEFINITIONAL_REPRESENTATION('',(#382),#385);
#382 = B_SPLINE_CURVE_WITH_KNOTS('',1,(#383,#384),.UNSPECIFIED.,.F.,.F.,
  (2,2),(0.,1.),.PIECEWISE_BEZIER_KNOTS.);
#383 = CARTESIAN_POINT('',(0.,0.));
#384 = CARTESIAN_POINT('',(0.,1.8));
#385 = ( GEOMETRIC_REPRESENTATION_CONTEXT(2) 
PARAMETRIC_REPRESENTATION_CONTEXT() REPRESENTATION_CONTEXT('2D SPACE',''
  ) );
#386 = ORIENTED_EDGE('',*,*,#387,.F.);
#387 = EDGE_CURVE('',#388,#368,#390,.T.);
#388 = VERTEX_POINT('',#389);
#389 = CARTESIAN_POINT('',(-59.,-81.6,2.55));
#390 = SURFACE_CURVE('',#391,(#395,#402),.PCURVE_S1.);
#391 = LINE('',#392,#393);
#392 = CARTESIAN_POINT('',(-60.6,-81.6,2.55));
#393 = VECTOR('',#394,1.);
#394 = DIRECTION('',(1.,0.,0.));
#395 = PCURVE('',#97,#396);
#396 = DEFINITIONAL_REPRESENTATION('',(#397),#401);
#397 = LINE('',#398,#399);
#398 = CARTESIAN_POINT('',(0.,0.));
#399 = VECTOR('',#400,1.);
#400 = DIRECTION('',(1.,0.));
#401 = ( GEOMETRIC_REPRESENTATION_CONTEXT(2) 
PARAMETRIC_REPRESENTATION_CONTEXT() REPRESENTATION_CONTEXT('2D SPACE',''
  ) );
#402 = PCURVE('',#403,#408);
#403 = PLANE('',#404);
#404 = AXIS2_PLACEMENT_3D('',#405,#406,#407);
#405 = CARTESIAN_POINT('',(-62.75,-83.75,4.7));
#406 = DIRECTION('',(0.,-0.707106781187,-0.707106781187));
#407 = DIRECTION('',(1.,0.,0.));
#408 = DEFINITIONAL_REPRESENTATION('',(#409),#413);
#409 = LINE('',#410,#411);
#410 = CARTESIAN_POINT('',(2.15,-3.040559159102));
#411 = VECTOR('',#412,1.);
#412 = DIRECTION('',(1.,0.));
#413 = ( GEOMETRIC_REPRESENTATION_CONTEXT(2) 
PARAMETRIC_REPRESENTATION_CONTEXT() REPRESENTATION_CONTEXT('2D SPACE',''
  ) );
#414 = ORIENTED_EDGE('',*,*,#415,.F.);
#415 = EDGE_CURVE('',#82,#388,#416,.T.);
#416 = SURFACE_CURVE('',#417,(#420,#426),.PCURVE_S1.);
#417 = B_SPLINE_CURVE_WITH_KNOTS('',1,(#418,#419),.UNSPECIFIED.,.F.,.F.,
  (2,2),(0.,1.),.PIECEWISE_BEZIER_KNOTS.);
#418 = CARTESIAN_POINT('',(-59.,-81.6,0.75));
#419 = CARTESIAN_POINT('',(-59.,-81.6,2.55));
#420 = PCURVE('',#97,#421);
#421 = DEFINITIONAL_REPRESENTATION('',(#422),#425);
#422 = B_SPLINE_CURVE_WITH_KNOTS('',1,(#423,#424),.UNSPECIFIED.,.F.,.F.,
  (2,2),(0.,1.),.PIECEWISE_BEZIER_KNOTS.);
#423 = CARTESIAN_POINT('',(1.6,-1.8));
#424 = CARTESIAN_POINT('',(1.6,0.));
#425 = ( GEOMETRIC_REPRESENTATION_CONTEXT(2) 
PARAMETRIC_REPRESENTATION_CONTEXT() REPRESENTATION_CONTEXT('2D SPACE',''
  ) );
#426 = PCURVE('',#427,#432);
#427 = CYLINDRICAL_SURFACE('',#428,1.6);
#428 = AXIS2_PLACEMENT_3D('',#429,#430,#431);
#429 = CARTESIAN_POINT('',(-59.,-80.,0.75));
#430 = DIRECTION('',(0.,0.,1.));
#431 = DIRECTION('',(0.,-1.,0.));
#432 = DEFINITIONAL_REPRESENTATION('',(#433),#436);
#433 = B_SPLINE_CURVE_WITH_KNOTS('',1,(#434,#435),.UNSPECIFIED.,.F.,.F.,
  (2,2),(0.,1.),.PIECEWISE_BEZIER_KNOTS.);
#434 = CARTESIAN_POINT('',(6.28318530718,0.));
#435 = CARTESIAN_POINT('',(6.28318530718,1.8));
#436 = ( GEOMETRIC_REPRESENTATION_CONTEXT(2) 
PARAMETRIC_REPRESENTATION_CONTEXT() REPRESENTATION_CONTEXT('2D SPACE',''
  ) );
#437 = ADVANCED_FACE('',(#438),#121,.T.);
#438 = FACE_BOUND('',#439,.T.);
#439 = EDGE_LOOP('',(#440,#441,#442,#466,#491,#524,#559));
#440 = ORIENTED_EDGE('',*,*,#135,.F.);
#441 = ORIENTED_EDGE('',*,*,#109,.T.);
#442 = ORIENTED_EDGE('',*,*,#443,.T.);
#443 = EDGE_CURVE('',#82,#444,#446,.T.);
#444 = VERTEX_POINT('',#445);
#445 = CARTESIAN_POINT('',(-60.6,-80.,0.75));
#446 = SURFACE_CURVE('',#447,(#452,#459),.PCURVE_S1.);
#447 = CIRCLE('',#448,1.6);
#448 = AXIS2_PLACEMENT_3D('',#449,#450,#451);
#449 = CARTESIAN_POINT('',(-59.,-80.,0.75));
#450 = DIRECTION('',(-0.,-0.,-1.));
#451 = DIRECTION('',(0.,-1.,0.));
#452 = PCURVE('',#121,#453);
#453 = DEFINITIONAL_REPRESENTATION('',(#454),#458);
#454 = LINE('',#455,#456);
#455 = CARTESIAN_POINT('',(6.28318530718,0.8));
#456 = VECTOR('',#457,1.);
#457 = DIRECTION('',(-1.,0.));
#458 = ( GEOMETRIC_REPRESENTATION_CONTEXT(2) 
PARAMETRIC_REPRESENTATION_CONTEXT() REPRESENTATION_CONTEXT('2D SPACE',''
  ) );
#459 = PCURVE('',#427,#460);
#460 = DEFINITIONAL_REPRESENTATION('',(#461),#465);
#461 = LINE('',#462,#463);
#462 = CARTESIAN_POINT('',(6.28318530718,0.));
#463 = VECTOR('',#464,1.);
#464 = DIRECTION('',(-1.,0.));
#465 = ( GEOMETRIC_REPRESENTATION_CONTEXT(2) 
PARAMETRIC_REPRESENTATION_CONTEXT() REPRESENTATION_CONTEXT('2D SPACE',''
  ) );
#466 = ORIENTED_EDGE('',*,*,#467,.F.);
#467 = EDGE_CURVE('',#468,#444,#470,.T.);
#468 = VERTEX_POINT('',#469);
#469 = CARTESIAN_POINT('',(-59.8,-80.,-5.E-02));
#470 = SURFACE_CURVE('',#471,(#474,#480),.PCURVE_S1.);
#471 = B_SPLINE_CURVE_WITH_KNOTS('',1,(#472,#473),.UNSPECIFIED.,.F.,.F.,
  (2,2),(0.,1.),.PIECEWISE_BEZIER_KNOTS.);
#472 = CARTESIAN_POINT('',(-59.8,-80.,-5.E-02));
#473 = CARTESIAN_POINT('',(-60.6,-80.,0.75));
#474 = PCURVE('',#121,#475);
#475 = DEFINITIONAL_REPRESENTATION('',(#476),#479);
#476 = B_SPLINE_CURVE_WITH_KNOTS('',1,(#477,#478),.UNSPECIFIED.,.F.,.F.,
  (2,2),(0.,1.),.PIECEWISE_BEZIER_KNOTS.);
#477 = CARTESIAN_POINT('',(4.712388980385,0.));
#478 = CARTESIAN_POINT('',(4.712388980385,0.8));
#479 = ( GEOMETRIC_REPRESENTATION_CONTEXT(2) 
PARAMETRIC_REPRESENTATION_CONTEXT() REPRESENTATION_CONTEXT('2D SPACE',''
  ) );
#480 = PCURVE('',#481,#486);
#481 = PLANE('',#482);
#482 = AXIS2_PLACEMENT_3D('',#483,#484,#485);
#483 = CARTESIAN_POINT('',(-60.6,81.6,0.75));
#484 = DIRECTION('',(-0.707106781187,-0.,-0.707106781187));
#485 = DIRECTION('',(0.,-1.,0.));
#486 = DEFINITIONAL_REPRESENTATION('',(#487),#490);
#487 = B_SPLINE_CURVE_WITH_KNOTS('',1,(#488,#489),.UNSPECIFIED.,.F.,.F.,
  (2,2),(0.,1.),.PIECEWISE_BEZIER_KNOTS.);
#488 = CARTESIAN_POINT('',(161.6,-1.131370849898));
#489 = CARTESIAN_POINT('',(161.6,0.));
#490 = ( GEOMETRIC_REPRESENTATION_CONTEXT(2) 
PARAMETRIC_REPRESENTATION_CONTEXT() REPRESENTATION_CONTEXT('2D SPACE',''
  ) );
#491 = ORIENTED_EDGE('',*,*,#492,.F.);
#492 = EDGE_CURVE('',#493,#468,#495,.T.);
#493 = VERTEX_POINT('',#494);
#494 = CARTESIAN_POINT('',(-59.78,-80.17776388834,-5.E-02));
#495 = SURFACE_CURVE('',#496,(#501,#508),.PCURVE_S1.);
#496 = CIRCLE('',#497,0.8);
#497 = AXIS2_PLACEMENT_3D('',#498,#499,#500);
#498 = CARTESIAN_POINT('',(-59.,-80.,-5.E-02));
#499 = DIRECTION('',(-0.,-0.,-1.));
#500 = DIRECTION('',(0.,-1.,0.));
#501 = PCURVE('',#121,#502);
#502 = DEFINITIONAL_REPRESENTATION('',(#503),#507);
#503 = LINE('',#504,#505);
#504 = CARTESIAN_POINT('',(6.28318530718,0.));
#505 = VECTOR('',#506,1.);
#506 = DIRECTION('',(-1.,0.));
#507 = ( GEOMETRIC_REPRESENTATION_CONTEXT(2) 
PARAMETRIC_REPRESENTATION_CONTEXT() REPRESENTATION_CONTEXT('2D SPACE',''
  ) );
#508 = PCURVE('',#509,#514);
#509 = PLANE('',#510);
#510 = AXIS2_PLACEMENT_3D('',#511,#512,#513);
#511 = CARTESIAN_POINT('',(-59.,-80.8,-5.E-02));
#512 = DIRECTION('',(3.560465243493E-23,-4.301463101139E-20,1.));
#513 = DIRECTION('',(0.591833842845,0.806059986889,3.46513008708E-20));
#514 = DEFINITIONAL_REPRESENTATION('',(#515),#523);
#515 = ( BOUNDED_CURVE() B_SPLINE_CURVE(2,(#516,#517,#518,#519,#520,#521
,#522),.UNSPECIFIED.,.T.,.F.) B_SPLINE_CURVE_WITH_KNOTS((1,2,2,2,2,1),(
    -2.094395102393,0.,2.094395102393,4.188790204786,6.28318530718,
8.377580409573),.UNSPECIFIED.) CURVE() GEOMETRIC_REPRESENTATION_ITEM() 
RATIONAL_B_SPLINE_CURVE((1.,0.5,1.,0.5,1.,0.5,1.)) REPRESENTATION_ITEM(
  '') );
#516 = CARTESIAN_POINT('',(0.,0.));
#517 = CARTESIAN_POINT('',(-0.820069028357,1.116909480992));
#518 = CARTESIAN_POINT('',(0.557237470088,1.26865535191));
#519 = CARTESIAN_POINT('',(1.934543968534,1.420401222828));
#520 = CARTESIAN_POINT('',(1.377306498445,0.151745870918));
#521 = CARTESIAN_POINT('',(0.820069028357,-1.116909480992));
#522 = CARTESIAN_POINT('',(0.,0.));
#523 = ( GEOMETRIC_REPRESENTATION_CONTEXT(2) 
PARAMETRIC_REPRESENTATION_CONTEXT() REPRESENTATION_CONTEXT('2D SPACE',''
  ) );
#524 = ORIENTED_EDGE('',*,*,#525,.T.);
#525 = EDGE_CURVE('',#493,#526,#528,.T.);
#526 = VERTEX_POINT('',#527);
#527 = CARTESIAN_POINT('',(-59.78,-80.78,0.253086578651));
#528 = SURFACE_CURVE('',#529,(#534,#547),.PCURVE_S1.);
#529 = HYPERBOLA('',#530,0.78,0.78);
#530 = AXIS2_PLACEMENT_3D('',#531,#532,#533);
#531 = CARTESIAN_POINT('',(-59.78,-80.,-0.85));
#532 = DIRECTION('',(1.,0.,-0.));
#533 = DIRECTION('',(0.,0.,1.));
#534 = PCURVE('',#121,#535);
#535 = DEFINITIONAL_REPRESENTATION('',(#536),#546);
#536 = B_SPLINE_CURVE_WITH_KNOTS('',8,(#537,#538,#539,#540,#541,#542,
    #543,#544,#545),.UNSPECIFIED.,.F.,.F.,(9,9),(0.225974298245,
    1.346072072827),.PIECEWISE_BEZIER_KNOTS.);
#537 = CARTESIAN_POINT('',(4.936464265687,-3.573530360512E-16));
#538 = CARTESIAN_POINT('',(5.072976181964,2.488911696721E-02));
#539 = CARTESIAN_POINT('',(5.204633179927,6.770136483157E-02));
#540 = CARTESIAN_POINT('',(5.327770794753,0.129180210762));
#541 = CARTESIAN_POINT('',(5.439618539345,0.210818769896));
#542 = CARTESIAN_POINT('',(5.539511466512,0.31490607946));
#543 = CARTESIAN_POINT('',(5.627913717379,0.444653009879));
#544 = CARTESIAN_POINT('',(5.705705177506,0.60440337712));
#545 = CARTESIAN_POINT('',(5.773961135644,0.8));
#546 = ( GEOMETRIC_REPRESENTATION_CONTEXT(2) 
PARAMETRIC_REPRESENTATION_CONTEXT() REPRESENTATION_CONTEXT('2D SPACE',''
  ) );
#547 = PCURVE('',#548,#553);
#548 = PLANE('',#549);
#549 = AXIS2_PLACEMENT_3D('',#550,#551,#552);
#550 = CARTESIAN_POINT('',(-59.78,80.78,-0.5));
#551 = DIRECTION('',(1.,0.,-0.));
#552 = DIRECTION('',(0.,-1.,0.));
#553 = DEFINITIONAL_REPRESENTATION('',(#554),#558);
#554 = ( BOUNDED_CURVE() B_SPLINE_CURVE(2,(#555,#556,#557),
.UNSPECIFIED.,.F.,.F.) B_SPLINE_CURVE_WITH_KNOTS((3,3),(0.225974298245,
1.346072072827),.PIECEWISE_BEZIER_KNOTS.) CURVE() 
GEOMETRIC_REPRESENTATION_ITEM() RATIONAL_B_SPLINE_CURVE((1.,
1.160969613846,1.)) REPRESENTATION_ITEM('') );
#555 = CARTESIAN_POINT('',(160.95776388834,-0.45));
#556 = CARTESIAN_POINT('',(161.36417485183,-0.54030649142));
#557 = CARTESIAN_POINT('',(162.1769967788,-1.25));
#558 = ( GEOMETRIC_REPRESENTATION_CONTEXT(2) 
PARAMETRIC_REPRESENTATION_CONTEXT() REPRESENTATION_CONTEXT('2D SPACE',''
  ) );
#559 = ORIENTED_EDGE('',*,*,#560,.T.);
#560 = EDGE_CURVE('',#526,#136,#561,.T.);
#561 = SURFACE_CURVE('',#562,(#567,#580),.PCURVE_S1.);
#562 = HYPERBOLA('',#563,0.78,0.78);
#563 = AXIS2_PLACEMENT_3D('',#564,#565,#566);
#564 = CARTESIAN_POINT('',(-59.,-80.78,-0.85));
#565 = DIRECTION('',(0.,1.,0.));
#566 = DIRECTION('',(0.,-0.,1.));
#567 = PCURVE('',#121,#568);
#568 = DEFINITIONAL_REPRESENTATION('',(#569),#579);
#569 = B_SPLINE_CURVE_WITH_KNOTS('',8,(#570,#571,#572,#573,#574,#575,
    #576,#577,#578),.UNSPECIFIED.,.F.,.F.,(9,9),(-1.346072072827,
    -0.225974298245),.PIECEWISE_BEZIER_KNOTS.);
#570 = CARTESIAN_POINT('',(5.22161315192,0.8));
#571 = CARTESIAN_POINT('',(5.289869110058,0.60440337712));
#572 = CARTESIAN_POINT('',(5.367660570185,0.444653009879));
#573 = CARTESIAN_POINT('',(5.45606282102,0.31490607946));
#574 = CARTESIAN_POINT('',(5.55595574823,0.210818769897));
#575 = CARTESIAN_POINT('',(5.667803492783,0.129180210762));
#576 = CARTESIAN_POINT('',(5.790941107642,6.770136483169E-02));
#577 = CARTESIAN_POINT('',(5.922598105601,2.488911696721E-02));
#578 = CARTESIAN_POINT('',(6.059110021878,-3.573530360512E-16));
#579 = ( GEOMETRIC_REPRESENTATION_CONTEXT(2) 
PARAMETRIC_REPRESENTATION_CONTEXT() REPRESENTATION_CONTEXT('2D SPACE',''
  ) );
#580 = PCURVE('',#201,#581);
#581 = DEFINITIONAL_REPRESENTATION('',(#582),#586);
#582 = ( BOUNDED_CURVE() B_SPLINE_CURVE(2,(#583,#584,#585),
.UNSPECIFIED.,.F.,.F.) B_SPLINE_CURVE_WITH_KNOTS((3,3),(-1.346072072827,
-0.225974298245),.PIECEWISE_BEZIER_KNOTS.) CURVE() 
GEOMETRIC_REPRESENTATION_ITEM() RATIONAL_B_SPLINE_CURVE((1.,
1.160969613846,1.)) REPRESENTATION_ITEM('') );
#583 = CARTESIAN_POINT('',(-0.616996778808,-1.25));
#584 = CARTESIAN_POINT('',(0.195825148166,-0.54030649142));
#585 = CARTESIAN_POINT('',(0.602236111654,-0.45));
#586 = ( GEOMETRIC_REPRESENTATION_CONTEXT(2) 
PARAMETRIC_REPRESENTATION_CONTEXT() REPRESENTATION_CONTEXT('2D SPACE',''
  ) );
#587 = ADVANCED_FACE('',(#588),#201,.T.);
#588 = FACE_BOUND('',#589,.T.);
#589 = EDGE_LOOP('',(#590,#591,#614,#640,#661,#662));
#590 = ORIENTED_EDGE('',*,*,#560,.F.);
#591 = ORIENTED_EDGE('',*,*,#592,.T.);
#592 = EDGE_CURVE('',#526,#593,#595,.T.);
#593 = VERTEX_POINT('',#594);
#594 = CARTESIAN_POINT('',(-59.78,-80.78,4.7));
#595 = SURFACE_CURVE('',#596,(#600,#607),.PCURVE_S1.);
#596 = LINE('',#597,#598);
#597 = CARTESIAN_POINT('',(-59.78,-80.78,-0.5));
#598 = VECTOR('',#599,1.);
#599 = DIRECTION('',(0.,0.,1.));
#600 = PCURVE('',#201,#601);
#601 = DEFINITIONAL_REPRESENTATION('',(#602),#606);
#602 = LINE('',#603,#604);
#603 = CARTESIAN_POINT('',(0.,0.));
#604 = VECTOR('',#605,1.);
#605 = DIRECTION('',(0.,-1.));
#606 = ( GEOMETRIC_REPRESENTATION_CONTEXT(2) 
PARAMETRIC_REPRESENTATION_CONTEXT() REPRESENTATION_CONTEXT('2D SPACE',''
  ) );
#607 = PCURVE('',#548,#608);
#608 = DEFINITIONAL_REPRESENTATION('',(#609),#613);
#609 = LINE('',#610,#611);
#610 = CARTESIAN_POINT('',(161.56,0.));
#611 = VECTOR('',#612,1.);
#612 = DIRECTION('',(0.,-1.));
#613 = ( GEOMETRIC_REPRESENTATION_CONTEXT(2) 
PARAMETRIC_REPRESENTATION_CONTEXT() REPRESENTATION_CONTEXT('2D SPACE',''
  ) );
#614 = ORIENTED_EDGE('',*,*,#615,.F.);
#615 = EDGE_CURVE('',#616,#593,#618,.T.);
#616 = VERTEX_POINT('',#617);
#617 = CARTESIAN_POINT('',(59.78,-80.78,4.7));
#618 = SURFACE_CURVE('',#619,(#623,#629),.PCURVE_S1.);
#619 = LINE('',#620,#621);
#620 = CARTESIAN_POINT('',(-59.39,-80.78,4.7));
#621 = VECTOR('',#622,1.);
#622 = DIRECTION('',(-1.,0.,-2.00393234432E-20));
#623 = PCURVE('',#201,#624);
#624 = DEFINITIONAL_REPRESENTATION('',(#625),#628);
#625 = B_SPLINE_CURVE_WITH_KNOTS('',1,(#626,#627),.UNSPECIFIED.,.F.,.F.,
  (2,2),(-119.17,0.39),.PIECEWISE_BEZIER_KNOTS.);
#626 = CARTESIAN_POINT('',(119.56,-5.2));
#627 = CARTESIAN_POINT('',(0.,-5.2));
#628 = ( GEOMETRIC_REPRESENTATION_CONTEXT(2) 
PARAMETRIC_REPRESENTATION_CONTEXT() REPRESENTATION_CONTEXT('2D SPACE',''
  ) );
#629 = PCURVE('',#630,#635);
#630 = PLANE('',#631);
#631 = AXIS2_PLACEMENT_3D('',#632,#633,#634);
#632 = CARTESIAN_POINT('',(-59.,-83.75,4.7));
#633 = DIRECTION('',(-2.00393234432E-20,5.344959251749E-18,1.));
#634 = DIRECTION('',(0.585720260003,0.810513279979,-4.320423016751E-18)
  );
#635 = DEFINITIONAL_REPRESENTATION('',(#636),#639);
#636 = B_SPLINE_CURVE_WITH_KNOTS('',1,(#637,#638),.UNSPECIFIED.,.F.,.F.,
  (2,2),(-119.17,0.39),.PIECEWISE_BEZIER_KNOTS.);
#637 = CARTESIAN_POINT('',(71.979076924685,-94.53317822368));
#638 = CARTESIAN_POINT('',(1.950362638735,2.371789530592));
#639 = ( GEOMETRIC_REPRESENTATION_CONTEXT(2) 
PARAMETRIC_REPRESENTATION_CONTEXT() REPRESENTATION_CONTEXT('2D SPACE',''
  ) );
#640 = ORIENTED_EDGE('',*,*,#641,.F.);
#641 = EDGE_CURVE('',#218,#616,#642,.T.);
#642 = SURFACE_CURVE('',#643,(#647,#654),.PCURVE_S1.);
#643 = LINE('',#644,#645);
#644 = CARTESIAN_POINT('',(59.78,-80.78,-0.5));
#645 = VECTOR('',#646,1.);
#646 = DIRECTION('',(0.,0.,1.));
#647 = PCURVE('',#201,#648);
#648 = DEFINITIONAL_REPRESENTATION('',(#649),#653);
#649 = LINE('',#650,#651);
#650 = CARTESIAN_POINT('',(119.56,0.));
#651 = VECTOR('',#652,1.);
#652 = DIRECTION('',(0.,-1.));
#653 = ( GEOMETRIC_REPRESENTATION_CONTEXT(2) 
PARAMETRIC_REPRESENTATION_CONTEXT() REPRESENTATION_CONTEXT('2D SPACE',''
  ) );
#654 = PCURVE('',#270,#655);
#655 = DEFINITIONAL_REPRESENTATION('',(#656),#660);
#656 = LINE('',#657,#658);
#657 = CARTESIAN_POINT('',(0.,0.));
#658 = VECTOR('',#659,1.);
#659 = DIRECTION('',(0.,-1.));
#660 = ( GEOMETRIC_REPRESENTATION_CONTEXT(2) 
PARAMETRIC_REPRESENTATION_CONTEXT() REPRESENTATION_CONTEXT('2D SPACE',''
  ) );
#661 = ORIENTED_EDGE('',*,*,#217,.F.);
#662 = ORIENTED_EDGE('',*,*,#188,.T.);
#663 = ADVANCED_FACE('',(#664),#351,.T.);
#664 = FACE_BOUND('',#665,.T.);
#665 = EDGE_LOOP('',(#666,#667,#692,#719));
#666 = ORIENTED_EDGE('',*,*,#336,.T.);
#667 = ORIENTED_EDGE('',*,*,#668,.T.);
#668 = EDGE_CURVE('',#312,#669,#671,.T.);
#669 = VERTEX_POINT('',#670);
#670 = CARTESIAN_POINT('',(60.6,-80.,2.55));
#671 = SURFACE_CURVE('',#672,(#675,#681),.PCURVE_S1.);
#672 = B_SPLINE_CURVE_WITH_KNOTS('',1,(#673,#674),.UNSPECIFIED.,.F.,.F.,
  (2,2),(0.,1.),.PIECEWISE_BEZIER_KNOTS.);
#673 = CARTESIAN_POINT('',(60.6,-80.,0.75));
#674 = CARTESIAN_POINT('',(60.6,-80.,2.55));
#675 = PCURVE('',#351,#676);
#676 = DEFINITIONAL_REPRESENTATION('',(#677),#680);
#677 = B_SPLINE_CURVE_WITH_KNOTS('',1,(#678,#679),.UNSPECIFIED.,.F.,.F.,
  (2,2),(0.,1.),.PIECEWISE_BEZIER_KNOTS.);
#678 = CARTESIAN_POINT('',(1.570796326795,0.));
#679 = CARTESIAN_POINT('',(1.570796326795,1.8));
#680 = ( GEOMETRIC_REPRESENTATION_CONTEXT(2) 
PARAMETRIC_REPRESENTATION_CONTEXT() REPRESENTATION_CONTEXT('2D SPACE',''
  ) );
#681 = PCURVE('',#682,#687);
#682 = PLANE('',#683);
#683 = AXIS2_PLACEMENT_3D('',#684,#685,#686);
#684 = CARTESIAN_POINT('',(60.6,-81.6,2.55));
#685 = DIRECTION('',(1.,0.,0.));
#686 = DIRECTION('',(-0.,1.,0.));
#687 = DEFINITIONAL_REPRESENTATION('',(#688),#691);
#688 = B_SPLINE_CURVE_WITH_KNOTS('',1,(#689,#690),.UNSPECIFIED.,.F.,.F.,
  (2,2),(0.,1.),.PIECEWISE_BEZIER_KNOTS.);
#689 = CARTESIAN_POINT('',(1.6,-1.8));
#690 = CARTESIAN_POINT('',(1.6,0.));
#691 = ( GEOMETRIC_REPRESENTATION_CONTEXT(2) 
PARAMETRIC_REPRESENTATION_CONTEXT() REPRESENTATION_CONTEXT('2D SPACE',''
  ) );
#692 = ORIENTED_EDGE('',*,*,#693,.F.);
#693 = EDGE_CURVE('',#368,#669,#694,.T.);
#694 = SURFACE_CURVE('',#695,(#700,#707),.PCURVE_S1.);
#695 = CIRCLE('',#696,1.6);
#696 = AXIS2_PLACEMENT_3D('',#697,#698,#699);
#697 = CARTESIAN_POINT('',(59.,-80.,2.55));
#698 = DIRECTION('',(0.,0.,1.));
#699 = DIRECTION('',(0.,-1.,0.));
#700 = PCURVE('',#351,#701);
#701 = DEFINITIONAL_REPRESENTATION('',(#702),#706);
#702 = LINE('',#703,#704);
#703 = CARTESIAN_POINT('',(0.,1.8));
#704 = VECTOR('',#705,1.);
#705 = DIRECTION('',(1.,0.));
#706 = ( GEOMETRIC_REPRESENTATION_CONTEXT(2) 
PARAMETRIC_REPRESENTATION_CONTEXT() REPRESENTATION_CONTEXT('2D SPACE',''
  ) );
#707 = PCURVE('',#708,#713);
#708 = CONICAL_SURFACE('',#709,1.6,0.785398163397);
#709 = AXIS2_PLACEMENT_3D('',#710,#711,#712);
#710 = CARTESIAN_POINT('',(59.,-80.,2.55));
#711 = DIRECTION('',(0.,0.,1.));
#712 = DIRECTION('',(0.,-1.,0.));
#713 = DEFINITIONAL_REPRESENTATION('',(#714),#718);
#714 = LINE('',#715,#716);
#715 = CARTESIAN_POINT('',(0.,0.));
#716 = VECTOR('',#717,1.);
#717 = DIRECTION('',(1.,0.));
#718 = ( GEOMETRIC_REPRESENTATION_CONTEXT(2) 
PARAMETRIC_REPRESENTATION_CONTEXT() REPRESENTATION_CONTEXT('2D SPACE',''
  ) );
#719 = ORIENTED_EDGE('',*,*,#367,.F.);
#720 = ADVANCED_FACE('',(#721),#325,.T.);
#721 = FACE_BOUND('',#722,.T.);
#722 = EDGE_LOOP('',(#723,#746,#771,#792));
#723 = ORIENTED_EDGE('',*,*,#724,.T.);
#724 = EDGE_CURVE('',#283,#725,#727,.T.);
#725 = VERTEX_POINT('',#726);
#726 = CARTESIAN_POINT('',(59.8,80.,-5.E-02));
#727 = SURFACE_CURVE('',#728,(#732,#739),.PCURVE_S1.);
#728 = LINE('',#729,#730);
#729 = CARTESIAN_POINT('',(59.8,-80.8,-5.E-02));
#730 = VECTOR('',#731,1.);
#731 = DIRECTION('',(0.,1.,0.));
#732 = PCURVE('',#325,#733);
#733 = DEFINITIONAL_REPRESENTATION('',(#734),#738);
#734 = LINE('',#735,#736);
#735 = CARTESIAN_POINT('',(0.8,-1.131370849898));
#736 = VECTOR('',#737,1.);
#737 = DIRECTION('',(1.,0.));
#738 = ( GEOMETRIC_REPRESENTATION_CONTEXT(2) 
PARAMETRIC_REPRESENTATION_CONTEXT() REPRESENTATION_CONTEXT('2D SPACE',''
  ) );
#739 = PCURVE('',#299,#740);
#740 = DEFINITIONAL_REPRESENTATION('',(#741),#745);
#741 = LINE('',#742,#743);
#742 = CARTESIAN_POINT('',(70.309860529964,-95.75992644241));
#743 = VECTOR('',#744,1.);
#744 = DIRECTION('',(0.806059986889,0.591833842845));
#745 = ( GEOMETRIC_REPRESENTATION_CONTEXT(2) 
PARAMETRIC_REPRESENTATION_CONTEXT() REPRESENTATION_CONTEXT('2D SPACE',''
  ) );
#746 = ORIENTED_EDGE('',*,*,#747,.T.);
#747 = EDGE_CURVE('',#725,#748,#750,.T.);
#748 = VERTEX_POINT('',#749);
#749 = CARTESIAN_POINT('',(60.6,80.,0.75));
#750 = SURFACE_CURVE('',#751,(#754,#760),.PCURVE_S1.);
#751 = B_SPLINE_CURVE_WITH_KNOTS('',1,(#752,#753),.UNSPECIFIED.,.F.,.F.,
  (2,2),(0.,1.),.PIECEWISE_BEZIER_KNOTS.);
#752 = CARTESIAN_POINT('',(59.8,80.,-5.E-02));
#753 = CARTESIAN_POINT('',(60.6,80.,0.75));
#754 = PCURVE('',#325,#755);
#755 = DEFINITIONAL_REPRESENTATION('',(#756),#759);
#756 = B_SPLINE_CURVE_WITH_KNOTS('',1,(#757,#758),.UNSPECIFIED.,.F.,.F.,
  (2,2),(0.,1.),.PIECEWISE_BEZIER_KNOTS.);
#757 = CARTESIAN_POINT('',(161.6,-1.131370849898));
#758 = CARTESIAN_POINT('',(161.6,0.));
#759 = ( GEOMETRIC_REPRESENTATION_CONTEXT(2) 
PARAMETRIC_REPRESENTATION_CONTEXT() REPRESENTATION_CONTEXT('2D SPACE',''
  ) );
#760 = PCURVE('',#761,#766);
#761 = CONICAL_SURFACE('',#762,0.8,0.785398163397);
#762 = AXIS2_PLACEMENT_3D('',#763,#764,#765);
#763 = CARTESIAN_POINT('',(59.,80.,-5.E-02));
#764 = DIRECTION('',(0.,0.,1.));
#765 = DIRECTION('',(0.,-1.,0.));
#766 = DEFINITIONAL_REPRESENTATION('',(#767),#770);
#767 = B_SPLINE_CURVE_WITH_KNOTS('',1,(#768,#769),.UNSPECIFIED.,.F.,.F.,
  (2,2),(0.,1.),.PIECEWISE_BEZIER_KNOTS.);
#768 = CARTESIAN_POINT('',(1.570796326795,0.));
#769 = CARTESIAN_POINT('',(1.570796326795,0.8));
#770 = ( GEOMETRIC_REPRESENTATION_CONTEXT(2) 
PARAMETRIC_REPRESENTATION_CONTEXT() REPRESENTATION_CONTEXT('2D SPACE',''
  ) );
#771 = ORIENTED_EDGE('',*,*,#772,.F.);
#772 = EDGE_CURVE('',#312,#748,#773,.T.);
#773 = SURFACE_CURVE('',#774,(#778,#785),.PCURVE_S1.);
#774 = LINE('',#775,#776);
#775 = CARTESIAN_POINT('',(60.6,-81.6,0.75));
#776 = VECTOR('',#777,1.);
#777 = DIRECTION('',(0.,1.,0.));
#778 = PCURVE('',#325,#779);
#779 = DEFINITIONAL_REPRESENTATION('',(#780),#784);
#780 = LINE('',#781,#782);
#781 = CARTESIAN_POINT('',(0.,0.));
#782 = VECTOR('',#783,1.);
#783 = DIRECTION('',(1.,0.));
#784 = ( GEOMETRIC_REPRESENTATION_CONTEXT(2) 
PARAMETRIC_REPRESENTATION_CONTEXT() REPRESENTATION_CONTEXT('2D SPACE',''
  ) );
#785 = PCURVE('',#682,#786);
#786 = DEFINITIONAL_REPRESENTATION('',(#787),#791);
#787 = LINE('',#788,#789);
#788 = CARTESIAN_POINT('',(0.,-1.8));
#789 = VECTOR('',#790,1.);
#790 = DIRECTION('',(1.,0.));
#791 = ( GEOMETRIC_REPRESENTATION_CONTEXT(2) 
PARAMETRIC_REPRESENTATION_CONTEXT() REPRESENTATION_CONTEXT('2D SPACE',''
  ) );
#792 = ORIENTED_EDGE('',*,*,#311,.F.);
#793 = ADVANCED_FACE('',(#794),#299,.F.);
#794 = FACE_BOUND('',#795,.F.);
#795 = EDGE_LOOP('',(#796,#817,#818,#819));
#796 = ORIENTED_EDGE('',*,*,#797,.T.);
#797 = EDGE_CURVE('',#798,#248,#800,.T.);
#798 = VERTEX_POINT('',#799);
#799 = CARTESIAN_POINT('',(59.78,80.177763888346,-5.E-02));
#800 = SURFACE_CURVE('',#801,(#805,#811),.PCURVE_S1.);
#801 = LINE('',#802,#803);
#802 = CARTESIAN_POINT('',(59.78,-80.79,-5.E-02));
#803 = VECTOR('',#804,1.);
#804 = DIRECTION('',(-0.,-1.,-4.301463101139E-20));
#805 = PCURVE('',#299,#806);
#806 = DEFINITIONAL_REPRESENTATION('',(#807),#810);
#807 = B_SPLINE_CURVE_WITH_KNOTS('',1,(#808,#809),.UNSPECIFIED.,.F.,.F.,
  (2,2),(-161.2097821602,-0.500605920399),.PIECEWISE_BEZIER_KNOTS.);
#808 = CARTESIAN_POINT('',(200.25083934744,-0.328482024179));
#809 = CARTESIAN_POINT('',(70.709602854609,-95.44161137863));
#810 = ( GEOMETRIC_REPRESENTATION_CONTEXT(2) 
PARAMETRIC_REPRESENTATION_CONTEXT() REPRESENTATION_CONTEXT('2D SPACE',''
  ) );
#811 = PCURVE('',#270,#812);
#812 = DEFINITIONAL_REPRESENTATION('',(#813),#816);
#813 = B_SPLINE_CURVE_WITH_KNOTS('',1,(#814,#815),.UNSPECIFIED.,.F.,.F.,
  (2,2),(-161.2097821602,-0.500605920399),.PIECEWISE_BEZIER_KNOTS.);
#814 = CARTESIAN_POINT('',(161.19978216024,-0.45));
#815 = CARTESIAN_POINT('',(0.490605920399,-0.45));
#816 = ( GEOMETRIC_REPRESENTATION_CONTEXT(2) 
PARAMETRIC_REPRESENTATION_CONTEXT() REPRESENTATION_CONTEXT('2D SPACE',''
  ) );
#817 = ORIENTED_EDGE('',*,*,#282,.T.);
#818 = ORIENTED_EDGE('',*,*,#724,.T.);
#819 = ORIENTED_EDGE('',*,*,#820,.T.);
#820 = EDGE_CURVE('',#725,#798,#821,.T.);
#821 = SURFACE_CURVE('',#822,(#827,#834),.PCURVE_S1.);
#822 = CIRCLE('',#823,0.8);
#823 = AXIS2_PLACEMENT_3D('',#824,#825,#826);
#824 = CARTESIAN_POINT('',(59.,80.,-5.E-02));
#825 = DIRECTION('',(0.,0.,1.));
#826 = DIRECTION('',(0.,-1.,0.));
#827 = PCURVE('',#299,#828);
#828 = DEFINITIONAL_REPRESENTATION('',(#829),#833);
#829 = CIRCLE('',#830,0.8);
#830 = AXIS2_PLACEMENT_2D('',#831,#832);
#831 = CARTESIAN_POINT('',(199.45083934744,5.180347654029E-02));
#832 = DIRECTION('',(-0.806059986889,-0.591833842845));
#833 = ( GEOMETRIC_REPRESENTATION_CONTEXT(2) 
PARAMETRIC_REPRESENTATION_CONTEXT() REPRESENTATION_CONTEXT('2D SPACE',''
  ) );
#834 = PCURVE('',#761,#835);
#835 = DEFINITIONAL_REPRESENTATION('',(#836),#840);
#836 = LINE('',#837,#838);
#837 = CARTESIAN_POINT('',(0.,0.));
#838 = VECTOR('',#839,1.);
#839 = DIRECTION('',(1.,0.));
#840 = ( GEOMETRIC_REPRESENTATION_CONTEXT(2) 
PARAMETRIC_REPRESENTATION_CONTEXT() REPRESENTATION_CONTEXT('2D SPACE',''
  ) );
#841 = ADVANCED_FACE('',(#842),#270,.T.);
#842 = FACE_BOUND('',#843,.T.);
#843 = EDGE_LOOP('',(#844,#845,#846,#867,#893,#919,#945,#966,#992,#1018,
    #1044,#1065,#1093,#1121));
#844 = ORIENTED_EDGE('',*,*,#247,.F.);
#845 = ORIENTED_EDGE('',*,*,#641,.T.);
#846 = ORIENTED_EDGE('',*,*,#847,.F.);
#847 = EDGE_CURVE('',#848,#616,#850,.T.);
#848 = VERTEX_POINT('',#849);
#849 = CARTESIAN_POINT('',(59.78,-63.,4.7));
#850 = SURFACE_CURVE('',#851,(#855,#861),.PCURVE_S1.);
#851 = LINE('',#852,#853);
#852 = CARTESIAN_POINT('',(59.78,-82.265,4.7));
#853 = VECTOR('',#854,1.);
#854 = DIRECTION('',(0.,-1.,5.344959251749E-18));
#855 = PCURVE('',#270,#856);
#856 = DEFINITIONAL_REPRESENTATION('',(#857),#860);
#857 = B_SPLINE_CURVE_WITH_KNOTS('',1,(#858,#859),.UNSPECIFIED.,.F.,.F.,
  (2,2),(-163.045,-1.485),.PIECEWISE_BEZIER_KNOTS.);
#858 = CARTESIAN_POINT('',(161.56,-5.2));
#859 = CARTESIAN_POINT('',(0.,-5.2));
#860 = ( GEOMETRIC_REPRESENTATION_CONTEXT(2) 
PARAMETRIC_REPRESENTATION_CONTEXT() REPRESENTATION_CONTEXT('2D SPACE',''
  ) );
#861 = PCURVE('',#630,#862);
#862 = DEFINITIONAL_REPRESENTATION('',(#863),#866);
#863 = B_SPLINE_CURVE_WITH_KNOTS('',1,(#864,#865),.UNSPECIFIED.,.F.,.F.,
  (2,2),(-163.045,-1.485),.PIECEWISE_BEZIER_KNOTS.);
#864 = CARTESIAN_POINT('',(202.92560243807,9.578698239142E-02));
#865 = CARTESIAN_POINT('',(71.979076924685,-94.53317822368));
#866 = ( GEOMETRIC_REPRESENTATION_CONTEXT(2) 
PARAMETRIC_REPRESENTATION_CONTEXT() REPRESENTATION_CONTEXT('2D SPACE',''
  ) );
#867 = ORIENTED_EDGE('',*,*,#868,.T.);
#868 = EDGE_CURVE('',#848,#869,#871,.T.);
#869 = VERTEX_POINT('',#870);
#870 = CARTESIAN_POINT('',(59.78,-63.,4.45));
#871 = SURFACE_CURVE('',#872,(#876,#882),.PCURVE_S1.);
#872 = LINE('',#873,#874);
#873 = CARTESIAN_POINT('',(59.78,-63.,1.975));
#874 = VECTOR('',#875,1.);
#875 = DIRECTION('',(0.,0.,-1.));
#876 = PCURVE('',#270,#877);
#877 = DEFINITIONAL_REPRESENTATION('',(#878),#881);
#878 = B_SPLINE_CURVE_WITH_KNOTS('',1,(#879,#880),.UNSPECIFIED.,.F.,.F.,
  (2,2),(-2.725,-2.475),.PIECEWISE_BEZIER_KNOTS.);
#879 = CARTESIAN_POINT('',(17.78,-5.2));
#880 = CARTESIAN_POINT('',(17.78,-4.95));
#881 = ( GEOMETRIC_REPRESENTATION_CONTEXT(2) 
PARAMETRIC_REPRESENTATION_CONTEXT() REPRESENTATION_CONTEXT('2D SPACE',''
  ) );
#882 = PCURVE('',#883,#888);
#883 = PLANE('',#884);
#884 = AXIS2_PLACEMENT_3D('',#885,#886,#887);
#885 = CARTESIAN_POINT('',(-60.75,-63.,4.45));
#886 = DIRECTION('',(0.,1.,0.));
#887 = DIRECTION('',(1.,0.,0.));
#888 = DEFINITIONAL_REPRESENTATION('',(#889),#892);
#889 = B_SPLINE_CURVE_WITH_KNOTS('',1,(#890,#891),.UNSPECIFIED.,.F.,.F.,
  (2,2),(-2.725,-2.475),.PIECEWISE_BEZIER_KNOTS.);
#890 = CARTESIAN_POINT('',(120.53,-0.25));
#891 = CARTESIAN_POINT('',(120.53,0.));
#892 = ( GEOMETRIC_REPRESENTATION_CONTEXT(2) 
PARAMETRIC_REPRESENTATION_CONTEXT() REPRESENTATION_CONTEXT('2D SPACE',''
  ) );
#893 = ORIENTED_EDGE('',*,*,#894,.T.);
#894 = EDGE_CURVE('',#869,#895,#897,.T.);
#895 = VERTEX_POINT('',#896);
#896 = CARTESIAN_POINT('',(59.78,-55.,4.45));
#897 = SURFACE_CURVE('',#898,(#902,#908),.PCURVE_S1.);
#898 = LINE('',#899,#900);
#899 = CARTESIAN_POINT('',(59.78,-69.89,4.45));
#900 = VECTOR('',#901,1.);
#901 = DIRECTION('',(0.,1.,-0.));
#902 = PCURVE('',#270,#903);
#903 = DEFINITIONAL_REPRESENTATION('',(#904),#907);
#904 = B_SPLINE_CURVE_WITH_KNOTS('',1,(#905,#906),.UNSPECIFIED.,.F.,.F.,
  (2,2),(6.89,14.89),.PIECEWISE_BEZIER_KNOTS.);
#905 = CARTESIAN_POINT('',(17.78,-4.95));
#906 = CARTESIAN_POINT('',(25.78,-4.95));
#907 = ( GEOMETRIC_REPRESENTATION_CONTEXT(2) 
PARAMETRIC_REPRESENTATION_CONTEXT() REPRESENTATION_CONTEXT('2D SPACE',''
  ) );
#908 = PCURVE('',#909,#914);
#909 = PLANE('',#910);
#910 = AXIS2_PLACEMENT_3D('',#911,#912,#913);
#911 = CARTESIAN_POINT('',(0.,-59.,4.45));
#912 = DIRECTION('',(0.,0.,1.));
#913 = DIRECTION('',(1.,0.,-0.));
#914 = DEFINITIONAL_REPRESENTATION('',(#915),#918);
#915 = B_SPLINE_CURVE_WITH_KNOTS('',1,(#916,#917),.UNSPECIFIED.,.F.,.F.,
  (2,2),(6.89,14.89),.PIECEWISE_BEZIER_KNOTS.);
#916 = CARTESIAN_POINT('',(59.78,-4.));
#917 = CARTESIAN_POINT('',(59.78,4.));
#918 = ( GEOMETRIC_REPRESENTATION_CONTEXT(2) 
PARAMETRIC_REPRESENTATION_CONTEXT() REPRESENTATION_CONTEXT('2D SPACE',''
  ) );
#919 = ORIENTED_EDGE('',*,*,#920,.T.);
#920 = EDGE_CURVE('',#895,#921,#923,.T.);
#921 = VERTEX_POINT('',#922);
#922 = CARTESIAN_POINT('',(59.78,-55.,4.7));
#923 = SURFACE_CURVE('',#924,(#928,#934),.PCURVE_S1.);
#924 = LINE('',#925,#926);
#925 = CARTESIAN_POINT('',(59.78,-55.,1.975));
#926 = VECTOR('',#927,1.);
#927 = DIRECTION('',(0.,0.,1.));
#928 = PCURVE('',#270,#929);
#929 = DEFINITIONAL_REPRESENTATION('',(#930),#933);
#930 = B_SPLINE_CURVE_WITH_KNOTS('',1,(#931,#932),.UNSPECIFIED.,.F.,.F.,
  (2,2),(2.475,2.725),.PIECEWISE_BEZIER_KNOTS.);
#931 = CARTESIAN_POINT('',(25.78,-4.95));
#932 = CARTESIAN_POINT('',(25.78,-5.2));
#933 = ( GEOMETRIC_REPRESENTATION_CONTEXT(2) 
PARAMETRIC_REPRESENTATION_CONTEXT() REPRESENTATION_CONTEXT('2D SPACE',''
  ) );
#934 = PCURVE('',#935,#940);
#935 = PLANE('',#936);
#936 = AXIS2_PLACEMENT_3D('',#937,#938,#939);
#937 = CARTESIAN_POINT('',(60.75,-55.,4.45));
#938 = DIRECTION('',(0.,-1.,0.));
#939 = DIRECTION('',(-1.,0.,0.));
#940 = DEFINITIONAL_REPRESENTATION('',(#941),#944);
#941 = B_SPLINE_CURVE_WITH_KNOTS('',1,(#942,#943),.UNSPECIFIED.,.F.,.F.,
  (2,2),(2.475,2.725),.PIECEWISE_BEZIER_KNOTS.);
#942 = CARTESIAN_POINT('',(0.97,0.));
#943 = CARTESIAN_POINT('',(0.97,-0.25));
#944 = ( GEOMETRIC_REPRESENTATION_CONTEXT(2) 
PARAMETRIC_REPRESENTATION_CONTEXT() REPRESENTATION_CONTEXT('2D SPACE',''
  ) );
#945 = ORIENTED_EDGE('',*,*,#946,.F.);
#946 = EDGE_CURVE('',#947,#921,#949,.T.);
#947 = VERTEX_POINT('',#948);
#948 = CARTESIAN_POINT('',(59.78,26.,4.7));
#949 = SURFACE_CURVE('',#950,(#954,#960),.PCURVE_S1.);
#950 = LINE('',#951,#952);
#951 = CARTESIAN_POINT('',(59.78,-82.265,4.7));
#952 = VECTOR('',#953,1.);
#953 = DIRECTION('',(0.,-1.,5.344959251749E-18));
#954 = PCURVE('',#270,#955);
#955 = DEFINITIONAL_REPRESENTATION('',(#956),#959);
#956 = B_SPLINE_CURVE_WITH_KNOTS('',1,(#957,#958),.UNSPECIFIED.,.F.,.F.,
  (2,2),(-163.045,-1.485),.PIECEWISE_BEZIER_KNOTS.);
#957 = CARTESIAN_POINT('',(161.56,-5.2));
#958 = CARTESIAN_POINT('',(0.,-5.2));
#959 = ( GEOMETRIC_REPRESENTATION_CONTEXT(2) 
PARAMETRIC_REPRESENTATION_CONTEXT() REPRESENTATION_CONTEXT('2D SPACE',''
  ) );
#960 = PCURVE('',#630,#961);
#961 = DEFINITIONAL_REPRESENTATION('',(#962),#965);
#962 = B_SPLINE_CURVE_WITH_KNOTS('',1,(#963,#964),.UNSPECIFIED.,.F.,.F.,
  (2,2),(-163.045,-1.485),.PIECEWISE_BEZIER_KNOTS.);
#963 = CARTESIAN_POINT('',(202.92560243807,9.578698239142E-02));
#964 = CARTESIAN_POINT('',(71.979076924685,-94.53317822368));
#965 = ( GEOMETRIC_REPRESENTATION_CONTEXT(2) 
PARAMETRIC_REPRESENTATION_CONTEXT() REPRESENTATION_CONTEXT('2D SPACE',''
  ) );
#966 = ORIENTED_EDGE('',*,*,#967,.T.);
#967 = EDGE_CURVE('',#947,#968,#970,.T.);
#968 = VERTEX_POINT('',#969);
#969 = CARTESIAN_POINT('',(59.78,26.,4.45));
#970 = SURFACE_CURVE('',#971,(#975,#981),.PCURVE_S1.);
#971 = LINE('',#972,#973);
#972 = CARTESIAN_POINT('',(59.78,26.,1.975));
#973 = VECTOR('',#974,1.);
#974 = DIRECTION('',(0.,0.,-1.));
#975 = PCURVE('',#270,#976);
#976 = DEFINITIONAL_REPRESENTATION('',(#977),#980);
#977 = B_SPLINE_CURVE_WITH_KNOTS('',1,(#978,#979),.UNSPECIFIED.,.F.,.F.,
  (2,2),(-2.725,-2.475),.PIECEWISE_BEZIER_KNOTS.);
#978 = CARTESIAN_POINT('',(106.78,-5.2));
#979 = CARTESIAN_POINT('',(106.78,-4.95));
#980 = ( GEOMETRIC_REPRESENTATION_CONTEXT(2) 
PARAMETRIC_REPRESENTATION_CONTEXT() REPRESENTATION_CONTEXT('2D SPACE',''
  ) );
#981 = PCURVE('',#982,#987);
#982 = PLANE('',#983);
#983 = AXIS2_PLACEMENT_3D('',#984,#985,#986);
#984 = CARTESIAN_POINT('',(-60.75,26.,4.45));
#985 = DIRECTION('',(0.,1.,0.));
#986 = DIRECTION('',(1.,0.,0.));
#987 = DEFINITIONAL_REPRESENTATION('',(#988),#991);
#988 = B_SPLINE_CURVE_WITH_KNOTS('',1,(#989,#990),.UNSPECIFIED.,.F.,.F.,
  (2,2),(-2.725,-2.475),.PIECEWISE_BEZIER_KNOTS.);
#989 = CARTESIAN_POINT('',(120.53,-0.25));
#990 = CARTESIAN_POINT('',(120.53,0.));
#991 = ( GEOMETRIC_REPRESENTATION_CONTEXT(2) 
PARAMETRIC_REPRESENTATION_CONTEXT() REPRESENTATION_CONTEXT('2D SPACE',''
  ) );
#992 = ORIENTED_EDGE('',*,*,#993,.T.);
#993 = EDGE_CURVE('',#968,#994,#996,.T.);
#994 = VERTEX_POINT('',#995);
#995 = CARTESIAN_POINT('',(59.78,34.,4.45));
#996 = SURFACE_CURVE('',#997,(#1001,#1007),.PCURVE_S1.);
#997 = LINE('',#998,#999);
#998 = CARTESIAN_POINT('',(59.78,-25.39,4.45));
#999 = VECTOR('',#1000,1.);
#1000 = DIRECTION('',(0.,1.,-0.));
#1001 = PCURVE('',#270,#1002);
#1002 = DEFINITIONAL_REPRESENTATION('',(#1003),#1006);
#1003 = B_SPLINE_CURVE_WITH_KNOTS('',1,(#1004,#1005),.UNSPECIFIED.,.F.,
  .F.,(2,2),(51.39,59.39),.PIECEWISE_BEZIER_KNOTS.);
#1004 = CARTESIAN_POINT('',(106.78,-4.95));
#1005 = CARTESIAN_POINT('',(114.78,-4.95));
#1006 = ( GEOMETRIC_REPRESENTATION_CONTEXT(2) 
PARAMETRIC_REPRESENTATION_CONTEXT() REPRESENTATION_CONTEXT('2D SPACE',''
  ) );
#1007 = PCURVE('',#1008,#1013);
#1008 = PLANE('',#1009);
#1009 = AXIS2_PLACEMENT_3D('',#1010,#1011,#1012);
#1010 = CARTESIAN_POINT('',(0.,30.,4.45));
#1011 = DIRECTION('',(0.,0.,1.));
#1012 = DIRECTION('',(1.,0.,-0.));
#1013 = DEFINITIONAL_REPRESENTATION('',(#1014),#1017);
#1014 = B_SPLINE_CURVE_WITH_KNOTS('',1,(#1015,#1016),.UNSPECIFIED.,.F.,
  .F.,(2,2),(51.39,59.39),.PIECEWISE_BEZIER_KNOTS.);
#1015 = CARTESIAN_POINT('',(59.78,-4.));
#1016 = CARTESIAN_POINT('',(59.78,4.));
#1017 = ( GEOMETRIC_REPRESENTATION_CONTEXT(2) 
PARAMETRIC_REPRESENTATION_CONTEXT() REPRESENTATION_CONTEXT('2D SPACE',''
  ) );
#1018 = ORIENTED_EDGE('',*,*,#1019,.T.);
#1019 = EDGE_CURVE('',#994,#1020,#1022,.T.);
#1020 = VERTEX_POINT('',#1021);
#1021 = CARTESIAN_POINT('',(59.78,34.,4.7));
#1022 = SURFACE_CURVE('',#1023,(#1027,#1033),.PCURVE_S1.);
#1023 = LINE('',#1024,#1025);
#1024 = CARTESIAN_POINT('',(59.78,34.,1.975));
#1025 = VECTOR('',#1026,1.);
#1026 = DIRECTION('',(0.,0.,1.));
#1027 = PCURVE('',#270,#1028);
#1028 = DEFINITIONAL_REPRESENTATION('',(#1029),#1032);
#1029 = B_SPLINE_CURVE_WITH_KNOTS('',1,(#1030,#1031),.UNSPECIFIED.,.F.,
  .F.,(2,2),(2.475,2.725),.PIECEWISE_BEZIER_KNOTS.);
#1030 = CARTESIAN_POINT('',(114.78,-4.95));
#1031 = CARTESIAN_POINT('',(114.78,-5.2));
#1032 = ( GEOMETRIC_REPRESENTATION_CONTEXT(2) 
PARAMETRIC_REPRESENTATION_CONTEXT() REPRESENTATION_CONTEXT('2D SPACE',''
  ) );
#1033 = PCURVE('',#1034,#1039);
#1034 = PLANE('',#1035);
#1035 = AXIS2_PLACEMENT_3D('',#1036,#1037,#1038);
#1036 = CARTESIAN_POINT('',(60.75,34.,4.45));
#1037 = DIRECTION('',(0.,-1.,0.));
#1038 = DIRECTION('',(-1.,0.,0.));
#1039 = DEFINITIONAL_REPRESENTATION('',(#1040),#1043);
#1040 = B_SPLINE_CURVE_WITH_KNOTS('',1,(#1041,#1042),.UNSPECIFIED.,.F.,
  .F.,(2,2),(2.475,2.725),.PIECEWISE_BEZIER_KNOTS.);
#1041 = CARTESIAN_POINT('',(0.97,0.));
#1042 = CARTESIAN_POINT('',(0.97,-0.25));
#1043 = ( GEOMETRIC_REPRESENTATION_CONTEXT(2) 
PARAMETRIC_REPRESENTATION_CONTEXT() REPRESENTATION_CONTEXT('2D SPACE',''
  ) );
#1044 = ORIENTED_EDGE('',*,*,#1045,.F.);
#1045 = EDGE_CURVE('',#1046,#1020,#1048,.T.);
#1046 = VERTEX_POINT('',#1047);
#1047 = CARTESIAN_POINT('',(59.78,80.78,4.7));
#1048 = SURFACE_CURVE('',#1049,(#1053,#1059),.PCURVE_S1.);
#1049 = LINE('',#1050,#1051);
#1050 = CARTESIAN_POINT('',(59.78,-82.265,4.7));
#1051 = VECTOR('',#1052,1.);
#1052 = DIRECTION('',(0.,-1.,5.344959251749E-18));
#1053 = PCURVE('',#270,#1054);
#1054 = DEFINITIONAL_REPRESENTATION('',(#1055),#1058);
#1055 = B_SPLINE_CURVE_WITH_KNOTS('',1,(#1056,#1057),.UNSPECIFIED.,.F.,
  .F.,(2,2),(-163.045,-1.485),.PIECEWISE_BEZIER_KNOTS.);
#1056 = CARTESIAN_POINT('',(161.56,-5.2));
#1057 = CARTESIAN_POINT('',(0.,-5.2));
#1058 = ( GEOMETRIC_REPRESENTATION_CONTEXT(2) 
PARAMETRIC_REPRESENTATION_CONTEXT() REPRESENTATION_CONTEXT('2D SPACE',''
  ) );
#1059 = PCURVE('',#630,#1060);
#1060 = DEFINITIONAL_REPRESENTATION('',(#1061),#1064);
#1061 = B_SPLINE_CURVE_WITH_KNOTS('',1,(#1062,#1063),.UNSPECIFIED.,.F.,
  .F.,(2,2),(-163.045,-1.485),.PIECEWISE_BEZIER_KNOTS.);
#1062 = CARTESIAN_POINT('',(202.92560243807,9.578698239142E-02));
#1063 = CARTESIAN_POINT('',(71.979076924685,-94.53317822368));
#1064 = ( GEOMETRIC_REPRESENTATION_CONTEXT(2) 
PARAMETRIC_REPRESENTATION_CONTEXT() REPRESENTATION_CONTEXT('2D SPACE',''
  ) );
#1065 = ORIENTED_EDGE('',*,*,#1066,.F.);
#1066 = EDGE_CURVE('',#1067,#1046,#1069,.T.);
#1067 = VERTEX_POINT('',#1068);
#1068 = CARTESIAN_POINT('',(59.78,80.78,0.253086578651));
#1069 = SURFACE_CURVE('',#1070,(#1074,#1081),.PCURVE_S1.);
#1070 = LINE('',#1071,#1072);
#1071 = CARTESIAN_POINT('',(59.78,80.78,-0.5));
#1072 = VECTOR('',#1073,1.);
#1073 = DIRECTION('',(0.,0.,1.));
#1074 = PCURVE('',#270,#1075);
#1075 = DEFINITIONAL_REPRESENTATION('',(#1076),#1080);
#1076 = LINE('',#1077,#1078);
#1077 = CARTESIAN_POINT('',(161.56,0.));
#1078 = VECTOR('',#1079,1.);
#1079 = DIRECTION('',(0.,-1.));
#1080 = ( GEOMETRIC_REPRESENTATION_CONTEXT(2) 
PARAMETRIC_REPRESENTATION_CONTEXT() REPRESENTATION_CONTEXT('2D SPACE',''
  ) );
#1081 = PCURVE('',#1082,#1087);
#1082 = PLANE('',#1083);
#1083 = AXIS2_PLACEMENT_3D('',#1084,#1085,#1086);
#1084 = CARTESIAN_POINT('',(59.78,80.78,-0.5));
#1085 = DIRECTION('',(0.,-1.,0.));
#1086 = DIRECTION('',(-1.,0.,0.));
#1087 = DEFINITIONAL_REPRESENTATION('',(#1088),#1092);
#1088 = LINE('',#1089,#1090);
#1089 = CARTESIAN_POINT('',(0.,-0.));
#1090 = VECTOR('',#1091,1.);
#1091 = DIRECTION('',(0.,-1.));
#1092 = ( GEOMETRIC_REPRESENTATION_CONTEXT(2) 
PARAMETRIC_REPRESENTATION_CONTEXT() REPRESENTATION_CONTEXT('2D SPACE',''
  ) );
#1093 = ORIENTED_EDGE('',*,*,#1094,.F.);
#1094 = EDGE_CURVE('',#798,#1067,#1095,.T.);
#1095 = SURFACE_CURVE('',#1096,(#1101,#1108),.PCURVE_S1.);
#1096 = HYPERBOLA('',#1097,0.78,0.78);
#1097 = AXIS2_PLACEMENT_3D('',#1098,#1099,#1100);
#1098 = CARTESIAN_POINT('',(59.78,80.,-0.85));
#1099 = DIRECTION('',(-1.,0.,0.));
#1100 = DIRECTION('',(0.,0.,1.));
#1101 = PCURVE('',#270,#1102);
#1102 = DEFINITIONAL_REPRESENTATION('',(#1103),#1107);
#1103 = ( BOUNDED_CURVE() B_SPLINE_CURVE(2,(#1104,#1105,#1106),
.UNSPECIFIED.,.F.,.F.) B_SPLINE_CURVE_WITH_KNOTS((3,3),(0.225974298245,
1.346072072827),.PIECEWISE_BEZIER_KNOTS.) CURVE() 
GEOMETRIC_REPRESENTATION_ITEM() RATIONAL_B_SPLINE_CURVE((1.,
1.160969613846,1.)) REPRESENTATION_ITEM('') );
#1104 = CARTESIAN_POINT('',(160.95776388834,-0.45));
#1105 = CARTESIAN_POINT('',(161.36417485183,-0.54030649142));
#1106 = CARTESIAN_POINT('',(162.1769967788,-1.25));
#1107 = ( GEOMETRIC_REPRESENTATION_CONTEXT(2) 
PARAMETRIC_REPRESENTATION_CONTEXT() REPRESENTATION_CONTEXT('2D SPACE',''
  ) );
#1108 = PCURVE('',#761,#1109);
#1109 = DEFINITIONAL_REPRESENTATION('',(#1110),#1120);
#1110 = B_SPLINE_CURVE_WITH_KNOTS('',8,(#1111,#1112,#1113,#1114,#1115,
    #1116,#1117,#1118,#1119),.UNSPECIFIED.,.F.,.F.,(9,9),(0.225974298245
    ,1.346072072827),.PIECEWISE_BEZIER_KNOTS.);
#1111 = CARTESIAN_POINT('',(1.794871612097,-3.573530360512E-16));
#1112 = CARTESIAN_POINT('',(1.931383528374,2.488911696721E-02));
#1113 = CARTESIAN_POINT('',(2.063040526328,6.7701364831E-02));
#1114 = CARTESIAN_POINT('',(2.186178141196,0.129180210764));
#1115 = CARTESIAN_POINT('',(2.298025885721,0.210818769893));
#1116 = CARTESIAN_POINT('',(2.397918812949,0.314906079462));
#1117 = CARTESIAN_POINT('',(2.486321063785,0.444653009879));
#1118 = CARTESIAN_POINT('',(2.564112523916,0.60440337712));
#1119 = CARTESIAN_POINT('',(2.632368482055,0.8));
#1120 = ( GEOMETRIC_REPRESENTATION_CONTEXT(2) 
PARAMETRIC_REPRESENTATION_CONTEXT() REPRESENTATION_CONTEXT('2D SPACE',''
  ) );
#1121 = ORIENTED_EDGE('',*,*,#797,.T.);
#1122 = ADVANCED_FACE('',(#1123),#403,.T.);
#1123 = FACE_BOUND('',#1124,.T.);
#1124 = EDGE_LOOP('',(#1125,#1150,#1151,#1171));
#1125 = ORIENTED_EDGE('',*,*,#1126,.F.);
#1126 = EDGE_CURVE('',#388,#1127,#1129,.T.);
#1127 = VERTEX_POINT('',#1128);
#1128 = CARTESIAN_POINT('',(-59.,-83.5,4.45));
#1129 = SURFACE_CURVE('',#1130,(#1133,#1139),.PCURVE_S1.);
#1130 = B_SPLINE_CURVE_WITH_KNOTS('',1,(#1131,#1132),.UNSPECIFIED.,.F.,
  .F.,(2,2),(0.,1.),.PIECEWISE_BEZIER_KNOTS.);
#1131 = CARTESIAN_POINT('',(-59.,-81.6,2.55));
#1132 = CARTESIAN_POINT('',(-59.,-83.75,4.7));
#1133 = PCURVE('',#403,#1134);
#1134 = DEFINITIONAL_REPRESENTATION('',(#1135),#1138);
#1135 = B_SPLINE_CURVE_WITH_KNOTS('',1,(#1136,#1137),.UNSPECIFIED.,.F.,
  .F.,(2,2),(0.,1.),.PIECEWISE_BEZIER_KNOTS.);
#1136 = CARTESIAN_POINT('',(3.75,-3.040559159102));
#1137 = CARTESIAN_POINT('',(3.75,0.));
#1138 = ( GEOMETRIC_REPRESENTATION_CONTEXT(2) 
PARAMETRIC_REPRESENTATION_CONTEXT() REPRESENTATION_CONTEXT('2D SPACE',''
  ) );
#1139 = PCURVE('',#1140,#1145);
#1140 = CONICAL_SURFACE('',#1141,1.6,0.785398163397);
#1141 = AXIS2_PLACEMENT_3D('',#1142,#1143,#1144);
#1142 = CARTESIAN_POINT('',(-59.,-80.,2.55));
#1143 = DIRECTION('',(0.,0.,1.));
#1144 = DIRECTION('',(0.,-1.,0.));
#1145 = DEFINITIONAL_REPRESENTATION('',(#1146),#1149);
#1146 = B_SPLINE_CURVE_WITH_KNOTS('',1,(#1147,#1148),.UNSPECIFIED.,.F.,
  .F.,(2,2),(0.,1.),.PIECEWISE_BEZIER_KNOTS.);
#1147 = CARTESIAN_POINT('',(6.28318530718,0.));
#1148 = CARTESIAN_POINT('',(6.28318530718,2.15));
#1149 = ( GEOMETRIC_REPRESENTATION_CONTEXT(2) 
PARAMETRIC_REPRESENTATION_CONTEXT() REPRESENTATION_CONTEXT('2D SPACE',''
  ) );
#1150 = ORIENTED_EDGE('',*,*,#387,.T.);
#1151 = ORIENTED_EDGE('',*,*,#1152,.T.);
#1152 = EDGE_CURVE('',#368,#1153,#1155,.T.);
#1153 = VERTEX_POINT('',#1154);
#1154 = CARTESIAN_POINT('',(59.,-83.5,4.45));
#1155 = SURFACE_CURVE('',#1156,(#1159,#1165),.PCURVE_S1.);
#1156 = B_SPLINE_CURVE_WITH_KNOTS('',1,(#1157,#1158),.UNSPECIFIED.,.F.,
  .F.,(2,2),(0.,1.),.PIECEWISE_BEZIER_KNOTS.);
#1157 = CARTESIAN_POINT('',(59.,-81.6,2.55));
#1158 = CARTESIAN_POINT('',(59.,-83.75,4.7));
#1159 = PCURVE('',#403,#1160);
#1160 = DEFINITIONAL_REPRESENTATION('',(#1161),#1164);
#1161 = B_SPLINE_CURVE_WITH_KNOTS('',1,(#1162,#1163),.UNSPECIFIED.,.F.,
  .F.,(2,2),(0.,1.),.PIECEWISE_BEZIER_KNOTS.);
#1162 = CARTESIAN_POINT('',(121.75,-3.040559159102));
#1163 = CARTESIAN_POINT('',(121.75,0.));
#1164 = ( GEOMETRIC_REPRESENTATION_CONTEXT(2) 
PARAMETRIC_REPRESENTATION_CONTEXT() REPRESENTATION_CONTEXT('2D SPACE',''
  ) );
#1165 = PCURVE('',#708,#1166);
#1166 = DEFINITIONAL_REPRESENTATION('',(#1167),#1170);
#1167 = B_SPLINE_CURVE_WITH_KNOTS('',1,(#1168,#1169),.UNSPECIFIED.,.F.,
  .F.,(2,2),(0.,1.),.PIECEWISE_BEZIER_KNOTS.);
#1168 = CARTESIAN_POINT('',(0.,0.));
#1169 = CARTESIAN_POINT('',(0.,2.15));
#1170 = ( GEOMETRIC_REPRESENTATION_CONTEXT(2) 
PARAMETRIC_REPRESENTATION_CONTEXT() REPRESENTATION_CONTEXT('2D SPACE',''
  ) );
#1171 = ORIENTED_EDGE('',*,*,#1172,.T.);
#1172 = EDGE_CURVE('',#1153,#1127,#1173,.T.);
#1173 = SURFACE_CURVE('',#1174,(#1178,#1184),.PCURVE_S1.);
#1174 = LINE('',#1175,#1176);
#1175 = CARTESIAN_POINT('',(-31.375,-83.5,4.45));
#1176 = VECTOR('',#1177,1.);
#1177 = DIRECTION('',(-1.,-0.,0.));
#1178 = PCURVE('',#403,#1179);
#1179 = DEFINITIONAL_REPRESENTATION('',(#1180),#1183);
#1180 = B_SPLINE_CURVE_WITH_KNOTS('',1,(#1181,#1182),.UNSPECIFIED.,.F.,
  .F.,(2,2),(-90.375,27.625),.PIECEWISE_BEZIER_KNOTS.);
#1181 = CARTESIAN_POINT('',(121.75,-0.353553390593));
#1182 = CARTESIAN_POINT('',(3.75,-0.353553390593));
#1183 = ( GEOMETRIC_REPRESENTATION_CONTEXT(2) 
PARAMETRIC_REPRESENTATION_CONTEXT() REPRESENTATION_CONTEXT('2D SPACE',''
  ) );
#1184 = PCURVE('',#1185,#1190);
#1185 = PLANE('',#1186);
#1186 = AXIS2_PLACEMENT_3D('',#1187,#1188,#1189);
#1187 = CARTESIAN_POINT('',(0.,0.,4.45));
#1188 = DIRECTION('',(0.,0.,1.));
#1189 = DIRECTION('',(1.,0.,-0.));
#1190 = DEFINITIONAL_REPRESENTATION('',(#1191),#1194);
#1191 = B_SPLINE_CURVE_WITH_KNOTS('',1,(#1192,#1193),.UNSPECIFIED.,.F.,
  .F.,(2,2),(-90.375,27.625),.PIECEWISE_BEZIER_KNOTS.);
#1192 = CARTESIAN_POINT('',(59.,-83.5));
#1193 = CARTESIAN_POINT('',(-59.,-83.5));
#1194 = ( GEOMETRIC_REPRESENTATION_CONTEXT(2) 
PARAMETRIC_REPRESENTATION_CONTEXT() REPRESENTATION_CONTEXT('2D SPACE',''
  ) );
#1195 = ADVANCED_FACE('',(#1196),#427,.T.);
#1196 = FACE_BOUND('',#1197,.T.);
#1197 = EDGE_LOOP('',(#1198,#1199,#1200,#1224));
#1198 = ORIENTED_EDGE('',*,*,#443,.F.);
#1199 = ORIENTED_EDGE('',*,*,#415,.T.);
#1200 = ORIENTED_EDGE('',*,*,#1201,.T.);
#1201 = EDGE_CURVE('',#388,#1202,#1204,.T.);
#1202 = VERTEX_POINT('',#1203);
#1203 = CARTESIAN_POINT('',(-60.6,-80.,2.55));
#1204 = SURFACE_CURVE('',#1205,(#1210,#1217),.PCURVE_S1.);
#1205 = CIRCLE('',#1206,1.6);
#1206 = AXIS2_PLACEMENT_3D('',#1207,#1208,#1209);
#1207 = CARTESIAN_POINT('',(-59.,-80.,2.55));
#1208 = DIRECTION('',(-0.,-0.,-1.));
#1209 = DIRECTION('',(0.,-1.,0.));
#1210 = PCURVE('',#427,#1211);
#1211 = DEFINITIONAL_REPRESENTATION('',(#1212),#1216);
#1212 = LINE('',#1213,#1214);
#1213 = CARTESIAN_POINT('',(6.28318530718,1.8));
#1214 = VECTOR('',#1215,1.);
#1215 = DIRECTION('',(-1.,0.));
#1216 = ( GEOMETRIC_REPRESENTATION_CONTEXT(2) 
PARAMETRIC_REPRESENTATION_CONTEXT() REPRESENTATION_CONTEXT('2D SPACE',''
  ) );
#1217 = PCURVE('',#1140,#1218);
#1218 = DEFINITIONAL_REPRESENTATION('',(#1219),#1223);
#1219 = LINE('',#1220,#1221);
#1220 = CARTESIAN_POINT('',(6.28318530718,0.));
#1221 = VECTOR('',#1222,1.);
#1222 = DIRECTION('',(-1.,0.));
#1223 = ( GEOMETRIC_REPRESENTATION_CONTEXT(2) 
PARAMETRIC_REPRESENTATION_CONTEXT() REPRESENTATION_CONTEXT('2D SPACE',''
  ) );
#1224 = ORIENTED_EDGE('',*,*,#1225,.F.);
#1225 = EDGE_CURVE('',#444,#1202,#1226,.T.);
#1226 = SURFACE_CURVE('',#1227,(#1230,#1236),.PCURVE_S1.);
#1227 = B_SPLINE_CURVE_WITH_KNOTS('',1,(#1228,#1229),.UNSPECIFIED.,.F.,
  .F.,(2,2),(0.,1.),.PIECEWISE_BEZIER_KNOTS.);
#1228 = CARTESIAN_POINT('',(-60.6,-80.,0.75));
#1229 = CARTESIAN_POINT('',(-60.6,-80.,2.55));
#1230 = PCURVE('',#427,#1231);
#1231 = DEFINITIONAL_REPRESENTATION('',(#1232),#1235);
#1232 = B_SPLINE_CURVE_WITH_KNOTS('',1,(#1233,#1234),.UNSPECIFIED.,.F.,
  .F.,(2,2),(0.,1.),.PIECEWISE_BEZIER_KNOTS.);
#1233 = CARTESIAN_POINT('',(4.712388980385,0.));
#1234 = CARTESIAN_POINT('',(4.712388980385,1.8));
#1235 = ( GEOMETRIC_REPRESENTATION_CONTEXT(2) 
PARAMETRIC_REPRESENTATION_CONTEXT() REPRESENTATION_CONTEXT('2D SPACE',''
  ) );
#1236 = PCURVE('',#1237,#1242);
#1237 = PLANE('',#1238);
#1238 = AXIS2_PLACEMENT_3D('',#1239,#1240,#1241);
#1239 = CARTESIAN_POINT('',(-60.6,81.6,2.55));
#1240 = DIRECTION('',(-1.,0.,0.));
#1241 = DIRECTION('',(0.,-1.,0.));
#1242 = DEFINITIONAL_REPRESENTATION('',(#1243),#1246);
#1243 = B_SPLINE_CURVE_WITH_KNOTS('',1,(#1244,#1245),.UNSPECIFIED.,.F.,
  .F.,(2,2),(0.,1.),.PIECEWISE_BEZIER_KNOTS.);
#1244 = CARTESIAN_POINT('',(161.6,-1.8));
#1245 = CARTESIAN_POINT('',(161.6,0.));
#1246 = ( GEOMETRIC_REPRESENTATION_CONTEXT(2) 
PARAMETRIC_REPRESENTATION_CONTEXT() REPRESENTATION_CONTEXT('2D SPACE',''
  ) );
#1247 = ADVANCED_FACE('',(#1248),#548,.T.);
#1248 = FACE_BOUND('',#1249,.T.);
#1249 = EDGE_LOOP('',(#1250,#1287,#1310,#1331,#1357,#1383,#1409,#1430,
    #1456,#1482,#1508,#1527,#1528,#1529));
#1250 = ORIENTED_EDGE('',*,*,#1251,.F.);
#1251 = EDGE_CURVE('',#1252,#1254,#1256,.T.);
#1252 = VERTEX_POINT('',#1253);
#1253 = CARTESIAN_POINT('',(-59.78,80.78,0.253086578651));
#1254 = VERTEX_POINT('',#1255);
#1255 = CARTESIAN_POINT('',(-59.78,80.177763888346,-5.E-02));
#1256 = SURFACE_CURVE('',#1257,(#1262,#1269),.PCURVE_S1.);
#1257 = HYPERBOLA('',#1258,0.78,0.78);
#1258 = AXIS2_PLACEMENT_3D('',#1259,#1260,#1261);
#1259 = CARTESIAN_POINT('',(-59.78,80.,-0.85));
#1260 = DIRECTION('',(1.,0.,-0.));
#1261 = DIRECTION('',(0.,0.,1.));
#1262 = PCURVE('',#548,#1263);
#1263 = DEFINITIONAL_REPRESENTATION('',(#1264),#1268);
#1264 = ( BOUNDED_CURVE() B_SPLINE_CURVE(2,(#1265,#1266,#1267),
.UNSPECIFIED.,.F.,.F.) B_SPLINE_CURVE_WITH_KNOTS((3,3),(-1.346072072827,
-0.225974298245),.PIECEWISE_BEZIER_KNOTS.) CURVE() 
GEOMETRIC_REPRESENTATION_ITEM() RATIONAL_B_SPLINE_CURVE((1.,
1.160969613846,1.)) REPRESENTATION_ITEM('') );
#1265 = CARTESIAN_POINT('',(-0.616996778808,-1.25));
#1266 = CARTESIAN_POINT('',(0.195825148166,-0.54030649142));
#1267 = CARTESIAN_POINT('',(0.602236111654,-0.45));
#1268 = ( GEOMETRIC_REPRESENTATION_CONTEXT(2) 
PARAMETRIC_REPRESENTATION_CONTEXT() REPRESENTATION_CONTEXT('2D SPACE',''
  ) );
#1269 = PCURVE('',#1270,#1275);
#1270 = CONICAL_SURFACE('',#1271,0.8,0.785398163397);
#1271 = AXIS2_PLACEMENT_3D('',#1272,#1273,#1274);
#1272 = CARTESIAN_POINT('',(-59.,80.,-5.E-02));
#1273 = DIRECTION('',(0.,0.,1.));
#1274 = DIRECTION('',(0.,-1.,0.));
#1275 = DEFINITIONAL_REPRESENTATION('',(#1276),#1286);
#1276 = B_SPLINE_CURVE_WITH_KNOTS('',8,(#1277,#1278,#1279,#1280,#1281,
    #1282,#1283,#1284,#1285),.UNSPECIFIED.,.F.,.F.,(9,9),(
    -1.346072072827,-0.225974298245),.PIECEWISE_BEZIER_KNOTS.);
#1277 = CARTESIAN_POINT('',(3.650816825125,0.8));
#1278 = CARTESIAN_POINT('',(3.719072783264,0.60440337712));
#1279 = CARTESIAN_POINT('',(3.796864243389,0.444653009879));
#1280 = CARTESIAN_POINT('',(3.885266494239,0.31490607946));
#1281 = CARTESIAN_POINT('',(3.985159421423,0.210818769894));
#1282 = CARTESIAN_POINT('',(4.097007165989,0.129180210762));
#1283 = CARTESIAN_POINT('',(4.220144780846,6.770136483149E-02));
#1284 = CARTESIAN_POINT('',(4.351801778806,2.488911696721E-02));
#1285 = CARTESIAN_POINT('',(4.488313695083,-3.573530360512E-16));
#1286 = ( GEOMETRIC_REPRESENTATION_CONTEXT(2) 
PARAMETRIC_REPRESENTATION_CONTEXT() REPRESENTATION_CONTEXT('2D SPACE',''
  ) );
#1287 = ORIENTED_EDGE('',*,*,#1288,.T.);
#1288 = EDGE_CURVE('',#1252,#1289,#1291,.T.);
#1289 = VERTEX_POINT('',#1290);
#1290 = CARTESIAN_POINT('',(-59.78,80.78,4.7));
#1291 = SURFACE_CURVE('',#1292,(#1296,#1303),.PCURVE_S1.);
#1292 = LINE('',#1293,#1294);
#1293 = CARTESIAN_POINT('',(-59.78,80.78,-0.5));
#1294 = VECTOR('',#1295,1.);
#1295 = DIRECTION('',(0.,0.,1.));
#1296 = PCURVE('',#548,#1297);
#1297 = DEFINITIONAL_REPRESENTATION('',(#1298),#1302);
#1298 = LINE('',#1299,#1300);
#1299 = CARTESIAN_POINT('',(0.,0.));
#1300 = VECTOR('',#1301,1.);
#1301 = DIRECTION('',(0.,-1.));
#1302 = ( GEOMETRIC_REPRESENTATION_CONTEXT(2) 
PARAMETRIC_REPRESENTATION_CONTEXT() REPRESENTATION_CONTEXT('2D SPACE',''
  ) );
#1303 = PCURVE('',#1082,#1304);
#1304 = DEFINITIONAL_REPRESENTATION('',(#1305),#1309);
#1305 = LINE('',#1306,#1307);
#1306 = CARTESIAN_POINT('',(119.56,0.));
#1307 = VECTOR('',#1308,1.);
#1308 = DIRECTION('',(0.,-1.));
#1309 = ( GEOMETRIC_REPRESENTATION_CONTEXT(2) 
PARAMETRIC_REPRESENTATION_CONTEXT() REPRESENTATION_CONTEXT('2D SPACE',''
  ) );
#1310 = ORIENTED_EDGE('',*,*,#1311,.F.);
#1311 = EDGE_CURVE('',#1312,#1289,#1314,.T.);
#1312 = VERTEX_POINT('',#1313);
#1313 = CARTESIAN_POINT('',(-59.78,34.,4.7));
#1314 = SURFACE_CURVE('',#1315,(#1319,#1325),.PCURVE_S1.);
#1315 = LINE('',#1316,#1317);
#1316 = CARTESIAN_POINT('',(-59.78,-1.485,4.7));
#1317 = VECTOR('',#1318,1.);
#1318 = DIRECTION('',(-0.,1.,-5.344959251749E-18));
#1319 = PCURVE('',#548,#1320);
#1320 = DEFINITIONAL_REPRESENTATION('',(#1321),#1324);
#1321 = B_SPLINE_CURVE_WITH_KNOTS('',1,(#1322,#1323),.UNSPECIFIED.,.F.,
  .F.,(2,2),(-79.295,82.265),.PIECEWISE_BEZIER_KNOTS.);
#1322 = CARTESIAN_POINT('',(161.56,-5.2));
#1323 = CARTESIAN_POINT('',(0.,-5.2));
#1324 = ( GEOMETRIC_REPRESENTATION_CONTEXT(2) 
PARAMETRIC_REPRESENTATION_CONTEXT() REPRESENTATION_CONTEXT('2D SPACE',''
  ) );
#1325 = PCURVE('',#630,#1326);
#1326 = DEFINITIONAL_REPRESENTATION('',(#1327),#1330);
#1327 = B_SPLINE_CURVE_WITH_KNOTS('',1,(#1328,#1329),.UNSPECIFIED.,.F.,
  .F.,(2,2),(-79.295,82.265),.PIECEWISE_BEZIER_KNOTS.);
#1328 = CARTESIAN_POINT('',(1.950362638735,2.371789530592));
#1329 = CARTESIAN_POINT('',(132.89688815212,97.000754736665));
#1330 = ( GEOMETRIC_REPRESENTATION_CONTEXT(2) 
PARAMETRIC_REPRESENTATION_CONTEXT() REPRESENTATION_CONTEXT('2D SPACE',''
  ) );
#1331 = ORIENTED_EDGE('',*,*,#1332,.T.);
#1332 = EDGE_CURVE('',#1312,#1333,#1335,.T.);
#1333 = VERTEX_POINT('',#1334);
#1334 = CARTESIAN_POINT('',(-59.78,34.,4.45));
#1335 = SURFACE_CURVE('',#1336,(#1340,#1346),.PCURVE_S1.);
#1336 = LINE('',#1337,#1338);
#1337 = CARTESIAN_POINT('',(-59.78,34.,1.975));
#1338 = VECTOR('',#1339,1.);
#1339 = DIRECTION('',(0.,-0.,-1.));
#1340 = PCURVE('',#548,#1341);
#1341 = DEFINITIONAL_REPRESENTATION('',(#1342),#1345);
#1342 = B_SPLINE_CURVE_WITH_KNOTS('',1,(#1343,#1344),.UNSPECIFIED.,.F.,
  .F.,(2,2),(-2.725,-2.475),.PIECEWISE_BEZIER_KNOTS.);
#1343 = CARTESIAN_POINT('',(46.78,-5.2));
#1344 = CARTESIAN_POINT('',(46.78,-4.95));
#1345 = ( GEOMETRIC_REPRESENTATION_CONTEXT(2) 
PARAMETRIC_REPRESENTATION_CONTEXT() REPRESENTATION_CONTEXT('2D SPACE',''
  ) );
#1346 = PCURVE('',#1347,#1352);
#1347 = PLANE('',#1348);
#1348 = AXIS2_PLACEMENT_3D('',#1349,#1350,#1351);
#1349 = CARTESIAN_POINT('',(60.75,34.,4.45));
#1350 = DIRECTION('',(0.,-1.,0.));
#1351 = DIRECTION('',(-1.,0.,0.));
#1352 = DEFINITIONAL_REPRESENTATION('',(#1353),#1356);
#1353 = B_SPLINE_CURVE_WITH_KNOTS('',1,(#1354,#1355),.UNSPECIFIED.,.F.,
  .F.,(2,2),(-2.725,-2.475),.PIECEWISE_BEZIER_KNOTS.);
#1354 = CARTESIAN_POINT('',(120.53,-0.25));
#1355 = CARTESIAN_POINT('',(120.53,0.));
#1356 = ( GEOMETRIC_REPRESENTATION_CONTEXT(2) 
PARAMETRIC_REPRESENTATION_CONTEXT() REPRESENTATION_CONTEXT('2D SPACE',''
  ) );
#1357 = ORIENTED_EDGE('',*,*,#1358,.T.);
#1358 = EDGE_CURVE('',#1333,#1359,#1361,.T.);
#1359 = VERTEX_POINT('',#1360);
#1360 = CARTESIAN_POINT('',(-59.78,26.,4.45));
#1361 = SURFACE_CURVE('',#1362,(#1366,#1372),.PCURVE_S1.);
#1362 = LINE('',#1363,#1364);
#1363 = CARTESIAN_POINT('',(-59.78,55.39,4.45));
#1364 = VECTOR('',#1365,1.);
#1365 = DIRECTION('',(0.,-1.,0.));
#1366 = PCURVE('',#548,#1367);
#1367 = DEFINITIONAL_REPRESENTATION('',(#1368),#1371);
#1368 = B_SPLINE_CURVE_WITH_KNOTS('',1,(#1369,#1370),.UNSPECIFIED.,.F.,
  .F.,(2,2),(21.39,29.39),.PIECEWISE_BEZIER_KNOTS.);
#1369 = CARTESIAN_POINT('',(46.78,-4.95));
#1370 = CARTESIAN_POINT('',(54.78,-4.95));
#1371 = ( GEOMETRIC_REPRESENTATION_CONTEXT(2) 
PARAMETRIC_REPRESENTATION_CONTEXT() REPRESENTATION_CONTEXT('2D SPACE',''
  ) );
#1372 = PCURVE('',#1373,#1378);
#1373 = PLANE('',#1374);
#1374 = AXIS2_PLACEMENT_3D('',#1375,#1376,#1377);
#1375 = CARTESIAN_POINT('',(0.,30.,4.45));
#1376 = DIRECTION('',(0.,0.,1.));
#1377 = DIRECTION('',(1.,0.,-0.));
#1378 = DEFINITIONAL_REPRESENTATION('',(#1379),#1382);
#1379 = B_SPLINE_CURVE_WITH_KNOTS('',1,(#1380,#1381),.UNSPECIFIED.,.F.,
  .F.,(2,2),(21.39,29.39),.PIECEWISE_BEZIER_KNOTS.);
#1380 = CARTESIAN_POINT('',(-59.78,4.));
#1381 = CARTESIAN_POINT('',(-59.78,-4.));
#1382 = ( GEOMETRIC_REPRESENTATION_CONTEXT(2) 
PARAMETRIC_REPRESENTATION_CONTEXT() REPRESENTATION_CONTEXT('2D SPACE',''
  ) );
#1383 = ORIENTED_EDGE('',*,*,#1384,.T.);
#1384 = EDGE_CURVE('',#1359,#1385,#1387,.T.);
#1385 = VERTEX_POINT('',#1386);
#1386 = CARTESIAN_POINT('',(-59.78,26.,4.7));
#1387 = SURFACE_CURVE('',#1388,(#1392,#1398),.PCURVE_S1.);
#1388 = LINE('',#1389,#1390);
#1389 = CARTESIAN_POINT('',(-59.78,26.,1.975));
#1390 = VECTOR('',#1391,1.);
#1391 = DIRECTION('',(0.,-0.,1.));
#1392 = PCURVE('',#548,#1393);
#1393 = DEFINITIONAL_REPRESENTATION('',(#1394),#1397);
#1394 = B_SPLINE_CURVE_WITH_KNOTS('',1,(#1395,#1396),.UNSPECIFIED.,.F.,
  .F.,(2,2),(2.475,2.725),.PIECEWISE_BEZIER_KNOTS.);
#1395 = CARTESIAN_POINT('',(54.78,-4.95));
#1396 = CARTESIAN_POINT('',(54.78,-5.2));
#1397 = ( GEOMETRIC_REPRESENTATION_CONTEXT(2) 
PARAMETRIC_REPRESENTATION_CONTEXT() REPRESENTATION_CONTEXT('2D SPACE',''
  ) );
#1398 = PCURVE('',#1399,#1404);
#1399 = PLANE('',#1400);
#1400 = AXIS2_PLACEMENT_3D('',#1401,#1402,#1403);
#1401 = CARTESIAN_POINT('',(-60.75,26.,4.45));
#1402 = DIRECTION('',(0.,1.,0.));
#1403 = DIRECTION('',(1.,0.,0.));
#1404 = DEFINITIONAL_REPRESENTATION('',(#1405),#1408);
#1405 = B_SPLINE_CURVE_WITH_KNOTS('',1,(#1406,#1407),.UNSPECIFIED.,.F.,
  .F.,(2,2),(2.475,2.725),.PIECEWISE_BEZIER_KNOTS.);
#1406 = CARTESIAN_POINT('',(0.97,0.));
#1407 = CARTESIAN_POINT('',(0.97,-0.25));
#1408 = ( GEOMETRIC_REPRESENTATION_CONTEXT(2) 
PARAMETRIC_REPRESENTATION_CONTEXT() REPRESENTATION_CONTEXT('2D SPACE',''
  ) );
#1409 = ORIENTED_EDGE('',*,*,#1410,.F.);
#1410 = EDGE_CURVE('',#1411,#1385,#1413,.T.);
#1411 = VERTEX_POINT('',#1412);
#1412 = CARTESIAN_POINT('',(-59.78,-55.,4.7));
#1413 = SURFACE_CURVE('',#1414,(#1418,#1424),.PCURVE_S1.);
#1414 = LINE('',#1415,#1416);
#1415 = CARTESIAN_POINT('',(-59.78,-1.485,4.7));
#1416 = VECTOR('',#1417,1.);
#1417 = DIRECTION('',(-0.,1.,-5.344959251749E-18));
#1418 = PCURVE('',#548,#1419);
#1419 = DEFINITIONAL_REPRESENTATION('',(#1420),#1423);
#1420 = B_SPLINE_CURVE_WITH_KNOTS('',1,(#1421,#1422),.UNSPECIFIED.,.F.,
  .F.,(2,2),(-79.295,82.265),.PIECEWISE_BEZIER_KNOTS.);
#1421 = CARTESIAN_POINT('',(161.56,-5.2));
#1422 = CARTESIAN_POINT('',(0.,-5.2));
#1423 = ( GEOMETRIC_REPRESENTATION_CONTEXT(2) 
PARAMETRIC_REPRESENTATION_CONTEXT() REPRESENTATION_CONTEXT('2D SPACE',''
  ) );
#1424 = PCURVE('',#630,#1425);
#1425 = DEFINITIONAL_REPRESENTATION('',(#1426),#1429);
#1426 = B_SPLINE_CURVE_WITH_KNOTS('',1,(#1427,#1428),.UNSPECIFIED.,.F.,
  .F.,(2,2),(-79.295,82.265),.PIECEWISE_BEZIER_KNOTS.);
#1427 = CARTESIAN_POINT('',(1.950362638735,2.371789530592));
#1428 = CARTESIAN_POINT('',(132.89688815212,97.000754736665));
#1429 = ( GEOMETRIC_REPRESENTATION_CONTEXT(2) 
PARAMETRIC_REPRESENTATION_CONTEXT() REPRESENTATION_CONTEXT('2D SPACE',''
  ) );
#1430 = ORIENTED_EDGE('',*,*,#1431,.T.);
#1431 = EDGE_CURVE('',#1411,#1432,#1434,.T.);
#1432 = VERTEX_POINT('',#1433);
#1433 = CARTESIAN_POINT('',(-59.78,-55.,4.45));
#1434 = SURFACE_CURVE('',#1435,(#1439,#1445),.PCURVE_S1.);
#1435 = LINE('',#1436,#1437);
#1436 = CARTESIAN_POINT('',(-59.78,-55.,1.975));
#1437 = VECTOR('',#1438,1.);
#1438 = DIRECTION('',(0.,-0.,-1.));
#1439 = PCURVE('',#548,#1440);
#1440 = DEFINITIONAL_REPRESENTATION('',(#1441),#1444);
#1441 = B_SPLINE_CURVE_WITH_KNOTS('',1,(#1442,#1443),.UNSPECIFIED.,.F.,
  .F.,(2,2),(-2.725,-2.475),.PIECEWISE_BEZIER_KNOTS.);
#1442 = CARTESIAN_POINT('',(135.78,-5.2));
#1443 = CARTESIAN_POINT('',(135.78,-4.95));
#1444 = ( GEOMETRIC_REPRESENTATION_CONTEXT(2) 
PARAMETRIC_REPRESENTATION_CONTEXT() REPRESENTATION_CONTEXT('2D SPACE',''
  ) );
#1445 = PCURVE('',#1446,#1451);
#1446 = PLANE('',#1447);
#1447 = AXIS2_PLACEMENT_3D('',#1448,#1449,#1450);
#1448 = CARTESIAN_POINT('',(60.75,-55.,4.45));
#1449 = DIRECTION('',(0.,-1.,0.));
#1450 = DIRECTION('',(-1.,0.,0.));
#1451 = DEFINITIONAL_REPRESENTATION('',(#1452),#1455);
#1452 = B_SPLINE_CURVE_WITH_KNOTS('',1,(#1453,#1454),.UNSPECIFIED.,.F.,
  .F.,(2,2),(-2.725,-2.475),.PIECEWISE_BEZIER_KNOTS.);
#1453 = CARTESIAN_POINT('',(120.53,-0.25));
#1454 = CARTESIAN_POINT('',(120.53,0.));
#1455 = ( GEOMETRIC_REPRESENTATION_CONTEXT(2) 
PARAMETRIC_REPRESENTATION_CONTEXT() REPRESENTATION_CONTEXT('2D SPACE',''
  ) );
#1456 = ORIENTED_EDGE('',*,*,#1457,.T.);
#1457 = EDGE_CURVE('',#1432,#1458,#1460,.T.);
#1458 = VERTEX_POINT('',#1459);
#1459 = CARTESIAN_POINT('',(-59.78,-63.,4.45));
#1460 = SURFACE_CURVE('',#1461,(#1465,#1471),.PCURVE_S1.);
#1461 = LINE('',#1462,#1463);
#1462 = CARTESIAN_POINT('',(-59.78,10.89,4.45));
#1463 = VECTOR('',#1464,1.);
#1464 = DIRECTION('',(0.,-1.,0.));
#1465 = PCURVE('',#548,#1466);
#1466 = DEFINITIONAL_REPRESENTATION('',(#1467),#1470);
#1467 = B_SPLINE_CURVE_WITH_KNOTS('',1,(#1468,#1469),.UNSPECIFIED.,.F.,
  .F.,(2,2),(65.89,73.89),.PIECEWISE_BEZIER_KNOTS.);
#1468 = CARTESIAN_POINT('',(135.78,-4.95));
#1469 = CARTESIAN_POINT('',(143.78,-4.95));
#1470 = ( GEOMETRIC_REPRESENTATION_CONTEXT(2) 
PARAMETRIC_REPRESENTATION_CONTEXT() REPRESENTATION_CONTEXT('2D SPACE',''
  ) );
#1471 = PCURVE('',#1472,#1477);
#1472 = PLANE('',#1473);
#1473 = AXIS2_PLACEMENT_3D('',#1474,#1475,#1476);
#1474 = CARTESIAN_POINT('',(0.,-59.,4.45));
#1475 = DIRECTION('',(0.,0.,1.));
#1476 = DIRECTION('',(1.,0.,-0.));
#1477 = DEFINITIONAL_REPRESENTATION('',(#1478),#1481);
#1478 = B_SPLINE_CURVE_WITH_KNOTS('',1,(#1479,#1480),.UNSPECIFIED.,.F.,
  .F.,(2,2),(65.89,73.89),.PIECEWISE_BEZIER_KNOTS.);
#1479 = CARTESIAN_POINT('',(-59.78,4.));
#1480 = CARTESIAN_POINT('',(-59.78,-4.));
#1481 = ( GEOMETRIC_REPRESENTATION_CONTEXT(2) 
PARAMETRIC_REPRESENTATION_CONTEXT() REPRESENTATION_CONTEXT('2D SPACE',''
  ) );
#1482 = ORIENTED_EDGE('',*,*,#1483,.T.);
#1483 = EDGE_CURVE('',#1458,#1484,#1486,.T.);
#1484 = VERTEX_POINT('',#1485);
#1485 = CARTESIAN_POINT('',(-59.78,-63.,4.7));
#1486 = SURFACE_CURVE('',#1487,(#1491,#1497),.PCURVE_S1.);
#1487 = LINE('',#1488,#1489);
#1488 = CARTESIAN_POINT('',(-59.78,-63.,1.975));
#1489 = VECTOR('',#1490,1.);
#1490 = DIRECTION('',(0.,-0.,1.));
#1491 = PCURVE('',#548,#1492);
#1492 = DEFINITIONAL_REPRESENTATION('',(#1493),#1496);
#1493 = B_SPLINE_CURVE_WITH_KNOTS('',1,(#1494,#1495),.UNSPECIFIED.,.F.,
  .F.,(2,2),(2.475,2.725),.PIECEWISE_BEZIER_KNOTS.);
#1494 = CARTESIAN_POINT('',(143.78,-4.95));
#1495 = CARTESIAN_POINT('',(143.78,-5.2));
#1496 = ( GEOMETRIC_REPRESENTATION_CONTEXT(2) 
PARAMETRIC_REPRESENTATION_CONTEXT() REPRESENTATION_CONTEXT('2D SPACE',''
  ) );
#1497 = PCURVE('',#1498,#1503);
#1498 = PLANE('',#1499);
#1499 = AXIS2_PLACEMENT_3D('',#1500,#1501,#1502);
#1500 = CARTESIAN_POINT('',(-60.75,-63.,4.45));
#1501 = DIRECTION('',(0.,1.,0.));
#1502 = DIRECTION('',(1.,0.,0.));
#1503 = DEFINITIONAL_REPRESENTATION('',(#1504),#1507);
#1504 = B_SPLINE_CURVE_WITH_KNOTS('',1,(#1505,#1506),.UNSPECIFIED.,.F.,
  .F.,(2,2),(2.475,2.725),.PIECEWISE_BEZIER_KNOTS.);
#1505 = CARTESIAN_POINT('',(0.97,0.));
#1506 = CARTESIAN_POINT('',(0.97,-0.25));
#1507 = ( GEOMETRIC_REPRESENTATION_CONTEXT(2) 
PARAMETRIC_REPRESENTATION_CONTEXT() REPRESENTATION_CONTEXT('2D SPACE',''
  ) );
#1508 = ORIENTED_EDGE('',*,*,#1509,.F.);
#1509 = EDGE_CURVE('',#593,#1484,#1510,.T.);
#1510 = SURFACE_CURVE('',#1511,(#1515,#1521),.PCURVE_S1.);
#1511 = LINE('',#1512,#1513);
#1512 = CARTESIAN_POINT('',(-59.78,-1.485,4.7));
#1513 = VECTOR('',#1514,1.);
#1514 = DIRECTION('',(-0.,1.,-5.344959251749E-18));
#1515 = PCURVE('',#548,#1516);
#1516 = DEFINITIONAL_REPRESENTATION('',(#1517),#1520);
#1517 = B_SPLINE_CURVE_WITH_KNOTS('',1,(#1518,#1519),.UNSPECIFIED.,.F.,
  .F.,(2,2),(-79.295,82.265),.PIECEWISE_BEZIER_KNOTS.);
#1518 = CARTESIAN_POINT('',(161.56,-5.2));
#1519 = CARTESIAN_POINT('',(0.,-5.2));
#1520 = ( GEOMETRIC_REPRESENTATION_CONTEXT(2) 
PARAMETRIC_REPRESENTATION_CONTEXT() REPRESENTATION_CONTEXT('2D SPACE',''
  ) );
#1521 = PCURVE('',#630,#1522);
#1522 = DEFINITIONAL_REPRESENTATION('',(#1523),#1526);
#1523 = B_SPLINE_CURVE_WITH_KNOTS('',1,(#1524,#1525),.UNSPECIFIED.,.F.,
  .F.,(2,2),(-79.295,82.265),.PIECEWISE_BEZIER_KNOTS.);
#1524 = CARTESIAN_POINT('',(1.950362638735,2.371789530592));
#1525 = CARTESIAN_POINT('',(132.89688815212,97.000754736665));
#1526 = ( GEOMETRIC_REPRESENTATION_CONTEXT(2) 
PARAMETRIC_REPRESENTATION_CONTEXT() REPRESENTATION_CONTEXT('2D SPACE',''
  ) );
#1527 = ORIENTED_EDGE('',*,*,#592,.F.);
#1528 = ORIENTED_EDGE('',*,*,#525,.F.);
#1529 = ORIENTED_EDGE('',*,*,#1530,.T.);
#1530 = EDGE_CURVE('',#493,#1254,#1531,.T.);
#1531 = SURFACE_CURVE('',#1532,(#1536,#1542),.PCURVE_S1.);
#1532 = LINE('',#1533,#1534);
#1533 = CARTESIAN_POINT('',(-59.78,-9.999999999998E-03,-5.E-02));
#1534 = VECTOR('',#1535,1.);
#1535 = DIRECTION('',(0.,1.,4.301463101139E-20));
#1536 = PCURVE('',#548,#1537);
#1537 = DEFINITIONAL_REPRESENTATION('',(#1538),#1541);
#1538 = B_SPLINE_CURVE_WITH_KNOTS('',1,(#1539,#1540),.UNSPECIFIED.,.F.,
  .F.,(2,2),(-80.40978216024,80.299394079601),.PIECEWISE_BEZIER_KNOTS.);
#1539 = CARTESIAN_POINT('',(161.19978216024,-0.45));
#1540 = CARTESIAN_POINT('',(0.490605920399,-0.45));
#1541 = ( GEOMETRIC_REPRESENTATION_CONTEXT(2) 
PARAMETRIC_REPRESENTATION_CONTEXT() REPRESENTATION_CONTEXT('2D SPACE',''
  ) );
#1542 = PCURVE('',#509,#1543);
#1543 = DEFINITIONAL_REPRESENTATION('',(#1544),#1547);
#1544 = B_SPLINE_CURVE_WITH_KNOTS('',1,(#1545,#1546),.UNSPECIFIED.,.F.,
  .F.,(2,2),(-80.40978216024,80.299394079601),.PIECEWISE_BEZIER_KNOTS.);
#1545 = CARTESIAN_POINT('',(-0.155152010489,0.853752574995));
#1546 = CARTESIAN_POINT('',(129.38608448234,95.966881929446));
#1547 = ( GEOMETRIC_REPRESENTATION_CONTEXT(2) 
PARAMETRIC_REPRESENTATION_CONTEXT() REPRESENTATION_CONTEXT('2D SPACE',''
  ) );
#1548 = ADVANCED_FACE('',(#1549),#509,.F.);
#1549 = FACE_BOUND('',#1550,.F.);
#1550 = EDGE_LOOP('',(#1551,#1552,#1553,#1577));
#1551 = ORIENTED_EDGE('',*,*,#492,.F.);
#1552 = ORIENTED_EDGE('',*,*,#1530,.T.);
#1553 = ORIENTED_EDGE('',*,*,#1554,.T.);
#1554 = EDGE_CURVE('',#1254,#1555,#1557,.T.);
#1555 = VERTEX_POINT('',#1556);
#1556 = CARTESIAN_POINT('',(-59.8,80.,-5.E-02));
#1557 = SURFACE_CURVE('',#1558,(#1563,#1570),.PCURVE_S1.);
#1558 = CIRCLE('',#1559,0.8);
#1559 = AXIS2_PLACEMENT_3D('',#1560,#1561,#1562);
#1560 = CARTESIAN_POINT('',(-59.,80.,-5.E-02));
#1561 = DIRECTION('',(0.,0.,1.));
#1562 = DIRECTION('',(0.,-1.,0.));
#1563 = PCURVE('',#509,#1564);
#1564 = DEFINITIONAL_REPRESENTATION('',(#1565),#1569);
#1565 = CIRCLE('',#1566,0.8);
#1566 = AXIS2_PLACEMENT_2D('',#1567,#1568);
#1567 = CARTESIAN_POINT('',(129.61444589175,95.166881929446));
#1568 = DIRECTION('',(-0.806059986889,-0.591833842845));
#1569 = ( GEOMETRIC_REPRESENTATION_CONTEXT(2) 
PARAMETRIC_REPRESENTATION_CONTEXT() REPRESENTATION_CONTEXT('2D SPACE',''
  ) );
#1570 = PCURVE('',#1270,#1571);
#1571 = DEFINITIONAL_REPRESENTATION('',(#1572),#1576);
#1572 = LINE('',#1573,#1574);
#1573 = CARTESIAN_POINT('',(0.,0.));
#1574 = VECTOR('',#1575,1.);
#1575 = DIRECTION('',(1.,0.));
#1576 = ( GEOMETRIC_REPRESENTATION_CONTEXT(2) 
PARAMETRIC_REPRESENTATION_CONTEXT() REPRESENTATION_CONTEXT('2D SPACE',''
  ) );
#1577 = ORIENTED_EDGE('',*,*,#1578,.T.);
#1578 = EDGE_CURVE('',#1555,#468,#1579,.T.);
#1579 = SURFACE_CURVE('',#1580,(#1584,#1591),.PCURVE_S1.);
#1580 = LINE('',#1581,#1582);
#1581 = CARTESIAN_POINT('',(-59.8,80.8,-5.E-02));
#1582 = VECTOR('',#1583,1.);
#1583 = DIRECTION('',(0.,-1.,0.));
#1584 = PCURVE('',#509,#1585);
#1585 = DEFINITIONAL_REPRESENTATION('',(#1586),#1590);
#1586 = LINE('',#1587,#1588);
#1587 = CARTESIAN_POINT('',(129.78582680699,96.285196993233));
#1588 = VECTOR('',#1589,1.);
#1589 = DIRECTION('',(-0.806059986889,-0.591833842845));
#1590 = ( GEOMETRIC_REPRESENTATION_CONTEXT(2) 
PARAMETRIC_REPRESENTATION_CONTEXT() REPRESENTATION_CONTEXT('2D SPACE',''
  ) );
#1591 = PCURVE('',#481,#1592);
#1592 = DEFINITIONAL_REPRESENTATION('',(#1593),#1597);
#1593 = LINE('',#1594,#1595);
#1594 = CARTESIAN_POINT('',(0.8,-1.131370849898));
#1595 = VECTOR('',#1596,1.);
#1596 = DIRECTION('',(1.,0.));
#1597 = ( GEOMETRIC_REPRESENTATION_CONTEXT(2) 
PARAMETRIC_REPRESENTATION_CONTEXT() REPRESENTATION_CONTEXT('2D SPACE',''
  ) );
#1598 = ADVANCED_FACE('',(#1599),#481,.T.);
#1599 = FACE_BOUND('',#1600,.T.);
#1600 = EDGE_LOOP('',(#1601,#1602,#1603,#1626));
#1601 = ORIENTED_EDGE('',*,*,#1578,.T.);
#1602 = ORIENTED_EDGE('',*,*,#467,.T.);
#1603 = ORIENTED_EDGE('',*,*,#1604,.F.);
#1604 = EDGE_CURVE('',#1605,#444,#1607,.T.);
#1605 = VERTEX_POINT('',#1606);
#1606 = CARTESIAN_POINT('',(-60.6,80.,0.75));
#1607 = SURFACE_CURVE('',#1608,(#1612,#1619),.PCURVE_S1.);
#1608 = LINE('',#1609,#1610);
#1609 = CARTESIAN_POINT('',(-60.6,81.6,0.75));
#1610 = VECTOR('',#1611,1.);
#1611 = DIRECTION('',(0.,-1.,0.));
#1612 = PCURVE('',#481,#1613);
#1613 = DEFINITIONAL_REPRESENTATION('',(#1614),#1618);
#1614 = LINE('',#1615,#1616);
#1615 = CARTESIAN_POINT('',(0.,0.));
#1616 = VECTOR('',#1617,1.);
#1617 = DIRECTION('',(1.,0.));
#1618 = ( GEOMETRIC_REPRESENTATION_CONTEXT(2) 
PARAMETRIC_REPRESENTATION_CONTEXT() REPRESENTATION_CONTEXT('2D SPACE',''
  ) );
#1619 = PCURVE('',#1237,#1620);
#1620 = DEFINITIONAL_REPRESENTATION('',(#1621),#1625);
#1621 = LINE('',#1622,#1623);
#1622 = CARTESIAN_POINT('',(0.,-1.8));
#1623 = VECTOR('',#1624,1.);
#1624 = DIRECTION('',(1.,0.));
#1625 = ( GEOMETRIC_REPRESENTATION_CONTEXT(2) 
PARAMETRIC_REPRESENTATION_CONTEXT() REPRESENTATION_CONTEXT('2D SPACE',''
  ) );
#1626 = ORIENTED_EDGE('',*,*,#1627,.F.);
#1627 = EDGE_CURVE('',#1555,#1605,#1628,.T.);
#1628 = SURFACE_CURVE('',#1629,(#1632,#1638),.PCURVE_S1.);
#1629 = B_SPLINE_CURVE_WITH_KNOTS('',1,(#1630,#1631),.UNSPECIFIED.,.F.,
  .F.,(2,2),(0.,1.),.PIECEWISE_BEZIER_KNOTS.);
#1630 = CARTESIAN_POINT('',(-59.8,80.,-5.E-02));
#1631 = CARTESIAN_POINT('',(-60.6,80.,0.75));
#1632 = PCURVE('',#481,#1633);
#1633 = DEFINITIONAL_REPRESENTATION('',(#1634),#1637);
#1634 = B_SPLINE_CURVE_WITH_KNOTS('',1,(#1635,#1636),.UNSPECIFIED.,.F.,
  .F.,(2,2),(0.,1.),.PIECEWISE_BEZIER_KNOTS.);
#1635 = CARTESIAN_POINT('',(1.6,-1.131370849898));
#1636 = CARTESIAN_POINT('',(1.6,0.));
#1637 = ( GEOMETRIC_REPRESENTATION_CONTEXT(2) 
PARAMETRIC_REPRESENTATION_CONTEXT() REPRESENTATION_CONTEXT('2D SPACE',''
  ) );
#1638 = PCURVE('',#1270,#1639);
#1639 = DEFINITIONAL_REPRESENTATION('',(#1640),#1643);
#1640 = B_SPLINE_CURVE_WITH_KNOTS('',1,(#1641,#1642),.UNSPECIFIED.,.F.,
  .F.,(2,2),(0.,1.),.PIECEWISE_BEZIER_KNOTS.);
#1641 = CARTESIAN_POINT('',(4.712388980385,0.));
#1642 = CARTESIAN_POINT('',(4.712388980385,0.8));
#1643 = ( GEOMETRIC_REPRESENTATION_CONTEXT(2) 
PARAMETRIC_REPRESENTATION_CONTEXT() REPRESENTATION_CONTEXT('2D SPACE',''
  ) );
#1644 = ADVANCED_FACE('',(#1645,#1751),#630,.T.);
#1645 = FACE_BOUND('',#1646,.T.);
#1646 = EDGE_LOOP('',(#1647,#1675,#1701,#1727));
#1647 = ORIENTED_EDGE('',*,*,#1648,.F.);
#1648 = EDGE_CURVE('',#1649,#1651,#1653,.T.);
#1649 = VERTEX_POINT('',#1650);
#1650 = CARTESIAN_POINT('',(61.55,82.55,4.7));
#1651 = VERTEX_POINT('',#1652);
#1652 = CARTESIAN_POINT('',(61.55,-82.55,4.7));
#1653 = SURFACE_CURVE('',#1654,(#1658,#1664),.PCURVE_S1.);
#1654 = LINE('',#1655,#1656);
#1655 = CARTESIAN_POINT('',(61.55,-83.15,4.7));
#1656 = VECTOR('',#1657,1.);
#1657 = DIRECTION('',(0.,-1.,5.344959251749E-18));
#1658 = PCURVE('',#630,#1659);
#1659 = DEFINITIONAL_REPRESENTATION('',(#1660),#1663);
#1660 = B_SPLINE_CURVE_WITH_KNOTS('',1,(#1661,#1662),.UNSPECIFIED.,.F.,
  .F.,(2,2),(-165.7,-0.6),.PIECEWISE_BEZIER_KNOTS.);
#1661 = CARTESIAN_POINT('',(205.39693580383,-0.302096662966));
#1662 = CARTESIAN_POINT('',(71.581193279327,-97.00451158944));
#1663 = ( GEOMETRIC_REPRESENTATION_CONTEXT(2) 
PARAMETRIC_REPRESENTATION_CONTEXT() REPRESENTATION_CONTEXT('2D SPACE',''
  ) );
#1664 = PCURVE('',#1665,#1670);
#1665 = PLANE('',#1666);
#1666 = AXIS2_PLACEMENT_3D('',#1667,#1668,#1669);
#1667 = CARTESIAN_POINT('',(61.55,-82.55,3.45));
#1668 = DIRECTION('',(-1.,0.,0.));
#1669 = DIRECTION('',(0.,1.,0.));
#1670 = DEFINITIONAL_REPRESENTATION('',(#1671),#1674);
#1671 = B_SPLINE_CURVE_WITH_KNOTS('',1,(#1672,#1673),.UNSPECIFIED.,.F.,
  .F.,(2,2),(-165.7,-0.6),.PIECEWISE_BEZIER_KNOTS.);
#1672 = CARTESIAN_POINT('',(165.1,-1.25));
#1673 = CARTESIAN_POINT('',(0.,-1.25));
#1674 = ( GEOMETRIC_REPRESENTATION_CONTEXT(2) 
PARAMETRIC_REPRESENTATION_CONTEXT() REPRESENTATION_CONTEXT('2D SPACE',''
  ) );
#1675 = ORIENTED_EDGE('',*,*,#1676,.F.);
#1676 = EDGE_CURVE('',#1677,#1649,#1679,.T.);
#1677 = VERTEX_POINT('',#1678);
#1678 = CARTESIAN_POINT('',(-61.55,82.55,4.7));
#1679 = SURFACE_CURVE('',#1680,(#1684,#1690),.PCURVE_S1.);
#1680 = LINE('',#1681,#1682);
#1681 = CARTESIAN_POINT('',(1.275,82.55,4.7));
#1682 = VECTOR('',#1683,1.);
#1683 = DIRECTION('',(1.,0.,2.00393234432E-20));
#1684 = PCURVE('',#630,#1685);
#1685 = DEFINITIONAL_REPRESENTATION('',(#1686),#1689);
#1686 = B_SPLINE_CURVE_WITH_KNOTS('',1,(#1687,#1688),.UNSPECIFIED.,.F.,
  .F.,(2,2),(-62.825,60.275),.PIECEWISE_BEZIER_KNOTS.);
#1687 = CARTESIAN_POINT('',(133.29477179747,99.472088102433));
#1688 = CARTESIAN_POINT('',(205.39693580383,-0.302096662966));
#1689 = ( GEOMETRIC_REPRESENTATION_CONTEXT(2) 
PARAMETRIC_REPRESENTATION_CONTEXT() REPRESENTATION_CONTEXT('2D SPACE',''
  ) );
#1690 = PCURVE('',#1691,#1696);
#1691 = PLANE('',#1692);
#1692 = AXIS2_PLACEMENT_3D('',#1693,#1694,#1695);
#1693 = CARTESIAN_POINT('',(61.55,82.55,3.45));
#1694 = DIRECTION('',(0.,-1.,0.));
#1695 = DIRECTION('',(-1.,0.,0.));
#1696 = DEFINITIONAL_REPRESENTATION('',(#1697),#1700);
#1697 = B_SPLINE_CURVE_WITH_KNOTS('',1,(#1698,#1699),.UNSPECIFIED.,.F.,
  .F.,(2,2),(-62.825,60.275),.PIECEWISE_BEZIER_KNOTS.);
#1698 = CARTESIAN_POINT('',(123.1,-1.25));
#1699 = CARTESIAN_POINT('',(0.,-1.25));
#1700 = ( GEOMETRIC_REPRESENTATION_CONTEXT(2) 
PARAMETRIC_REPRESENTATION_CONTEXT() REPRESENTATION_CONTEXT('2D SPACE',''
  ) );
#1701 = ORIENTED_EDGE('',*,*,#1702,.F.);
#1702 = EDGE_CURVE('',#1703,#1677,#1705,.T.);
#1703 = VERTEX_POINT('',#1704);
#1704 = CARTESIAN_POINT('',(-61.55,-82.55,4.7));
#1705 = SURFACE_CURVE('',#1706,(#1710,#1716),.PCURVE_S1.);
#1706 = LINE('',#1707,#1708);
#1707 = CARTESIAN_POINT('',(-61.55,-0.6,4.7));
#1708 = VECTOR('',#1709,1.);
#1709 = DIRECTION('',(-0.,1.,-5.344959251749E-18));
#1710 = PCURVE('',#630,#1711);
#1711 = DEFINITIONAL_REPRESENTATION('',(#1712),#1715);
#1712 = B_SPLINE_CURVE_WITH_KNOTS('',1,(#1713,#1714),.UNSPECIFIED.,.F.,
  .F.,(2,2),(-81.95,83.15),.PIECEWISE_BEZIER_KNOTS.);
#1713 = CARTESIAN_POINT('',(-0.520970727033,2.76967317595));
#1714 = CARTESIAN_POINT('',(133.29477179747,99.472088102433));
#1715 = ( GEOMETRIC_REPRESENTATION_CONTEXT(2) 
PARAMETRIC_REPRESENTATION_CONTEXT() REPRESENTATION_CONTEXT('2D SPACE',''
  ) );
#1716 = PCURVE('',#1717,#1722);
#1717 = PLANE('',#1718);
#1718 = AXIS2_PLACEMENT_3D('',#1719,#1720,#1721);
#1719 = CARTESIAN_POINT('',(-61.55,82.55,3.45));
#1720 = DIRECTION('',(1.,0.,-0.));
#1721 = DIRECTION('',(0.,-1.,0.));
#1722 = DEFINITIONAL_REPRESENTATION('',(#1723),#1726);
#1723 = B_SPLINE_CURVE_WITH_KNOTS('',1,(#1724,#1725),.UNSPECIFIED.,.F.,
  .F.,(2,2),(-81.95,83.15),.PIECEWISE_BEZIER_KNOTS.);
#1724 = CARTESIAN_POINT('',(165.1,-1.25));
#1725 = CARTESIAN_POINT('',(0.,-1.25));
#1726 = ( GEOMETRIC_REPRESENTATION_CONTEXT(2) 
PARAMETRIC_REPRESENTATION_CONTEXT() REPRESENTATION_CONTEXT('2D SPACE',''
  ) );
#1727 = ORIENTED_EDGE('',*,*,#1728,.F.);
#1728 = EDGE_CURVE('',#1651,#1703,#1729,.T.);
#1729 = SURFACE_CURVE('',#1730,(#1734,#1740),.PCURVE_S1.);
#1730 = LINE('',#1731,#1732);
#1731 = CARTESIAN_POINT('',(-60.275,-82.55,4.7));
#1732 = VECTOR('',#1733,1.);
#1733 = DIRECTION('',(-1.,0.,-2.00393234432E-20));
#1734 = PCURVE('',#630,#1735);
#1735 = DEFINITIONAL_REPRESENTATION('',(#1736),#1739);
#1736 = B_SPLINE_CURVE_WITH_KNOTS('',1,(#1737,#1738),.UNSPECIFIED.,.F.,
  .F.,(2,2),(-121.825,1.275),.PIECEWISE_BEZIER_KNOTS.);
#1737 = CARTESIAN_POINT('',(71.581193279327,-97.00451158944));
#1738 = CARTESIAN_POINT('',(-0.520970727033,2.76967317595));
#1739 = ( GEOMETRIC_REPRESENTATION_CONTEXT(2) 
PARAMETRIC_REPRESENTATION_CONTEXT() REPRESENTATION_CONTEXT('2D SPACE',''
  ) );
#1740 = PCURVE('',#1741,#1746);
#1741 = PLANE('',#1742);
#1742 = AXIS2_PLACEMENT_3D('',#1743,#1744,#1745);
#1743 = CARTESIAN_POINT('',(-61.55,-82.55,3.45));
#1744 = DIRECTION('',(0.,1.,0.));
#1745 = DIRECTION('',(1.,0.,0.));
#1746 = DEFINITIONAL_REPRESENTATION('',(#1747),#1750);
#1747 = B_SPLINE_CURVE_WITH_KNOTS('',1,(#1748,#1749),.UNSPECIFIED.,.F.,
  .F.,(2,2),(-121.825,1.275),.PIECEWISE_BEZIER_KNOTS.);
#1748 = CARTESIAN_POINT('',(123.1,-1.25));
#1749 = CARTESIAN_POINT('',(0.,-1.25));
#1750 = ( GEOMETRIC_REPRESENTATION_CONTEXT(2) 
PARAMETRIC_REPRESENTATION_CONTEXT() REPRESENTATION_CONTEXT('2D SPACE',''
  ) );
#1751 = FACE_BOUND('',#1752,.T.);
#1752 = EDGE_LOOP('',(#1753,#1754,#1773,#1774,#1795,#1821,#1840,#1841,
    #1862,#1888,#1907,#1908,#1909,#1910,#1931,#1957,#1976,#1977,#1998,
    #2024));
#1753 = ORIENTED_EDGE('',*,*,#1311,.T.);
#1754 = ORIENTED_EDGE('',*,*,#1755,.T.);
#1755 = EDGE_CURVE('',#1289,#1046,#1756,.T.);
#1756 = SURFACE_CURVE('',#1757,(#1761,#1767),.PCURVE_S1.);
#1757 = LINE('',#1758,#1759);
#1758 = CARTESIAN_POINT('',(0.39,80.78,4.7));
#1759 = VECTOR('',#1760,1.);
#1760 = DIRECTION('',(1.,0.,2.00393234432E-20));
#1761 = PCURVE('',#630,#1762);
#1762 = DEFINITIONAL_REPRESENTATION('',(#1763),#1766);
#1763 = B_SPLINE_CURVE_WITH_KNOTS('',1,(#1764,#1765),.UNSPECIFIED.,.F.,
  .F.,(2,2),(-60.17,59.39),.PIECEWISE_BEZIER_KNOTS.);
#1764 = CARTESIAN_POINT('',(132.89688815212,97.000754736665));
#1765 = CARTESIAN_POINT('',(202.92560243807,9.578698239142E-02));
#1766 = ( GEOMETRIC_REPRESENTATION_CONTEXT(2) 
PARAMETRIC_REPRESENTATION_CONTEXT() REPRESENTATION_CONTEXT('2D SPACE',''
  ) );
#1767 = PCURVE('',#1082,#1768);
#1768 = DEFINITIONAL_REPRESENTATION('',(#1769),#1772);
#1769 = B_SPLINE_CURVE_WITH_KNOTS('',1,(#1770,#1771),.UNSPECIFIED.,.F.,
  .F.,(2,2),(-60.17,59.39),.PIECEWISE_BEZIER_KNOTS.);
#1770 = CARTESIAN_POINT('',(119.56,-5.2));
#1771 = CARTESIAN_POINT('',(0.,-5.2));
#1772 = ( GEOMETRIC_REPRESENTATION_CONTEXT(2) 
PARAMETRIC_REPRESENTATION_CONTEXT() REPRESENTATION_CONTEXT('2D SPACE',''
  ) );
#1773 = ORIENTED_EDGE('',*,*,#1045,.T.);
#1774 = ORIENTED_EDGE('',*,*,#1775,.T.);
#1775 = EDGE_CURVE('',#1020,#1776,#1778,.T.);
#1776 = VERTEX_POINT('',#1777);
#1777 = CARTESIAN_POINT('',(60.75,34.,4.7));
#1778 = SURFACE_CURVE('',#1779,(#1783,#1789),.PCURVE_S1.);
#1779 = LINE('',#1780,#1781);
#1780 = CARTESIAN_POINT('',(0.875,34.,4.7));
#1781 = VECTOR('',#1782,1.);
#1782 = DIRECTION('',(1.,0.,2.00393234432E-20));
#1783 = PCURVE('',#630,#1784);
#1784 = DEFINITIONAL_REPRESENTATION('',(#1785),#1788);
#1785 = B_SPLINE_CURVE_WITH_KNOTS('',1,(#1786,#1787),.UNSPECIFIED.,.F.,
  .F.,(2,2),(-61.625,59.875),.PIECEWISE_BEZIER_KNOTS.);
#1786 = CARTESIAN_POINT('',(94.412928262507,70.386958855308));
#1787 = CARTESIAN_POINT('',(165.57793985286,-28.09040466212));
#1788 = ( GEOMETRIC_REPRESENTATION_CONTEXT(2) 
PARAMETRIC_REPRESENTATION_CONTEXT() REPRESENTATION_CONTEXT('2D SPACE',''
  ) );
#1789 = PCURVE('',#1034,#1790);
#1790 = DEFINITIONAL_REPRESENTATION('',(#1791),#1794);
#1791 = B_SPLINE_CURVE_WITH_KNOTS('',1,(#1792,#1793),.UNSPECIFIED.,.F.,
  .F.,(2,2),(-61.625,59.875),.PIECEWISE_BEZIER_KNOTS.);
#1792 = CARTESIAN_POINT('',(121.5,-0.25));
#1793 = CARTESIAN_POINT('',(0.,-0.25));
#1794 = ( GEOMETRIC_REPRESENTATION_CONTEXT(2) 
PARAMETRIC_REPRESENTATION_CONTEXT() REPRESENTATION_CONTEXT('2D SPACE',''
  ) );
#1795 = ORIENTED_EDGE('',*,*,#1796,.T.);
#1796 = EDGE_CURVE('',#1776,#1797,#1799,.T.);
#1797 = VERTEX_POINT('',#1798);
#1798 = CARTESIAN_POINT('',(60.75,26.,4.7));
#1799 = SURFACE_CURVE('',#1800,(#1804,#1810),.PCURVE_S1.);
#1800 = LINE('',#1801,#1802);
#1801 = CARTESIAN_POINT('',(60.75,-28.875,4.7));
#1802 = VECTOR('',#1803,1.);
#1803 = DIRECTION('',(0.,-1.,5.344959251749E-18));
#1804 = PCURVE('',#630,#1805);
#1805 = DEFINITIONAL_REPRESENTATION('',(#1806),#1809);
#1806 = B_SPLINE_CURVE_WITH_KNOTS('',1,(#1807,#1808),.UNSPECIFIED.,.F.,
  .F.,(2,2),(-62.875,-54.875),.PIECEWISE_BEZIER_KNOTS.);
#1807 = CARTESIAN_POINT('',(165.57793985286,-28.09040466212));
#1808 = CARTESIAN_POINT('',(159.09383361303,-32.77616674214));
#1809 = ( GEOMETRIC_REPRESENTATION_CONTEXT(2) 
PARAMETRIC_REPRESENTATION_CONTEXT() REPRESENTATION_CONTEXT('2D SPACE',''
  ) );
#1810 = PCURVE('',#1811,#1816);
#1811 = PLANE('',#1812);
#1812 = AXIS2_PLACEMENT_3D('',#1813,#1814,#1815);
#1813 = CARTESIAN_POINT('',(60.75,26.,4.45));
#1814 = DIRECTION('',(-1.,0.,0.));
#1815 = DIRECTION('',(0.,1.,0.));
#1816 = DEFINITIONAL_REPRESENTATION('',(#1817),#1820);
#1817 = B_SPLINE_CURVE_WITH_KNOTS('',1,(#1818,#1819),.UNSPECIFIED.,.F.,
  .F.,(2,2),(-62.875,-54.875),.PIECEWISE_BEZIER_KNOTS.);
#1818 = CARTESIAN_POINT('',(8.,-0.25));
#1819 = CARTESIAN_POINT('',(0.,-0.25));
#1820 = ( GEOMETRIC_REPRESENTATION_CONTEXT(2) 
PARAMETRIC_REPRESENTATION_CONTEXT() REPRESENTATION_CONTEXT('2D SPACE',''
  ) );
#1821 = ORIENTED_EDGE('',*,*,#1822,.T.);
#1822 = EDGE_CURVE('',#1797,#947,#1823,.T.);
#1823 = SURFACE_CURVE('',#1824,(#1828,#1834),.PCURVE_S1.);
#1824 = LINE('',#1825,#1826);
#1825 = CARTESIAN_POINT('',(-59.875,26.,4.7));
#1826 = VECTOR('',#1827,1.);
#1827 = DIRECTION('',(-1.,0.,-2.00393234432E-20));
#1828 = PCURVE('',#630,#1829);
#1829 = DEFINITIONAL_REPRESENTATION('',(#1830),#1833);
#1830 = B_SPLINE_CURVE_WITH_KNOTS('',1,(#1831,#1832),.UNSPECIFIED.,.F.,
  .F.,(2,2),(-120.625,0.875),.PIECEWISE_BEZIER_KNOTS.);
#1831 = CARTESIAN_POINT('',(159.09383361303,-32.77616674214));
#1832 = CARTESIAN_POINT('',(87.928822022676,65.701196775284));
#1833 = ( GEOMETRIC_REPRESENTATION_CONTEXT(2) 
PARAMETRIC_REPRESENTATION_CONTEXT() REPRESENTATION_CONTEXT('2D SPACE',''
  ) );
#1834 = PCURVE('',#982,#1835);
#1835 = DEFINITIONAL_REPRESENTATION('',(#1836),#1839);
#1836 = B_SPLINE_CURVE_WITH_KNOTS('',1,(#1837,#1838),.UNSPECIFIED.,.F.,
  .F.,(2,2),(-120.625,0.875),.PIECEWISE_BEZIER_KNOTS.);
#1837 = CARTESIAN_POINT('',(121.5,-0.25));
#1838 = CARTESIAN_POINT('',(0.,-0.25));
#1839 = ( GEOMETRIC_REPRESENTATION_CONTEXT(2) 
PARAMETRIC_REPRESENTATION_CONTEXT() REPRESENTATION_CONTEXT('2D SPACE',''
  ) );
#1840 = ORIENTED_EDGE('',*,*,#946,.T.);
#1841 = ORIENTED_EDGE('',*,*,#1842,.T.);
#1842 = EDGE_CURVE('',#921,#1843,#1845,.T.);
#1843 = VERTEX_POINT('',#1844);
#1844 = CARTESIAN_POINT('',(60.75,-55.,4.7));
#1845 = SURFACE_CURVE('',#1846,(#1850,#1856),.PCURVE_S1.);
#1846 = LINE('',#1847,#1848);
#1847 = CARTESIAN_POINT('',(0.875,-55.,4.7));
#1848 = VECTOR('',#1849,1.);
#1849 = DIRECTION('',(1.,0.,2.00393234432E-20));
#1850 = PCURVE('',#630,#1851);
#1851 = DEFINITIONAL_REPRESENTATION('',(#1852),#1855);
#1852 = B_SPLINE_CURVE_WITH_KNOTS('',1,(#1853,#1854),.UNSPECIFIED.,.F.,
  .F.,(2,2),(-61.625,59.875),.PIECEWISE_BEZIER_KNOTS.);
#1853 = CARTESIAN_POINT('',(22.277246344387,18.257855715047));
#1854 = CARTESIAN_POINT('',(93.442257934743,-80.21950780238));
#1855 = ( GEOMETRIC_REPRESENTATION_CONTEXT(2) 
PARAMETRIC_REPRESENTATION_CONTEXT() REPRESENTATION_CONTEXT('2D SPACE',''
  ) );
#1856 = PCURVE('',#935,#1857);
#1857 = DEFINITIONAL_REPRESENTATION('',(#1858),#1861);
#1858 = B_SPLINE_CURVE_WITH_KNOTS('',1,(#1859,#1860),.UNSPECIFIED.,.F.,
  .F.,(2,2),(-61.625,59.875),.PIECEWISE_BEZIER_KNOTS.);
#1859 = CARTESIAN_POINT('',(121.5,-0.25));
#1860 = CARTESIAN_POINT('',(0.,-0.25));
#1861 = ( GEOMETRIC_REPRESENTATION_CONTEXT(2) 
PARAMETRIC_REPRESENTATION_CONTEXT() REPRESENTATION_CONTEXT('2D SPACE',''
  ) );
#1862 = ORIENTED_EDGE('',*,*,#1863,.T.);
#1863 = EDGE_CURVE('',#1843,#1864,#1866,.T.);
#1864 = VERTEX_POINT('',#1865);
#1865 = CARTESIAN_POINT('',(60.75,-63.,4.7));
#1866 = SURFACE_CURVE('',#1867,(#1871,#1877),.PCURVE_S1.);
#1867 = LINE('',#1868,#1869);
#1868 = CARTESIAN_POINT('',(60.75,-73.375,4.7));
#1869 = VECTOR('',#1870,1.);
#1870 = DIRECTION('',(0.,-1.,5.344959251749E-18));
#1871 = PCURVE('',#630,#1872);
#1872 = DEFINITIONAL_REPRESENTATION('',(#1873),#1876);
#1873 = B_SPLINE_CURVE_WITH_KNOTS('',1,(#1874,#1875),.UNSPECIFIED.,.F.,
  .F.,(2,2),(-18.375,-10.375),.PIECEWISE_BEZIER_KNOTS.);
#1874 = CARTESIAN_POINT('',(93.442257934743,-80.21950780238));
#1875 = CARTESIAN_POINT('',(86.958151694912,-84.9052698824));
#1876 = ( GEOMETRIC_REPRESENTATION_CONTEXT(2) 
PARAMETRIC_REPRESENTATION_CONTEXT() REPRESENTATION_CONTEXT('2D SPACE',''
  ) );
#1877 = PCURVE('',#1878,#1883);
#1878 = PLANE('',#1879);
#1879 = AXIS2_PLACEMENT_3D('',#1880,#1881,#1882);
#1880 = CARTESIAN_POINT('',(60.75,-63.,4.45));
#1881 = DIRECTION('',(-1.,0.,0.));
#1882 = DIRECTION('',(0.,1.,0.));
#1883 = DEFINITIONAL_REPRESENTATION('',(#1884),#1887);
#1884 = B_SPLINE_CURVE_WITH_KNOTS('',1,(#1885,#1886),.UNSPECIFIED.,.F.,
  .F.,(2,2),(-18.375,-10.375),.PIECEWISE_BEZIER_KNOTS.);
#1885 = CARTESIAN_POINT('',(8.,-0.25));
#1886 = CARTESIAN_POINT('',(0.,-0.25));
#1887 = ( GEOMETRIC_REPRESENTATION_CONTEXT(2) 
PARAMETRIC_REPRESENTATION_CONTEXT() REPRESENTATION_CONTEXT('2D SPACE',''
  ) );
#1888 = ORIENTED_EDGE('',*,*,#1889,.T.);
#1889 = EDGE_CURVE('',#1864,#848,#1890,.T.);
#1890 = SURFACE_CURVE('',#1891,(#1895,#1901),.PCURVE_S1.);
#1891 = LINE('',#1892,#1893);
#1892 = CARTESIAN_POINT('',(-59.875,-63.,4.7));
#1893 = VECTOR('',#1894,1.);
#1894 = DIRECTION('',(-1.,0.,-2.00393234432E-20));
#1895 = PCURVE('',#630,#1896);
#1896 = DEFINITIONAL_REPRESENTATION('',(#1897),#1900);
#1897 = B_SPLINE_CURVE_WITH_KNOTS('',1,(#1898,#1899),.UNSPECIFIED.,.F.,
  .F.,(2,2),(-120.625,0.875),.PIECEWISE_BEZIER_KNOTS.);
#1898 = CARTESIAN_POINT('',(86.958151694912,-84.9052698824));
#1899 = CARTESIAN_POINT('',(15.793140104556,13.572093635024));
#1900 = ( GEOMETRIC_REPRESENTATION_CONTEXT(2) 
PARAMETRIC_REPRESENTATION_CONTEXT() REPRESENTATION_CONTEXT('2D SPACE',''
  ) );
#1901 = PCURVE('',#883,#1902);
#1902 = DEFINITIONAL_REPRESENTATION('',(#1903),#1906);
#1903 = B_SPLINE_CURVE_WITH_KNOTS('',1,(#1904,#1905),.UNSPECIFIED.,.F.,
  .F.,(2,2),(-120.625,0.875),.PIECEWISE_BEZIER_KNOTS.);
#1904 = CARTESIAN_POINT('',(121.5,-0.25));
#1905 = CARTESIAN_POINT('',(0.,-0.25));
#1906 = ( GEOMETRIC_REPRESENTATION_CONTEXT(2) 
PARAMETRIC_REPRESENTATION_CONTEXT() REPRESENTATION_CONTEXT('2D SPACE',''
  ) );
#1907 = ORIENTED_EDGE('',*,*,#847,.T.);
#1908 = ORIENTED_EDGE('',*,*,#615,.T.);
#1909 = ORIENTED_EDGE('',*,*,#1509,.T.);
#1910 = ORIENTED_EDGE('',*,*,#1911,.T.);
#1911 = EDGE_CURVE('',#1484,#1912,#1914,.T.);
#1912 = VERTEX_POINT('',#1913);
#1913 = CARTESIAN_POINT('',(-60.75,-63.,4.7));
#1914 = SURFACE_CURVE('',#1915,(#1919,#1925),.PCURVE_S1.);
#1915 = LINE('',#1916,#1917);
#1916 = CARTESIAN_POINT('',(-59.875,-63.,4.7));
#1917 = VECTOR('',#1918,1.);
#1918 = DIRECTION('',(-1.,0.,-2.00393234432E-20));
#1919 = PCURVE('',#630,#1920);
#1920 = DEFINITIONAL_REPRESENTATION('',(#1921),#1924);
#1921 = B_SPLINE_CURVE_WITH_KNOTS('',1,(#1922,#1923),.UNSPECIFIED.,.F.,
  .F.,(2,2),(-120.625,0.875),.PIECEWISE_BEZIER_KNOTS.);
#1922 = CARTESIAN_POINT('',(86.958151694912,-84.9052698824));
#1923 = CARTESIAN_POINT('',(15.793140104556,13.572093635024));
#1924 = ( GEOMETRIC_REPRESENTATION_CONTEXT(2) 
PARAMETRIC_REPRESENTATION_CONTEXT() REPRESENTATION_CONTEXT('2D SPACE',''
  ) );
#1925 = PCURVE('',#1498,#1926);
#1926 = DEFINITIONAL_REPRESENTATION('',(#1927),#1930);
#1927 = B_SPLINE_CURVE_WITH_KNOTS('',1,(#1928,#1929),.UNSPECIFIED.,.F.,
  .F.,(2,2),(-120.625,0.875),.PIECEWISE_BEZIER_KNOTS.);
#1928 = CARTESIAN_POINT('',(121.5,-0.25));
#1929 = CARTESIAN_POINT('',(0.,-0.25));
#1930 = ( GEOMETRIC_REPRESENTATION_CONTEXT(2) 
PARAMETRIC_REPRESENTATION_CONTEXT() REPRESENTATION_CONTEXT('2D SPACE',''
  ) );
#1931 = ORIENTED_EDGE('',*,*,#1932,.T.);
#1932 = EDGE_CURVE('',#1912,#1933,#1935,.T.);
#1933 = VERTEX_POINT('',#1934);
#1934 = CARTESIAN_POINT('',(-60.75,-55.,4.7));
#1935 = SURFACE_CURVE('',#1936,(#1940,#1946),.PCURVE_S1.);
#1936 = LINE('',#1937,#1938);
#1937 = CARTESIAN_POINT('',(-60.75,-69.375,4.7));
#1938 = VECTOR('',#1939,1.);
#1939 = DIRECTION('',(-0.,1.,-5.344959251749E-18));
#1940 = PCURVE('',#630,#1941);
#1941 = DEFINITIONAL_REPRESENTATION('',(#1942),#1945);
#1942 = B_SPLINE_CURVE_WITH_KNOTS('',1,(#1943,#1944),.UNSPECIFIED.,.F.,
  .F.,(2,2),(6.375,14.375),.PIECEWISE_BEZIER_KNOTS.);
#1943 = CARTESIAN_POINT('',(15.793140104556,13.572093635024));
#1944 = CARTESIAN_POINT('',(22.277246344387,18.257855715047));
#1945 = ( GEOMETRIC_REPRESENTATION_CONTEXT(2) 
PARAMETRIC_REPRESENTATION_CONTEXT() REPRESENTATION_CONTEXT('2D SPACE',''
  ) );
#1946 = PCURVE('',#1947,#1952);
#1947 = PLANE('',#1948);
#1948 = AXIS2_PLACEMENT_3D('',#1949,#1950,#1951);
#1949 = CARTESIAN_POINT('',(-60.75,-55.,4.45));
#1950 = DIRECTION('',(1.,0.,-0.));
#1951 = DIRECTION('',(0.,-1.,0.));
#1952 = DEFINITIONAL_REPRESENTATION('',(#1953),#1956);
#1953 = B_SPLINE_CURVE_WITH_KNOTS('',1,(#1954,#1955),.UNSPECIFIED.,.F.,
  .F.,(2,2),(6.375,14.375),.PIECEWISE_BEZIER_KNOTS.);
#1954 = CARTESIAN_POINT('',(8.,-0.25));
#1955 = CARTESIAN_POINT('',(0.,-0.25));
#1956 = ( GEOMETRIC_REPRESENTATION_CONTEXT(2) 
PARAMETRIC_REPRESENTATION_CONTEXT() REPRESENTATION_CONTEXT('2D SPACE',''
  ) );
#1957 = ORIENTED_EDGE('',*,*,#1958,.T.);
#1958 = EDGE_CURVE('',#1933,#1411,#1959,.T.);
#1959 = SURFACE_CURVE('',#1960,(#1964,#1970),.PCURVE_S1.);
#1960 = LINE('',#1961,#1962);
#1961 = CARTESIAN_POINT('',(0.875,-55.,4.7));
#1962 = VECTOR('',#1963,1.);
#1963 = DIRECTION('',(1.,0.,2.00393234432E-20));
#1964 = PCURVE('',#630,#1965);
#1965 = DEFINITIONAL_REPRESENTATION('',(#1966),#1969);
#1966 = B_SPLINE_CURVE_WITH_KNOTS('',1,(#1967,#1968),.UNSPECIFIED.,.F.,
  .F.,(2,2),(-61.625,59.875),.PIECEWISE_BEZIER_KNOTS.);
#1967 = CARTESIAN_POINT('',(22.277246344387,18.257855715047));
#1968 = CARTESIAN_POINT('',(93.442257934743,-80.21950780238));
#1969 = ( GEOMETRIC_REPRESENTATION_CONTEXT(2) 
PARAMETRIC_REPRESENTATION_CONTEXT() REPRESENTATION_CONTEXT('2D SPACE',''
  ) );
#1970 = PCURVE('',#1446,#1971);
#1971 = DEFINITIONAL_REPRESENTATION('',(#1972),#1975);
#1972 = B_SPLINE_CURVE_WITH_KNOTS('',1,(#1973,#1974),.UNSPECIFIED.,.F.,
  .F.,(2,2),(-61.625,59.875),.PIECEWISE_BEZIER_KNOTS.);
#1973 = CARTESIAN_POINT('',(121.5,-0.25));
#1974 = CARTESIAN_POINT('',(0.,-0.25));
#1975 = ( GEOMETRIC_REPRESENTATION_CONTEXT(2) 
PARAMETRIC_REPRESENTATION_CONTEXT() REPRESENTATION_CONTEXT('2D SPACE',''
  ) );
#1976 = ORIENTED_EDGE('',*,*,#1410,.T.);
#1977 = ORIENTED_EDGE('',*,*,#1978,.T.);
#1978 = EDGE_CURVE('',#1385,#1979,#1981,.T.);
#1979 = VERTEX_POINT('',#1980);
#1980 = CARTESIAN_POINT('',(-60.75,26.,4.7));
#1981 = SURFACE_CURVE('',#1982,(#1986,#1992),.PCURVE_S1.);
#1982 = LINE('',#1983,#1984);
#1983 = CARTESIAN_POINT('',(-59.875,26.,4.7));
#1984 = VECTOR('',#1985,1.);
#1985 = DIRECTION('',(-1.,0.,-2.00393234432E-20));
#1986 = PCURVE('',#630,#1987);
#1987 = DEFINITIONAL_REPRESENTATION('',(#1988),#1991);
#1988 = B_SPLINE_CURVE_WITH_KNOTS('',1,(#1989,#1990),.UNSPECIFIED.,.F.,
  .F.,(2,2),(-120.625,0.875),.PIECEWISE_BEZIER_KNOTS.);
#1989 = CARTESIAN_POINT('',(159.09383361303,-32.77616674214));
#1990 = CARTESIAN_POINT('',(87.928822022676,65.701196775284));
#1991 = ( GEOMETRIC_REPRESENTATION_CONTEXT(2) 
PARAMETRIC_REPRESENTATION_CONTEXT() REPRESENTATION_CONTEXT('2D SPACE',''
  ) );
#1992 = PCURVE('',#1399,#1993);
#1993 = DEFINITIONAL_REPRESENTATION('',(#1994),#1997);
#1994 = B_SPLINE_CURVE_WITH_KNOTS('',1,(#1995,#1996),.UNSPECIFIED.,.F.,
  .F.,(2,2),(-120.625,0.875),.PIECEWISE_BEZIER_KNOTS.);
#1995 = CARTESIAN_POINT('',(121.5,-0.25));
#1996 = CARTESIAN_POINT('',(0.,-0.25));
#1997 = ( GEOMETRIC_REPRESENTATION_CONTEXT(2) 
PARAMETRIC_REPRESENTATION_CONTEXT() REPRESENTATION_CONTEXT('2D SPACE',''
  ) );
#1998 = ORIENTED_EDGE('',*,*,#1999,.T.);
#1999 = EDGE_CURVE('',#1979,#2000,#2002,.T.);
#2000 = VERTEX_POINT('',#2001);
#2001 = CARTESIAN_POINT('',(-60.75,34.,4.7));
#2002 = SURFACE_CURVE('',#2003,(#2007,#2013),.PCURVE_S1.);
#2003 = LINE('',#2004,#2005);
#2004 = CARTESIAN_POINT('',(-60.75,-24.875,4.7));
#2005 = VECTOR('',#2006,1.);
#2006 = DIRECTION('',(-0.,1.,-5.344959251749E-18));
#2007 = PCURVE('',#630,#2008);
#2008 = DEFINITIONAL_REPRESENTATION('',(#2009),#2012);
#2009 = B_SPLINE_CURVE_WITH_KNOTS('',1,(#2010,#2011),.UNSPECIFIED.,.F.,
  .F.,(2,2),(50.875,58.875),.PIECEWISE_BEZIER_KNOTS.);
#2010 = CARTESIAN_POINT('',(87.928822022676,65.701196775284));
#2011 = CARTESIAN_POINT('',(94.412928262507,70.386958855308));
#2012 = ( GEOMETRIC_REPRESENTATION_CONTEXT(2) 
PARAMETRIC_REPRESENTATION_CONTEXT() REPRESENTATION_CONTEXT('2D SPACE',''
  ) );
#2013 = PCURVE('',#2014,#2019);
#2014 = PLANE('',#2015);
#2015 = AXIS2_PLACEMENT_3D('',#2016,#2017,#2018);
#2016 = CARTESIAN_POINT('',(-60.75,34.,4.45));
#2017 = DIRECTION('',(1.,0.,-0.));
#2018 = DIRECTION('',(0.,-1.,0.));
#2019 = DEFINITIONAL_REPRESENTATION('',(#2020),#2023);
#2020 = B_SPLINE_CURVE_WITH_KNOTS('',1,(#2021,#2022),.UNSPECIFIED.,.F.,
  .F.,(2,2),(50.875,58.875),.PIECEWISE_BEZIER_KNOTS.);
#2021 = CARTESIAN_POINT('',(8.,-0.25));
#2022 = CARTESIAN_POINT('',(0.,-0.25));
#2023 = ( GEOMETRIC_REPRESENTATION_CONTEXT(2) 
PARAMETRIC_REPRESENTATION_CONTEXT() REPRESENTATION_CONTEXT('2D SPACE',''
  ) );
#2024 = ORIENTED_EDGE('',*,*,#2025,.T.);
#2025 = EDGE_CURVE('',#2000,#1312,#2026,.T.);
#2026 = SURFACE_CURVE('',#2027,(#2031,#2037),.PCURVE_S1.);
#2027 = LINE('',#2028,#2029);
#2028 = CARTESIAN_POINT('',(0.875,34.,4.7));
#2029 = VECTOR('',#2030,1.);
#2030 = DIRECTION('',(1.,0.,2.00393234432E-20));
#2031 = PCURVE('',#630,#2032);
#2032 = DEFINITIONAL_REPRESENTATION('',(#2033),#2036);
#2033 = B_SPLINE_CURVE_WITH_KNOTS('',1,(#2034,#2035),.UNSPECIFIED.,.F.,
  .F.,(2,2),(-61.625,59.875),.PIECEWISE_BEZIER_KNOTS.);
#2034 = CARTESIAN_POINT('',(94.412928262507,70.386958855308));
#2035 = CARTESIAN_POINT('',(165.57793985286,-28.09040466212));
#2036 = ( GEOMETRIC_REPRESENTATION_CONTEXT(2) 
PARAMETRIC_REPRESENTATION_CONTEXT() REPRESENTATION_CONTEXT('2D SPACE',''
  ) );
#2037 = PCURVE('',#1347,#2038);
#2038 = DEFINITIONAL_REPRESENTATION('',(#2039),#2042);
#2039 = B_SPLINE_CURVE_WITH_KNOTS('',1,(#2040,#2041),.UNSPECIFIED.,.F.,
  .F.,(2,2),(-61.625,59.875),.PIECEWISE_BEZIER_KNOTS.);
#2040 = CARTESIAN_POINT('',(121.5,-0.25));
#2041 = CARTESIAN_POINT('',(0.,-0.25));
#2042 = ( GEOMETRIC_REPRESENTATION_CONTEXT(2) 
PARAMETRIC_REPRESENTATION_CONTEXT() REPRESENTATION_CONTEXT('2D SPACE',''
  ) );
#2043 = ADVANCED_FACE('',(#2044),#682,.T.);
#2044 = FACE_BOUND('',#2045,.T.);
#2045 = EDGE_LOOP('',(#2046,#2047,#2072,#2098));
#2046 = ORIENTED_EDGE('',*,*,#772,.T.);
#2047 = ORIENTED_EDGE('',*,*,#2048,.T.);
#2048 = EDGE_CURVE('',#748,#2049,#2051,.T.);
#2049 = VERTEX_POINT('',#2050);
#2050 = CARTESIAN_POINT('',(60.6,80.,2.55));
#2051 = SURFACE_CURVE('',#2052,(#2055,#2061),.PCURVE_S1.);
#2052 = B_SPLINE_CURVE_WITH_KNOTS('',1,(#2053,#2054),.UNSPECIFIED.,.F.,
  .F.,(2,2),(0.,1.),.PIECEWISE_BEZIER_KNOTS.);
#2053 = CARTESIAN_POINT('',(60.6,80.,0.75));
#2054 = CARTESIAN_POINT('',(60.6,80.,2.55));
#2055 = PCURVE('',#682,#2056);
#2056 = DEFINITIONAL_REPRESENTATION('',(#2057),#2060);
#2057 = B_SPLINE_CURVE_WITH_KNOTS('',1,(#2058,#2059),.UNSPECIFIED.,.F.,
  .F.,(2,2),(0.,1.),.PIECEWISE_BEZIER_KNOTS.);
#2058 = CARTESIAN_POINT('',(161.6,-1.8));
#2059 = CARTESIAN_POINT('',(161.6,0.));
#2060 = ( GEOMETRIC_REPRESENTATION_CONTEXT(2) 
PARAMETRIC_REPRESENTATION_CONTEXT() REPRESENTATION_CONTEXT('2D SPACE',''
  ) );
#2061 = PCURVE('',#2062,#2067);
#2062 = CYLINDRICAL_SURFACE('',#2063,1.6);
#2063 = AXIS2_PLACEMENT_3D('',#2064,#2065,#2066);
#2064 = CARTESIAN_POINT('',(59.,80.,0.75));
#2065 = DIRECTION('',(0.,0.,1.));
#2066 = DIRECTION('',(0.,-1.,0.));
#2067 = DEFINITIONAL_REPRESENTATION('',(#2068),#2071);
#2068 = B_SPLINE_CURVE_WITH_KNOTS('',1,(#2069,#2070),.UNSPECIFIED.,.F.,
  .F.,(2,2),(0.,1.),.PIECEWISE_BEZIER_KNOTS.);
#2069 = CARTESIAN_POINT('',(1.570796326795,0.));
#2070 = CARTESIAN_POINT('',(1.570796326795,1.8));
#2071 = ( GEOMETRIC_REPRESENTATION_CONTEXT(2) 
PARAMETRIC_REPRESENTATION_CONTEXT() REPRESENTATION_CONTEXT('2D SPACE',''
  ) );
#2072 = ORIENTED_EDGE('',*,*,#2073,.F.);
#2073 = EDGE_CURVE('',#669,#2049,#2074,.T.);
#2074 = SURFACE_CURVE('',#2075,(#2079,#2086),.PCURVE_S1.);
#2075 = LINE('',#2076,#2077);
#2076 = CARTESIAN_POINT('',(60.6,-81.6,2.55));
#2077 = VECTOR('',#2078,1.);
#2078 = DIRECTION('',(0.,1.,0.));
#2079 = PCURVE('',#682,#2080);
#2080 = DEFINITIONAL_REPRESENTATION('',(#2081),#2085);
#2081 = LINE('',#2082,#2083);
#2082 = CARTESIAN_POINT('',(0.,0.));
#2083 = VECTOR('',#2084,1.);
#2084 = DIRECTION('',(1.,0.));
#2085 = ( GEOMETRIC_REPRESENTATION_CONTEXT(2) 
PARAMETRIC_REPRESENTATION_CONTEXT() REPRESENTATION_CONTEXT('2D SPACE',''
  ) );
#2086 = PCURVE('',#2087,#2092);
#2087 = PLANE('',#2088);
#2088 = AXIS2_PLACEMENT_3D('',#2089,#2090,#2091);
#2089 = CARTESIAN_POINT('',(62.75,-83.75,4.7));
#2090 = DIRECTION('',(0.707106781187,0.,-0.707106781187));
#2091 = DIRECTION('',(0.,1.,0.));
#2092 = DEFINITIONAL_REPRESENTATION('',(#2093),#2097);
#2093 = LINE('',#2094,#2095);
#2094 = CARTESIAN_POINT('',(2.15,-3.040559159102));
#2095 = VECTOR('',#2096,1.);
#2096 = DIRECTION('',(1.,0.));
#2097 = ( GEOMETRIC_REPRESENTATION_CONTEXT(2) 
PARAMETRIC_REPRESENTATION_CONTEXT() REPRESENTATION_CONTEXT('2D SPACE',''
  ) );
#2098 = ORIENTED_EDGE('',*,*,#668,.F.);
#2099 = ADVANCED_FACE('',(#2100),#708,.T.);
#2100 = FACE_BOUND('',#2101,.T.);
#2101 = EDGE_LOOP('',(#2102,#2103,#2104,#2124,#2148,#2180,#2212));
#2102 = ORIENTED_EDGE('',*,*,#1152,.F.);
#2103 = ORIENTED_EDGE('',*,*,#693,.T.);
#2104 = ORIENTED_EDGE('',*,*,#2105,.T.);
#2105 = EDGE_CURVE('',#669,#2106,#2108,.T.);
#2106 = VERTEX_POINT('',#2107);
#2107 = CARTESIAN_POINT('',(62.5,-80.,4.45));
#2108 = SURFACE_CURVE('',#2109,(#2112,#2118),.PCURVE_S1.);
#2109 = B_SPLINE_CURVE_WITH_KNOTS('',1,(#2110,#2111),.UNSPECIFIED.,.F.,
  .F.,(2,2),(0.,1.),.PIECEWISE_BEZIER_KNOTS.);
#2110 = CARTESIAN_POINT('',(60.6,-80.,2.55));
#2111 = CARTESIAN_POINT('',(62.75,-80.,4.7));
#2112 = PCURVE('',#708,#2113);
#2113 = DEFINITIONAL_REPRESENTATION('',(#2114),#2117);
#2114 = B_SPLINE_CURVE_WITH_KNOTS('',1,(#2115,#2116),.UNSPECIFIED.,.F.,
  .F.,(2,2),(0.,1.),.PIECEWISE_BEZIER_KNOTS.);
#2115 = CARTESIAN_POINT('',(1.570796326795,0.));
#2116 = CARTESIAN_POINT('',(1.570796326795,2.15));
#2117 = ( GEOMETRIC_REPRESENTATION_CONTEXT(2) 
PARAMETRIC_REPRESENTATION_CONTEXT() REPRESENTATION_CONTEXT('2D SPACE',''
  ) );
#2118 = PCURVE('',#2087,#2119);
#2119 = DEFINITIONAL_REPRESENTATION('',(#2120),#2123);
#2120 = B_SPLINE_CURVE_WITH_KNOTS('',1,(#2121,#2122),.UNSPECIFIED.,.F.,
  .F.,(2,2),(0.,1.),.PIECEWISE_BEZIER_KNOTS.);
#2121 = CARTESIAN_POINT('',(3.75,-3.040559159102));
#2122 = CARTESIAN_POINT('',(3.75,0.));
#2123 = ( GEOMETRIC_REPRESENTATION_CONTEXT(2) 
PARAMETRIC_REPRESENTATION_CONTEXT() REPRESENTATION_CONTEXT('2D SPACE',''
  ) );
#2124 = ORIENTED_EDGE('',*,*,#2125,.F.);
#2125 = EDGE_CURVE('',#2126,#2106,#2128,.T.);
#2126 = VERTEX_POINT('',#2127);
#2127 = CARTESIAN_POINT('',(61.55,-82.39739441894,4.45));
#2128 = SURFACE_CURVE('',#2129,(#2134,#2141),.PCURVE_S1.);
#2129 = CIRCLE('',#2130,3.5);
#2130 = AXIS2_PLACEMENT_3D('',#2131,#2132,#2133);
#2131 = CARTESIAN_POINT('',(59.,-80.,4.45));
#2132 = DIRECTION('',(0.,0.,1.));
#2133 = DIRECTION('',(0.,-1.,0.));
#2134 = PCURVE('',#708,#2135);
#2135 = DEFINITIONAL_REPRESENTATION('',(#2136),#2140);
#2136 = LINE('',#2137,#2138);
#2137 = CARTESIAN_POINT('',(0.,1.9));
#2138 = VECTOR('',#2139,1.);
#2139 = DIRECTION('',(1.,0.));
#2140 = ( GEOMETRIC_REPRESENTATION_CONTEXT(2) 
PARAMETRIC_REPRESENTATION_CONTEXT() REPRESENTATION_CONTEXT('2D SPACE',''
  ) );
#2141 = PCURVE('',#1185,#2142);
#2142 = DEFINITIONAL_REPRESENTATION('',(#2143),#2147);
#2143 = CIRCLE('',#2144,3.5);
#2144 = AXIS2_PLACEMENT_2D('',#2145,#2146);
#2145 = CARTESIAN_POINT('',(59.,-80.));
#2146 = DIRECTION('',(0.,-1.));
#2147 = ( GEOMETRIC_REPRESENTATION_CONTEXT(2) 
PARAMETRIC_REPRESENTATION_CONTEXT() REPRESENTATION_CONTEXT('2D SPACE',''
  ) );
#2148 = ORIENTED_EDGE('',*,*,#2149,.F.);
#2149 = EDGE_CURVE('',#2150,#2126,#2152,.T.);
#2150 = VERTEX_POINT('',#2151);
#2151 = CARTESIAN_POINT('',(61.55,-82.55,4.556244584051));
#2152 = SURFACE_CURVE('',#2153,(#2158,#2168),.PCURVE_S1.);
#2153 = HYPERBOLA('',#2154,2.55,2.55);
#2154 = AXIS2_PLACEMENT_3D('',#2155,#2156,#2157);
#2155 = CARTESIAN_POINT('',(61.55,-80.,0.95));
#2156 = DIRECTION('',(-1.,0.,0.));
#2157 = DIRECTION('',(0.,0.,1.));
#2158 = PCURVE('',#708,#2159);
#2159 = DEFINITIONAL_REPRESENTATION('',(#2160),#2167);
#2160 = B_SPLINE_CURVE_WITH_KNOTS('',5,(#2161,#2162,#2163,#2164,#2165,
    #2166),.UNSPECIFIED.,.F.,.F.,(6,6),(-0.935638879435,-0.72249074027),
  .PIECEWISE_BEZIER_KNOTS.);
#2161 = CARTESIAN_POINT('',(0.74776263466,2.15));
#2162 = CARTESIAN_POINT('',(0.776750781586,2.032787902164));
#2163 = CARTESIAN_POINT('',(0.806871511539,1.924094318556));
#2164 = CARTESIAN_POINT('',(0.838133102313,1.82347554888));
#2165 = CARTESIAN_POINT('',(0.870528522984,1.730552097877));
#2166 = CARTESIAN_POINT('',(0.90402792236,1.645));
#2167 = ( GEOMETRIC_REPRESENTATION_CONTEXT(2) 
PARAMETRIC_REPRESENTATION_CONTEXT() REPRESENTATION_CONTEXT('2D SPACE',''
  ) );
#2168 = PCURVE('',#2169,#2174);
#2169 = PLANE('',#2170);
#2170 = AXIS2_PLACEMENT_3D('',#2171,#2172,#2173);
#2171 = CARTESIAN_POINT('',(61.55,-82.55,3.45));
#2172 = DIRECTION('',(-1.,0.,0.));
#2173 = DIRECTION('',(0.,1.,0.));
#2174 = DEFINITIONAL_REPRESENTATION('',(#2175),#2179);
#2175 = ( BOUNDED_CURVE() B_SPLINE_CURVE(2,(#2176,#2177,#2178),
.UNSPECIFIED.,.F.,.F.) B_SPLINE_CURVE_WITH_KNOTS((3,3),(-0.935638879435,
-0.72249074027),.PIECEWISE_BEZIER_KNOTS.) CURVE() 
GEOMETRIC_REPRESENTATION_ITEM() RATIONAL_B_SPLINE_CURVE((1.,
1.005684393393,1.)) REPRESENTATION_ITEM('') );
#2176 = CARTESIAN_POINT('',(-0.199545416974,-1.25));
#2177 = CARTESIAN_POINT('',(0.198601097135,-0.958074153826));
#2178 = CARTESIAN_POINT('',(0.543130547344,-0.745));
#2179 = ( GEOMETRIC_REPRESENTATION_CONTEXT(2) 
PARAMETRIC_REPRESENTATION_CONTEXT() REPRESENTATION_CONTEXT('2D SPACE',''
  ) );
#2180 = ORIENTED_EDGE('',*,*,#2181,.F.);
#2181 = EDGE_CURVE('',#2182,#2150,#2184,.T.);
#2182 = VERTEX_POINT('',#2183);
#2183 = CARTESIAN_POINT('',(61.397394418947,-82.55,4.45));
#2184 = SURFACE_CURVE('',#2185,(#2190,#2200),.PCURVE_S1.);
#2185 = HYPERBOLA('',#2186,2.55,2.55);
#2186 = AXIS2_PLACEMENT_3D('',#2187,#2188,#2189);
#2187 = CARTESIAN_POINT('',(59.,-82.55,0.95));
#2188 = DIRECTION('',(0.,1.,0.));
#2189 = DIRECTION('',(0.,-0.,1.));
#2190 = PCURVE('',#708,#2191);
#2191 = DEFINITIONAL_REPRESENTATION('',(#2192),#2199);
#2192 = B_SPLINE_CURVE_WITH_KNOTS('',5,(#2193,#2194,#2195,#2196,#2197,
    #2198),.UNSPECIFIED.,.F.,.F.,(6,6),(0.72249074027,0.935638879435),
  .PIECEWISE_BEZIER_KNOTS.);
#2193 = CARTESIAN_POINT('',(0.666768404435,1.645));
#2194 = CARTESIAN_POINT('',(0.70026780381,1.730552097876));
#2195 = CARTESIAN_POINT('',(0.732663224481,1.823475548879));
#2196 = CARTESIAN_POINT('',(0.763924815256,1.924094318556));
#2197 = CARTESIAN_POINT('',(0.794045545208,2.032787902164));
#2198 = CARTESIAN_POINT('',(0.823033692135,2.15));
#2199 = ( GEOMETRIC_REPRESENTATION_CONTEXT(2) 
PARAMETRIC_REPRESENTATION_CONTEXT() REPRESENTATION_CONTEXT('2D SPACE',''
  ) );
#2200 = PCURVE('',#2201,#2206);
#2201 = PLANE('',#2202);
#2202 = AXIS2_PLACEMENT_3D('',#2203,#2204,#2205);
#2203 = CARTESIAN_POINT('',(-61.55,-82.55,3.45));
#2204 = DIRECTION('',(0.,1.,0.));
#2205 = DIRECTION('',(1.,0.,0.));
#2206 = DEFINITIONAL_REPRESENTATION('',(#2207),#2211);
#2207 = ( BOUNDED_CURVE() B_SPLINE_CURVE(2,(#2208,#2209,#2210),
.UNSPECIFIED.,.F.,.F.) B_SPLINE_CURVE_WITH_KNOTS((3,3),(0.72249074027,
0.935638879435),.PIECEWISE_BEZIER_KNOTS.) CURVE() 
GEOMETRIC_REPRESENTATION_ITEM() RATIONAL_B_SPLINE_CURVE((1.,
1.005684393393,1.)) REPRESENTATION_ITEM('') );
#2208 = CARTESIAN_POINT('',(122.55686945265,-0.745));
#2209 = CARTESIAN_POINT('',(122.90139890286,-0.958074153826));
#2210 = CARTESIAN_POINT('',(123.29954541697,-1.25));
#2211 = ( GEOMETRIC_REPRESENTATION_CONTEXT(2) 
PARAMETRIC_REPRESENTATION_CONTEXT() REPRESENTATION_CONTEXT('2D SPACE',''
  ) );
#2212 = ORIENTED_EDGE('',*,*,#2213,.F.);
#2213 = EDGE_CURVE('',#1153,#2182,#2214,.T.);
#2214 = SURFACE_CURVE('',#2215,(#2220,#2227),.PCURVE_S1.);
#2215 = CIRCLE('',#2216,3.5);
#2216 = AXIS2_PLACEMENT_3D('',#2217,#2218,#2219);
#2217 = CARTESIAN_POINT('',(59.,-80.,4.45));
#2218 = DIRECTION('',(0.,0.,1.));
#2219 = DIRECTION('',(0.,-1.,0.));
#2220 = PCURVE('',#708,#2221);
#2221 = DEFINITIONAL_REPRESENTATION('',(#2222),#2226);
#2222 = LINE('',#2223,#2224);
#2223 = CARTESIAN_POINT('',(0.,1.9));
#2224 = VECTOR('',#2225,1.);
#2225 = DIRECTION('',(1.,0.));
#2226 = ( GEOMETRIC_REPRESENTATION_CONTEXT(2) 
PARAMETRIC_REPRESENTATION_CONTEXT() REPRESENTATION_CONTEXT('2D SPACE',''
  ) );
#2227 = PCURVE('',#1185,#2228);
#2228 = DEFINITIONAL_REPRESENTATION('',(#2229),#2233);
#2229 = CIRCLE('',#2230,3.5);
#2230 = AXIS2_PLACEMENT_2D('',#2231,#2232);
#2231 = CARTESIAN_POINT('',(59.,-80.));
#2232 = DIRECTION('',(0.,-1.));
#2233 = ( GEOMETRIC_REPRESENTATION_CONTEXT(2) 
PARAMETRIC_REPRESENTATION_CONTEXT() REPRESENTATION_CONTEXT('2D SPACE',''
  ) );
#2234 = ADVANCED_FACE('',(#2235),#761,.T.);
#2235 = FACE_BOUND('',#2236,.T.);
#2236 = EDGE_LOOP('',(#2237,#2238,#2239,#2240,#2270,#2299,#2324));
#2237 = ORIENTED_EDGE('',*,*,#747,.F.);
#2238 = ORIENTED_EDGE('',*,*,#820,.T.);
#2239 = ORIENTED_EDGE('',*,*,#1094,.T.);
#2240 = ORIENTED_EDGE('',*,*,#2241,.T.);
#2241 = EDGE_CURVE('',#1067,#2242,#2244,.T.);
#2242 = VERTEX_POINT('',#2243);
#2243 = CARTESIAN_POINT('',(59.177763888346,80.78,-5.E-02));
#2244 = SURFACE_CURVE('',#2245,(#2250,#2263),.PCURVE_S1.);
#2245 = HYPERBOLA('',#2246,0.78,0.78);
#2246 = AXIS2_PLACEMENT_3D('',#2247,#2248,#2249);
#2247 = CARTESIAN_POINT('',(59.,80.78,-0.85));
#2248 = DIRECTION('',(0.,-1.,0.));
#2249 = DIRECTION('',(0.,0.,1.));
#2250 = PCURVE('',#761,#2251);
#2251 = DEFINITIONAL_REPRESENTATION('',(#2252),#2262);
#2252 = B_SPLINE_CURVE_WITH_KNOTS('',8,(#2253,#2254,#2255,#2256,#2257,
    #2258,#2259,#2260,#2261),.UNSPECIFIED.,.F.,.F.,(9,9),(
    -1.346072072827,-0.225974298245),.PIECEWISE_BEZIER_KNOTS.);
#2253 = CARTESIAN_POINT('',(2.08002049833,0.8));
#2254 = CARTESIAN_POINT('',(2.148276456469,0.60440337712));
#2255 = CARTESIAN_POINT('',(2.226067916595,0.444653009879));
#2256 = CARTESIAN_POINT('',(2.314470167446,0.31490607946));
#2257 = CARTESIAN_POINT('',(2.414363094633,0.210818769897));
#2258 = CARTESIAN_POINT('',(2.526210839203,0.129180210762));
#2259 = CARTESIAN_POINT('',(2.64934845405,6.770136483169E-02));
#2260 = CARTESIAN_POINT('',(2.781005452011,2.488911696721E-02));
#2261 = CARTESIAN_POINT('',(2.917517368288,-3.573530360512E-16));
#2262 = ( GEOMETRIC_REPRESENTATION_CONTEXT(2) 
PARAMETRIC_REPRESENTATION_CONTEXT() REPRESENTATION_CONTEXT('2D SPACE',''
  ) );
#2263 = PCURVE('',#1082,#2264);
#2264 = DEFINITIONAL_REPRESENTATION('',(#2265),#2269);
#2265 = ( BOUNDED_CURVE() B_SPLINE_CURVE(2,(#2266,#2267,#2268),
.UNSPECIFIED.,.F.,.F.) B_SPLINE_CURVE_WITH_KNOTS((3,3),(-1.346072072827,
-0.225974298245),.PIECEWISE_BEZIER_KNOTS.) CURVE() 
GEOMETRIC_REPRESENTATION_ITEM() RATIONAL_B_SPLINE_CURVE((1.,
1.160969613846,1.)) REPRESENTATION_ITEM('') );
#2266 = CARTESIAN_POINT('',(-0.616996778808,-1.25));
#2267 = CARTESIAN_POINT('',(0.195825148166,-0.54030649142));
#2268 = CARTESIAN_POINT('',(0.602236111654,-0.45));
#2269 = ( GEOMETRIC_REPRESENTATION_CONTEXT(2) 
PARAMETRIC_REPRESENTATION_CONTEXT() REPRESENTATION_CONTEXT('2D SPACE',''
  ) );
#2270 = ORIENTED_EDGE('',*,*,#2271,.T.);
#2271 = EDGE_CURVE('',#2242,#2272,#2274,.T.);
#2272 = VERTEX_POINT('',#2273);
#2273 = CARTESIAN_POINT('',(59.,80.8,-5.E-02));
#2274 = SURFACE_CURVE('',#2275,(#2280,#2287),.PCURVE_S1.);
#2275 = CIRCLE('',#2276,0.8);
#2276 = AXIS2_PLACEMENT_3D('',#2277,#2278,#2279);
#2277 = CARTESIAN_POINT('',(59.,80.,-5.E-02));
#2278 = DIRECTION('',(0.,0.,1.));
#2279 = DIRECTION('',(0.,-1.,0.));
#2280 = PCURVE('',#761,#2281);
#2281 = DEFINITIONAL_REPRESENTATION('',(#2282),#2286);
#2282 = LINE('',#2283,#2284);
#2283 = CARTESIAN_POINT('',(0.,0.));
#2284 = VECTOR('',#2285,1.);
#2285 = DIRECTION('',(1.,0.));
#2286 = ( GEOMETRIC_REPRESENTATION_CONTEXT(2) 
PARAMETRIC_REPRESENTATION_CONTEXT() REPRESENTATION_CONTEXT('2D SPACE',''
  ) );
#2287 = PCURVE('',#2288,#2293);
#2288 = PLANE('',#2289);
#2289 = AXIS2_PLACEMENT_3D('',#2290,#2291,#2292);
#2290 = CARTESIAN_POINT('',(-59.,-80.8,-5.E-02));
#2291 = DIRECTION('',(3.560465243493E-23,-4.301463101139E-20,1.));
#2292 = DIRECTION('',(0.591833842845,0.806059986889,3.46513008708E-20));
#2293 = DEFINITIONAL_REPRESENTATION('',(#2294),#2298);
#2294 = CIRCLE('',#2295,0.8);
#2295 = AXIS2_PLACEMENT_2D('',#2296,#2297);
#2296 = CARTESIAN_POINT('',(199.45083934744,5.180347654029E-02));
#2297 = DIRECTION('',(-0.806059986889,-0.591833842845));
#2298 = ( GEOMETRIC_REPRESENTATION_CONTEXT(2) 
PARAMETRIC_REPRESENTATION_CONTEXT() REPRESENTATION_CONTEXT('2D SPACE',''
  ) );
#2299 = ORIENTED_EDGE('',*,*,#2300,.T.);
#2300 = EDGE_CURVE('',#2272,#2301,#2303,.T.);
#2301 = VERTEX_POINT('',#2302);
#2302 = CARTESIAN_POINT('',(59.,81.6,0.75));
#2303 = SURFACE_CURVE('',#2304,(#2307,#2313),.PCURVE_S1.);
#2304 = B_SPLINE_CURVE_WITH_KNOTS('',1,(#2305,#2306),.UNSPECIFIED.,.F.,
  .F.,(2,2),(0.,1.),.PIECEWISE_BEZIER_KNOTS.);
#2305 = CARTESIAN_POINT('',(59.,80.8,-5.E-02));
#2306 = CARTESIAN_POINT('',(59.,81.6,0.75));
#2307 = PCURVE('',#761,#2308);
#2308 = DEFINITIONAL_REPRESENTATION('',(#2309),#2312);
#2309 = B_SPLINE_CURVE_WITH_KNOTS('',1,(#2310,#2311),.UNSPECIFIED.,.F.,
  .F.,(2,2),(0.,1.),.PIECEWISE_BEZIER_KNOTS.);
#2310 = CARTESIAN_POINT('',(3.14159265359,0.));
#2311 = CARTESIAN_POINT('',(3.14159265359,0.8));
#2312 = ( GEOMETRIC_REPRESENTATION_CONTEXT(2) 
PARAMETRIC_REPRESENTATION_CONTEXT() REPRESENTATION_CONTEXT('2D SPACE',''
  ) );
#2313 = PCURVE('',#2314,#2319);
#2314 = PLANE('',#2315);
#2315 = AXIS2_PLACEMENT_3D('',#2316,#2317,#2318);
#2316 = CARTESIAN_POINT('',(60.6,81.6,0.75));
#2317 = DIRECTION('',(0.,0.707106781187,-0.707106781187));
#2318 = DIRECTION('',(-1.,0.,0.));
#2319 = DEFINITIONAL_REPRESENTATION('',(#2320),#2323);
#2320 = B_SPLINE_CURVE_WITH_KNOTS('',1,(#2321,#2322),.UNSPECIFIED.,.F.,
  .F.,(2,2),(0.,1.),.PIECEWISE_BEZIER_KNOTS.);
#2321 = CARTESIAN_POINT('',(1.6,-1.131370849898));
#2322 = CARTESIAN_POINT('',(1.6,0.));
#2323 = ( GEOMETRIC_REPRESENTATION_CONTEXT(2) 
PARAMETRIC_REPRESENTATION_CONTEXT() REPRESENTATION_CONTEXT('2D SPACE',''
  ) );
#2324 = ORIENTED_EDGE('',*,*,#2325,.F.);
#2325 = EDGE_CURVE('',#748,#2301,#2326,.T.);
#2326 = SURFACE_CURVE('',#2327,(#2332,#2339),.PCURVE_S1.);
#2327 = CIRCLE('',#2328,1.6);
#2328 = AXIS2_PLACEMENT_3D('',#2329,#2330,#2331);
#2329 = CARTESIAN_POINT('',(59.,80.,0.75));
#2330 = DIRECTION('',(0.,0.,1.));
#2331 = DIRECTION('',(0.,-1.,0.));
#2332 = PCURVE('',#761,#2333);
#2333 = DEFINITIONAL_REPRESENTATION('',(#2334),#2338);
#2334 = LINE('',#2335,#2336);
#2335 = CARTESIAN_POINT('',(0.,0.8));
#2336 = VECTOR('',#2337,1.);
#2337 = DIRECTION('',(1.,0.));
#2338 = ( GEOMETRIC_REPRESENTATION_CONTEXT(2) 
PARAMETRIC_REPRESENTATION_CONTEXT() REPRESENTATION_CONTEXT('2D SPACE',''
  ) );
#2339 = PCURVE('',#2062,#2340);
#2340 = DEFINITIONAL_REPRESENTATION('',(#2341),#2345);
#2341 = LINE('',#2342,#2343);
#2342 = CARTESIAN_POINT('',(0.,0.));
#2343 = VECTOR('',#2344,1.);
#2344 = DIRECTION('',(1.,0.));
#2345 = ( GEOMETRIC_REPRESENTATION_CONTEXT(2) 
PARAMETRIC_REPRESENTATION_CONTEXT() REPRESENTATION_CONTEXT('2D SPACE',''
  ) );
#2346 = ADVANCED_FACE('',(#2347),#1082,.T.);
#2347 = FACE_BOUND('',#2348,.T.);
#2348 = EDGE_LOOP('',(#2349,#2350,#2351,#2352,#2353,#2383));
#2349 = ORIENTED_EDGE('',*,*,#2241,.F.);
#2350 = ORIENTED_EDGE('',*,*,#1066,.T.);
#2351 = ORIENTED_EDGE('',*,*,#1755,.F.);
#2352 = ORIENTED_EDGE('',*,*,#1288,.F.);
#2353 = ORIENTED_EDGE('',*,*,#2354,.F.);
#2354 = EDGE_CURVE('',#2355,#1252,#2357,.T.);
#2355 = VERTEX_POINT('',#2356);
#2356 = CARTESIAN_POINT('',(-59.17776388834,80.78,-5.E-02));
#2357 = SURFACE_CURVE('',#2358,(#2363,#2370),.PCURVE_S1.);
#2358 = HYPERBOLA('',#2359,0.78,0.78);
#2359 = AXIS2_PLACEMENT_3D('',#2360,#2361,#2362);
#2360 = CARTESIAN_POINT('',(-59.,80.78,-0.85));
#2361 = DIRECTION('',(0.,-1.,0.));
#2362 = DIRECTION('',(0.,0.,1.));
#2363 = PCURVE('',#1082,#2364);
#2364 = DEFINITIONAL_REPRESENTATION('',(#2365),#2369);
#2365 = ( BOUNDED_CURVE() B_SPLINE_CURVE(2,(#2366,#2367,#2368),
.UNSPECIFIED.,.F.,.F.) B_SPLINE_CURVE_WITH_KNOTS((3,3),(0.225974298245,
1.346072072827),.PIECEWISE_BEZIER_KNOTS.) CURVE() 
GEOMETRIC_REPRESENTATION_ITEM() RATIONAL_B_SPLINE_CURVE((1.,
1.160969613846,1.)) REPRESENTATION_ITEM('') );
#2366 = CARTESIAN_POINT('',(118.95776388834,-0.45));
#2367 = CARTESIAN_POINT('',(119.36417485183,-0.54030649142));
#2368 = CARTESIAN_POINT('',(120.1769967788,-1.25));
#2369 = ( GEOMETRIC_REPRESENTATION_CONTEXT(2) 
PARAMETRIC_REPRESENTATION_CONTEXT() REPRESENTATION_CONTEXT('2D SPACE',''
  ) );
#2370 = PCURVE('',#1270,#2371);
#2371 = DEFINITIONAL_REPRESENTATION('',(#2372),#2382);
#2372 = B_SPLINE_CURVE_WITH_KNOTS('',8,(#2373,#2374,#2375,#2376,#2377,
    #2378,#2379,#2380,#2381),.UNSPECIFIED.,.F.,.F.,(9,9),(0.225974298245
    ,1.346072072827),.PIECEWISE_BEZIER_KNOTS.);
#2373 = CARTESIAN_POINT('',(3.365667938892,-3.0184188482E-16));
#2374 = CARTESIAN_POINT('',(3.502179855169,2.488911696721E-02));
#2375 = CARTESIAN_POINT('',(3.633836853129,6.770136483141E-02));
#2376 = CARTESIAN_POINT('',(3.756974467973,0.129180210763));
#2377 = CARTESIAN_POINT('',(3.868822212546,0.210818769896));
#2378 = CARTESIAN_POINT('',(3.968715139728,0.314906079461));
#2379 = CARTESIAN_POINT('',(4.057117390583,0.444653009879));
#2380 = CARTESIAN_POINT('',(4.134908850711,0.60440337712));
#2381 = CARTESIAN_POINT('',(4.203164808849,0.8));
#2382 = ( GEOMETRIC_REPRESENTATION_CONTEXT(2) 
PARAMETRIC_REPRESENTATION_CONTEXT() REPRESENTATION_CONTEXT('2D SPACE',''
  ) );
#2383 = ORIENTED_EDGE('',*,*,#2384,.T.);
#2384 = EDGE_CURVE('',#2355,#2242,#2385,.T.);
#2385 = SURFACE_CURVE('',#2386,(#2390,#2396),.PCURVE_S1.);
#2386 = LINE('',#2387,#2388);
#2387 = CARTESIAN_POINT('',(0.39,80.78,-5.E-02));
#2388 = VECTOR('',#2389,1.);
#2389 = DIRECTION('',(1.,0.,-3.560465243493E-23));
#2390 = PCURVE('',#1082,#2391);
#2391 = DEFINITIONAL_REPRESENTATION('',(#2392),#2395);
#2392 = B_SPLINE_CURVE_WITH_KNOTS('',1,(#2393,#2394),.UNSPECIFIED.,.F.,
  .F.,(2,2),(-59.80978216024,58.899394079601),.PIECEWISE_BEZIER_KNOTS.);
#2393 = CARTESIAN_POINT('',(119.19978216024,-0.45));
#2394 = CARTESIAN_POINT('',(0.490605920399,-0.45));
#2395 = ( GEOMETRIC_REPRESENTATION_CONTEXT(2) 
PARAMETRIC_REPRESENTATION_CONTEXT() REPRESENTATION_CONTEXT('2D SPACE',''
  ) );
#2396 = PCURVE('',#2288,#2397);
#2397 = DEFINITIONAL_REPRESENTATION('',(#2398),#2401);
#2398 = B_SPLINE_CURVE_WITH_KNOTS('',1,(#2399,#2400),.UNSPECIFIED.,.F.,
  .F.,(2,2),(-59.80978216024,58.899394079601),.PIECEWISE_BEZIER_KNOTS.);
#2399 = CARTESIAN_POINT('',(129.99473139247,95.966881929446));
#2400 = CARTESIAN_POINT('',(200.25083934744,0.280164885951));
#2401 = ( GEOMETRIC_REPRESENTATION_CONTEXT(2) 
PARAMETRIC_REPRESENTATION_CONTEXT() REPRESENTATION_CONTEXT('2D SPACE',''
  ) );
#2402 = ADVANCED_FACE('',(#2403),#1034,.F.);
#2403 = FACE_BOUND('',#2404,.F.);
#2404 = EDGE_LOOP('',(#2405,#2428,#2429,#2430,#2453,#2481));
#2405 = ORIENTED_EDGE('',*,*,#2406,.F.);
#2406 = EDGE_CURVE('',#994,#2407,#2409,.T.);
#2407 = VERTEX_POINT('',#2408);
#2408 = CARTESIAN_POINT('',(40.5355,34.,4.45));
#2409 = SURFACE_CURVE('',#2410,(#2414,#2421),.PCURVE_S1.);
#2410 = LINE('',#2411,#2412);
#2411 = CARTESIAN_POINT('',(60.75,34.,4.45));
#2412 = VECTOR('',#2413,1.);
#2413 = DIRECTION('',(-1.,0.,0.));
#2414 = PCURVE('',#1034,#2415);
#2415 = DEFINITIONAL_REPRESENTATION('',(#2416),#2420);
#2416 = LINE('',#2417,#2418);
#2417 = CARTESIAN_POINT('',(0.,-0.));
#2418 = VECTOR('',#2419,1.);
#2419 = DIRECTION('',(1.,0.));
#2420 = ( GEOMETRIC_REPRESENTATION_CONTEXT(2) 
PARAMETRIC_REPRESENTATION_CONTEXT() REPRESENTATION_CONTEXT('2D SPACE',''
  ) );
#2421 = PCURVE('',#1008,#2422);
#2422 = DEFINITIONAL_REPRESENTATION('',(#2423),#2427);
#2423 = LINE('',#2424,#2425);
#2424 = CARTESIAN_POINT('',(60.75,4.));
#2425 = VECTOR('',#2426,1.);
#2426 = DIRECTION('',(-1.,0.));
#2427 = ( GEOMETRIC_REPRESENTATION_CONTEXT(2) 
PARAMETRIC_REPRESENTATION_CONTEXT() REPRESENTATION_CONTEXT('2D SPACE',''
  ) );
#2428 = ORIENTED_EDGE('',*,*,#1019,.T.);
#2429 = ORIENTED_EDGE('',*,*,#1775,.T.);
#2430 = ORIENTED_EDGE('',*,*,#2431,.T.);
#2431 = EDGE_CURVE('',#1776,#2432,#2434,.T.);
#2432 = VERTEX_POINT('',#2433);
#2433 = CARTESIAN_POINT('',(60.75,34.,5.05));
#2434 = SURFACE_CURVE('',#2435,(#2439,#2446),.PCURVE_S1.);
#2435 = LINE('',#2436,#2437);
#2436 = CARTESIAN_POINT('',(60.75,34.,4.45));
#2437 = VECTOR('',#2438,1.);
#2438 = DIRECTION('',(0.,0.,1.));
#2439 = PCURVE('',#1034,#2440);
#2440 = DEFINITIONAL_REPRESENTATION('',(#2441),#2445);
#2441 = LINE('',#2442,#2443);
#2442 = CARTESIAN_POINT('',(0.,-0.));
#2443 = VECTOR('',#2444,1.);
#2444 = DIRECTION('',(0.,-1.));
#2445 = ( GEOMETRIC_REPRESENTATION_CONTEXT(2) 
PARAMETRIC_REPRESENTATION_CONTEXT() REPRESENTATION_CONTEXT('2D SPACE',''
  ) );
#2446 = PCURVE('',#1811,#2447);
#2447 = DEFINITIONAL_REPRESENTATION('',(#2448),#2452);
#2448 = LINE('',#2449,#2450);
#2449 = CARTESIAN_POINT('',(8.,0.));
#2450 = VECTOR('',#2451,1.);
#2451 = DIRECTION('',(0.,-1.));
#2452 = ( GEOMETRIC_REPRESENTATION_CONTEXT(2) 
PARAMETRIC_REPRESENTATION_CONTEXT() REPRESENTATION_CONTEXT('2D SPACE',''
  ) );
#2453 = ORIENTED_EDGE('',*,*,#2454,.T.);
#2454 = EDGE_CURVE('',#2432,#2455,#2457,.T.);
#2455 = VERTEX_POINT('',#2456);
#2456 = CARTESIAN_POINT('',(40.5355,34.,5.05));
#2457 = SURFACE_CURVE('',#2458,(#2462,#2469),.PCURVE_S1.);
#2458 = LINE('',#2459,#2460);
#2459 = CARTESIAN_POINT('',(60.75,34.,5.05));
#2460 = VECTOR('',#2461,1.);
#2461 = DIRECTION('',(-1.,0.,0.));
#2462 = PCURVE('',#1034,#2463);
#2463 = DEFINITIONAL_REPRESENTATION('',(#2464),#2468);
#2464 = LINE('',#2465,#2466);
#2465 = CARTESIAN_POINT('',(0.,-0.6));
#2466 = VECTOR('',#2467,1.);
#2467 = DIRECTION('',(1.,0.));
#2468 = ( GEOMETRIC_REPRESENTATION_CONTEXT(2) 
PARAMETRIC_REPRESENTATION_CONTEXT() REPRESENTATION_CONTEXT('2D SPACE',''
  ) );
#2469 = PCURVE('',#2470,#2475);
#2470 = PLANE('',#2471);
#2471 = AXIS2_PLACEMENT_3D('',#2472,#2473,#2474);
#2472 = CARTESIAN_POINT('',(0.,30.,5.05));
#2473 = DIRECTION('',(0.,0.,1.));
#2474 = DIRECTION('',(1.,0.,-0.));
#2475 = DEFINITIONAL_REPRESENTATION('',(#2476),#2480);
#2476 = LINE('',#2477,#2478);
#2477 = CARTESIAN_POINT('',(60.75,4.));
#2478 = VECTOR('',#2479,1.);
#2479 = DIRECTION('',(-1.,0.));
#2480 = ( GEOMETRIC_REPRESENTATION_CONTEXT(2) 
PARAMETRIC_REPRESENTATION_CONTEXT() REPRESENTATION_CONTEXT('2D SPACE',''
  ) );
#2481 = ORIENTED_EDGE('',*,*,#2482,.T.);
#2482 = EDGE_CURVE('',#2455,#2407,#2483,.T.);
#2483 = SURFACE_CURVE('',#2484,(#2488,#2494),.PCURVE_S1.);
#2484 = LINE('',#2485,#2486);
#2485 = CARTESIAN_POINT('',(40.5355,34.,4.45));
#2486 = VECTOR('',#2487,1.);
#2487 = DIRECTION('',(-0.,-0.,-1.));
#2488 = PCURVE('',#1034,#2489);
#2489 = DEFINITIONAL_REPRESENTATION('',(#2490),#2493);
#2490 = B_SPLINE_CURVE_WITH_KNOTS('',1,(#2491,#2492),.UNSPECIFIED.,.F.,
  .F.,(2,2),(-0.6,0.),.PIECEWISE_BEZIER_KNOTS.);
#2491 = CARTESIAN_POINT('',(20.2145,-0.6));
#2492 = CARTESIAN_POINT('',(20.2145,0.));
#2493 = ( GEOMETRIC_REPRESENTATION_CONTEXT(2) 
PARAMETRIC_REPRESENTATION_CONTEXT() REPRESENTATION_CONTEXT('2D SPACE',''
  ) );
#2494 = PCURVE('',#2495,#2500);
#2495 = PLANE('',#2496);
#2496 = AXIS2_PLACEMENT_3D('',#2497,#2498,#2499);
#2497 = CARTESIAN_POINT('',(40.5355,-78.75,4.45));
#2498 = DIRECTION('',(-1.,0.,0.));
#2499 = DIRECTION('',(0.,1.,0.));
#2500 = DEFINITIONAL_REPRESENTATION('',(#2501),#2504);
#2501 = B_SPLINE_CURVE_WITH_KNOTS('',1,(#2502,#2503),.UNSPECIFIED.,.F.,
  .F.,(2,2),(-0.6,0.),.PIECEWISE_BEZIER_KNOTS.);
#2502 = CARTESIAN_POINT('',(112.75,-0.6));
#2503 = CARTESIAN_POINT('',(112.75,0.));
#2504 = ( GEOMETRIC_REPRESENTATION_CONTEXT(2) 
PARAMETRIC_REPRESENTATION_CONTEXT() REPRESENTATION_CONTEXT('2D SPACE',''
  ) );
#2505 = ADVANCED_FACE('',(#2506),#1008,.F.);
#2506 = FACE_BOUND('',#2507,.F.);
#2507 = EDGE_LOOP('',(#2508,#2509,#2510,#2538));
#2508 = ORIENTED_EDGE('',*,*,#993,.T.);
#2509 = ORIENTED_EDGE('',*,*,#2406,.T.);
#2510 = ORIENTED_EDGE('',*,*,#2511,.F.);
#2511 = EDGE_CURVE('',#2512,#2407,#2514,.T.);
#2512 = VERTEX_POINT('',#2513);
#2513 = CARTESIAN_POINT('',(40.5355,26.,4.45));
#2514 = SURFACE_CURVE('',#2515,(#2519,#2526),.PCURVE_S1.);
#2515 = LINE('',#2516,#2517);
#2516 = CARTESIAN_POINT('',(40.5355,-78.75,4.45));
#2517 = VECTOR('',#2518,1.);
#2518 = DIRECTION('',(0.,1.,0.));
#2519 = PCURVE('',#1008,#2520);
#2520 = DEFINITIONAL_REPRESENTATION('',(#2521),#2525);
#2521 = LINE('',#2522,#2523);
#2522 = CARTESIAN_POINT('',(40.5355,-108.75));
#2523 = VECTOR('',#2524,1.);
#2524 = DIRECTION('',(0.,1.));
#2525 = ( GEOMETRIC_REPRESENTATION_CONTEXT(2) 
PARAMETRIC_REPRESENTATION_CONTEXT() REPRESENTATION_CONTEXT('2D SPACE',''
  ) );
#2526 = PCURVE('',#2527,#2532);
#2527 = PLANE('',#2528);
#2528 = AXIS2_PLACEMENT_3D('',#2529,#2530,#2531);
#2529 = CARTESIAN_POINT('',(0.,30.,4.45));
#2530 = DIRECTION('',(0.,0.,1.));
#2531 = DIRECTION('',(1.,0.,-0.));
#2532 = DEFINITIONAL_REPRESENTATION('',(#2533),#2537);
#2533 = LINE('',#2534,#2535);
#2534 = CARTESIAN_POINT('',(40.5355,-108.75));
#2535 = VECTOR('',#2536,1.);
#2536 = DIRECTION('',(0.,1.));
#2537 = ( GEOMETRIC_REPRESENTATION_CONTEXT(2) 
PARAMETRIC_REPRESENTATION_CONTEXT() REPRESENTATION_CONTEXT('2D SPACE',''
  ) );
#2538 = ORIENTED_EDGE('',*,*,#2539,.T.);
#2539 = EDGE_CURVE('',#2512,#968,#2540,.T.);
#2540 = SURFACE_CURVE('',#2541,(#2545,#2552),.PCURVE_S1.);
#2541 = LINE('',#2542,#2543);
#2542 = CARTESIAN_POINT('',(-60.75,26.,4.45));
#2543 = VECTOR('',#2544,1.);
#2544 = DIRECTION('',(1.,0.,0.));
#2545 = PCURVE('',#1008,#2546);
#2546 = DEFINITIONAL_REPRESENTATION('',(#2547),#2551);
#2547 = LINE('',#2548,#2549);
#2548 = CARTESIAN_POINT('',(-60.75,-4.));
#2549 = VECTOR('',#2550,1.);
#2550 = DIRECTION('',(1.,0.));
#2551 = ( GEOMETRIC_REPRESENTATION_CONTEXT(2) 
PARAMETRIC_REPRESENTATION_CONTEXT() REPRESENTATION_CONTEXT('2D SPACE',''
  ) );
#2552 = PCURVE('',#982,#2553);
#2553 = DEFINITIONAL_REPRESENTATION('',(#2554),#2558);
#2554 = LINE('',#2555,#2556);
#2555 = CARTESIAN_POINT('',(0.,0.));
#2556 = VECTOR('',#2557,1.);
#2557 = DIRECTION('',(1.,0.));
#2558 = ( GEOMETRIC_REPRESENTATION_CONTEXT(2) 
PARAMETRIC_REPRESENTATION_CONTEXT() REPRESENTATION_CONTEXT('2D SPACE',''
  ) );
#2559 = ADVANCED_FACE('',(#2560),#982,.F.);
#2560 = FACE_BOUND('',#2561,.F.);
#2561 = EDGE_LOOP('',(#2562,#2563,#2589,#2612,#2633,#2634));
#2562 = ORIENTED_EDGE('',*,*,#2539,.F.);
#2563 = ORIENTED_EDGE('',*,*,#2564,.T.);
#2564 = EDGE_CURVE('',#2512,#2565,#2567,.T.);
#2565 = VERTEX_POINT('',#2566);
#2566 = CARTESIAN_POINT('',(40.5355,26.,5.05));
#2567 = SURFACE_CURVE('',#2568,(#2572,#2578),.PCURVE_S1.);
#2568 = LINE('',#2569,#2570);
#2569 = CARTESIAN_POINT('',(40.5355,26.,4.45));
#2570 = VECTOR('',#2571,1.);
#2571 = DIRECTION('',(0.,-0.,1.));
#2572 = PCURVE('',#982,#2573);
#2573 = DEFINITIONAL_REPRESENTATION('',(#2574),#2577);
#2574 = B_SPLINE_CURVE_WITH_KNOTS('',1,(#2575,#2576),.UNSPECIFIED.,.F.,
  .F.,(2,2),(0.,0.6),.PIECEWISE_BEZIER_KNOTS.);
#2575 = CARTESIAN_POINT('',(101.2855,0.));
#2576 = CARTESIAN_POINT('',(101.2855,-0.6));
#2577 = ( GEOMETRIC_REPRESENTATION_CONTEXT(2) 
PARAMETRIC_REPRESENTATION_CONTEXT() REPRESENTATION_CONTEXT('2D SPACE',''
  ) );
#2578 = PCURVE('',#2579,#2584);
#2579 = PLANE('',#2580);
#2580 = AXIS2_PLACEMENT_3D('',#2581,#2582,#2583);
#2581 = CARTESIAN_POINT('',(40.5355,-78.75,4.45));
#2582 = DIRECTION('',(-1.,0.,0.));
#2583 = DIRECTION('',(0.,1.,0.));
#2584 = DEFINITIONAL_REPRESENTATION('',(#2585),#2588);
#2585 = B_SPLINE_CURVE_WITH_KNOTS('',1,(#2586,#2587),.UNSPECIFIED.,.F.,
  .F.,(2,2),(0.,0.6),.PIECEWISE_BEZIER_KNOTS.);
#2586 = CARTESIAN_POINT('',(104.75,0.));
#2587 = CARTESIAN_POINT('',(104.75,-0.6));
#2588 = ( GEOMETRIC_REPRESENTATION_CONTEXT(2) 
PARAMETRIC_REPRESENTATION_CONTEXT() REPRESENTATION_CONTEXT('2D SPACE',''
  ) );
#2589 = ORIENTED_EDGE('',*,*,#2590,.T.);
#2590 = EDGE_CURVE('',#2565,#2591,#2593,.T.);
#2591 = VERTEX_POINT('',#2592);
#2592 = CARTESIAN_POINT('',(60.75,26.,5.05));
#2593 = SURFACE_CURVE('',#2594,(#2598,#2605),.PCURVE_S1.);
#2594 = LINE('',#2595,#2596);
#2595 = CARTESIAN_POINT('',(-60.75,26.,5.05));
#2596 = VECTOR('',#2597,1.);
#2597 = DIRECTION('',(1.,0.,0.));
#2598 = PCURVE('',#982,#2599);
#2599 = DEFINITIONAL_REPRESENTATION('',(#2600),#2604);
#2600 = LINE('',#2601,#2602);
#2601 = CARTESIAN_POINT('',(0.,-0.6));
#2602 = VECTOR('',#2603,1.);
#2603 = DIRECTION('',(1.,0.));
#2604 = ( GEOMETRIC_REPRESENTATION_CONTEXT(2) 
PARAMETRIC_REPRESENTATION_CONTEXT() REPRESENTATION_CONTEXT('2D SPACE',''
  ) );
#2605 = PCURVE('',#2470,#2606);
#2606 = DEFINITIONAL_REPRESENTATION('',(#2607),#2611);
#2607 = LINE('',#2608,#2609);
#2608 = CARTESIAN_POINT('',(-60.75,-4.));
#2609 = VECTOR('',#2610,1.);
#2610 = DIRECTION('',(1.,0.));
#2611 = ( GEOMETRIC_REPRESENTATION_CONTEXT(2) 
PARAMETRIC_REPRESENTATION_CONTEXT() REPRESENTATION_CONTEXT('2D SPACE',''
  ) );
#2612 = ORIENTED_EDGE('',*,*,#2613,.F.);
#2613 = EDGE_CURVE('',#1797,#2591,#2614,.T.);
#2614 = SURFACE_CURVE('',#2615,(#2619,#2626),.PCURVE_S1.);
#2615 = LINE('',#2616,#2617);
#2616 = CARTESIAN_POINT('',(60.75,26.,4.45));
#2617 = VECTOR('',#2618,1.);
#2618 = DIRECTION('',(0.,0.,1.));
#2619 = PCURVE('',#982,#2620);
#2620 = DEFINITIONAL_REPRESENTATION('',(#2621),#2625);
#2621 = LINE('',#2622,#2623);
#2622 = CARTESIAN_POINT('',(121.5,0.));
#2623 = VECTOR('',#2624,1.);
#2624 = DIRECTION('',(0.,-1.));
#2625 = ( GEOMETRIC_REPRESENTATION_CONTEXT(2) 
PARAMETRIC_REPRESENTATION_CONTEXT() REPRESENTATION_CONTEXT('2D SPACE',''
  ) );
#2626 = PCURVE('',#1811,#2627);
#2627 = DEFINITIONAL_REPRESENTATION('',(#2628),#2632);
#2628 = LINE('',#2629,#2630);
#2629 = CARTESIAN_POINT('',(0.,0.));
#2630 = VECTOR('',#2631,1.);
#2631 = DIRECTION('',(0.,-1.));
#2632 = ( GEOMETRIC_REPRESENTATION_CONTEXT(2) 
PARAMETRIC_REPRESENTATION_CONTEXT() REPRESENTATION_CONTEXT('2D SPACE',''
  ) );
#2633 = ORIENTED_EDGE('',*,*,#1822,.T.);
#2634 = ORIENTED_EDGE('',*,*,#967,.T.);
#2635 = ADVANCED_FACE('',(#2636),#935,.F.);
#2636 = FACE_BOUND('',#2637,.F.);
#2637 = EDGE_LOOP('',(#2638,#2661,#2662,#2663,#2686,#2714));
#2638 = ORIENTED_EDGE('',*,*,#2639,.F.);
#2639 = EDGE_CURVE('',#895,#2640,#2642,.T.);
#2640 = VERTEX_POINT('',#2641);
#2641 = CARTESIAN_POINT('',(40.5355,-55.,4.45));
#2642 = SURFACE_CURVE('',#2643,(#2647,#2654),.PCURVE_S1.);
#2643 = LINE('',#2644,#2645);
#2644 = CARTESIAN_POINT('',(60.75,-55.,4.45));
#2645 = VECTOR('',#2646,1.);
#2646 = DIRECTION('',(-1.,0.,0.));
#2647 = PCURVE('',#935,#2648);
#2648 = DEFINITIONAL_REPRESENTATION('',(#2649),#2653);
#2649 = LINE('',#2650,#2651);
#2650 = CARTESIAN_POINT('',(0.,-0.));
#2651 = VECTOR('',#2652,1.);
#2652 = DIRECTION('',(1.,0.));
#2653 = ( GEOMETRIC_REPRESENTATION_CONTEXT(2) 
PARAMETRIC_REPRESENTATION_CONTEXT() REPRESENTATION_CONTEXT('2D SPACE',''
  ) );
#2654 = PCURVE('',#909,#2655);
#2655 = DEFINITIONAL_REPRESENTATION('',(#2656),#2660);
#2656 = LINE('',#2657,#2658);
#2657 = CARTESIAN_POINT('',(60.75,4.));
#2658 = VECTOR('',#2659,1.);
#2659 = DIRECTION('',(-1.,0.));
#2660 = ( GEOMETRIC_REPRESENTATION_CONTEXT(2) 
PARAMETRIC_REPRESENTATION_CONTEXT() REPRESENTATION_CONTEXT('2D SPACE',''
  ) );
#2661 = ORIENTED_EDGE('',*,*,#920,.T.);
#2662 = ORIENTED_EDGE('',*,*,#1842,.T.);
#2663 = ORIENTED_EDGE('',*,*,#2664,.T.);
#2664 = EDGE_CURVE('',#1843,#2665,#2667,.T.);
#2665 = VERTEX_POINT('',#2666);
#2666 = CARTESIAN_POINT('',(60.75,-55.,5.05));
#2667 = SURFACE_CURVE('',#2668,(#2672,#2679),.PCURVE_S1.);
#2668 = LINE('',#2669,#2670);
#2669 = CARTESIAN_POINT('',(60.75,-55.,4.45));
#2670 = VECTOR('',#2671,1.);
#2671 = DIRECTION('',(0.,0.,1.));
#2672 = PCURVE('',#935,#2673);
#2673 = DEFINITIONAL_REPRESENTATION('',(#2674),#2678);
#2674 = LINE('',#2675,#2676);
#2675 = CARTESIAN_POINT('',(0.,-0.));
#2676 = VECTOR('',#2677,1.);
#2677 = DIRECTION('',(0.,-1.));
#2678 = ( GEOMETRIC_REPRESENTATION_CONTEXT(2) 
PARAMETRIC_REPRESENTATION_CONTEXT() REPRESENTATION_CONTEXT('2D SPACE',''
  ) );
#2679 = PCURVE('',#1878,#2680);
#2680 = DEFINITIONAL_REPRESENTATION('',(#2681),#2685);
#2681 = LINE('',#2682,#2683);
#2682 = CARTESIAN_POINT('',(8.,0.));
#2683 = VECTOR('',#2684,1.);
#2684 = DIRECTION('',(0.,-1.));
#2685 = ( GEOMETRIC_REPRESENTATION_CONTEXT(2) 
PARAMETRIC_REPRESENTATION_CONTEXT() REPRESENTATION_CONTEXT('2D SPACE',''
  ) );
#2686 = ORIENTED_EDGE('',*,*,#2687,.T.);
#2687 = EDGE_CURVE('',#2665,#2688,#2690,.T.);
#2688 = VERTEX_POINT('',#2689);
#2689 = CARTESIAN_POINT('',(40.5355,-55.,5.05));
#2690 = SURFACE_CURVE('',#2691,(#2695,#2702),.PCURVE_S1.);
#2691 = LINE('',#2692,#2693);
#2692 = CARTESIAN_POINT('',(60.75,-55.,5.05));
#2693 = VECTOR('',#2694,1.);
#2694 = DIRECTION('',(-1.,0.,0.));
#2695 = PCURVE('',#935,#2696);
#2696 = DEFINITIONAL_REPRESENTATION('',(#2697),#2701);
#2697 = LINE('',#2698,#2699);
#2698 = CARTESIAN_POINT('',(0.,-0.6));
#2699 = VECTOR('',#2700,1.);
#2700 = DIRECTION('',(1.,0.));
#2701 = ( GEOMETRIC_REPRESENTATION_CONTEXT(2) 
PARAMETRIC_REPRESENTATION_CONTEXT() REPRESENTATION_CONTEXT('2D SPACE',''
  ) );
#2702 = PCURVE('',#2703,#2708);
#2703 = PLANE('',#2704);
#2704 = AXIS2_PLACEMENT_3D('',#2705,#2706,#2707);
#2705 = CARTESIAN_POINT('',(0.,-59.,5.05));
#2706 = DIRECTION('',(0.,0.,1.));
#2707 = DIRECTION('',(1.,0.,-0.));
#2708 = DEFINITIONAL_REPRESENTATION('',(#2709),#2713);
#2709 = LINE('',#2710,#2711);
#2710 = CARTESIAN_POINT('',(60.75,4.));
#2711 = VECTOR('',#2712,1.);
#2712 = DIRECTION('',(-1.,0.));
#2713 = ( GEOMETRIC_REPRESENTATION_CONTEXT(2) 
PARAMETRIC_REPRESENTATION_CONTEXT() REPRESENTATION_CONTEXT('2D SPACE',''
  ) );
#2714 = ORIENTED_EDGE('',*,*,#2715,.T.);
#2715 = EDGE_CURVE('',#2688,#2640,#2716,.T.);
#2716 = SURFACE_CURVE('',#2717,(#2721,#2727),.PCURVE_S1.);
#2717 = LINE('',#2718,#2719);
#2718 = CARTESIAN_POINT('',(40.5355,-55.,4.45));
#2719 = VECTOR('',#2720,1.);
#2720 = DIRECTION('',(-0.,-0.,-1.));
#2721 = PCURVE('',#935,#2722);
#2722 = DEFINITIONAL_REPRESENTATION('',(#2723),#2726);
#2723 = B_SPLINE_CURVE_WITH_KNOTS('',1,(#2724,#2725),.UNSPECIFIED.,.F.,
  .F.,(2,2),(-0.6,0.),.PIECEWISE_BEZIER_KNOTS.);
#2724 = CARTESIAN_POINT('',(20.2145,-0.6));
#2725 = CARTESIAN_POINT('',(20.2145,0.));
#2726 = ( GEOMETRIC_REPRESENTATION_CONTEXT(2) 
PARAMETRIC_REPRESENTATION_CONTEXT() REPRESENTATION_CONTEXT('2D SPACE',''
  ) );
#2727 = PCURVE('',#2579,#2728);
#2728 = DEFINITIONAL_REPRESENTATION('',(#2729),#2732);
#2729 = B_SPLINE_CURVE_WITH_KNOTS('',1,(#2730,#2731),.UNSPECIFIED.,.F.,
  .F.,(2,2),(-0.6,0.),.PIECEWISE_BEZIER_KNOTS.);
#2730 = CARTESIAN_POINT('',(23.75,-0.6));
#2731 = CARTESIAN_POINT('',(23.75,0.));
#2732 = ( GEOMETRIC_REPRESENTATION_CONTEXT(2) 
PARAMETRIC_REPRESENTATION_CONTEXT() REPRESENTATION_CONTEXT('2D SPACE',''
  ) );
#2733 = ADVANCED_FACE('',(#2734),#909,.F.);
#2734 = FACE_BOUND('',#2735,.F.);
#2735 = EDGE_LOOP('',(#2736,#2759,#2760,#2761,#2789,#2817));
#2736 = ORIENTED_EDGE('',*,*,#2737,.T.);
#2737 = EDGE_CURVE('',#2738,#869,#2740,.T.);
#2738 = VERTEX_POINT('',#2739);
#2739 = CARTESIAN_POINT('',(45.149,-63.,4.45));
#2740 = SURFACE_CURVE('',#2741,(#2745,#2752),.PCURVE_S1.);
#2741 = LINE('',#2742,#2743);
#2742 = CARTESIAN_POINT('',(-60.75,-63.,4.45));
#2743 = VECTOR('',#2744,1.);
#2744 = DIRECTION('',(1.,0.,0.));
#2745 = PCURVE('',#909,#2746);
#2746 = DEFINITIONAL_REPRESENTATION('',(#2747),#2751);
#2747 = LINE('',#2748,#2749);
#2748 = CARTESIAN_POINT('',(-60.75,-4.));
#2749 = VECTOR('',#2750,1.);
#2750 = DIRECTION('',(1.,0.));
#2751 = ( GEOMETRIC_REPRESENTATION_CONTEXT(2) 
PARAMETRIC_REPRESENTATION_CONTEXT() REPRESENTATION_CONTEXT('2D SPACE',''
  ) );
#2752 = PCURVE('',#883,#2753);
#2753 = DEFINITIONAL_REPRESENTATION('',(#2754),#2758);
#2754 = LINE('',#2755,#2756);
#2755 = CARTESIAN_POINT('',(0.,0.));
#2756 = VECTOR('',#2757,1.);
#2757 = DIRECTION('',(1.,0.));
#2758 = ( GEOMETRIC_REPRESENTATION_CONTEXT(2) 
PARAMETRIC_REPRESENTATION_CONTEXT() REPRESENTATION_CONTEXT('2D SPACE',''
  ) );
#2759 = ORIENTED_EDGE('',*,*,#894,.T.);
#2760 = ORIENTED_EDGE('',*,*,#2639,.T.);
#2761 = ORIENTED_EDGE('',*,*,#2762,.F.);
#2762 = EDGE_CURVE('',#2763,#2640,#2765,.T.);
#2763 = VERTEX_POINT('',#2764);
#2764 = CARTESIAN_POINT('',(40.5355,-61.3535,4.45));
#2765 = SURFACE_CURVE('',#2766,(#2770,#2777),.PCURVE_S1.);
#2766 = LINE('',#2767,#2768);
#2767 = CARTESIAN_POINT('',(40.5355,-78.75,4.45));
#2768 = VECTOR('',#2769,1.);
#2769 = DIRECTION('',(0.,1.,0.));
#2770 = PCURVE('',#909,#2771);
#2771 = DEFINITIONAL_REPRESENTATION('',(#2772),#2776);
#2772 = LINE('',#2773,#2774);
#2773 = CARTESIAN_POINT('',(40.5355,-19.75));
#2774 = VECTOR('',#2775,1.);
#2775 = DIRECTION('',(0.,1.));
#2776 = ( GEOMETRIC_REPRESENTATION_CONTEXT(2) 
PARAMETRIC_REPRESENTATION_CONTEXT() REPRESENTATION_CONTEXT('2D SPACE',''
  ) );
#2777 = PCURVE('',#2778,#2783);
#2778 = PLANE('',#2779);
#2779 = AXIS2_PLACEMENT_3D('',#2780,#2781,#2782);
#2780 = CARTESIAN_POINT('',(0.,-59.,4.45));
#2781 = DIRECTION('',(0.,0.,1.));
#2782 = DIRECTION('',(1.,0.,-0.));
#2783 = DEFINITIONAL_REPRESENTATION('',(#2784),#2788);
#2784 = LINE('',#2785,#2786);
#2785 = CARTESIAN_POINT('',(40.5355,-19.75));
#2786 = VECTOR('',#2787,1.);
#2787 = DIRECTION('',(0.,1.));
#2788 = ( GEOMETRIC_REPRESENTATION_CONTEXT(2) 
PARAMETRIC_REPRESENTATION_CONTEXT() REPRESENTATION_CONTEXT('2D SPACE',''
  ) );
#2789 = ORIENTED_EDGE('',*,*,#2790,.F.);
#2790 = EDGE_CURVE('',#2791,#2763,#2793,.T.);
#2791 = VERTEX_POINT('',#2792);
#2792 = CARTESIAN_POINT('',(45.149,-61.3535,4.45));
#2793 = SURFACE_CURVE('',#2794,(#2798,#2805),.PCURVE_S1.);
#2794 = LINE('',#2795,#2796);
#2795 = CARTESIAN_POINT('',(45.149,-61.3535,4.45));
#2796 = VECTOR('',#2797,1.);
#2797 = DIRECTION('',(-1.,0.,0.));
#2798 = PCURVE('',#909,#2799);
#2799 = DEFINITIONAL_REPRESENTATION('',(#2800),#2804);
#2800 = LINE('',#2801,#2802);
#2801 = CARTESIAN_POINT('',(45.149,-2.3535));
#2802 = VECTOR('',#2803,1.);
#2803 = DIRECTION('',(-1.,0.));
#2804 = ( GEOMETRIC_REPRESENTATION_CONTEXT(2) 
PARAMETRIC_REPRESENTATION_CONTEXT() REPRESENTATION_CONTEXT('2D SPACE',''
  ) );
#2805 = PCURVE('',#2806,#2811);
#2806 = PLANE('',#2807);
#2807 = AXIS2_PLACEMENT_3D('',#2808,#2809,#2810);
#2808 = CARTESIAN_POINT('',(0.,-59.,4.45));
#2809 = DIRECTION('',(0.,0.,1.));
#2810 = DIRECTION('',(1.,0.,-0.));
#2811 = DEFINITIONAL_REPRESENTATION('',(#2812),#2816);
#2812 = LINE('',#2813,#2814);
#2813 = CARTESIAN_POINT('',(45.149,-2.3535));
#2814 = VECTOR('',#2815,1.);
#2815 = DIRECTION('',(-1.,0.));
#2816 = ( GEOMETRIC_REPRESENTATION_CONTEXT(2) 
PARAMETRIC_REPRESENTATION_CONTEXT() REPRESENTATION_CONTEXT('2D SPACE',''
  ) );
#2817 = ORIENTED_EDGE('',*,*,#2818,.F.);
#2818 = EDGE_CURVE('',#2738,#2791,#2819,.T.);
#2819 = SURFACE_CURVE('',#2820,(#2824,#2831),.PCURVE_S1.);
#2820 = LINE('',#2821,#2822);
#2821 = CARTESIAN_POINT('',(45.149,-71.3535,4.45));
#2822 = VECTOR('',#2823,1.);
#2823 = DIRECTION('',(0.,1.,0.));
#2824 = PCURVE('',#909,#2825);
#2825 = DEFINITIONAL_REPRESENTATION('',(#2826),#2830);
#2826 = LINE('',#2827,#2828);
#2827 = CARTESIAN_POINT('',(45.149,-12.3535));
#2828 = VECTOR('',#2829,1.);
#2829 = DIRECTION('',(0.,1.));
#2830 = ( GEOMETRIC_REPRESENTATION_CONTEXT(2) 
PARAMETRIC_REPRESENTATION_CONTEXT() REPRESENTATION_CONTEXT('2D SPACE',''
  ) );
#2831 = PCURVE('',#2806,#2832);
#2832 = DEFINITIONAL_REPRESENTATION('',(#2833),#2837);
#2833 = LINE('',#2834,#2835);
#2834 = CARTESIAN_POINT('',(45.149,-12.3535));
#2835 = VECTOR('',#2836,1.);
#2836 = DIRECTION('',(0.,1.));
#2837 = ( GEOMETRIC_REPRESENTATION_CONTEXT(2) 
PARAMETRIC_REPRESENTATION_CONTEXT() REPRESENTATION_CONTEXT('2D SPACE',''
  ) );
#2838 = ADVANCED_FACE('',(#2839),#883,.F.);
#2839 = FACE_BOUND('',#2840,.F.);
#2840 = EDGE_LOOP('',(#2841,#2842,#2868,#2891,#2912,#2913));
#2841 = ORIENTED_EDGE('',*,*,#2737,.F.);
#2842 = ORIENTED_EDGE('',*,*,#2843,.T.);
#2843 = EDGE_CURVE('',#2738,#2844,#2846,.T.);
#2844 = VERTEX_POINT('',#2845);
#2845 = CARTESIAN_POINT('',(45.149,-63.,5.05));
#2846 = SURFACE_CURVE('',#2847,(#2851,#2857),.PCURVE_S1.);
#2847 = LINE('',#2848,#2849);
#2848 = CARTESIAN_POINT('',(45.149,-63.,4.45));
#2849 = VECTOR('',#2850,1.);
#2850 = DIRECTION('',(0.,-0.,1.));
#2851 = PCURVE('',#883,#2852);
#2852 = DEFINITIONAL_REPRESENTATION('',(#2853),#2856);
#2853 = B_SPLINE_CURVE_WITH_KNOTS('',1,(#2854,#2855),.UNSPECIFIED.,.F.,
  .F.,(2,2),(0.,0.6),.PIECEWISE_BEZIER_KNOTS.);
#2854 = CARTESIAN_POINT('',(105.899,0.));
#2855 = CARTESIAN_POINT('',(105.899,-0.6));
#2856 = ( GEOMETRIC_REPRESENTATION_CONTEXT(2) 
PARAMETRIC_REPRESENTATION_CONTEXT() REPRESENTATION_CONTEXT('2D SPACE',''
  ) );
#2857 = PCURVE('',#2858,#2863);
#2858 = PLANE('',#2859);
#2859 = AXIS2_PLACEMENT_3D('',#2860,#2861,#2862);
#2860 = CARTESIAN_POINT('',(45.149,-71.3535,4.45));
#2861 = DIRECTION('',(-1.,0.,0.));
#2862 = DIRECTION('',(0.,1.,0.));
#2863 = DEFINITIONAL_REPRESENTATION('',(#2864),#2867);
#2864 = B_SPLINE_CURVE_WITH_KNOTS('',1,(#2865,#2866),.UNSPECIFIED.,.F.,
  .F.,(2,2),(0.,0.6),.PIECEWISE_BEZIER_KNOTS.);
#2865 = CARTESIAN_POINT('',(8.3535,0.));
#2866 = CARTESIAN_POINT('',(8.3535,-0.6));
#2867 = ( GEOMETRIC_REPRESENTATION_CONTEXT(2) 
PARAMETRIC_REPRESENTATION_CONTEXT() REPRESENTATION_CONTEXT('2D SPACE',''
  ) );
#2868 = ORIENTED_EDGE('',*,*,#2869,.T.);
#2869 = EDGE_CURVE('',#2844,#2870,#2872,.T.);
#2870 = VERTEX_POINT('',#2871);
#2871 = CARTESIAN_POINT('',(60.75,-63.,5.05));
#2872 = SURFACE_CURVE('',#2873,(#2877,#2884),.PCURVE_S1.);
#2873 = LINE('',#2874,#2875);
#2874 = CARTESIAN_POINT('',(-60.75,-63.,5.05));
#2875 = VECTOR('',#2876,1.);
#2876 = DIRECTION('',(1.,0.,0.));
#2877 = PCURVE('',#883,#2878);
#2878 = DEFINITIONAL_REPRESENTATION('',(#2879),#2883);
#2879 = LINE('',#2880,#2881);
#2880 = CARTESIAN_POINT('',(0.,-0.6));
#2881 = VECTOR('',#2882,1.);
#2882 = DIRECTION('',(1.,0.));
#2883 = ( GEOMETRIC_REPRESENTATION_CONTEXT(2) 
PARAMETRIC_REPRESENTATION_CONTEXT() REPRESENTATION_CONTEXT('2D SPACE',''
  ) );
#2884 = PCURVE('',#2703,#2885);
#2885 = DEFINITIONAL_REPRESENTATION('',(#2886),#2890);
#2886 = LINE('',#2887,#2888);
#2887 = CARTESIAN_POINT('',(-60.75,-4.));
#2888 = VECTOR('',#2889,1.);
#2889 = DIRECTION('',(1.,0.));
#2890 = ( GEOMETRIC_REPRESENTATION_CONTEXT(2) 
PARAMETRIC_REPRESENTATION_CONTEXT() REPRESENTATION_CONTEXT('2D SPACE',''
  ) );
#2891 = ORIENTED_EDGE('',*,*,#2892,.F.);
#2892 = EDGE_CURVE('',#1864,#2870,#2893,.T.);
#2893 = SURFACE_CURVE('',#2894,(#2898,#2905),.PCURVE_S1.);
#2894 = LINE('',#2895,#2896);
#2895 = CARTESIAN_POINT('',(60.75,-63.,4.45));
#2896 = VECTOR('',#2897,1.);
#2897 = DIRECTION('',(0.,0.,1.));
#2898 = PCURVE('',#883,#2899);
#2899 = DEFINITIONAL_REPRESENTATION('',(#2900),#2904);
#2900 = LINE('',#2901,#2902);
#2901 = CARTESIAN_POINT('',(121.5,0.));
#2902 = VECTOR('',#2903,1.);
#2903 = DIRECTION('',(0.,-1.));
#2904 = ( GEOMETRIC_REPRESENTATION_CONTEXT(2) 
PARAMETRIC_REPRESENTATION_CONTEXT() REPRESENTATION_CONTEXT('2D SPACE',''
  ) );
#2905 = PCURVE('',#1878,#2906);
#2906 = DEFINITIONAL_REPRESENTATION('',(#2907),#2911);
#2907 = LINE('',#2908,#2909);
#2908 = CARTESIAN_POINT('',(0.,0.));
#2909 = VECTOR('',#2910,1.);
#2910 = DIRECTION('',(0.,-1.));
#2911 = ( GEOMETRIC_REPRESENTATION_CONTEXT(2) 
PARAMETRIC_REPRESENTATION_CONTEXT() REPRESENTATION_CONTEXT('2D SPACE',''
  ) );
#2912 = ORIENTED_EDGE('',*,*,#1889,.T.);
#2913 = ORIENTED_EDGE('',*,*,#868,.T.);
#2914 = ADVANCED_FACE('',(#2915),#1140,.T.);
#2915 = FACE_BOUND('',#2916,.T.);
#2916 = EDGE_LOOP('',(#2917,#2918,#2919,#2943,#2975,#3007,#3031));
#2917 = ORIENTED_EDGE('',*,*,#1201,.F.);
#2918 = ORIENTED_EDGE('',*,*,#1126,.T.);
#2919 = ORIENTED_EDGE('',*,*,#2920,.F.);
#2920 = EDGE_CURVE('',#2921,#1127,#2923,.T.);
#2921 = VERTEX_POINT('',#2922);
#2922 = CARTESIAN_POINT('',(-61.39739441894,-82.55,4.45));
#2923 = SURFACE_CURVE('',#2924,(#2929,#2936),.PCURVE_S1.);
#2924 = CIRCLE('',#2925,3.5);
#2925 = AXIS2_PLACEMENT_3D('',#2926,#2927,#2928);
#2926 = CARTESIAN_POINT('',(-59.,-80.,4.45));
#2927 = DIRECTION('',(0.,0.,1.));
#2928 = DIRECTION('',(0.,-1.,0.));
#2929 = PCURVE('',#1140,#2930);
#2930 = DEFINITIONAL_REPRESENTATION('',(#2931),#2935);
#2931 = LINE('',#2932,#2933);
#2932 = CARTESIAN_POINT('',(0.,1.9));
#2933 = VECTOR('',#2934,1.);
#2934 = DIRECTION('',(1.,0.));
#2935 = ( GEOMETRIC_REPRESENTATION_CONTEXT(2) 
PARAMETRIC_REPRESENTATION_CONTEXT() REPRESENTATION_CONTEXT('2D SPACE',''
  ) );
#2936 = PCURVE('',#1185,#2937);
#2937 = DEFINITIONAL_REPRESENTATION('',(#2938),#2942);
#2938 = CIRCLE('',#2939,3.5);
#2939 = AXIS2_PLACEMENT_2D('',#2940,#2941);
#2940 = CARTESIAN_POINT('',(-59.,-80.));
#2941 = DIRECTION('',(0.,-1.));
#2942 = ( GEOMETRIC_REPRESENTATION_CONTEXT(2) 
PARAMETRIC_REPRESENTATION_CONTEXT() REPRESENTATION_CONTEXT('2D SPACE',''
  ) );
#2943 = ORIENTED_EDGE('',*,*,#2944,.F.);
#2944 = EDGE_CURVE('',#2945,#2921,#2947,.T.);
#2945 = VERTEX_POINT('',#2946);
#2946 = CARTESIAN_POINT('',(-61.55,-82.55,4.556244584051));
#2947 = SURFACE_CURVE('',#2948,(#2953,#2963),.PCURVE_S1.);
#2948 = HYPERBOLA('',#2949,2.55,2.55);
#2949 = AXIS2_PLACEMENT_3D('',#2950,#2951,#2952);
#2950 = CARTESIAN_POINT('',(-59.,-82.55,0.95));
#2951 = DIRECTION('',(0.,1.,0.));
#2952 = DIRECTION('',(0.,-0.,1.));
#2953 = PCURVE('',#1140,#2954);
#2954 = DEFINITIONAL_REPRESENTATION('',(#2955),#2962);
#2955 = B_SPLINE_CURVE_WITH_KNOTS('',5,(#2956,#2957,#2958,#2959,#2960,
    #2961),.UNSPECIFIED.,.F.,.F.,(6,6),(-0.935638879435,-0.72249074027),
  .PIECEWISE_BEZIER_KNOTS.);
#2956 = CARTESIAN_POINT('',(5.460151615045,2.15));
#2957 = CARTESIAN_POINT('',(5.489139761971,2.032787902164));
#2958 = CARTESIAN_POINT('',(5.519260491924,1.924094318556));
#2959 = CARTESIAN_POINT('',(5.550522082698,1.82347554888));
#2960 = CARTESIAN_POINT('',(5.582917503369,1.730552097877));
#2961 = CARTESIAN_POINT('',(5.616416902745,1.645));
#2962 = ( GEOMETRIC_REPRESENTATION_CONTEXT(2) 
PARAMETRIC_REPRESENTATION_CONTEXT() REPRESENTATION_CONTEXT('2D SPACE',''
  ) );
#2963 = PCURVE('',#2964,#2969);
#2964 = PLANE('',#2965);
#2965 = AXIS2_PLACEMENT_3D('',#2966,#2967,#2968);
#2966 = CARTESIAN_POINT('',(-61.55,-82.55,3.45));
#2967 = DIRECTION('',(0.,1.,0.));
#2968 = DIRECTION('',(1.,0.,0.));
#2969 = DEFINITIONAL_REPRESENTATION('',(#2970),#2974);
#2970 = ( BOUNDED_CURVE() B_SPLINE_CURVE(2,(#2971,#2972,#2973),
.UNSPECIFIED.,.F.,.F.) B_SPLINE_CURVE_WITH_KNOTS((3,3),(-0.935638879435,
-0.72249074027),.PIECEWISE_BEZIER_KNOTS.) CURVE() 
GEOMETRIC_REPRESENTATION_ITEM() RATIONAL_B_SPLINE_CURVE((1.,
1.005684393393,1.)) REPRESENTATION_ITEM('') );
#2971 = CARTESIAN_POINT('',(-0.199545416974,-1.25));
#2972 = CARTESIAN_POINT('',(0.198601097135,-0.958074153826));
#2973 = CARTESIAN_POINT('',(0.543130547344,-0.745));
#2974 = ( GEOMETRIC_REPRESENTATION_CONTEXT(2) 
PARAMETRIC_REPRESENTATION_CONTEXT() REPRESENTATION_CONTEXT('2D SPACE',''
  ) );
#2975 = ORIENTED_EDGE('',*,*,#2976,.F.);
#2976 = EDGE_CURVE('',#2977,#2945,#2979,.T.);
#2977 = VERTEX_POINT('',#2978);
#2978 = CARTESIAN_POINT('',(-61.55,-82.39739441894,4.45));
#2979 = SURFACE_CURVE('',#2980,(#2985,#2995),.PCURVE_S1.);
#2980 = HYPERBOLA('',#2981,2.55,2.55);
#2981 = AXIS2_PLACEMENT_3D('',#2982,#2983,#2984);
#2982 = CARTESIAN_POINT('',(-61.55,-80.,0.95));
#2983 = DIRECTION('',(1.,0.,-0.));
#2984 = DIRECTION('',(0.,0.,1.));
#2985 = PCURVE('',#1140,#2986);
#2986 = DEFINITIONAL_REPRESENTATION('',(#2987),#2994);
#2987 = B_SPLINE_CURVE_WITH_KNOTS('',5,(#2988,#2989,#2990,#2991,#2992,
    #2993),.UNSPECIFIED.,.F.,.F.,(6,6),(0.72249074027,0.935638879435),
  .PIECEWISE_BEZIER_KNOTS.);
#2988 = CARTESIAN_POINT('',(5.379157384819,1.645));
#2989 = CARTESIAN_POINT('',(5.412656784195,1.730552097877));
#2990 = CARTESIAN_POINT('',(5.445052204866,1.82347554888));
#2991 = CARTESIAN_POINT('',(5.476313795641,1.924094318556));
#2992 = CARTESIAN_POINT('',(5.506434525593,2.032787902164));
#2993 = CARTESIAN_POINT('',(5.53542267252,2.15));
#2994 = ( GEOMETRIC_REPRESENTATION_CONTEXT(2) 
PARAMETRIC_REPRESENTATION_CONTEXT() REPRESENTATION_CONTEXT('2D SPACE',''
  ) );
#2995 = PCURVE('',#2996,#3001);
#2996 = PLANE('',#2997);
#2997 = AXIS2_PLACEMENT_3D('',#2998,#2999,#3000);
#2998 = CARTESIAN_POINT('',(-61.55,82.55,3.45));
#2999 = DIRECTION('',(1.,0.,-0.));
#3000 = DIRECTION('',(0.,-1.,0.));
#3001 = DEFINITIONAL_REPRESENTATION('',(#3002),#3006);
#3002 = ( BOUNDED_CURVE() B_SPLINE_CURVE(2,(#3003,#3004,#3005),
.UNSPECIFIED.,.F.,.F.) B_SPLINE_CURVE_WITH_KNOTS((3,3),(0.72249074027,
0.935638879435),.PIECEWISE_BEZIER_KNOTS.) CURVE() 
GEOMETRIC_REPRESENTATION_ITEM() RATIONAL_B_SPLINE_CURVE((1.,
1.005684393393,1.)) REPRESENTATION_ITEM('') );
#3003 = CARTESIAN_POINT('',(164.55686945265,-0.745));
#3004 = CARTESIAN_POINT('',(164.90139890286,-0.958074153826));
#3005 = CARTESIAN_POINT('',(165.29954541697,-1.25));
#3006 = ( GEOMETRIC_REPRESENTATION_CONTEXT(2) 
PARAMETRIC_REPRESENTATION_CONTEXT() REPRESENTATION_CONTEXT('2D SPACE',''
  ) );
#3007 = ORIENTED_EDGE('',*,*,#3008,.F.);
#3008 = EDGE_CURVE('',#3009,#2977,#3011,.T.);
#3009 = VERTEX_POINT('',#3010);
#3010 = CARTESIAN_POINT('',(-62.5,-80.,4.45));
#3011 = SURFACE_CURVE('',#3012,(#3017,#3024),.PCURVE_S1.);
#3012 = CIRCLE('',#3013,3.5);
#3013 = AXIS2_PLACEMENT_3D('',#3014,#3015,#3016);
#3014 = CARTESIAN_POINT('',(-59.,-80.,4.45));
#3015 = DIRECTION('',(0.,0.,1.));
#3016 = DIRECTION('',(0.,-1.,0.));
#3017 = PCURVE('',#1140,#3018);
#3018 = DEFINITIONAL_REPRESENTATION('',(#3019),#3023);
#3019 = LINE('',#3020,#3021);
#3020 = CARTESIAN_POINT('',(0.,1.9));
#3021 = VECTOR('',#3022,1.);
#3022 = DIRECTION('',(1.,0.));
#3023 = ( GEOMETRIC_REPRESENTATION_CONTEXT(2) 
PARAMETRIC_REPRESENTATION_CONTEXT() REPRESENTATION_CONTEXT('2D SPACE',''
  ) );
#3024 = PCURVE('',#1185,#3025);
#3025 = DEFINITIONAL_REPRESENTATION('',(#3026),#3030);
#3026 = CIRCLE('',#3027,3.5);
#3027 = AXIS2_PLACEMENT_2D('',#3028,#3029);
#3028 = CARTESIAN_POINT('',(-59.,-80.));
#3029 = DIRECTION('',(0.,-1.));
#3030 = ( GEOMETRIC_REPRESENTATION_CONTEXT(2) 
PARAMETRIC_REPRESENTATION_CONTEXT() REPRESENTATION_CONTEXT('2D SPACE',''
  ) );
#3031 = ORIENTED_EDGE('',*,*,#3032,.F.);
#3032 = EDGE_CURVE('',#1202,#3009,#3033,.T.);
#3033 = SURFACE_CURVE('',#3034,(#3037,#3043),.PCURVE_S1.);
#3034 = B_SPLINE_CURVE_WITH_KNOTS('',1,(#3035,#3036),.UNSPECIFIED.,.F.,
  .F.,(2,2),(0.,1.),.PIECEWISE_BEZIER_KNOTS.);
#3035 = CARTESIAN_POINT('',(-60.6,-80.,2.55));
#3036 = CARTESIAN_POINT('',(-62.75,-80.,4.7));
#3037 = PCURVE('',#1140,#3038);
#3038 = DEFINITIONAL_REPRESENTATION('',(#3039),#3042);
#3039 = B_SPLINE_CURVE_WITH_KNOTS('',1,(#3040,#3041),.UNSPECIFIED.,.F.,
  .F.,(2,2),(0.,1.),.PIECEWISE_BEZIER_KNOTS.);
#3040 = CARTESIAN_POINT('',(4.712388980385,0.));
#3041 = CARTESIAN_POINT('',(4.712388980385,2.15));
#3042 = ( GEOMETRIC_REPRESENTATION_CONTEXT(2) 
PARAMETRIC_REPRESENTATION_CONTEXT() REPRESENTATION_CONTEXT('2D SPACE',''
  ) );
#3043 = PCURVE('',#3044,#3049);
#3044 = PLANE('',#3045);
#3045 = AXIS2_PLACEMENT_3D('',#3046,#3047,#3048);
#3046 = CARTESIAN_POINT('',(-62.75,83.75,4.7));
#3047 = DIRECTION('',(-0.707106781187,-0.,-0.707106781187));
#3048 = DIRECTION('',(0.,-1.,0.));
#3049 = DEFINITIONAL_REPRESENTATION('',(#3050),#3053);
#3050 = B_SPLINE_CURVE_WITH_KNOTS('',1,(#3051,#3052),.UNSPECIFIED.,.F.,
  .F.,(2,2),(0.,1.),.PIECEWISE_BEZIER_KNOTS.);
#3051 = CARTESIAN_POINT('',(163.75,-3.040559159102));
#3052 = CARTESIAN_POINT('',(163.75,0.));
#3053 = ( GEOMETRIC_REPRESENTATION_CONTEXT(2) 
PARAMETRIC_REPRESENTATION_CONTEXT() REPRESENTATION_CONTEXT('2D SPACE',''
  ) );
#3054 = ADVANCED_FACE('',(#3055,#3289),#1185,.F.);
#3055 = FACE_BOUND('',#3056,.F.);
#3056 = EDGE_LOOP('',(#3057,#3087,#3116,#3144,#3173,#3201,#3230,#3258));
#3057 = ORIENTED_EDGE('',*,*,#3058,.T.);
#3058 = EDGE_CURVE('',#3059,#3061,#3063,.T.);
#3059 = VERTEX_POINT('',#3060);
#3060 = CARTESIAN_POINT('',(-59.,-83.75,4.45));
#3061 = VERTEX_POINT('',#3062);
#3062 = CARTESIAN_POINT('',(59.,-83.75,4.45));
#3063 = SURFACE_CURVE('',#3064,(#3068,#3075),.PCURVE_S1.);
#3064 = LINE('',#3065,#3066);
#3065 = CARTESIAN_POINT('',(-62.75,-83.75,4.45));
#3066 = VECTOR('',#3067,1.);
#3067 = DIRECTION('',(1.,0.,0.));
#3068 = PCURVE('',#1185,#3069);
#3069 = DEFINITIONAL_REPRESENTATION('',(#3070),#3074);
#3070 = LINE('',#3071,#3072);
#3071 = CARTESIAN_POINT('',(-62.75,-83.75));
#3072 = VECTOR('',#3073,1.);
#3073 = DIRECTION('',(1.,0.));
#3074 = ( GEOMETRIC_REPRESENTATION_CONTEXT(2) 
PARAMETRIC_REPRESENTATION_CONTEXT() REPRESENTATION_CONTEXT('2D SPACE',''
  ) );
#3075 = PCURVE('',#3076,#3081);
#3076 = PLANE('',#3077);
#3077 = AXIS2_PLACEMENT_3D('',#3078,#3079,#3080);
#3078 = CARTESIAN_POINT('',(-62.75,-83.75,4.45));
#3079 = DIRECTION('',(0.,1.,0.));
#3080 = DIRECTION('',(1.,0.,0.));
#3081 = DEFINITIONAL_REPRESENTATION('',(#3082),#3086);
#3082 = LINE('',#3083,#3084);
#3083 = CARTESIAN_POINT('',(0.,0.));
#3084 = VECTOR('',#3085,1.);
#3085 = DIRECTION('',(1.,0.));
#3086 = ( GEOMETRIC_REPRESENTATION_CONTEXT(2) 
PARAMETRIC_REPRESENTATION_CONTEXT() REPRESENTATION_CONTEXT('2D SPACE',''
  ) );
#3087 = ORIENTED_EDGE('',*,*,#3088,.T.);
#3088 = EDGE_CURVE('',#3061,#3089,#3091,.T.);
#3089 = VERTEX_POINT('',#3090);
#3090 = CARTESIAN_POINT('',(62.75,-80.,4.45));
#3091 = SURFACE_CURVE('',#3092,(#3097,#3104),.PCURVE_S1.);
#3092 = CIRCLE('',#3093,3.75);
#3093 = AXIS2_PLACEMENT_3D('',#3094,#3095,#3096);
#3094 = CARTESIAN_POINT('',(59.,-80.,4.45));
#3095 = DIRECTION('',(0.,0.,1.));
#3096 = DIRECTION('',(0.,-1.,0.));
#3097 = PCURVE('',#1185,#3098);
#3098 = DEFINITIONAL_REPRESENTATION('',(#3099),#3103);
#3099 = CIRCLE('',#3100,3.75);
#3100 = AXIS2_PLACEMENT_2D('',#3101,#3102);
#3101 = CARTESIAN_POINT('',(59.,-80.));
#3102 = DIRECTION('',(0.,-1.));
#3103 = ( GEOMETRIC_REPRESENTATION_CONTEXT(2) 
PARAMETRIC_REPRESENTATION_CONTEXT() REPRESENTATION_CONTEXT('2D SPACE',''
  ) );
#3104 = PCURVE('',#3105,#3110);
#3105 = CYLINDRICAL_SURFACE('',#3106,3.75);
#3106 = AXIS2_PLACEMENT_3D('',#3107,#3108,#3109);
#3107 = CARTESIAN_POINT('',(59.,-80.,4.45));
#3108 = DIRECTION('',(0.,0.,1.));
#3109 = DIRECTION('',(0.,-1.,0.));
#3110 = DEFINITIONAL_REPRESENTATION('',(#3111),#3115);
#3111 = LINE('',#3112,#3113);
#3112 = CARTESIAN_POINT('',(0.,0.));
#3113 = VECTOR('',#3114,1.);
#3114 = DIRECTION('',(1.,0.));
#3115 = ( GEOMETRIC_REPRESENTATION_CONTEXT(2) 
PARAMETRIC_REPRESENTATION_CONTEXT() REPRESENTATION_CONTEXT('2D SPACE',''
  ) );
#3116 = ORIENTED_EDGE('',*,*,#3117,.T.);
#3117 = EDGE_CURVE('',#3089,#3118,#3120,.T.);
#3118 = VERTEX_POINT('',#3119);
#3119 = CARTESIAN_POINT('',(62.75,80.,4.45));
#3120 = SURFACE_CURVE('',#3121,(#3125,#3132),.PCURVE_S1.);
#3121 = LINE('',#3122,#3123);
#3122 = CARTESIAN_POINT('',(62.75,-83.75,4.45));
#3123 = VECTOR('',#3124,1.);
#3124 = DIRECTION('',(0.,1.,0.));
#3125 = PCURVE('',#1185,#3126);
#3126 = DEFINITIONAL_REPRESENTATION('',(#3127),#3131);
#3127 = LINE('',#3128,#3129);
#3128 = CARTESIAN_POINT('',(62.75,-83.75));
#3129 = VECTOR('',#3130,1.);
#3130 = DIRECTION('',(0.,1.));
#3131 = ( GEOMETRIC_REPRESENTATION_CONTEXT(2) 
PARAMETRIC_REPRESENTATION_CONTEXT() REPRESENTATION_CONTEXT('2D SPACE',''
  ) );
#3132 = PCURVE('',#3133,#3138);
#3133 = PLANE('',#3134);
#3134 = AXIS2_PLACEMENT_3D('',#3135,#3136,#3137);
#3135 = CARTESIAN_POINT('',(62.75,-83.75,4.45));
#3136 = DIRECTION('',(-1.,0.,0.));
#3137 = DIRECTION('',(0.,1.,0.));
#3138 = DEFINITIONAL_REPRESENTATION('',(#3139),#3143);
#3139 = LINE('',#3140,#3141);
#3140 = CARTESIAN_POINT('',(0.,0.));
#3141 = VECTOR('',#3142,1.);
#3142 = DIRECTION('',(1.,0.));
#3143 = ( GEOMETRIC_REPRESENTATION_CONTEXT(2) 
PARAMETRIC_REPRESENTATION_CONTEXT() REPRESENTATION_CONTEXT('2D SPACE',''
  ) );
#3144 = ORIENTED_EDGE('',*,*,#3145,.T.);
#3145 = EDGE_CURVE('',#3118,#3146,#3148,.T.);
#3146 = VERTEX_POINT('',#3147);
#3147 = CARTESIAN_POINT('',(59.,83.75,4.45));
#3148 = SURFACE_CURVE('',#3149,(#3154,#3161),.PCURVE_S1.);
#3149 = CIRCLE('',#3150,3.75);
#3150 = AXIS2_PLACEMENT_3D('',#3151,#3152,#3153);
#3151 = CARTESIAN_POINT('',(59.,80.,4.45));
#3152 = DIRECTION('',(0.,0.,1.));
#3153 = DIRECTION('',(0.,-1.,0.));
#3154 = PCURVE('',#1185,#3155);
#3155 = DEFINITIONAL_REPRESENTATION('',(#3156),#3160);
#3156 = CIRCLE('',#3157,3.75);
#3157 = AXIS2_PLACEMENT_2D('',#3158,#3159);
#3158 = CARTESIAN_POINT('',(59.,80.));
#3159 = DIRECTION('',(0.,-1.));
#3160 = ( GEOMETRIC_REPRESENTATION_CONTEXT(2) 
PARAMETRIC_REPRESENTATION_CONTEXT() REPRESENTATION_CONTEXT('2D SPACE',''
  ) );
#3161 = PCURVE('',#3162,#3167);
#3162 = CYLINDRICAL_SURFACE('',#3163,3.75);
#3163 = AXIS2_PLACEMENT_3D('',#3164,#3165,#3166);
#3164 = CARTESIAN_POINT('',(59.,80.,4.45));
#3165 = DIRECTION('',(0.,0.,1.));
#3166 = DIRECTION('',(1.,0.,-0.));
#3167 = DEFINITIONAL_REPRESENTATION('',(#3168),#3172);
#3168 = LINE('',#3169,#3170);
#3169 = CARTESIAN_POINT('',(-1.570796326795,0.));
#3170 = VECTOR('',#3171,1.);
#3171 = DIRECTION('',(1.,0.));
#3172 = ( GEOMETRIC_REPRESENTATION_CONTEXT(2) 
PARAMETRIC_REPRESENTATION_CONTEXT() REPRESENTATION_CONTEXT('2D SPACE',''
  ) );
#3173 = ORIENTED_EDGE('',*,*,#3174,.T.);
#3174 = EDGE_CURVE('',#3146,#3175,#3177,.T.);
#3175 = VERTEX_POINT('',#3176);
#3176 = CARTESIAN_POINT('',(-59.,83.75,4.45));
#3177 = SURFACE_CURVE('',#3178,(#3182,#3189),.PCURVE_S1.);
#3178 = LINE('',#3179,#3180);
#3179 = CARTESIAN_POINT('',(62.75,83.75,4.45));
#3180 = VECTOR('',#3181,1.);
#3181 = DIRECTION('',(-1.,0.,0.));
#3182 = PCURVE('',#1185,#3183);
#3183 = DEFINITIONAL_REPRESENTATION('',(#3184),#3188);
#3184 = LINE('',#3185,#3186);
#3185 = CARTESIAN_POINT('',(62.75,83.75));
#3186 = VECTOR('',#3187,1.);
#3187 = DIRECTION('',(-1.,0.));
#3188 = ( GEOMETRIC_REPRESENTATION_CONTEXT(2) 
PARAMETRIC_REPRESENTATION_CONTEXT() REPRESENTATION_CONTEXT('2D SPACE',''
  ) );
#3189 = PCURVE('',#3190,#3195);
#3190 = PLANE('',#3191);
#3191 = AXIS2_PLACEMENT_3D('',#3192,#3193,#3194);
#3192 = CARTESIAN_POINT('',(62.75,83.75,4.45));
#3193 = DIRECTION('',(0.,-1.,0.));
#3194 = DIRECTION('',(-1.,0.,0.));
#3195 = DEFINITIONAL_REPRESENTATION('',(#3196),#3200);
#3196 = LINE('',#3197,#3198);
#3197 = CARTESIAN_POINT('',(0.,-0.));
#3198 = VECTOR('',#3199,1.);
#3199 = DIRECTION('',(1.,0.));
#3200 = ( GEOMETRIC_REPRESENTATION_CONTEXT(2) 
PARAMETRIC_REPRESENTATION_CONTEXT() REPRESENTATION_CONTEXT('2D SPACE',''
  ) );
#3201 = ORIENTED_EDGE('',*,*,#3202,.T.);
#3202 = EDGE_CURVE('',#3175,#3203,#3205,.T.);
#3203 = VERTEX_POINT('',#3204);
#3204 = CARTESIAN_POINT('',(-62.75,80.,4.45));
#3205 = SURFACE_CURVE('',#3206,(#3211,#3218),.PCURVE_S1.);
#3206 = CIRCLE('',#3207,3.75);
#3207 = AXIS2_PLACEMENT_3D('',#3208,#3209,#3210);
#3208 = CARTESIAN_POINT('',(-59.,80.,4.45));
#3209 = DIRECTION('',(0.,0.,1.));
#3210 = DIRECTION('',(0.,-1.,0.));
#3211 = PCURVE('',#1185,#3212);
#3212 = DEFINITIONAL_REPRESENTATION('',(#3213),#3217);
#3213 = CIRCLE('',#3214,3.75);
#3214 = AXIS2_PLACEMENT_2D('',#3215,#3216);
#3215 = CARTESIAN_POINT('',(-59.,80.));
#3216 = DIRECTION('',(0.,-1.));
#3217 = ( GEOMETRIC_REPRESENTATION_CONTEXT(2) 
PARAMETRIC_REPRESENTATION_CONTEXT() REPRESENTATION_CONTEXT('2D SPACE',''
  ) );
#3218 = PCURVE('',#3219,#3224);
#3219 = CYLINDRICAL_SURFACE('',#3220,3.75);
#3220 = AXIS2_PLACEMENT_3D('',#3221,#3222,#3223);
#3221 = CARTESIAN_POINT('',(-59.,80.,4.45));
#3222 = DIRECTION('',(0.,0.,1.));
#3223 = DIRECTION('',(-0.,1.,0.));
#3224 = DEFINITIONAL_REPRESENTATION('',(#3225),#3229);
#3225 = LINE('',#3226,#3227);
#3226 = CARTESIAN_POINT('',(-3.14159265359,0.));
#3227 = VECTOR('',#3228,1.);
#3228 = DIRECTION('',(1.,0.));
#3229 = ( GEOMETRIC_REPRESENTATION_CONTEXT(2) 
PARAMETRIC_REPRESENTATION_CONTEXT() REPRESENTATION_CONTEXT('2D SPACE',''
  ) );
#3230 = ORIENTED_EDGE('',*,*,#3231,.T.);
#3231 = EDGE_CURVE('',#3203,#3232,#3234,.T.);
#3232 = VERTEX_POINT('',#3233);
#3233 = CARTESIAN_POINT('',(-62.75,-80.,4.45));
#3234 = SURFACE_CURVE('',#3235,(#3239,#3246),.PCURVE_S1.);
#3235 = LINE('',#3236,#3237);
#3236 = CARTESIAN_POINT('',(-62.75,83.75,4.45));
#3237 = VECTOR('',#3238,1.);
#3238 = DIRECTION('',(0.,-1.,0.));
#3239 = PCURVE('',#1185,#3240);
#3240 = DEFINITIONAL_REPRESENTATION('',(#3241),#3245);
#3241 = LINE('',#3242,#3243);
#3242 = CARTESIAN_POINT('',(-62.75,83.75));
#3243 = VECTOR('',#3244,1.);
#3244 = DIRECTION('',(0.,-1.));
#3245 = ( GEOMETRIC_REPRESENTATION_CONTEXT(2) 
PARAMETRIC_REPRESENTATION_CONTEXT() REPRESENTATION_CONTEXT('2D SPACE',''
  ) );
#3246 = PCURVE('',#3247,#3252);
#3247 = PLANE('',#3248);
#3248 = AXIS2_PLACEMENT_3D('',#3249,#3250,#3251);
#3249 = CARTESIAN_POINT('',(-62.75,83.75,4.45));
#3250 = DIRECTION('',(1.,0.,-0.));
#3251 = DIRECTION('',(0.,-1.,0.));
#3252 = DEFINITIONAL_REPRESENTATION('',(#3253),#3257);
#3253 = LINE('',#3254,#3255);
#3254 = CARTESIAN_POINT('',(0.,0.));
#3255 = VECTOR('',#3256,1.);
#3256 = DIRECTION('',(1.,0.));
#3257 = ( GEOMETRIC_REPRESENTATION_CONTEXT(2) 
PARAMETRIC_REPRESENTATION_CONTEXT() REPRESENTATION_CONTEXT('2D SPACE',''
  ) );
#3258 = ORIENTED_EDGE('',*,*,#3259,.F.);
#3259 = EDGE_CURVE('',#3059,#3232,#3260,.T.);
#3260 = SURFACE_CURVE('',#3261,(#3266,#3277),.PCURVE_S1.);
#3261 = CIRCLE('',#3262,3.75);
#3262 = AXIS2_PLACEMENT_3D('',#3263,#3264,#3265);
#3263 = CARTESIAN_POINT('',(-59.,-80.,4.45));
#3264 = DIRECTION('',(-0.,-0.,-1.));
#3265 = DIRECTION('',(0.,-1.,0.));
#3266 = PCURVE('',#1185,#3267);
#3267 = DEFINITIONAL_REPRESENTATION('',(#3268),#3276);
#3268 = ( BOUNDED_CURVE() B_SPLINE_CURVE(2,(#3269,#3270,#3271,#3272,
#3273,#3274,#3275),.UNSPECIFIED.,.T.,.F.) B_SPLINE_CURVE_WITH_KNOTS((1,2
    ,2,2,2,1),(-2.094395102393,0.,2.094395102393,4.188790204786,
6.28318530718,8.377580409573),.UNSPECIFIED.) CURVE() 
GEOMETRIC_REPRESENTATION_ITEM() RATIONAL_B_SPLINE_CURVE((1.,0.5,1.,0.5,
1.,0.5,1.)) REPRESENTATION_ITEM('') );
#3269 = CARTESIAN_POINT('',(-59.,-83.75));
#3270 = CARTESIAN_POINT('',(-65.49519052838,-83.75));
#3271 = CARTESIAN_POINT('',(-62.24759526419,-78.125));
#3272 = CARTESIAN_POINT('',(-59.,-72.5));
#3273 = CARTESIAN_POINT('',(-55.7524047358,-78.125));
#3274 = CARTESIAN_POINT('',(-52.50480947161,-83.75));
#3275 = CARTESIAN_POINT('',(-59.,-83.75));
#3276 = ( GEOMETRIC_REPRESENTATION_CONTEXT(2) 
PARAMETRIC_REPRESENTATION_CONTEXT() REPRESENTATION_CONTEXT('2D SPACE',''
  ) );
#3277 = PCURVE('',#3278,#3283);
#3278 = CYLINDRICAL_SURFACE('',#3279,3.75);
#3279 = AXIS2_PLACEMENT_3D('',#3280,#3281,#3282);
#3280 = CARTESIAN_POINT('',(-59.,-80.,4.45));
#3281 = DIRECTION('',(0.,0.,1.));
#3282 = DIRECTION('',(0.,-1.,0.));
#3283 = DEFINITIONAL_REPRESENTATION('',(#3284),#3288);
#3284 = LINE('',#3285,#3286);
#3285 = CARTESIAN_POINT('',(-0.,0.));
#3286 = VECTOR('',#3287,1.);
#3287 = DIRECTION('',(-1.,0.));
#3288 = ( GEOMETRIC_REPRESENTATION_CONTEXT(2) 
PARAMETRIC_REPRESENTATION_CONTEXT() REPRESENTATION_CONTEXT('2D SPACE',''
  ) );
#3289 = FACE_BOUND('',#3290,.F.);
#3290 = EDGE_LOOP('',(#3291,#3319,#3345,#3374,#3393,#3394,#3415,#3434,
    #3435,#3436,#3437,#3458,#3477,#3478,#3499,#3528,#3554,#3580,#3604,
    #3630));
#3291 = ORIENTED_EDGE('',*,*,#3292,.T.);
#3292 = EDGE_CURVE('',#3293,#3295,#3297,.T.);
#3293 = VERTEX_POINT('',#3294);
#3294 = CARTESIAN_POINT('',(61.397394418947,82.55,4.45));
#3295 = VERTEX_POINT('',#3296);
#3296 = CARTESIAN_POINT('',(61.55,82.55,4.45));
#3297 = SURFACE_CURVE('',#3298,(#3302,#3308),.PCURVE_S1.);
#3298 = LINE('',#3299,#3300);
#3299 = CARTESIAN_POINT('',(30.775,82.55,4.45));
#3300 = VECTOR('',#3301,1.);
#3301 = DIRECTION('',(1.,0.,-0.));
#3302 = PCURVE('',#1185,#3303);
#3303 = DEFINITIONAL_REPRESENTATION('',(#3304),#3307);
#3304 = B_SPLINE_CURVE_WITH_KNOTS('',1,(#3305,#3306),.UNSPECIFIED.,.F.,
  .F.,(2,2),(-92.325,30.775),.PIECEWISE_BEZIER_KNOTS.);
#3305 = CARTESIAN_POINT('',(-61.55,82.55));
#3306 = CARTESIAN_POINT('',(61.55,82.55));
#3307 = ( GEOMETRIC_REPRESENTATION_CONTEXT(2) 
PARAMETRIC_REPRESENTATION_CONTEXT() REPRESENTATION_CONTEXT('2D SPACE',''
  ) );
#3308 = PCURVE('',#3309,#3314);
#3309 = PLANE('',#3310);
#3310 = AXIS2_PLACEMENT_3D('',#3311,#3312,#3313);
#3311 = CARTESIAN_POINT('',(61.55,82.55,3.45));
#3312 = DIRECTION('',(0.,-1.,0.));
#3313 = DIRECTION('',(-1.,0.,0.));
#3314 = DEFINITIONAL_REPRESENTATION('',(#3315),#3318);
#3315 = B_SPLINE_CURVE_WITH_KNOTS('',1,(#3316,#3317),.UNSPECIFIED.,.F.,
  .F.,(2,2),(-92.325,30.775),.PIECEWISE_BEZIER_KNOTS.);
#3316 = CARTESIAN_POINT('',(123.1,-1.));
#3317 = CARTESIAN_POINT('',(0.,-1.));
#3318 = ( GEOMETRIC_REPRESENTATION_CONTEXT(2) 
PARAMETRIC_REPRESENTATION_CONTEXT() REPRESENTATION_CONTEXT('2D SPACE',''
  ) );
#3319 = ORIENTED_EDGE('',*,*,#3320,.T.);
#3320 = EDGE_CURVE('',#3295,#3321,#3323,.T.);
#3321 = VERTEX_POINT('',#3322);
#3322 = CARTESIAN_POINT('',(61.55,82.397394418947,4.45));
#3323 = SURFACE_CURVE('',#3324,(#3328,#3334),.PCURVE_S1.);
#3324 = LINE('',#3325,#3326);
#3325 = CARTESIAN_POINT('',(61.55,-41.275,4.45));
#3326 = VECTOR('',#3327,1.);
#3327 = DIRECTION('',(0.,-1.,0.));
#3328 = PCURVE('',#1185,#3329);
#3329 = DEFINITIONAL_REPRESENTATION('',(#3330),#3333);
#3330 = B_SPLINE_CURVE_WITH_KNOTS('',1,(#3331,#3332),.UNSPECIFIED.,.F.,
  .F.,(2,2),(-123.825,41.275),.PIECEWISE_BEZIER_KNOTS.);
#3331 = CARTESIAN_POINT('',(61.55,82.55));
#3332 = CARTESIAN_POINT('',(61.55,-82.55));
#3333 = ( GEOMETRIC_REPRESENTATION_CONTEXT(2) 
PARAMETRIC_REPRESENTATION_CONTEXT() REPRESENTATION_CONTEXT('2D SPACE',''
  ) );
#3334 = PCURVE('',#3335,#3340);
#3335 = PLANE('',#3336);
#3336 = AXIS2_PLACEMENT_3D('',#3337,#3338,#3339);
#3337 = CARTESIAN_POINT('',(61.55,-82.55,3.45));
#3338 = DIRECTION('',(-1.,0.,0.));
#3339 = DIRECTION('',(0.,1.,0.));
#3340 = DEFINITIONAL_REPRESENTATION('',(#3341),#3344);
#3341 = B_SPLINE_CURVE_WITH_KNOTS('',1,(#3342,#3343),.UNSPECIFIED.,.F.,
  .F.,(2,2),(-123.825,41.275),.PIECEWISE_BEZIER_KNOTS.);
#3342 = CARTESIAN_POINT('',(165.1,-1.));
#3343 = CARTESIAN_POINT('',(0.,-1.));
#3344 = ( GEOMETRIC_REPRESENTATION_CONTEXT(2) 
PARAMETRIC_REPRESENTATION_CONTEXT() REPRESENTATION_CONTEXT('2D SPACE',''
  ) );
#3345 = ORIENTED_EDGE('',*,*,#3346,.F.);
#3346 = EDGE_CURVE('',#3347,#3321,#3349,.T.);
#3347 = VERTEX_POINT('',#3348);
#3348 = CARTESIAN_POINT('',(62.5,80.,4.45));
#3349 = SURFACE_CURVE('',#3350,(#3355,#3362),.PCURVE_S1.);
#3350 = CIRCLE('',#3351,3.5);
#3351 = AXIS2_PLACEMENT_3D('',#3352,#3353,#3354);
#3352 = CARTESIAN_POINT('',(59.,80.,4.45));
#3353 = DIRECTION('',(0.,0.,1.));
#3354 = DIRECTION('',(0.,-1.,0.));
#3355 = PCURVE('',#1185,#3356);
#3356 = DEFINITIONAL_REPRESENTATION('',(#3357),#3361);
#3357 = CIRCLE('',#3358,3.5);
#3358 = AXIS2_PLACEMENT_2D('',#3359,#3360);
#3359 = CARTESIAN_POINT('',(59.,80.));
#3360 = DIRECTION('',(0.,-1.));
#3361 = ( GEOMETRIC_REPRESENTATION_CONTEXT(2) 
PARAMETRIC_REPRESENTATION_CONTEXT() REPRESENTATION_CONTEXT('2D SPACE',''
  ) );
#3362 = PCURVE('',#3363,#3368);
#3363 = CONICAL_SURFACE('',#3364,1.6,0.785398163397);
#3364 = AXIS2_PLACEMENT_3D('',#3365,#3366,#3367);
#3365 = CARTESIAN_POINT('',(59.,80.,2.55));
#3366 = DIRECTION('',(0.,0.,1.));
#3367 = DIRECTION('',(0.,-1.,0.));
#3368 = DEFINITIONAL_REPRESENTATION('',(#3369),#3373);
#3369 = LINE('',#3370,#3371);
#3370 = CARTESIAN_POINT('',(0.,1.9));
#3371 = VECTOR('',#3372,1.);
#3372 = DIRECTION('',(1.,0.));
#3373 = ( GEOMETRIC_REPRESENTATION_CONTEXT(2) 
PARAMETRIC_REPRESENTATION_CONTEXT() REPRESENTATION_CONTEXT('2D SPACE',''
  ) );
#3374 = ORIENTED_EDGE('',*,*,#3375,.T.);
#3375 = EDGE_CURVE('',#3347,#2106,#3376,.T.);
#3376 = SURFACE_CURVE('',#3377,(#3381,#3387),.PCURVE_S1.);
#3377 = LINE('',#3378,#3379);
#3378 = CARTESIAN_POINT('',(62.5,-41.875,4.45));
#3379 = VECTOR('',#3380,1.);
#3380 = DIRECTION('',(0.,-1.,0.));
#3381 = PCURVE('',#1185,#3382);
#3382 = DEFINITIONAL_REPRESENTATION('',(#3383),#3386);
#3383 = B_SPLINE_CURVE_WITH_KNOTS('',1,(#3384,#3385),.UNSPECIFIED.,.F.,
  .F.,(2,2),(-121.875,38.125),.PIECEWISE_BEZIER_KNOTS.);
#3384 = CARTESIAN_POINT('',(62.5,80.));
#3385 = CARTESIAN_POINT('',(62.5,-80.));
#3386 = ( GEOMETRIC_REPRESENTATION_CONTEXT(2) 
PARAMETRIC_REPRESENTATION_CONTEXT() REPRESENTATION_CONTEXT('2D SPACE',''
  ) );
#3387 = PCURVE('',#2087,#3388);
#3388 = DEFINITIONAL_REPRESENTATION('',(#3389),#3392);
#3389 = B_SPLINE_CURVE_WITH_KNOTS('',1,(#3390,#3391),.UNSPECIFIED.,.F.,
  .F.,(2,2),(-121.875,38.125),.PIECEWISE_BEZIER_KNOTS.);
#3390 = CARTESIAN_POINT('',(163.75,-0.353553390593));
#3391 = CARTESIAN_POINT('',(3.75,-0.353553390593));
#3392 = ( GEOMETRIC_REPRESENTATION_CONTEXT(2) 
PARAMETRIC_REPRESENTATION_CONTEXT() REPRESENTATION_CONTEXT('2D SPACE',''
  ) );
#3393 = ORIENTED_EDGE('',*,*,#2125,.F.);
#3394 = ORIENTED_EDGE('',*,*,#3395,.T.);
#3395 = EDGE_CURVE('',#2126,#3396,#3398,.T.);
#3396 = VERTEX_POINT('',#3397);
#3397 = CARTESIAN_POINT('',(61.55,-82.55,4.45));
#3398 = SURFACE_CURVE('',#3399,(#3403,#3409),.PCURVE_S1.);
#3399 = LINE('',#3400,#3401);
#3400 = CARTESIAN_POINT('',(61.55,-41.275,4.45));
#3401 = VECTOR('',#3402,1.);
#3402 = DIRECTION('',(0.,-1.,0.));
#3403 = PCURVE('',#1185,#3404);
#3404 = DEFINITIONAL_REPRESENTATION('',(#3405),#3408);
#3405 = B_SPLINE_CURVE_WITH_KNOTS('',1,(#3406,#3407),.UNSPECIFIED.,.F.,
  .F.,(2,2),(-123.825,41.275),.PIECEWISE_BEZIER_KNOTS.);
#3406 = CARTESIAN_POINT('',(61.55,82.55));
#3407 = CARTESIAN_POINT('',(61.55,-82.55));
#3408 = ( GEOMETRIC_REPRESENTATION_CONTEXT(2) 
PARAMETRIC_REPRESENTATION_CONTEXT() REPRESENTATION_CONTEXT('2D SPACE',''
  ) );
#3409 = PCURVE('',#2169,#3410);
#3410 = DEFINITIONAL_REPRESENTATION('',(#3411),#3414);
#3411 = B_SPLINE_CURVE_WITH_KNOTS('',1,(#3412,#3413),.UNSPECIFIED.,.F.,
  .F.,(2,2),(-123.825,41.275),.PIECEWISE_BEZIER_KNOTS.);
#3412 = CARTESIAN_POINT('',(165.1,-1.));
#3413 = CARTESIAN_POINT('',(0.,-1.));
#3414 = ( GEOMETRIC_REPRESENTATION_CONTEXT(2) 
PARAMETRIC_REPRESENTATION_CONTEXT() REPRESENTATION_CONTEXT('2D SPACE',''
  ) );
#3415 = ORIENTED_EDGE('',*,*,#3416,.T.);
#3416 = EDGE_CURVE('',#3396,#2182,#3417,.T.);
#3417 = SURFACE_CURVE('',#3418,(#3422,#3428),.PCURVE_S1.);
#3418 = LINE('',#3419,#3420);
#3419 = CARTESIAN_POINT('',(-30.775,-82.55,4.45));
#3420 = VECTOR('',#3421,1.);
#3421 = DIRECTION('',(-1.,0.,0.));
#3422 = PCURVE('',#1185,#3423);
#3423 = DEFINITIONAL_REPRESENTATION('',(#3424),#3427);
#3424 = B_SPLINE_CURVE_WITH_KNOTS('',1,(#3425,#3426),.UNSPECIFIED.,.F.,
  .F.,(2,2),(-92.325,30.775),.PIECEWISE_BEZIER_KNOTS.);
#3425 = CARTESIAN_POINT('',(61.55,-82.55));
#3426 = CARTESIAN_POINT('',(-61.55,-82.55));
#3427 = ( GEOMETRIC_REPRESENTATION_CONTEXT(2) 
PARAMETRIC_REPRESENTATION_CONTEXT() REPRESENTATION_CONTEXT('2D SPACE',''
  ) );
#3428 = PCURVE('',#2201,#3429);
#3429 = DEFINITIONAL_REPRESENTATION('',(#3430),#3433);
#3430 = B_SPLINE_CURVE_WITH_KNOTS('',1,(#3431,#3432),.UNSPECIFIED.,.F.,
  .F.,(2,2),(-92.325,30.775),.PIECEWISE_BEZIER_KNOTS.);
#3431 = CARTESIAN_POINT('',(123.1,-1.));
#3432 = CARTESIAN_POINT('',(0.,-1.));
#3433 = ( GEOMETRIC_REPRESENTATION_CONTEXT(2) 
PARAMETRIC_REPRESENTATION_CONTEXT() REPRESENTATION_CONTEXT('2D SPACE',''
  ) );
#3434 = ORIENTED_EDGE('',*,*,#2213,.F.);
#3435 = ORIENTED_EDGE('',*,*,#1172,.T.);
#3436 = ORIENTED_EDGE('',*,*,#2920,.F.);
#3437 = ORIENTED_EDGE('',*,*,#3438,.T.);
#3438 = EDGE_CURVE('',#2921,#3439,#3441,.T.);
#3439 = VERTEX_POINT('',#3440);
#3440 = CARTESIAN_POINT('',(-61.55,-82.55,4.45));
#3441 = SURFACE_CURVE('',#3442,(#3446,#3452),.PCURVE_S1.);
#3442 = LINE('',#3443,#3444);
#3443 = CARTESIAN_POINT('',(-30.775,-82.55,4.45));
#3444 = VECTOR('',#3445,1.);
#3445 = DIRECTION('',(-1.,0.,0.));
#3446 = PCURVE('',#1185,#3447);
#3447 = DEFINITIONAL_REPRESENTATION('',(#3448),#3451);
#3448 = B_SPLINE_CURVE_WITH_KNOTS('',1,(#3449,#3450),.UNSPECIFIED.,.F.,
  .F.,(2,2),(-92.325,30.775),.PIECEWISE_BEZIER_KNOTS.);
#3449 = CARTESIAN_POINT('',(61.55,-82.55));
#3450 = CARTESIAN_POINT('',(-61.55,-82.55));
#3451 = ( GEOMETRIC_REPRESENTATION_CONTEXT(2) 
PARAMETRIC_REPRESENTATION_CONTEXT() REPRESENTATION_CONTEXT('2D SPACE',''
  ) );
#3452 = PCURVE('',#2964,#3453);
#3453 = DEFINITIONAL_REPRESENTATION('',(#3454),#3457);
#3454 = B_SPLINE_CURVE_WITH_KNOTS('',1,(#3455,#3456),.UNSPECIFIED.,.F.,
  .F.,(2,2),(-92.325,30.775),.PIECEWISE_BEZIER_KNOTS.);
#3455 = CARTESIAN_POINT('',(123.1,-1.));
#3456 = CARTESIAN_POINT('',(0.,-1.));
#3457 = ( GEOMETRIC_REPRESENTATION_CONTEXT(2) 
PARAMETRIC_REPRESENTATION_CONTEXT() REPRESENTATION_CONTEXT('2D SPACE',''
  ) );
#3458 = ORIENTED_EDGE('',*,*,#3459,.T.);
#3459 = EDGE_CURVE('',#3439,#2977,#3460,.T.);
#3460 = SURFACE_CURVE('',#3461,(#3465,#3471),.PCURVE_S1.);
#3461 = LINE('',#3462,#3463);
#3462 = CARTESIAN_POINT('',(-61.55,41.275,4.45));
#3463 = VECTOR('',#3464,1.);
#3464 = DIRECTION('',(-0.,1.,0.));
#3465 = PCURVE('',#1185,#3466);
#3466 = DEFINITIONAL_REPRESENTATION('',(#3467),#3470);
#3467 = B_SPLINE_CURVE_WITH_KNOTS('',1,(#3468,#3469),.UNSPECIFIED.,.F.,
  .F.,(2,2),(-123.825,41.275),.PIECEWISE_BEZIER_KNOTS.);
#3468 = CARTESIAN_POINT('',(-61.55,-82.55));
#3469 = CARTESIAN_POINT('',(-61.55,82.55));
#3470 = ( GEOMETRIC_REPRESENTATION_CONTEXT(2) 
PARAMETRIC_REPRESENTATION_CONTEXT() REPRESENTATION_CONTEXT('2D SPACE',''
  ) );
#3471 = PCURVE('',#2996,#3472);
#3472 = DEFINITIONAL_REPRESENTATION('',(#3473),#3476);
#3473 = B_SPLINE_CURVE_WITH_KNOTS('',1,(#3474,#3475),.UNSPECIFIED.,.F.,
  .F.,(2,2),(-123.825,41.275),.PIECEWISE_BEZIER_KNOTS.);
#3474 = CARTESIAN_POINT('',(165.1,-1.));
#3475 = CARTESIAN_POINT('',(0.,-1.));
#3476 = ( GEOMETRIC_REPRESENTATION_CONTEXT(2) 
PARAMETRIC_REPRESENTATION_CONTEXT() REPRESENTATION_CONTEXT('2D SPACE',''
  ) );
#3477 = ORIENTED_EDGE('',*,*,#3008,.F.);
#3478 = ORIENTED_EDGE('',*,*,#3479,.T.);
#3479 = EDGE_CURVE('',#3009,#3480,#3482,.T.);
#3480 = VERTEX_POINT('',#3481);
#3481 = CARTESIAN_POINT('',(-62.5,80.,4.45));
#3482 = SURFACE_CURVE('',#3483,(#3487,#3493),.PCURVE_S1.);
#3483 = LINE('',#3484,#3485);
#3484 = CARTESIAN_POINT('',(-62.5,41.875,4.45));
#3485 = VECTOR('',#3486,1.);
#3486 = DIRECTION('',(0.,1.,0.));
#3487 = PCURVE('',#1185,#3488);
#3488 = DEFINITIONAL_REPRESENTATION('',(#3489),#3492);
#3489 = B_SPLINE_CURVE_WITH_KNOTS('',1,(#3490,#3491),.UNSPECIFIED.,.F.,
  .F.,(2,2),(-121.875,38.125),.PIECEWISE_BEZIER_KNOTS.);
#3490 = CARTESIAN_POINT('',(-62.5,-80.));
#3491 = CARTESIAN_POINT('',(-62.5,80.));
#3492 = ( GEOMETRIC_REPRESENTATION_CONTEXT(2) 
PARAMETRIC_REPRESENTATION_CONTEXT() REPRESENTATION_CONTEXT('2D SPACE',''
  ) );
#3493 = PCURVE('',#3044,#3494);
#3494 = DEFINITIONAL_REPRESENTATION('',(#3495),#3498);
#3495 = B_SPLINE_CURVE_WITH_KNOTS('',1,(#3496,#3497),.UNSPECIFIED.,.F.,
  .F.,(2,2),(-121.875,38.125),.PIECEWISE_BEZIER_KNOTS.);
#3496 = CARTESIAN_POINT('',(163.75,-0.353553390593));
#3497 = CARTESIAN_POINT('',(3.75,-0.353553390593));
#3498 = ( GEOMETRIC_REPRESENTATION_CONTEXT(2) 
PARAMETRIC_REPRESENTATION_CONTEXT() REPRESENTATION_CONTEXT('2D SPACE',''
  ) );
#3499 = ORIENTED_EDGE('',*,*,#3500,.F.);
#3500 = EDGE_CURVE('',#3501,#3480,#3503,.T.);
#3501 = VERTEX_POINT('',#3502);
#3502 = CARTESIAN_POINT('',(-61.55,82.397394418947,4.45));
#3503 = SURFACE_CURVE('',#3504,(#3509,#3516),.PCURVE_S1.);
#3504 = CIRCLE('',#3505,3.5);
#3505 = AXIS2_PLACEMENT_3D('',#3506,#3507,#3508);
#3506 = CARTESIAN_POINT('',(-59.,80.,4.45));
#3507 = DIRECTION('',(0.,0.,1.));
#3508 = DIRECTION('',(0.,-1.,0.));
#3509 = PCURVE('',#1185,#3510);
#3510 = DEFINITIONAL_REPRESENTATION('',(#3511),#3515);
#3511 = CIRCLE('',#3512,3.5);
#3512 = AXIS2_PLACEMENT_2D('',#3513,#3514);
#3513 = CARTESIAN_POINT('',(-59.,80.));
#3514 = DIRECTION('',(0.,-1.));
#3515 = ( GEOMETRIC_REPRESENTATION_CONTEXT(2) 
PARAMETRIC_REPRESENTATION_CONTEXT() REPRESENTATION_CONTEXT('2D SPACE',''
  ) );
#3516 = PCURVE('',#3517,#3522);
#3517 = CONICAL_SURFACE('',#3518,1.6,0.785398163397);
#3518 = AXIS2_PLACEMENT_3D('',#3519,#3520,#3521);
#3519 = CARTESIAN_POINT('',(-59.,80.,2.55));
#3520 = DIRECTION('',(0.,0.,1.));
#3521 = DIRECTION('',(0.,-1.,0.));
#3522 = DEFINITIONAL_REPRESENTATION('',(#3523),#3527);
#3523 = LINE('',#3524,#3525);
#3524 = CARTESIAN_POINT('',(0.,1.9));
#3525 = VECTOR('',#3526,1.);
#3526 = DIRECTION('',(1.,0.));
#3527 = ( GEOMETRIC_REPRESENTATION_CONTEXT(2) 
PARAMETRIC_REPRESENTATION_CONTEXT() REPRESENTATION_CONTEXT('2D SPACE',''
  ) );
#3528 = ORIENTED_EDGE('',*,*,#3529,.T.);
#3529 = EDGE_CURVE('',#3501,#3530,#3532,.T.);
#3530 = VERTEX_POINT('',#3531);
#3531 = CARTESIAN_POINT('',(-61.55,82.55,4.45));
#3532 = SURFACE_CURVE('',#3533,(#3537,#3543),.PCURVE_S1.);
#3533 = LINE('',#3534,#3535);
#3534 = CARTESIAN_POINT('',(-61.55,41.275,4.45));
#3535 = VECTOR('',#3536,1.);
#3536 = DIRECTION('',(-0.,1.,0.));
#3537 = PCURVE('',#1185,#3538);
#3538 = DEFINITIONAL_REPRESENTATION('',(#3539),#3542);
#3539 = B_SPLINE_CURVE_WITH_KNOTS('',1,(#3540,#3541),.UNSPECIFIED.,.F.,
  .F.,(2,2),(-123.825,41.275),.PIECEWISE_BEZIER_KNOTS.);
#3540 = CARTESIAN_POINT('',(-61.55,-82.55));
#3541 = CARTESIAN_POINT('',(-61.55,82.55));
#3542 = ( GEOMETRIC_REPRESENTATION_CONTEXT(2) 
PARAMETRIC_REPRESENTATION_CONTEXT() REPRESENTATION_CONTEXT('2D SPACE',''
  ) );
#3543 = PCURVE('',#3544,#3549);
#3544 = PLANE('',#3545);
#3545 = AXIS2_PLACEMENT_3D('',#3546,#3547,#3548);
#3546 = CARTESIAN_POINT('',(-61.55,82.55,3.45));
#3547 = DIRECTION('',(1.,0.,-0.));
#3548 = DIRECTION('',(0.,-1.,0.));
#3549 = DEFINITIONAL_REPRESENTATION('',(#3550),#3553);
#3550 = B_SPLINE_CURVE_WITH_KNOTS('',1,(#3551,#3552),.UNSPECIFIED.,.F.,
  .F.,(2,2),(-123.825,41.275),.PIECEWISE_BEZIER_KNOTS.);
#3551 = CARTESIAN_POINT('',(165.1,-1.));
#3552 = CARTESIAN_POINT('',(0.,-1.));
#3553 = ( GEOMETRIC_REPRESENTATION_CONTEXT(2) 
PARAMETRIC_REPRESENTATION_CONTEXT() REPRESENTATION_CONTEXT('2D SPACE',''
  ) );
#3554 = ORIENTED_EDGE('',*,*,#3555,.T.);
#3555 = EDGE_CURVE('',#3530,#3556,#3558,.T.);
#3556 = VERTEX_POINT('',#3557);
#3557 = CARTESIAN_POINT('',(-61.39739441894,82.55,4.45));
#3558 = SURFACE_CURVE('',#3559,(#3563,#3569),.PCURVE_S1.);
#3559 = LINE('',#3560,#3561);
#3560 = CARTESIAN_POINT('',(30.775,82.55,4.45));
#3561 = VECTOR('',#3562,1.);
#3562 = DIRECTION('',(1.,0.,-0.));
#3563 = PCURVE('',#1185,#3564);
#3564 = DEFINITIONAL_REPRESENTATION('',(#3565),#3568);
#3565 = B_SPLINE_CURVE_WITH_KNOTS('',1,(#3566,#3567),.UNSPECIFIED.,.F.,
  .F.,(2,2),(-92.325,30.775),.PIECEWISE_BEZIER_KNOTS.);
#3566 = CARTESIAN_POINT('',(-61.55,82.55));
#3567 = CARTESIAN_POINT('',(61.55,82.55));
#3568 = ( GEOMETRIC_REPRESENTATION_CONTEXT(2) 
PARAMETRIC_REPRESENTATION_CONTEXT() REPRESENTATION_CONTEXT('2D SPACE',''
  ) );
#3569 = PCURVE('',#3570,#3575);
#3570 = PLANE('',#3571);
#3571 = AXIS2_PLACEMENT_3D('',#3572,#3573,#3574);
#3572 = CARTESIAN_POINT('',(61.55,82.55,3.45));
#3573 = DIRECTION('',(0.,-1.,0.));
#3574 = DIRECTION('',(-1.,0.,0.));
#3575 = DEFINITIONAL_REPRESENTATION('',(#3576),#3579);
#3576 = B_SPLINE_CURVE_WITH_KNOTS('',1,(#3577,#3578),.UNSPECIFIED.,.F.,
  .F.,(2,2),(-92.325,30.775),.PIECEWISE_BEZIER_KNOTS.);
#3577 = CARTESIAN_POINT('',(123.1,-1.));
#3578 = CARTESIAN_POINT('',(0.,-1.));
#3579 = ( GEOMETRIC_REPRESENTATION_CONTEXT(2) 
PARAMETRIC_REPRESENTATION_CONTEXT() REPRESENTATION_CONTEXT('2D SPACE',''
  ) );
#3580 = ORIENTED_EDGE('',*,*,#3581,.F.);
#3581 = EDGE_CURVE('',#3582,#3556,#3584,.T.);
#3582 = VERTEX_POINT('',#3583);
#3583 = CARTESIAN_POINT('',(-59.,83.5,4.45));
#3584 = SURFACE_CURVE('',#3585,(#3590,#3597),.PCURVE_S1.);
#3585 = CIRCLE('',#3586,3.5);
#3586 = AXIS2_PLACEMENT_3D('',#3587,#3588,#3589);
#3587 = CARTESIAN_POINT('',(-59.,80.,4.45));
#3588 = DIRECTION('',(0.,0.,1.));
#3589 = DIRECTION('',(0.,-1.,0.));
#3590 = PCURVE('',#1185,#3591);
#3591 = DEFINITIONAL_REPRESENTATION('',(#3592),#3596);
#3592 = CIRCLE('',#3593,3.5);
#3593 = AXIS2_PLACEMENT_2D('',#3594,#3595);
#3594 = CARTESIAN_POINT('',(-59.,80.));
#3595 = DIRECTION('',(0.,-1.));
#3596 = ( GEOMETRIC_REPRESENTATION_CONTEXT(2) 
PARAMETRIC_REPRESENTATION_CONTEXT() REPRESENTATION_CONTEXT('2D SPACE',''
  ) );
#3597 = PCURVE('',#3517,#3598);
#3598 = DEFINITIONAL_REPRESENTATION('',(#3599),#3603);
#3599 = LINE('',#3600,#3601);
#3600 = CARTESIAN_POINT('',(0.,1.9));
#3601 = VECTOR('',#3602,1.);
#3602 = DIRECTION('',(1.,0.));
#3603 = ( GEOMETRIC_REPRESENTATION_CONTEXT(2) 
PARAMETRIC_REPRESENTATION_CONTEXT() REPRESENTATION_CONTEXT('2D SPACE',''
  ) );
#3604 = ORIENTED_EDGE('',*,*,#3605,.T.);
#3605 = EDGE_CURVE('',#3582,#3606,#3608,.T.);
#3606 = VERTEX_POINT('',#3607);
#3607 = CARTESIAN_POINT('',(59.,83.5,4.45));
#3608 = SURFACE_CURVE('',#3609,(#3613,#3619),.PCURVE_S1.);
#3609 = LINE('',#3610,#3611);
#3610 = CARTESIAN_POINT('',(31.375,83.5,4.45));
#3611 = VECTOR('',#3612,1.);
#3612 = DIRECTION('',(1.,-0.,0.));
#3613 = PCURVE('',#1185,#3614);
#3614 = DEFINITIONAL_REPRESENTATION('',(#3615),#3618);
#3615 = B_SPLINE_CURVE_WITH_KNOTS('',1,(#3616,#3617),.UNSPECIFIED.,.F.,
  .F.,(2,2),(-90.375,27.625),.PIECEWISE_BEZIER_KNOTS.);
#3616 = CARTESIAN_POINT('',(-59.,83.5));
#3617 = CARTESIAN_POINT('',(59.,83.5));
#3618 = ( GEOMETRIC_REPRESENTATION_CONTEXT(2) 
PARAMETRIC_REPRESENTATION_CONTEXT() REPRESENTATION_CONTEXT('2D SPACE',''
  ) );
#3619 = PCURVE('',#3620,#3625);
#3620 = PLANE('',#3621);
#3621 = AXIS2_PLACEMENT_3D('',#3622,#3623,#3624);
#3622 = CARTESIAN_POINT('',(62.75,83.75,4.7));
#3623 = DIRECTION('',(0.,0.707106781187,-0.707106781187));
#3624 = DIRECTION('',(-1.,0.,0.));
#3625 = DEFINITIONAL_REPRESENTATION('',(#3626),#3629);
#3626 = B_SPLINE_CURVE_WITH_KNOTS('',1,(#3627,#3628),.UNSPECIFIED.,.F.,
  .F.,(2,2),(-90.375,27.625),.PIECEWISE_BEZIER_KNOTS.);
#3627 = CARTESIAN_POINT('',(121.75,-0.353553390593));
#3628 = CARTESIAN_POINT('',(3.75,-0.353553390593));
#3629 = ( GEOMETRIC_REPRESENTATION_CONTEXT(2) 
PARAMETRIC_REPRESENTATION_CONTEXT() REPRESENTATION_CONTEXT('2D SPACE',''
  ) );
#3630 = ORIENTED_EDGE('',*,*,#3631,.F.);
#3631 = EDGE_CURVE('',#3293,#3606,#3632,.T.);
#3632 = SURFACE_CURVE('',#3633,(#3638,#3645),.PCURVE_S1.);
#3633 = CIRCLE('',#3634,3.5);
#3634 = AXIS2_PLACEMENT_3D('',#3635,#3636,#3637);
#3635 = CARTESIAN_POINT('',(59.,80.,4.45));
#3636 = DIRECTION('',(0.,0.,1.));
#3637 = DIRECTION('',(0.,-1.,0.));
#3638 = PCURVE('',#1185,#3639);
#3639 = DEFINITIONAL_REPRESENTATION('',(#3640),#3644);
#3640 = CIRCLE('',#3641,3.5);
#3641 = AXIS2_PLACEMENT_2D('',#3642,#3643);
#3642 = CARTESIAN_POINT('',(59.,80.));
#3643 = DIRECTION('',(0.,-1.));
#3644 = ( GEOMETRIC_REPRESENTATION_CONTEXT(2) 
PARAMETRIC_REPRESENTATION_CONTEXT() REPRESENTATION_CONTEXT('2D SPACE',''
  ) );
#3645 = PCURVE('',#3363,#3646);
#3646 = DEFINITIONAL_REPRESENTATION('',(#3647),#3651);
#3647 = LINE('',#3648,#3649);
#3648 = CARTESIAN_POINT('',(0.,1.9));
#3649 = VECTOR('',#3650,1.);
#3650 = DIRECTION('',(1.,0.));
#3651 = ( GEOMETRIC_REPRESENTATION_CONTEXT(2) 
PARAMETRIC_REPRESENTATION_CONTEXT() REPRESENTATION_CONTEXT('2D SPACE',''
  ) );
#3652 = ADVANCED_FACE('',(#3653),#1237,.T.);
#3653 = FACE_BOUND('',#3654,.T.);
#3654 = EDGE_LOOP('',(#3655,#3656,#3657,#3680));
#3655 = ORIENTED_EDGE('',*,*,#1604,.T.);
#3656 = ORIENTED_EDGE('',*,*,#1225,.T.);
#3657 = ORIENTED_EDGE('',*,*,#3658,.F.);
#3658 = EDGE_CURVE('',#3659,#1202,#3661,.T.);
#3659 = VERTEX_POINT('',#3660);
#3660 = CARTESIAN_POINT('',(-60.6,80.,2.55));
#3661 = SURFACE_CURVE('',#3662,(#3666,#3673),.PCURVE_S1.);
#3662 = LINE('',#3663,#3664);
#3663 = CARTESIAN_POINT('',(-60.6,81.6,2.55));
#3664 = VECTOR('',#3665,1.);
#3665 = DIRECTION('',(0.,-1.,0.));
#3666 = PCURVE('',#1237,#3667);
#3667 = DEFINITIONAL_REPRESENTATION('',(#3668),#3672);
#3668 = LINE('',#3669,#3670);
#3669 = CARTESIAN_POINT('',(0.,0.));
#3670 = VECTOR('',#3671,1.);
#3671 = DIRECTION('',(1.,0.));
#3672 = ( GEOMETRIC_REPRESENTATION_CONTEXT(2) 
PARAMETRIC_REPRESENTATION_CONTEXT() REPRESENTATION_CONTEXT('2D SPACE',''
  ) );
#3673 = PCURVE('',#3044,#3674);
#3674 = DEFINITIONAL_REPRESENTATION('',(#3675),#3679);
#3675 = LINE('',#3676,#3677);
#3676 = CARTESIAN_POINT('',(2.15,-3.040559159102));
#3677 = VECTOR('',#3678,1.);
#3678 = DIRECTION('',(1.,0.));
#3679 = ( GEOMETRIC_REPRESENTATION_CONTEXT(2) 
PARAMETRIC_REPRESENTATION_CONTEXT() REPRESENTATION_CONTEXT('2D SPACE',''
  ) );
#3680 = ORIENTED_EDGE('',*,*,#3681,.F.);
#3681 = EDGE_CURVE('',#1605,#3659,#3682,.T.);
#3682 = SURFACE_CURVE('',#3683,(#3686,#3692),.PCURVE_S1.);
#3683 = B_SPLINE_CURVE_WITH_KNOTS('',1,(#3684,#3685),.UNSPECIFIED.,.F.,
  .F.,(2,2),(0.,1.),.PIECEWISE_BEZIER_KNOTS.);
#3684 = CARTESIAN_POINT('',(-60.6,80.,0.75));
#3685 = CARTESIAN_POINT('',(-60.6,80.,2.55));
#3686 = PCURVE('',#1237,#3687);
#3687 = DEFINITIONAL_REPRESENTATION('',(#3688),#3691);
#3688 = B_SPLINE_CURVE_WITH_KNOTS('',1,(#3689,#3690),.UNSPECIFIED.,.F.,
  .F.,(2,2),(0.,1.),.PIECEWISE_BEZIER_KNOTS.);
#3689 = CARTESIAN_POINT('',(1.6,-1.8));
#3690 = CARTESIAN_POINT('',(1.6,0.));
#3691 = ( GEOMETRIC_REPRESENTATION_CONTEXT(2) 
PARAMETRIC_REPRESENTATION_CONTEXT() REPRESENTATION_CONTEXT('2D SPACE',''
  ) );
#3692 = PCURVE('',#3693,#3698);
#3693 = CYLINDRICAL_SURFACE('',#3694,1.6);
#3694 = AXIS2_PLACEMENT_3D('',#3695,#3696,#3697);
#3695 = CARTESIAN_POINT('',(-59.,80.,0.75));
#3696 = DIRECTION('',(0.,0.,1.));
#3697 = DIRECTION('',(0.,-1.,0.));
#3698 = DEFINITIONAL_REPRESENTATION('',(#3699),#3702);
#3699 = B_SPLINE_CURVE_WITH_KNOTS('',1,(#3700,#3701),.UNSPECIFIED.,.F.,
  .F.,(2,2),(0.,1.),.PIECEWISE_BEZIER_KNOTS.);
#3700 = CARTESIAN_POINT('',(4.712388980385,0.));
#3701 = CARTESIAN_POINT('',(4.712388980385,1.8));
#3702 = ( GEOMETRIC_REPRESENTATION_CONTEXT(2) 
PARAMETRIC_REPRESENTATION_CONTEXT() REPRESENTATION_CONTEXT('2D SPACE',''
  ) );
#3703 = ADVANCED_FACE('',(#3704),#1270,.T.);
#3704 = FACE_BOUND('',#3705,.T.);
#3705 = EDGE_LOOP('',(#3706,#3728,#3750,#3751,#3752,#3753,#3754));
#3706 = ORIENTED_EDGE('',*,*,#3707,.F.);
#3707 = EDGE_CURVE('',#3708,#3710,#3712,.T.);
#3708 = VERTEX_POINT('',#3709);
#3709 = CARTESIAN_POINT('',(-59.,80.8,-5.E-02));
#3710 = VERTEX_POINT('',#3711);
#3711 = CARTESIAN_POINT('',(-59.,81.6,0.75));
#3712 = SURFACE_CURVE('',#3713,(#3716,#3722),.PCURVE_S1.);
#3713 = B_SPLINE_CURVE_WITH_KNOTS('',1,(#3714,#3715),.UNSPECIFIED.,.F.,
  .F.,(2,2),(0.,1.),.PIECEWISE_BEZIER_KNOTS.);
#3714 = CARTESIAN_POINT('',(-59.,80.8,-5.E-02));
#3715 = CARTESIAN_POINT('',(-59.,81.6,0.75));
#3716 = PCURVE('',#1270,#3717);
#3717 = DEFINITIONAL_REPRESENTATION('',(#3718),#3721);
#3718 = B_SPLINE_CURVE_WITH_KNOTS('',1,(#3719,#3720),.UNSPECIFIED.,.F.,
  .F.,(2,2),(0.,1.),.PIECEWISE_BEZIER_KNOTS.);
#3719 = CARTESIAN_POINT('',(3.14159265359,0.));
#3720 = CARTESIAN_POINT('',(3.14159265359,0.8));
#3721 = ( GEOMETRIC_REPRESENTATION_CONTEXT(2) 
PARAMETRIC_REPRESENTATION_CONTEXT() REPRESENTATION_CONTEXT('2D SPACE',''
  ) );
#3722 = PCURVE('',#2314,#3723);
#3723 = DEFINITIONAL_REPRESENTATION('',(#3724),#3727);
#3724 = B_SPLINE_CURVE_WITH_KNOTS('',1,(#3725,#3726),.UNSPECIFIED.,.F.,
  .F.,(2,2),(0.,1.),.PIECEWISE_BEZIER_KNOTS.);
#3725 = CARTESIAN_POINT('',(119.6,-1.131370849898));
#3726 = CARTESIAN_POINT('',(119.6,0.));
#3727 = ( GEOMETRIC_REPRESENTATION_CONTEXT(2) 
PARAMETRIC_REPRESENTATION_CONTEXT() REPRESENTATION_CONTEXT('2D SPACE',''
  ) );
#3728 = ORIENTED_EDGE('',*,*,#3729,.T.);
#3729 = EDGE_CURVE('',#3708,#2355,#3730,.T.);
#3730 = SURFACE_CURVE('',#3731,(#3736,#3743),.PCURVE_S1.);
#3731 = CIRCLE('',#3732,0.8);
#3732 = AXIS2_PLACEMENT_3D('',#3733,#3734,#3735);
#3733 = CARTESIAN_POINT('',(-59.,80.,-5.E-02));
#3734 = DIRECTION('',(0.,0.,1.));
#3735 = DIRECTION('',(0.,-1.,0.));
#3736 = PCURVE('',#1270,#3737);
#3737 = DEFINITIONAL_REPRESENTATION('',(#3738),#3742);
#3738 = LINE('',#3739,#3740);
#3739 = CARTESIAN_POINT('',(0.,0.));
#3740 = VECTOR('',#3741,1.);
#3741 = DIRECTION('',(1.,0.));
#3742 = ( GEOMETRIC_REPRESENTATION_CONTEXT(2) 
PARAMETRIC_REPRESENTATION_CONTEXT() REPRESENTATION_CONTEXT('2D SPACE',''
  ) );
#3743 = PCURVE('',#2288,#3744);
#3744 = DEFINITIONAL_REPRESENTATION('',(#3745),#3749);
#3745 = CIRCLE('',#3746,0.8);
#3746 = AXIS2_PLACEMENT_2D('',#3747,#3748);
#3747 = CARTESIAN_POINT('',(129.61444589175,95.166881929446));
#3748 = DIRECTION('',(-0.806059986889,-0.591833842845));
#3749 = ( GEOMETRIC_REPRESENTATION_CONTEXT(2) 
PARAMETRIC_REPRESENTATION_CONTEXT() REPRESENTATION_CONTEXT('2D SPACE',''
  ) );
#3750 = ORIENTED_EDGE('',*,*,#2354,.T.);
#3751 = ORIENTED_EDGE('',*,*,#1251,.T.);
#3752 = ORIENTED_EDGE('',*,*,#1554,.T.);
#3753 = ORIENTED_EDGE('',*,*,#1627,.T.);
#3754 = ORIENTED_EDGE('',*,*,#3755,.F.);
#3755 = EDGE_CURVE('',#3710,#1605,#3756,.T.);
#3756 = SURFACE_CURVE('',#3757,(#3762,#3769),.PCURVE_S1.);
#3757 = CIRCLE('',#3758,1.6);
#3758 = AXIS2_PLACEMENT_3D('',#3759,#3760,#3761);
#3759 = CARTESIAN_POINT('',(-59.,80.,0.75));
#3760 = DIRECTION('',(0.,0.,1.));
#3761 = DIRECTION('',(0.,-1.,0.));
#3762 = PCURVE('',#1270,#3763);
#3763 = DEFINITIONAL_REPRESENTATION('',(#3764),#3768);
#3764 = LINE('',#3765,#3766);
#3765 = CARTESIAN_POINT('',(0.,0.8));
#3766 = VECTOR('',#3767,1.);
#3767 = DIRECTION('',(1.,0.));
#3768 = ( GEOMETRIC_REPRESENTATION_CONTEXT(2) 
PARAMETRIC_REPRESENTATION_CONTEXT() REPRESENTATION_CONTEXT('2D SPACE',''
  ) );
#3769 = PCURVE('',#3693,#3770);
#3770 = DEFINITIONAL_REPRESENTATION('',(#3771),#3775);
#3771 = LINE('',#3772,#3773);
#3772 = CARTESIAN_POINT('',(0.,0.));
#3773 = VECTOR('',#3774,1.);
#3774 = DIRECTION('',(1.,0.));
#3775 = ( GEOMETRIC_REPRESENTATION_CONTEXT(2) 
PARAMETRIC_REPRESENTATION_CONTEXT() REPRESENTATION_CONTEXT('2D SPACE',''
  ) );
#3776 = ADVANCED_FACE('',(#3777),#1498,.F.);
#3777 = FACE_BOUND('',#3778,.F.);
#3778 = EDGE_LOOP('',(#3779,#3802,#3803,#3804,#3827,#3855));
#3779 = ORIENTED_EDGE('',*,*,#3780,.F.);
#3780 = EDGE_CURVE('',#1458,#3781,#3783,.T.);
#3781 = VERTEX_POINT('',#3782);
#3782 = CARTESIAN_POINT('',(-43.75,-63.,4.45));
#3783 = SURFACE_CURVE('',#3784,(#3788,#3795),.PCURVE_S1.);
#3784 = LINE('',#3785,#3786);
#3785 = CARTESIAN_POINT('',(-60.75,-63.,4.45));
#3786 = VECTOR('',#3787,1.);
#3787 = DIRECTION('',(1.,0.,0.));
#3788 = PCURVE('',#1498,#3789);
#3789 = DEFINITIONAL_REPRESENTATION('',(#3790),#3794);
#3790 = LINE('',#3791,#3792);
#3791 = CARTESIAN_POINT('',(0.,0.));
#3792 = VECTOR('',#3793,1.);
#3793 = DIRECTION('',(1.,0.));
#3794 = ( GEOMETRIC_REPRESENTATION_CONTEXT(2) 
PARAMETRIC_REPRESENTATION_CONTEXT() REPRESENTATION_CONTEXT('2D SPACE',''
  ) );
#3795 = PCURVE('',#1472,#3796);
#3796 = DEFINITIONAL_REPRESENTATION('',(#3797),#3801);
#3797 = LINE('',#3798,#3799);
#3798 = CARTESIAN_POINT('',(-60.75,-4.));
#3799 = VECTOR('',#3800,1.);
#3800 = DIRECTION('',(1.,0.));
#3801 = ( GEOMETRIC_REPRESENTATION_CONTEXT(2) 
PARAMETRIC_REPRESENTATION_CONTEXT() REPRESENTATION_CONTEXT('2D SPACE',''
  ) );
#3802 = ORIENTED_EDGE('',*,*,#1483,.T.);
#3803 = ORIENTED_EDGE('',*,*,#1911,.T.);
#3804 = ORIENTED_EDGE('',*,*,#3805,.T.);
#3805 = EDGE_CURVE('',#1912,#3806,#3808,.T.);
#3806 = VERTEX_POINT('',#3807);
#3807 = CARTESIAN_POINT('',(-60.75,-63.,5.05));
#3808 = SURFACE_CURVE('',#3809,(#3813,#3820),.PCURVE_S1.);
#3809 = LINE('',#3810,#3811);
#3810 = CARTESIAN_POINT('',(-60.75,-63.,4.45));
#3811 = VECTOR('',#3812,1.);
#3812 = DIRECTION('',(0.,0.,1.));
#3813 = PCURVE('',#1498,#3814);
#3814 = DEFINITIONAL_REPRESENTATION('',(#3815),#3819);
#3815 = LINE('',#3816,#3817);
#3816 = CARTESIAN_POINT('',(0.,0.));
#3817 = VECTOR('',#3818,1.);
#3818 = DIRECTION('',(0.,-1.));
#3819 = ( GEOMETRIC_REPRESENTATION_CONTEXT(2) 
PARAMETRIC_REPRESENTATION_CONTEXT() REPRESENTATION_CONTEXT('2D SPACE',''
  ) );
#3820 = PCURVE('',#1947,#3821);
#3821 = DEFINITIONAL_REPRESENTATION('',(#3822),#3826);
#3822 = LINE('',#3823,#3824);
#3823 = CARTESIAN_POINT('',(8.,0.));
#3824 = VECTOR('',#3825,1.);
#3825 = DIRECTION('',(0.,-1.));
#3826 = ( GEOMETRIC_REPRESENTATION_CONTEXT(2) 
PARAMETRIC_REPRESENTATION_CONTEXT() REPRESENTATION_CONTEXT('2D SPACE',''
  ) );
#3827 = ORIENTED_EDGE('',*,*,#3828,.T.);
#3828 = EDGE_CURVE('',#3806,#3829,#3831,.T.);
#3829 = VERTEX_POINT('',#3830);
#3830 = CARTESIAN_POINT('',(-43.75,-63.,5.05));
#3831 = SURFACE_CURVE('',#3832,(#3836,#3843),.PCURVE_S1.);
#3832 = LINE('',#3833,#3834);
#3833 = CARTESIAN_POINT('',(-60.75,-63.,5.05));
#3834 = VECTOR('',#3835,1.);
#3835 = DIRECTION('',(1.,0.,0.));
#3836 = PCURVE('',#1498,#3837);
#3837 = DEFINITIONAL_REPRESENTATION('',(#3838),#3842);
#3838 = LINE('',#3839,#3840);
#3839 = CARTESIAN_POINT('',(0.,-0.6));
#3840 = VECTOR('',#3841,1.);
#3841 = DIRECTION('',(1.,0.));
#3842 = ( GEOMETRIC_REPRESENTATION_CONTEXT(2) 
PARAMETRIC_REPRESENTATION_CONTEXT() REPRESENTATION_CONTEXT('2D SPACE',''
  ) );
#3843 = PCURVE('',#3844,#3849);
#3844 = PLANE('',#3845);
#3845 = AXIS2_PLACEMENT_3D('',#3846,#3847,#3848);
#3846 = CARTESIAN_POINT('',(0.,-59.,5.05));
#3847 = DIRECTION('',(0.,0.,1.));
#3848 = DIRECTION('',(1.,0.,-0.));
#3849 = DEFINITIONAL_REPRESENTATION('',(#3850),#3854);
#3850 = LINE('',#3851,#3852);
#3851 = CARTESIAN_POINT('',(-60.75,-4.));
#3852 = VECTOR('',#3853,1.);
#3853 = DIRECTION('',(1.,0.));
#3854 = ( GEOMETRIC_REPRESENTATION_CONTEXT(2) 
PARAMETRIC_REPRESENTATION_CONTEXT() REPRESENTATION_CONTEXT('2D SPACE',''
  ) );
#3855 = ORIENTED_EDGE('',*,*,#3856,.T.);
#3856 = EDGE_CURVE('',#3829,#3781,#3857,.T.);
#3857 = SURFACE_CURVE('',#3858,(#3862,#3868),.PCURVE_S1.);
#3858 = LINE('',#3859,#3860);
#3859 = CARTESIAN_POINT('',(-43.75,-63.,4.45));
#3860 = VECTOR('',#3861,1.);
#3861 = DIRECTION('',(-0.,0.,-1.));
#3862 = PCURVE('',#1498,#3863);
#3863 = DEFINITIONAL_REPRESENTATION('',(#3864),#3867);
#3864 = B_SPLINE_CURVE_WITH_KNOTS('',1,(#3865,#3866),.UNSPECIFIED.,.F.,
  .F.,(2,2),(-0.6,0.),.PIECEWISE_BEZIER_KNOTS.);
#3865 = CARTESIAN_POINT('',(17.,-0.6));
#3866 = CARTESIAN_POINT('',(17.,0.));
#3867 = ( GEOMETRIC_REPRESENTATION_CONTEXT(2) 
PARAMETRIC_REPRESENTATION_CONTEXT() REPRESENTATION_CONTEXT('2D SPACE',''
  ) );
#3868 = PCURVE('',#3869,#3874);
#3869 = PLANE('',#3870);
#3870 = AXIS2_PLACEMENT_3D('',#3871,#3872,#3873);
#3871 = CARTESIAN_POINT('',(-43.75,35.9,4.45));
#3872 = DIRECTION('',(1.,0.,-0.));
#3873 = DIRECTION('',(0.,-1.,0.));
#3874 = DEFINITIONAL_REPRESENTATION('',(#3875),#3878);
#3875 = B_SPLINE_CURVE_WITH_KNOTS('',1,(#3876,#3877),.UNSPECIFIED.,.F.,
  .F.,(2,2),(-0.6,0.),.PIECEWISE_BEZIER_KNOTS.);
#3876 = CARTESIAN_POINT('',(98.9,-0.6));
#3877 = CARTESIAN_POINT('',(98.9,0.));
#3878 = ( GEOMETRIC_REPRESENTATION_CONTEXT(2) 
PARAMETRIC_REPRESENTATION_CONTEXT() REPRESENTATION_CONTEXT('2D SPACE',''
  ) );
#3879 = ADVANCED_FACE('',(#3880),#1472,.F.);
#3880 = FACE_BOUND('',#3881,.F.);
#3881 = EDGE_LOOP('',(#3882,#3910,#3931,#3932));
#3882 = ORIENTED_EDGE('',*,*,#3883,.F.);
#3883 = EDGE_CURVE('',#3884,#3781,#3886,.T.);
#3884 = VERTEX_POINT('',#3885);
#3885 = CARTESIAN_POINT('',(-43.75,-55.,4.45));
#3886 = SURFACE_CURVE('',#3887,(#3891,#3898),.PCURVE_S1.);
#3887 = LINE('',#3888,#3889);
#3888 = CARTESIAN_POINT('',(-43.75,35.9,4.45));
#3889 = VECTOR('',#3890,1.);
#3890 = DIRECTION('',(0.,-1.,0.));
#3891 = PCURVE('',#1472,#3892);
#3892 = DEFINITIONAL_REPRESENTATION('',(#3893),#3897);
#3893 = LINE('',#3894,#3895);
#3894 = CARTESIAN_POINT('',(-43.75,94.9));
#3895 = VECTOR('',#3896,1.);
#3896 = DIRECTION('',(0.,-1.));
#3897 = ( GEOMETRIC_REPRESENTATION_CONTEXT(2) 
PARAMETRIC_REPRESENTATION_CONTEXT() REPRESENTATION_CONTEXT('2D SPACE',''
  ) );
#3898 = PCURVE('',#3899,#3904);
#3899 = PLANE('',#3900);
#3900 = AXIS2_PLACEMENT_3D('',#3901,#3902,#3903);
#3901 = CARTESIAN_POINT('',(0.,-59.,4.45));
#3902 = DIRECTION('',(0.,0.,1.));
#3903 = DIRECTION('',(1.,0.,-0.));
#3904 = DEFINITIONAL_REPRESENTATION('',(#3905),#3909);
#3905 = LINE('',#3906,#3907);
#3906 = CARTESIAN_POINT('',(-43.75,94.9));
#3907 = VECTOR('',#3908,1.);
#3908 = DIRECTION('',(0.,-1.));
#3909 = ( GEOMETRIC_REPRESENTATION_CONTEXT(2) 
PARAMETRIC_REPRESENTATION_CONTEXT() REPRESENTATION_CONTEXT('2D SPACE',''
  ) );
#3910 = ORIENTED_EDGE('',*,*,#3911,.T.);
#3911 = EDGE_CURVE('',#3884,#1432,#3912,.T.);
#3912 = SURFACE_CURVE('',#3913,(#3917,#3924),.PCURVE_S1.);
#3913 = LINE('',#3914,#3915);
#3914 = CARTESIAN_POINT('',(60.75,-55.,4.45));
#3915 = VECTOR('',#3916,1.);
#3916 = DIRECTION('',(-1.,0.,0.));
#3917 = PCURVE('',#1472,#3918);
#3918 = DEFINITIONAL_REPRESENTATION('',(#3919),#3923);
#3919 = LINE('',#3920,#3921);
#3920 = CARTESIAN_POINT('',(60.75,4.));
#3921 = VECTOR('',#3922,1.);
#3922 = DIRECTION('',(-1.,0.));
#3923 = ( GEOMETRIC_REPRESENTATION_CONTEXT(2) 
PARAMETRIC_REPRESENTATION_CONTEXT() REPRESENTATION_CONTEXT('2D SPACE',''
  ) );
#3924 = PCURVE('',#1446,#3925);
#3925 = DEFINITIONAL_REPRESENTATION('',(#3926),#3930);
#3926 = LINE('',#3927,#3928);
#3927 = CARTESIAN_POINT('',(0.,-0.));
#3928 = VECTOR('',#3929,1.);
#3929 = DIRECTION('',(1.,0.));
#3930 = ( GEOMETRIC_REPRESENTATION_CONTEXT(2) 
PARAMETRIC_REPRESENTATION_CONTEXT() REPRESENTATION_CONTEXT('2D SPACE',''
  ) );
#3931 = ORIENTED_EDGE('',*,*,#1457,.T.);
#3932 = ORIENTED_EDGE('',*,*,#3780,.T.);
#3933 = ADVANCED_FACE('',(#3934),#1446,.F.);
#3934 = FACE_BOUND('',#3935,.F.);
#3935 = EDGE_LOOP('',(#3936,#3937,#3963,#3986,#4007,#4008));
#3936 = ORIENTED_EDGE('',*,*,#3911,.F.);
#3937 = ORIENTED_EDGE('',*,*,#3938,.T.);
#3938 = EDGE_CURVE('',#3884,#3939,#3941,.T.);
#3939 = VERTEX_POINT('',#3940);
#3940 = CARTESIAN_POINT('',(-43.75,-55.,5.05));
#3941 = SURFACE_CURVE('',#3942,(#3946,#3952),.PCURVE_S1.);
#3942 = LINE('',#3943,#3944);
#3943 = CARTESIAN_POINT('',(-43.75,-55.,4.45));
#3944 = VECTOR('',#3945,1.);
#3945 = DIRECTION('',(0.,0.,1.));
#3946 = PCURVE('',#1446,#3947);
#3947 = DEFINITIONAL_REPRESENTATION('',(#3948),#3951);
#3948 = B_SPLINE_CURVE_WITH_KNOTS('',1,(#3949,#3950),.UNSPECIFIED.,.F.,
  .F.,(2,2),(0.,0.6),.PIECEWISE_BEZIER_KNOTS.);
#3949 = CARTESIAN_POINT('',(104.5,0.));
#3950 = CARTESIAN_POINT('',(104.5,-0.6));
#3951 = ( GEOMETRIC_REPRESENTATION_CONTEXT(2) 
PARAMETRIC_REPRESENTATION_CONTEXT() REPRESENTATION_CONTEXT('2D SPACE',''
  ) );
#3952 = PCURVE('',#3953,#3958);
#3953 = PLANE('',#3954);
#3954 = AXIS2_PLACEMENT_3D('',#3955,#3956,#3957);
#3955 = CARTESIAN_POINT('',(-43.75,35.9,4.45));
#3956 = DIRECTION('',(1.,0.,-0.));
#3957 = DIRECTION('',(0.,-1.,0.));
#3958 = DEFINITIONAL_REPRESENTATION('',(#3959),#3962);
#3959 = B_SPLINE_CURVE_WITH_KNOTS('',1,(#3960,#3961),.UNSPECIFIED.,.F.,
  .F.,(2,2),(0.,0.6),.PIECEWISE_BEZIER_KNOTS.);
#3960 = CARTESIAN_POINT('',(90.9,0.));
#3961 = CARTESIAN_POINT('',(90.9,-0.6));
#3962 = ( GEOMETRIC_REPRESENTATION_CONTEXT(2) 
PARAMETRIC_REPRESENTATION_CONTEXT() REPRESENTATION_CONTEXT('2D SPACE',''
  ) );
#3963 = ORIENTED_EDGE('',*,*,#3964,.T.);
#3964 = EDGE_CURVE('',#3939,#3965,#3967,.T.);
#3965 = VERTEX_POINT('',#3966);
#3966 = CARTESIAN_POINT('',(-60.75,-55.,5.05));
#3967 = SURFACE_CURVE('',#3968,(#3972,#3979),.PCURVE_S1.);
#3968 = LINE('',#3969,#3970);
#3969 = CARTESIAN_POINT('',(60.75,-55.,5.05));
#3970 = VECTOR('',#3971,1.);
#3971 = DIRECTION('',(-1.,0.,0.));
#3972 = PCURVE('',#1446,#3973);
#3973 = DEFINITIONAL_REPRESENTATION('',(#3974),#3978);
#3974 = LINE('',#3975,#3976);
#3975 = CARTESIAN_POINT('',(0.,-0.6));
#3976 = VECTOR('',#3977,1.);
#3977 = DIRECTION('',(1.,0.));
#3978 = ( GEOMETRIC_REPRESENTATION_CONTEXT(2) 
PARAMETRIC_REPRESENTATION_CONTEXT() REPRESENTATION_CONTEXT('2D SPACE',''
  ) );
#3979 = PCURVE('',#3844,#3980);
#3980 = DEFINITIONAL_REPRESENTATION('',(#3981),#3985);
#3981 = LINE('',#3982,#3983);
#3982 = CARTESIAN_POINT('',(60.75,4.));
#3983 = VECTOR('',#3984,1.);
#3984 = DIRECTION('',(-1.,0.));
#3985 = ( GEOMETRIC_REPRESENTATION_CONTEXT(2) 
PARAMETRIC_REPRESENTATION_CONTEXT() REPRESENTATION_CONTEXT('2D SPACE',''
  ) );
#3986 = ORIENTED_EDGE('',*,*,#3987,.F.);
#3987 = EDGE_CURVE('',#1933,#3965,#3988,.T.);
#3988 = SURFACE_CURVE('',#3989,(#3993,#4000),.PCURVE_S1.);
#3989 = LINE('',#3990,#3991);
#3990 = CARTESIAN_POINT('',(-60.75,-55.,4.45));
#3991 = VECTOR('',#3992,1.);
#3992 = DIRECTION('',(0.,0.,1.));
#3993 = PCURVE('',#1446,#3994);
#3994 = DEFINITIONAL_REPRESENTATION('',(#3995),#3999);
#3995 = LINE('',#3996,#3997);
#3996 = CARTESIAN_POINT('',(121.5,0.));
#3997 = VECTOR('',#3998,1.);
#3998 = DIRECTION('',(0.,-1.));
#3999 = ( GEOMETRIC_REPRESENTATION_CONTEXT(2) 
PARAMETRIC_REPRESENTATION_CONTEXT() REPRESENTATION_CONTEXT('2D SPACE',''
  ) );
#4000 = PCURVE('',#1947,#4001);
#4001 = DEFINITIONAL_REPRESENTATION('',(#4002),#4006);
#4002 = LINE('',#4003,#4004);
#4003 = CARTESIAN_POINT('',(0.,0.));
#4004 = VECTOR('',#4005,1.);
#4005 = DIRECTION('',(0.,-1.));
#4006 = ( GEOMETRIC_REPRESENTATION_CONTEXT(2) 
PARAMETRIC_REPRESENTATION_CONTEXT() REPRESENTATION_CONTEXT('2D SPACE',''
  ) );
#4007 = ORIENTED_EDGE('',*,*,#1958,.T.);
#4008 = ORIENTED_EDGE('',*,*,#1431,.T.);
#4009 = ADVANCED_FACE('',(#4010),#1399,.F.);
#4010 = FACE_BOUND('',#4011,.F.);
#4011 = EDGE_LOOP('',(#4012,#4035,#4036,#4037,#4060,#4088));
#4012 = ORIENTED_EDGE('',*,*,#4013,.F.);
#4013 = EDGE_CURVE('',#1359,#4014,#4016,.T.);
#4014 = VERTEX_POINT('',#4015);
#4015 = CARTESIAN_POINT('',(-43.75,26.,4.45));
#4016 = SURFACE_CURVE('',#4017,(#4021,#4028),.PCURVE_S1.);
#4017 = LINE('',#4018,#4019);
#4018 = CARTESIAN_POINT('',(-60.75,26.,4.45));
#4019 = VECTOR('',#4020,1.);
#4020 = DIRECTION('',(1.,0.,0.));
#4021 = PCURVE('',#1399,#4022);
#4022 = DEFINITIONAL_REPRESENTATION('',(#4023),#4027);
#4023 = LINE('',#4024,#4025);
#4024 = CARTESIAN_POINT('',(0.,0.));
#4025 = VECTOR('',#4026,1.);
#4026 = DIRECTION('',(1.,0.));
#4027 = ( GEOMETRIC_REPRESENTATION_CONTEXT(2) 
PARAMETRIC_REPRESENTATION_CONTEXT() REPRESENTATION_CONTEXT('2D SPACE',''
  ) );
#4028 = PCURVE('',#1373,#4029);
#4029 = DEFINITIONAL_REPRESENTATION('',(#4030),#4034);
#4030 = LINE('',#4031,#4032);
#4031 = CARTESIAN_POINT('',(-60.75,-4.));
#4032 = VECTOR('',#4033,1.);
#4033 = DIRECTION('',(1.,0.));
#4034 = ( GEOMETRIC_REPRESENTATION_CONTEXT(2) 
PARAMETRIC_REPRESENTATION_CONTEXT() REPRESENTATION_CONTEXT('2D SPACE',''
  ) );
#4035 = ORIENTED_EDGE('',*,*,#1384,.T.);
#4036 = ORIENTED_EDGE('',*,*,#1978,.T.);
#4037 = ORIENTED_EDGE('',*,*,#4038,.T.);
#4038 = EDGE_CURVE('',#1979,#4039,#4041,.T.);
#4039 = VERTEX_POINT('',#4040);
#4040 = CARTESIAN_POINT('',(-60.75,26.,5.05));
#4041 = SURFACE_CURVE('',#4042,(#4046,#4053),.PCURVE_S1.);
#4042 = LINE('',#4043,#4044);
#4043 = CARTESIAN_POINT('',(-60.75,26.,4.45));
#4044 = VECTOR('',#4045,1.);
#4045 = DIRECTION('',(0.,0.,1.));
#4046 = PCURVE('',#1399,#4047);
#4047 = DEFINITIONAL_REPRESENTATION('',(#4048),#4052);
#4048 = LINE('',#4049,#4050);
#4049 = CARTESIAN_POINT('',(0.,0.));
#4050 = VECTOR('',#4051,1.);
#4051 = DIRECTION('',(0.,-1.));
#4052 = ( GEOMETRIC_REPRESENTATION_CONTEXT(2) 
PARAMETRIC_REPRESENTATION_CONTEXT() REPRESENTATION_CONTEXT('2D SPACE',''
  ) );
#4053 = PCURVE('',#2014,#4054);
#4054 = DEFINITIONAL_REPRESENTATION('',(#4055),#4059);
#4055 = LINE('',#4056,#4057);
#4056 = CARTESIAN_POINT('',(8.,0.));
#4057 = VECTOR('',#4058,1.);
#4058 = DIRECTION('',(0.,-1.));
#4059 = ( GEOMETRIC_REPRESENTATION_CONTEXT(2) 
PARAMETRIC_REPRESENTATION_CONTEXT() REPRESENTATION_CONTEXT('2D SPACE',''
  ) );
#4060 = ORIENTED_EDGE('',*,*,#4061,.T.);
#4061 = EDGE_CURVE('',#4039,#4062,#4064,.T.);
#4062 = VERTEX_POINT('',#4063);
#4063 = CARTESIAN_POINT('',(-43.75,26.,5.05));
#4064 = SURFACE_CURVE('',#4065,(#4069,#4076),.PCURVE_S1.);
#4065 = LINE('',#4066,#4067);
#4066 = CARTESIAN_POINT('',(-60.75,26.,5.05));
#4067 = VECTOR('',#4068,1.);
#4068 = DIRECTION('',(1.,0.,0.));
#4069 = PCURVE('',#1399,#4070);
#4070 = DEFINITIONAL_REPRESENTATION('',(#4071),#4075);
#4071 = LINE('',#4072,#4073);
#4072 = CARTESIAN_POINT('',(0.,-0.6));
#4073 = VECTOR('',#4074,1.);
#4074 = DIRECTION('',(1.,0.));
#4075 = ( GEOMETRIC_REPRESENTATION_CONTEXT(2) 
PARAMETRIC_REPRESENTATION_CONTEXT() REPRESENTATION_CONTEXT('2D SPACE',''
  ) );
#4076 = PCURVE('',#4077,#4082);
#4077 = PLANE('',#4078);
#4078 = AXIS2_PLACEMENT_3D('',#4079,#4080,#4081);
#4079 = CARTESIAN_POINT('',(0.,30.,5.05));
#4080 = DIRECTION('',(0.,0.,1.));
#4081 = DIRECTION('',(1.,0.,-0.));
#4082 = DEFINITIONAL_REPRESENTATION('',(#4083),#4087);
#4083 = LINE('',#4084,#4085);
#4084 = CARTESIAN_POINT('',(-60.75,-4.));
#4085 = VECTOR('',#4086,1.);
#4086 = DIRECTION('',(1.,0.));
#4087 = ( GEOMETRIC_REPRESENTATION_CONTEXT(2) 
PARAMETRIC_REPRESENTATION_CONTEXT() REPRESENTATION_CONTEXT('2D SPACE',''
  ) );
#4088 = ORIENTED_EDGE('',*,*,#4089,.T.);
#4089 = EDGE_CURVE('',#4062,#4014,#4090,.T.);
#4090 = SURFACE_CURVE('',#4091,(#4095,#4101),.PCURVE_S1.);
#4091 = LINE('',#4092,#4093);
#4092 = CARTESIAN_POINT('',(-43.75,26.,4.45));
#4093 = VECTOR('',#4094,1.);
#4094 = DIRECTION('',(-0.,0.,-1.));
#4095 = PCURVE('',#1399,#4096);
#4096 = DEFINITIONAL_REPRESENTATION('',(#4097),#4100);
#4097 = B_SPLINE_CURVE_WITH_KNOTS('',1,(#4098,#4099),.UNSPECIFIED.,.F.,
  .F.,(2,2),(-0.6,0.),.PIECEWISE_BEZIER_KNOTS.);
#4098 = CARTESIAN_POINT('',(17.,-0.6));
#4099 = CARTESIAN_POINT('',(17.,0.));
#4100 = ( GEOMETRIC_REPRESENTATION_CONTEXT(2) 
PARAMETRIC_REPRESENTATION_CONTEXT() REPRESENTATION_CONTEXT('2D SPACE',''
  ) );
#4101 = PCURVE('',#3953,#4102);
#4102 = DEFINITIONAL_REPRESENTATION('',(#4103),#4106);
#4103 = B_SPLINE_CURVE_WITH_KNOTS('',1,(#4104,#4105),.UNSPECIFIED.,.F.,
  .F.,(2,2),(-0.6,0.),.PIECEWISE_BEZIER_KNOTS.);
#4104 = CARTESIAN_POINT('',(9.9,-0.6));
#4105 = CARTESIAN_POINT('',(9.9,0.));
#4106 = ( GEOMETRIC_REPRESENTATION_CONTEXT(2) 
PARAMETRIC_REPRESENTATION_CONTEXT() REPRESENTATION_CONTEXT('2D SPACE',''
  ) );
#4107 = ADVANCED_FACE('',(#4108),#1373,.F.);
#4108 = FACE_BOUND('',#4109,.F.);
#4109 = EDGE_LOOP('',(#4110,#4138,#4159,#4160));
#4110 = ORIENTED_EDGE('',*,*,#4111,.F.);
#4111 = EDGE_CURVE('',#4112,#4014,#4114,.T.);
#4112 = VERTEX_POINT('',#4113);
#4113 = CARTESIAN_POINT('',(-43.75,34.,4.45));
#4114 = SURFACE_CURVE('',#4115,(#4119,#4126),.PCURVE_S1.);
#4115 = LINE('',#4116,#4117);
#4116 = CARTESIAN_POINT('',(-43.75,35.9,4.45));
#4117 = VECTOR('',#4118,1.);
#4118 = DIRECTION('',(0.,-1.,0.));
#4119 = PCURVE('',#1373,#4120);
#4120 = DEFINITIONAL_REPRESENTATION('',(#4121),#4125);
#4121 = LINE('',#4122,#4123);
#4122 = CARTESIAN_POINT('',(-43.75,5.9));
#4123 = VECTOR('',#4124,1.);
#4124 = DIRECTION('',(0.,-1.));
#4125 = ( GEOMETRIC_REPRESENTATION_CONTEXT(2) 
PARAMETRIC_REPRESENTATION_CONTEXT() REPRESENTATION_CONTEXT('2D SPACE',''
  ) );
#4126 = PCURVE('',#4127,#4132);
#4127 = PLANE('',#4128);
#4128 = AXIS2_PLACEMENT_3D('',#4129,#4130,#4131);
#4129 = CARTESIAN_POINT('',(0.,30.,4.45));
#4130 = DIRECTION('',(0.,0.,1.));
#4131 = DIRECTION('',(1.,0.,-0.));
#4132 = DEFINITIONAL_REPRESENTATION('',(#4133),#4137);
#4133 = LINE('',#4134,#4135);
#4134 = CARTESIAN_POINT('',(-43.75,5.9));
#4135 = VECTOR('',#4136,1.);
#4136 = DIRECTION('',(0.,-1.));
#4137 = ( GEOMETRIC_REPRESENTATION_CONTEXT(2) 
PARAMETRIC_REPRESENTATION_CONTEXT() REPRESENTATION_CONTEXT('2D SPACE',''
  ) );
#4138 = ORIENTED_EDGE('',*,*,#4139,.T.);
#4139 = EDGE_CURVE('',#4112,#1333,#4140,.T.);
#4140 = SURFACE_CURVE('',#4141,(#4145,#4152),.PCURVE_S1.);
#4141 = LINE('',#4142,#4143);
#4142 = CARTESIAN_POINT('',(60.75,34.,4.45));
#4143 = VECTOR('',#4144,1.);
#4144 = DIRECTION('',(-1.,0.,0.));
#4145 = PCURVE('',#1373,#4146);
#4146 = DEFINITIONAL_REPRESENTATION('',(#4147),#4151);
#4147 = LINE('',#4148,#4149);
#4148 = CARTESIAN_POINT('',(60.75,4.));
#4149 = VECTOR('',#4150,1.);
#4150 = DIRECTION('',(-1.,0.));
#4151 = ( GEOMETRIC_REPRESENTATION_CONTEXT(2) 
PARAMETRIC_REPRESENTATION_CONTEXT() REPRESENTATION_CONTEXT('2D SPACE',''
  ) );
#4152 = PCURVE('',#1347,#4153);
#4153 = DEFINITIONAL_REPRESENTATION('',(#4154),#4158);
#4154 = LINE('',#4155,#4156);
#4155 = CARTESIAN_POINT('',(0.,-0.));
#4156 = VECTOR('',#4157,1.);
#4157 = DIRECTION('',(1.,0.));
#4158 = ( GEOMETRIC_REPRESENTATION_CONTEXT(2) 
PARAMETRIC_REPRESENTATION_CONTEXT() REPRESENTATION_CONTEXT('2D SPACE',''
  ) );
#4159 = ORIENTED_EDGE('',*,*,#1358,.T.);
#4160 = ORIENTED_EDGE('',*,*,#4013,.T.);
#4161 = ADVANCED_FACE('',(#4162),#1347,.F.);
#4162 = FACE_BOUND('',#4163,.F.);
#4163 = EDGE_LOOP('',(#4164,#4165,#4191,#4214,#4235,#4236));
#4164 = ORIENTED_EDGE('',*,*,#4139,.F.);
#4165 = ORIENTED_EDGE('',*,*,#4166,.T.);
#4166 = EDGE_CURVE('',#4112,#4167,#4169,.T.);
#4167 = VERTEX_POINT('',#4168);
#4168 = CARTESIAN_POINT('',(-43.75,34.,5.05));
#4169 = SURFACE_CURVE('',#4170,(#4174,#4180),.PCURVE_S1.);
#4170 = LINE('',#4171,#4172);
#4171 = CARTESIAN_POINT('',(-43.75,34.,4.45));
#4172 = VECTOR('',#4173,1.);
#4173 = DIRECTION('',(0.,0.,1.));
#4174 = PCURVE('',#1347,#4175);
#4175 = DEFINITIONAL_REPRESENTATION('',(#4176),#4179);
#4176 = B_SPLINE_CURVE_WITH_KNOTS('',1,(#4177,#4178),.UNSPECIFIED.,.F.,
  .F.,(2,2),(0.,0.6),.PIECEWISE_BEZIER_KNOTS.);
#4177 = CARTESIAN_POINT('',(104.5,0.));
#4178 = CARTESIAN_POINT('',(104.5,-0.6));
#4179 = ( GEOMETRIC_REPRESENTATION_CONTEXT(2) 
PARAMETRIC_REPRESENTATION_CONTEXT() REPRESENTATION_CONTEXT('2D SPACE',''
  ) );
#4180 = PCURVE('',#4181,#4186);
#4181 = PLANE('',#4182);
#4182 = AXIS2_PLACEMENT_3D('',#4183,#4184,#4185);
#4183 = CARTESIAN_POINT('',(-43.75,35.9,4.45));
#4184 = DIRECTION('',(1.,0.,-0.));
#4185 = DIRECTION('',(0.,-1.,0.));
#4186 = DEFINITIONAL_REPRESENTATION('',(#4187),#4190);
#4187 = B_SPLINE_CURVE_WITH_KNOTS('',1,(#4188,#4189),.UNSPECIFIED.,.F.,
  .F.,(2,2),(0.,0.6),.PIECEWISE_BEZIER_KNOTS.);
#4188 = CARTESIAN_POINT('',(1.9,0.));
#4189 = CARTESIAN_POINT('',(1.9,-0.6));
#4190 = ( GEOMETRIC_REPRESENTATION_CONTEXT(2) 
PARAMETRIC_REPRESENTATION_CONTEXT() REPRESENTATION_CONTEXT('2D SPACE',''
  ) );
#4191 = ORIENTED_EDGE('',*,*,#4192,.T.);
#4192 = EDGE_CURVE('',#4167,#4193,#4195,.T.);
#4193 = VERTEX_POINT('',#4194);
#4194 = CARTESIAN_POINT('',(-60.75,34.,5.05));
#4195 = SURFACE_CURVE('',#4196,(#4200,#4207),.PCURVE_S1.);
#4196 = LINE('',#4197,#4198);
#4197 = CARTESIAN_POINT('',(60.75,34.,5.05));
#4198 = VECTOR('',#4199,1.);
#4199 = DIRECTION('',(-1.,0.,0.));
#4200 = PCURVE('',#1347,#4201);
#4201 = DEFINITIONAL_REPRESENTATION('',(#4202),#4206);
#4202 = LINE('',#4203,#4204);
#4203 = CARTESIAN_POINT('',(0.,-0.6));
#4204 = VECTOR('',#4205,1.);
#4205 = DIRECTION('',(1.,0.));
#4206 = ( GEOMETRIC_REPRESENTATION_CONTEXT(2) 
PARAMETRIC_REPRESENTATION_CONTEXT() REPRESENTATION_CONTEXT('2D SPACE',''
  ) );
#4207 = PCURVE('',#4077,#4208);
#4208 = DEFINITIONAL_REPRESENTATION('',(#4209),#4213);
#4209 = LINE('',#4210,#4211);
#4210 = CARTESIAN_POINT('',(60.75,4.));
#4211 = VECTOR('',#4212,1.);
#4212 = DIRECTION('',(-1.,0.));
#4213 = ( GEOMETRIC_REPRESENTATION_CONTEXT(2) 
PARAMETRIC_REPRESENTATION_CONTEXT() REPRESENTATION_CONTEXT('2D SPACE',''
  ) );
#4214 = ORIENTED_EDGE('',*,*,#4215,.F.);
#4215 = EDGE_CURVE('',#2000,#4193,#4216,.T.);
#4216 = SURFACE_CURVE('',#4217,(#4221,#4228),.PCURVE_S1.);
#4217 = LINE('',#4218,#4219);
#4218 = CARTESIAN_POINT('',(-60.75,34.,4.45));
#4219 = VECTOR('',#4220,1.);
#4220 = DIRECTION('',(0.,0.,1.));
#4221 = PCURVE('',#1347,#4222);
#4222 = DEFINITIONAL_REPRESENTATION('',(#4223),#4227);
#4223 = LINE('',#4224,#4225);
#4224 = CARTESIAN_POINT('',(121.5,0.));
#4225 = VECTOR('',#4226,1.);
#4226 = DIRECTION('',(0.,-1.));
#4227 = ( GEOMETRIC_REPRESENTATION_CONTEXT(2) 
PARAMETRIC_REPRESENTATION_CONTEXT() REPRESENTATION_CONTEXT('2D SPACE',''
  ) );
#4228 = PCURVE('',#2014,#4229);
#4229 = DEFINITIONAL_REPRESENTATION('',(#4230),#4234);
#4230 = LINE('',#4231,#4232);
#4231 = CARTESIAN_POINT('',(0.,0.));
#4232 = VECTOR('',#4233,1.);
#4233 = DIRECTION('',(0.,-1.));
#4234 = ( GEOMETRIC_REPRESENTATION_CONTEXT(2) 
PARAMETRIC_REPRESENTATION_CONTEXT() REPRESENTATION_CONTEXT('2D SPACE',''
  ) );
#4235 = ORIENTED_EDGE('',*,*,#2025,.T.);
#4236 = ORIENTED_EDGE('',*,*,#1332,.T.);
#4237 = ADVANCED_FACE('',(#4238),#1665,.T.);
#4238 = FACE_BOUND('',#4239,.T.);
#4239 = EDGE_LOOP('',(#4240,#4263,#4264,#4287));
#4240 = ORIENTED_EDGE('',*,*,#4241,.F.);
#4241 = EDGE_CURVE('',#1649,#4242,#4244,.T.);
#4242 = VERTEX_POINT('',#4243);
#4243 = CARTESIAN_POINT('',(61.55,82.55,7.));
#4244 = SURFACE_CURVE('',#4245,(#4249,#4256),.PCURVE_S1.);
#4245 = LINE('',#4246,#4247);
#4246 = CARTESIAN_POINT('',(61.55,82.55,3.45));
#4247 = VECTOR('',#4248,1.);
#4248 = DIRECTION('',(0.,0.,1.));
#4249 = PCURVE('',#1665,#4250);
#4250 = DEFINITIONAL_REPRESENTATION('',(#4251),#4255);
#4251 = LINE('',#4252,#4253);
#4252 = CARTESIAN_POINT('',(165.1,0.));
#4253 = VECTOR('',#4254,1.);
#4254 = DIRECTION('',(0.,-1.));
#4255 = ( GEOMETRIC_REPRESENTATION_CONTEXT(2) 
PARAMETRIC_REPRESENTATION_CONTEXT() REPRESENTATION_CONTEXT('2D SPACE',''
  ) );
#4256 = PCURVE('',#1691,#4257);
#4257 = DEFINITIONAL_REPRESENTATION('',(#4258),#4262);
#4258 = LINE('',#4259,#4260);
#4259 = CARTESIAN_POINT('',(0.,-0.));
#4260 = VECTOR('',#4261,1.);
#4261 = DIRECTION('',(0.,-1.));
#4262 = ( GEOMETRIC_REPRESENTATION_CONTEXT(2) 
PARAMETRIC_REPRESENTATION_CONTEXT() REPRESENTATION_CONTEXT('2D SPACE',''
  ) );
#4263 = ORIENTED_EDGE('',*,*,#1648,.T.);
#4264 = ORIENTED_EDGE('',*,*,#4265,.T.);
#4265 = EDGE_CURVE('',#1651,#4266,#4268,.T.);
#4266 = VERTEX_POINT('',#4267);
#4267 = CARTESIAN_POINT('',(61.55,-82.55,7.));
#4268 = SURFACE_CURVE('',#4269,(#4273,#4280),.PCURVE_S1.);
#4269 = LINE('',#4270,#4271);
#4270 = CARTESIAN_POINT('',(61.55,-82.55,3.45));
#4271 = VECTOR('',#4272,1.);
#4272 = DIRECTION('',(0.,0.,1.));
#4273 = PCURVE('',#1665,#4274);
#4274 = DEFINITIONAL_REPRESENTATION('',(#4275),#4279);
#4275 = LINE('',#4276,#4277);
#4276 = CARTESIAN_POINT('',(0.,0.));
#4277 = VECTOR('',#4278,1.);
#4278 = DIRECTION('',(0.,-1.));
#4279 = ( GEOMETRIC_REPRESENTATION_CONTEXT(2) 
PARAMETRIC_REPRESENTATION_CONTEXT() REPRESENTATION_CONTEXT('2D SPACE',''
  ) );
#4280 = PCURVE('',#1741,#4281);
#4281 = DEFINITIONAL_REPRESENTATION('',(#4282),#4286);
#4282 = LINE('',#4283,#4284);
#4283 = CARTESIAN_POINT('',(123.1,0.));
#4284 = VECTOR('',#4285,1.);
#4285 = DIRECTION('',(0.,-1.));
#4286 = ( GEOMETRIC_REPRESENTATION_CONTEXT(2) 
PARAMETRIC_REPRESENTATION_CONTEXT() REPRESENTATION_CONTEXT('2D SPACE',''
  ) );
#4287 = ORIENTED_EDGE('',*,*,#4288,.F.);
#4288 = EDGE_CURVE('',#4242,#4266,#4289,.T.);
#4289 = SURFACE_CURVE('',#4290,(#4294,#4300),.PCURVE_S1.);
#4290 = LINE('',#4291,#4292);
#4291 = CARTESIAN_POINT('',(61.55,-41.275,7.));
#4292 = VECTOR('',#4293,1.);
#4293 = DIRECTION('',(0.,-1.,0.));
#4294 = PCURVE('',#1665,#4295);
#4295 = DEFINITIONAL_REPRESENTATION('',(#4296),#4299);
#4296 = B_SPLINE_CURVE_WITH_KNOTS('',1,(#4297,#4298),.UNSPECIFIED.,.F.,
  .F.,(2,2),(-123.825,41.275),.PIECEWISE_BEZIER_KNOTS.);
#4297 = CARTESIAN_POINT('',(165.1,-3.55));
#4298 = CARTESIAN_POINT('',(0.,-3.55));
#4299 = ( GEOMETRIC_REPRESENTATION_CONTEXT(2) 
PARAMETRIC_REPRESENTATION_CONTEXT() REPRESENTATION_CONTEXT('2D SPACE',''
  ) );
#4300 = PCURVE('',#4301,#4306);
#4301 = PLANE('',#4302);
#4302 = AXIS2_PLACEMENT_3D('',#4303,#4304,#4305);
#4303 = CARTESIAN_POINT('',(0.,0.,7.));
#4304 = DIRECTION('',(0.,0.,1.));
#4305 = DIRECTION('',(1.,0.,-0.));
#4306 = DEFINITIONAL_REPRESENTATION('',(#4307),#4310);
#4307 = B_SPLINE_CURVE_WITH_KNOTS('',1,(#4308,#4309),.UNSPECIFIED.,.F.,
  .F.,(2,2),(-123.825,41.275),.PIECEWISE_BEZIER_KNOTS.);
#4308 = CARTESIAN_POINT('',(61.55,82.55));
#4309 = CARTESIAN_POINT('',(61.55,-82.55));
#4310 = ( GEOMETRIC_REPRESENTATION_CONTEXT(2) 
PARAMETRIC_REPRESENTATION_CONTEXT() REPRESENTATION_CONTEXT('2D SPACE',''
  ) );
#4311 = ADVANCED_FACE('',(#4312),#1691,.T.);
#4312 = FACE_BOUND('',#4313,.T.);
#4313 = EDGE_LOOP('',(#4314,#4337,#4338,#4339));
#4314 = ORIENTED_EDGE('',*,*,#4315,.F.);
#4315 = EDGE_CURVE('',#1677,#4316,#4318,.T.);
#4316 = VERTEX_POINT('',#4317);
#4317 = CARTESIAN_POINT('',(-61.55,82.55,7.));
#4318 = SURFACE_CURVE('',#4319,(#4323,#4330),.PCURVE_S1.);
#4319 = LINE('',#4320,#4321);
#4320 = CARTESIAN_POINT('',(-61.55,82.55,3.45));
#4321 = VECTOR('',#4322,1.);
#4322 = DIRECTION('',(0.,0.,1.));
#4323 = PCURVE('',#1691,#4324);
#4324 = DEFINITIONAL_REPRESENTATION('',(#4325),#4329);
#4325 = LINE('',#4326,#4327);
#4326 = CARTESIAN_POINT('',(123.1,0.));
#4327 = VECTOR('',#4328,1.);
#4328 = DIRECTION('',(0.,-1.));
#4329 = ( GEOMETRIC_REPRESENTATION_CONTEXT(2) 
PARAMETRIC_REPRESENTATION_CONTEXT() REPRESENTATION_CONTEXT('2D SPACE',''
  ) );
#4330 = PCURVE('',#1717,#4331);
#4331 = DEFINITIONAL_REPRESENTATION('',(#4332),#4336);
#4332 = LINE('',#4333,#4334);
#4333 = CARTESIAN_POINT('',(0.,0.));
#4334 = VECTOR('',#4335,1.);
#4335 = DIRECTION('',(0.,-1.));
#4336 = ( GEOMETRIC_REPRESENTATION_CONTEXT(2) 
PARAMETRIC_REPRESENTATION_CONTEXT() REPRESENTATION_CONTEXT('2D SPACE',''
  ) );
#4337 = ORIENTED_EDGE('',*,*,#1676,.T.);
#4338 = ORIENTED_EDGE('',*,*,#4241,.T.);
#4339 = ORIENTED_EDGE('',*,*,#4340,.F.);
#4340 = EDGE_CURVE('',#4316,#4242,#4341,.T.);
#4341 = SURFACE_CURVE('',#4342,(#4346,#4352),.PCURVE_S1.);
#4342 = LINE('',#4343,#4344);
#4343 = CARTESIAN_POINT('',(30.775,82.55,7.));
#4344 = VECTOR('',#4345,1.);
#4345 = DIRECTION('',(1.,0.,-0.));
#4346 = PCURVE('',#1691,#4347);
#4347 = DEFINITIONAL_REPRESENTATION('',(#4348),#4351);
#4348 = B_SPLINE_CURVE_WITH_KNOTS('',1,(#4349,#4350),.UNSPECIFIED.,.F.,
  .F.,(2,2),(-92.325,30.775),.PIECEWISE_BEZIER_KNOTS.);
#4349 = CARTESIAN_POINT('',(123.1,-3.55));
#4350 = CARTESIAN_POINT('',(0.,-3.55));
#4351 = ( GEOMETRIC_REPRESENTATION_CONTEXT(2) 
PARAMETRIC_REPRESENTATION_CONTEXT() REPRESENTATION_CONTEXT('2D SPACE',''
  ) );
#4352 = PCURVE('',#4301,#4353);
#4353 = DEFINITIONAL_REPRESENTATION('',(#4354),#4357);
#4354 = B_SPLINE_CURVE_WITH_KNOTS('',1,(#4355,#4356),.UNSPECIFIED.,.F.,
  .F.,(2,2),(-92.325,30.775),.PIECEWISE_BEZIER_KNOTS.);
#4355 = CARTESIAN_POINT('',(-61.55,82.55));
#4356 = CARTESIAN_POINT('',(61.55,82.55));
#4357 = ( GEOMETRIC_REPRESENTATION_CONTEXT(2) 
PARAMETRIC_REPRESENTATION_CONTEXT() REPRESENTATION_CONTEXT('2D SPACE',''
  ) );
#4358 = ADVANCED_FACE('',(#4359),#1741,.T.);
#4359 = FACE_BOUND('',#4360,.T.);
#4360 = EDGE_LOOP('',(#4361,#4362,#4363,#4386));
#4361 = ORIENTED_EDGE('',*,*,#4265,.F.);
#4362 = ORIENTED_EDGE('',*,*,#1728,.T.);
#4363 = ORIENTED_EDGE('',*,*,#4364,.T.);
#4364 = EDGE_CURVE('',#1703,#4365,#4367,.T.);
#4365 = VERTEX_POINT('',#4366);
#4366 = CARTESIAN_POINT('',(-61.55,-82.55,7.));
#4367 = SURFACE_CURVE('',#4368,(#4372,#4379),.PCURVE_S1.);
#4368 = LINE('',#4369,#4370);
#4369 = CARTESIAN_POINT('',(-61.55,-82.55,3.45));
#4370 = VECTOR('',#4371,1.);
#4371 = DIRECTION('',(0.,0.,1.));
#4372 = PCURVE('',#1741,#4373);
#4373 = DEFINITIONAL_REPRESENTATION('',(#4374),#4378);
#4374 = LINE('',#4375,#4376);
#4375 = CARTESIAN_POINT('',(0.,0.));
#4376 = VECTOR('',#4377,1.);
#4377 = DIRECTION('',(0.,-1.));
#4378 = ( GEOMETRIC_REPRESENTATION_CONTEXT(2) 
PARAMETRIC_REPRESENTATION_CONTEXT() REPRESENTATION_CONTEXT('2D SPACE',''
  ) );
#4379 = PCURVE('',#1717,#4380);
#4380 = DEFINITIONAL_REPRESENTATION('',(#4381),#4385);
#4381 = LINE('',#4382,#4383);
#4382 = CARTESIAN_POINT('',(165.1,0.));
#4383 = VECTOR('',#4384,1.);
#4384 = DIRECTION('',(0.,-1.));
#4385 = ( GEOMETRIC_REPRESENTATION_CONTEXT(2) 
PARAMETRIC_REPRESENTATION_CONTEXT() REPRESENTATION_CONTEXT('2D SPACE',''
  ) );
#4386 = ORIENTED_EDGE('',*,*,#4387,.F.);
#4387 = EDGE_CURVE('',#4266,#4365,#4388,.T.);
#4388 = SURFACE_CURVE('',#4389,(#4393,#4399),.PCURVE_S1.);
#4389 = LINE('',#4390,#4391);
#4390 = CARTESIAN_POINT('',(-30.775,-82.55,7.));
#4391 = VECTOR('',#4392,1.);
#4392 = DIRECTION('',(-1.,0.,0.));
#4393 = PCURVE('',#1741,#4394);
#4394 = DEFINITIONAL_REPRESENTATION('',(#4395),#4398);
#4395 = B_SPLINE_CURVE_WITH_KNOTS('',1,(#4396,#4397),.UNSPECIFIED.,.F.,
  .F.,(2,2),(-92.325,30.775),.PIECEWISE_BEZIER_KNOTS.);
#4396 = CARTESIAN_POINT('',(123.1,-3.55));
#4397 = CARTESIAN_POINT('',(0.,-3.55));
#4398 = ( GEOMETRIC_REPRESENTATION_CONTEXT(2) 
PARAMETRIC_REPRESENTATION_CONTEXT() REPRESENTATION_CONTEXT('2D SPACE',''
  ) );
#4399 = PCURVE('',#4301,#4400);
#4400 = DEFINITIONAL_REPRESENTATION('',(#4401),#4404);
#4401 = B_SPLINE_CURVE_WITH_KNOTS('',1,(#4402,#4403),.UNSPECIFIED.,.F.,
  .F.,(2,2),(-92.325,30.775),.PIECEWISE_BEZIER_KNOTS.);
#4402 = CARTESIAN_POINT('',(61.55,-82.55));
#4403 = CARTESIAN_POINT('',(-61.55,-82.55));
#4404 = ( GEOMETRIC_REPRESENTATION_CONTEXT(2) 
PARAMETRIC_REPRESENTATION_CONTEXT() REPRESENTATION_CONTEXT('2D SPACE',''
  ) );
#4405 = ADVANCED_FACE('',(#4406),#1717,.T.);
#4406 = FACE_BOUND('',#4407,.T.);
#4407 = EDGE_LOOP('',(#4408,#4409,#4410,#4411));
#4408 = ORIENTED_EDGE('',*,*,#4364,.F.);
#4409 = ORIENTED_EDGE('',*,*,#1702,.T.);
#4410 = ORIENTED_EDGE('',*,*,#4315,.T.);
#4411 = ORIENTED_EDGE('',*,*,#4412,.F.);
#4412 = EDGE_CURVE('',#4365,#4316,#4413,.T.);
#4413 = SURFACE_CURVE('',#4414,(#4418,#4424),.PCURVE_S1.);
#4414 = LINE('',#4415,#4416);
#4415 = CARTESIAN_POINT('',(-61.55,41.275,7.));
#4416 = VECTOR('',#4417,1.);
#4417 = DIRECTION('',(-0.,1.,0.));
#4418 = PCURVE('',#1717,#4419);
#4419 = DEFINITIONAL_REPRESENTATION('',(#4420),#4423);
#4420 = B_SPLINE_CURVE_WITH_KNOTS('',1,(#4421,#4422),.UNSPECIFIED.,.F.,
  .F.,(2,2),(-123.825,41.275),.PIECEWISE_BEZIER_KNOTS.);
#4421 = CARTESIAN_POINT('',(165.1,-3.55));
#4422 = CARTESIAN_POINT('',(0.,-3.55));
#4423 = ( GEOMETRIC_REPRESENTATION_CONTEXT(2) 
PARAMETRIC_REPRESENTATION_CONTEXT() REPRESENTATION_CONTEXT('2D SPACE',''
  ) );
#4424 = PCURVE('',#4301,#4425);
#4425 = DEFINITIONAL_REPRESENTATION('',(#4426),#4429);
#4426 = B_SPLINE_CURVE_WITH_KNOTS('',1,(#4427,#4428),.UNSPECIFIED.,.F.,
  .F.,(2,2),(-123.825,41.275),.PIECEWISE_BEZIER_KNOTS.);
#4427 = CARTESIAN_POINT('',(-61.55,-82.55));
#4428 = CARTESIAN_POINT('',(-61.55,82.55));
#4429 = ( GEOMETRIC_REPRESENTATION_CONTEXT(2) 
PARAMETRIC_REPRESENTATION_CONTEXT() REPRESENTATION_CONTEXT('2D SPACE',''
  ) );
#4430 = ADVANCED_FACE('',(#4431),#2014,.F.);
#4431 = FACE_BOUND('',#4432,.F.);
#4432 = EDGE_LOOP('',(#4433,#4434,#4435,#4456));
#4433 = ORIENTED_EDGE('',*,*,#1999,.T.);
#4434 = ORIENTED_EDGE('',*,*,#4215,.T.);
#4435 = ORIENTED_EDGE('',*,*,#4436,.T.);
#4436 = EDGE_CURVE('',#4193,#4039,#4437,.T.);
#4437 = SURFACE_CURVE('',#4438,(#4442,#4449),.PCURVE_S1.);
#4438 = LINE('',#4439,#4440);
#4439 = CARTESIAN_POINT('',(-60.75,34.,5.05));
#4440 = VECTOR('',#4441,1.);
#4441 = DIRECTION('',(0.,-1.,0.));
#4442 = PCURVE('',#2014,#4443);
#4443 = DEFINITIONAL_REPRESENTATION('',(#4444),#4448);
#4444 = LINE('',#4445,#4446);
#4445 = CARTESIAN_POINT('',(0.,-0.6));
#4446 = VECTOR('',#4447,1.);
#4447 = DIRECTION('',(1.,0.));
#4448 = ( GEOMETRIC_REPRESENTATION_CONTEXT(2) 
PARAMETRIC_REPRESENTATION_CONTEXT() REPRESENTATION_CONTEXT('2D SPACE',''
  ) );
#4449 = PCURVE('',#4077,#4450);
#4450 = DEFINITIONAL_REPRESENTATION('',(#4451),#4455);
#4451 = LINE('',#4452,#4453);
#4452 = CARTESIAN_POINT('',(-60.75,4.));
#4453 = VECTOR('',#4454,1.);
#4454 = DIRECTION('',(0.,-1.));
#4455 = ( GEOMETRIC_REPRESENTATION_CONTEXT(2) 
PARAMETRIC_REPRESENTATION_CONTEXT() REPRESENTATION_CONTEXT('2D SPACE',''
  ) );
#4456 = ORIENTED_EDGE('',*,*,#4038,.F.);
#4457 = ADVANCED_FACE('',(#4458),#1947,.F.);
#4458 = FACE_BOUND('',#4459,.F.);
#4459 = EDGE_LOOP('',(#4460,#4461,#4462,#4483));
#4460 = ORIENTED_EDGE('',*,*,#1932,.T.);
#4461 = ORIENTED_EDGE('',*,*,#3987,.T.);
#4462 = ORIENTED_EDGE('',*,*,#4463,.T.);
#4463 = EDGE_CURVE('',#3965,#3806,#4464,.T.);
#4464 = SURFACE_CURVE('',#4465,(#4469,#4476),.PCURVE_S1.);
#4465 = LINE('',#4466,#4467);
#4466 = CARTESIAN_POINT('',(-60.75,-55.,5.05));
#4467 = VECTOR('',#4468,1.);
#4468 = DIRECTION('',(0.,-1.,0.));
#4469 = PCURVE('',#1947,#4470);
#4470 = DEFINITIONAL_REPRESENTATION('',(#4471),#4475);
#4471 = LINE('',#4472,#4473);
#4472 = CARTESIAN_POINT('',(0.,-0.6));
#4473 = VECTOR('',#4474,1.);
#4474 = DIRECTION('',(1.,0.));
#4475 = ( GEOMETRIC_REPRESENTATION_CONTEXT(2) 
PARAMETRIC_REPRESENTATION_CONTEXT() REPRESENTATION_CONTEXT('2D SPACE',''
  ) );
#4476 = PCURVE('',#3844,#4477);
#4477 = DEFINITIONAL_REPRESENTATION('',(#4478),#4482);
#4478 = LINE('',#4479,#4480);
#4479 = CARTESIAN_POINT('',(-60.75,4.));
#4480 = VECTOR('',#4481,1.);
#4481 = DIRECTION('',(0.,-1.));
#4482 = ( GEOMETRIC_REPRESENTATION_CONTEXT(2) 
PARAMETRIC_REPRESENTATION_CONTEXT() REPRESENTATION_CONTEXT('2D SPACE',''
  ) );
#4483 = ORIENTED_EDGE('',*,*,#3805,.F.);
#4484 = ADVANCED_FACE('',(#4485),#1878,.F.);
#4485 = FACE_BOUND('',#4486,.F.);
#4486 = EDGE_LOOP('',(#4487,#4488,#4489,#4510));
#4487 = ORIENTED_EDGE('',*,*,#1863,.T.);
#4488 = ORIENTED_EDGE('',*,*,#2892,.T.);
#4489 = ORIENTED_EDGE('',*,*,#4490,.T.);
#4490 = EDGE_CURVE('',#2870,#2665,#4491,.T.);
#4491 = SURFACE_CURVE('',#4492,(#4496,#4503),.PCURVE_S1.);
#4492 = LINE('',#4493,#4494);
#4493 = CARTESIAN_POINT('',(60.75,-63.,5.05));
#4494 = VECTOR('',#4495,1.);
#4495 = DIRECTION('',(0.,1.,0.));
#4496 = PCURVE('',#1878,#4497);
#4497 = DEFINITIONAL_REPRESENTATION('',(#4498),#4502);
#4498 = LINE('',#4499,#4500);
#4499 = CARTESIAN_POINT('',(0.,-0.6));
#4500 = VECTOR('',#4501,1.);
#4501 = DIRECTION('',(1.,0.));
#4502 = ( GEOMETRIC_REPRESENTATION_CONTEXT(2) 
PARAMETRIC_REPRESENTATION_CONTEXT() REPRESENTATION_CONTEXT('2D SPACE',''
  ) );
#4503 = PCURVE('',#2703,#4504);
#4504 = DEFINITIONAL_REPRESENTATION('',(#4505),#4509);
#4505 = LINE('',#4506,#4507);
#4506 = CARTESIAN_POINT('',(60.75,-4.));
#4507 = VECTOR('',#4508,1.);
#4508 = DIRECTION('',(0.,1.));
#4509 = ( GEOMETRIC_REPRESENTATION_CONTEXT(2) 
PARAMETRIC_REPRESENTATION_CONTEXT() REPRESENTATION_CONTEXT('2D SPACE',''
  ) );
#4510 = ORIENTED_EDGE('',*,*,#2664,.F.);
#4511 = ADVANCED_FACE('',(#4512),#1811,.F.);
#4512 = FACE_BOUND('',#4513,.F.);
#4513 = EDGE_LOOP('',(#4514,#4515,#4516,#4537));
#4514 = ORIENTED_EDGE('',*,*,#1796,.T.);
#4515 = ORIENTED_EDGE('',*,*,#2613,.T.);
#4516 = ORIENTED_EDGE('',*,*,#4517,.T.);
#4517 = EDGE_CURVE('',#2591,#2432,#4518,.T.);
#4518 = SURFACE_CURVE('',#4519,(#4523,#4530),.PCURVE_S1.);
#4519 = LINE('',#4520,#4521);
#4520 = CARTESIAN_POINT('',(60.75,26.,5.05));
#4521 = VECTOR('',#4522,1.);
#4522 = DIRECTION('',(0.,1.,0.));
#4523 = PCURVE('',#1811,#4524);
#4524 = DEFINITIONAL_REPRESENTATION('',(#4525),#4529);
#4525 = LINE('',#4526,#4527);
#4526 = CARTESIAN_POINT('',(0.,-0.6));
#4527 = VECTOR('',#4528,1.);
#4528 = DIRECTION('',(1.,0.));
#4529 = ( GEOMETRIC_REPRESENTATION_CONTEXT(2) 
PARAMETRIC_REPRESENTATION_CONTEXT() REPRESENTATION_CONTEXT('2D SPACE',''
  ) );
#4530 = PCURVE('',#2470,#4531);
#4531 = DEFINITIONAL_REPRESENTATION('',(#4532),#4536);
#4532 = LINE('',#4533,#4534);
#4533 = CARTESIAN_POINT('',(60.75,-4.));
#4534 = VECTOR('',#4535,1.);
#4535 = DIRECTION('',(0.,1.));
#4536 = ( GEOMETRIC_REPRESENTATION_CONTEXT(2) 
PARAMETRIC_REPRESENTATION_CONTEXT() REPRESENTATION_CONTEXT('2D SPACE',''
  ) );
#4537 = ORIENTED_EDGE('',*,*,#2431,.F.);
#4538 = ADVANCED_FACE('',(#4539),#2062,.T.);
#4539 = FACE_BOUND('',#4540,.T.);
#4540 = EDGE_LOOP('',(#4541,#4542,#4567,#4589));
#4541 = ORIENTED_EDGE('',*,*,#2325,.T.);
#4542 = ORIENTED_EDGE('',*,*,#4543,.T.);
#4543 = EDGE_CURVE('',#2301,#4544,#4546,.T.);
#4544 = VERTEX_POINT('',#4545);
#4545 = CARTESIAN_POINT('',(59.,81.6,2.55));
#4546 = SURFACE_CURVE('',#4547,(#4550,#4556),.PCURVE_S1.);
#4547 = B_SPLINE_CURVE_WITH_KNOTS('',1,(#4548,#4549),.UNSPECIFIED.,.F.,
  .F.,(2,2),(0.,1.),.PIECEWISE_BEZIER_KNOTS.);
#4548 = CARTESIAN_POINT('',(59.,81.6,0.75));
#4549 = CARTESIAN_POINT('',(59.,81.6,2.55));
#4550 = PCURVE('',#2062,#4551);
#4551 = DEFINITIONAL_REPRESENTATION('',(#4552),#4555);
#4552 = B_SPLINE_CURVE_WITH_KNOTS('',1,(#4553,#4554),.UNSPECIFIED.,.F.,
  .F.,(2,2),(0.,1.),.PIECEWISE_BEZIER_KNOTS.);
#4553 = CARTESIAN_POINT('',(3.14159265359,0.));
#4554 = CARTESIAN_POINT('',(3.14159265359,1.8));
#4555 = ( GEOMETRIC_REPRESENTATION_CONTEXT(2) 
PARAMETRIC_REPRESENTATION_CONTEXT() REPRESENTATION_CONTEXT('2D SPACE',''
  ) );
#4556 = PCURVE('',#4557,#4562);
#4557 = PLANE('',#4558);
#4558 = AXIS2_PLACEMENT_3D('',#4559,#4560,#4561);
#4559 = CARTESIAN_POINT('',(60.6,81.6,2.55));
#4560 = DIRECTION('',(0.,1.,-0.));
#4561 = DIRECTION('',(-1.,0.,0.));
#4562 = DEFINITIONAL_REPRESENTATION('',(#4563),#4566);
#4563 = B_SPLINE_CURVE_WITH_KNOTS('',1,(#4564,#4565),.UNSPECIFIED.,.F.,
  .F.,(2,2),(0.,1.),.PIECEWISE_BEZIER_KNOTS.);
#4564 = CARTESIAN_POINT('',(1.6,-1.8));
#4565 = CARTESIAN_POINT('',(1.6,0.));
#4566 = ( GEOMETRIC_REPRESENTATION_CONTEXT(2) 
PARAMETRIC_REPRESENTATION_CONTEXT() REPRESENTATION_CONTEXT('2D SPACE',''
  ) );
#4567 = ORIENTED_EDGE('',*,*,#4568,.F.);
#4568 = EDGE_CURVE('',#2049,#4544,#4569,.T.);
#4569 = SURFACE_CURVE('',#4570,(#4575,#4582),.PCURVE_S1.);
#4570 = CIRCLE('',#4571,1.6);
#4571 = AXIS2_PLACEMENT_3D('',#4572,#4573,#4574);
#4572 = CARTESIAN_POINT('',(59.,80.,2.55));
#4573 = DIRECTION('',(0.,0.,1.));
#4574 = DIRECTION('',(0.,-1.,0.));
#4575 = PCURVE('',#2062,#4576);
#4576 = DEFINITIONAL_REPRESENTATION('',(#4577),#4581);
#4577 = LINE('',#4578,#4579);
#4578 = CARTESIAN_POINT('',(0.,1.8));
#4579 = VECTOR('',#4580,1.);
#4580 = DIRECTION('',(1.,0.));
#4581 = ( GEOMETRIC_REPRESENTATION_CONTEXT(2) 
PARAMETRIC_REPRESENTATION_CONTEXT() REPRESENTATION_CONTEXT('2D SPACE',''
  ) );
#4582 = PCURVE('',#3363,#4583);
#4583 = DEFINITIONAL_REPRESENTATION('',(#4584),#4588);
#4584 = LINE('',#4585,#4586);
#4585 = CARTESIAN_POINT('',(0.,0.));
#4586 = VECTOR('',#4587,1.);
#4587 = DIRECTION('',(1.,0.));
#4588 = ( GEOMETRIC_REPRESENTATION_CONTEXT(2) 
PARAMETRIC_REPRESENTATION_CONTEXT() REPRESENTATION_CONTEXT('2D SPACE',''
  ) );
#4589 = ORIENTED_EDGE('',*,*,#2048,.F.);
#4590 = ADVANCED_FACE('',(#4591),#2087,.T.);
#4591 = FACE_BOUND('',#4592,.T.);
#4592 = EDGE_LOOP('',(#4593,#4594,#4595,#4613));
#4593 = ORIENTED_EDGE('',*,*,#2105,.F.);
#4594 = ORIENTED_EDGE('',*,*,#2073,.T.);
#4595 = ORIENTED_EDGE('',*,*,#4596,.T.);
#4596 = EDGE_CURVE('',#2049,#3347,#4597,.T.);
#4597 = SURFACE_CURVE('',#4598,(#4601,#4607),.PCURVE_S1.);
#4598 = B_SPLINE_CURVE_WITH_KNOTS('',1,(#4599,#4600),.UNSPECIFIED.,.F.,
  .F.,(2,2),(0.,1.),.PIECEWISE_BEZIER_KNOTS.);
#4599 = CARTESIAN_POINT('',(60.6,80.,2.55));
#4600 = CARTESIAN_POINT('',(62.75,80.,4.7));
#4601 = PCURVE('',#2087,#4602);
#4602 = DEFINITIONAL_REPRESENTATION('',(#4603),#4606);
#4603 = B_SPLINE_CURVE_WITH_KNOTS('',1,(#4604,#4605),.UNSPECIFIED.,.F.,
  .F.,(2,2),(0.,1.),.PIECEWISE_BEZIER_KNOTS.);
#4604 = CARTESIAN_POINT('',(163.75,-3.040559159102));
#4605 = CARTESIAN_POINT('',(163.75,0.));
#4606 = ( GEOMETRIC_REPRESENTATION_CONTEXT(2) 
PARAMETRIC_REPRESENTATION_CONTEXT() REPRESENTATION_CONTEXT('2D SPACE',''
  ) );
#4607 = PCURVE('',#3363,#4608);
#4608 = DEFINITIONAL_REPRESENTATION('',(#4609),#4612);
#4609 = B_SPLINE_CURVE_WITH_KNOTS('',1,(#4610,#4611),.UNSPECIFIED.,.F.,
  .F.,(2,2),(0.,1.),.PIECEWISE_BEZIER_KNOTS.);
#4610 = CARTESIAN_POINT('',(1.570796326795,0.));
#4611 = CARTESIAN_POINT('',(1.570796326795,2.15));
#4612 = ( GEOMETRIC_REPRESENTATION_CONTEXT(2) 
PARAMETRIC_REPRESENTATION_CONTEXT() REPRESENTATION_CONTEXT('2D SPACE',''
  ) );
#4613 = ORIENTED_EDGE('',*,*,#3375,.T.);
#4614 = ADVANCED_FACE('',(#4615),#2201,.T.);
#4615 = FACE_BOUND('',#4616,.T.);
#4616 = EDGE_LOOP('',(#4617,#4638,#4639));
#4617 = ORIENTED_EDGE('',*,*,#4618,.F.);
#4618 = EDGE_CURVE('',#3396,#2150,#4619,.T.);
#4619 = SURFACE_CURVE('',#4620,(#4624,#4631),.PCURVE_S1.);
#4620 = LINE('',#4621,#4622);
#4621 = CARTESIAN_POINT('',(61.55,-82.55,3.45));
#4622 = VECTOR('',#4623,1.);
#4623 = DIRECTION('',(0.,0.,1.));
#4624 = PCURVE('',#2201,#4625);
#4625 = DEFINITIONAL_REPRESENTATION('',(#4626),#4630);
#4626 = LINE('',#4627,#4628);
#4627 = CARTESIAN_POINT('',(123.1,0.));
#4628 = VECTOR('',#4629,1.);
#4629 = DIRECTION('',(0.,-1.));
#4630 = ( GEOMETRIC_REPRESENTATION_CONTEXT(2) 
PARAMETRIC_REPRESENTATION_CONTEXT() REPRESENTATION_CONTEXT('2D SPACE',''
  ) );
#4631 = PCURVE('',#2169,#4632);
#4632 = DEFINITIONAL_REPRESENTATION('',(#4633),#4637);
#4633 = LINE('',#4634,#4635);
#4634 = CARTESIAN_POINT('',(0.,0.));
#4635 = VECTOR('',#4636,1.);
#4636 = DIRECTION('',(0.,-1.));
#4637 = ( GEOMETRIC_REPRESENTATION_CONTEXT(2) 
PARAMETRIC_REPRESENTATION_CONTEXT() REPRESENTATION_CONTEXT('2D SPACE',''
  ) );
#4638 = ORIENTED_EDGE('',*,*,#3416,.T.);
#4639 = ORIENTED_EDGE('',*,*,#2181,.T.);
#4640 = ADVANCED_FACE('',(#4641),#2169,.T.);
#4641 = FACE_BOUND('',#4642,.T.);
#4642 = EDGE_LOOP('',(#4643,#4644,#4645));
#4643 = ORIENTED_EDGE('',*,*,#2149,.T.);
#4644 = ORIENTED_EDGE('',*,*,#3395,.T.);
#4645 = ORIENTED_EDGE('',*,*,#4618,.T.);
#4646 = ADVANCED_FACE('',(#4647),#2314,.T.);
#4647 = FACE_BOUND('',#4648,.T.);
#4648 = EDGE_LOOP('',(#4649,#4670,#4671,#4692));
#4649 = ORIENTED_EDGE('',*,*,#4650,.T.);
#4650 = EDGE_CURVE('',#2272,#3708,#4651,.T.);
#4651 = SURFACE_CURVE('',#4652,(#4656,#4663),.PCURVE_S1.);
#4652 = LINE('',#4653,#4654);
#4653 = CARTESIAN_POINT('',(59.8,80.8,-5.E-02));
#4654 = VECTOR('',#4655,1.);
#4655 = DIRECTION('',(-1.,0.,0.));
#4656 = PCURVE('',#2314,#4657);
#4657 = DEFINITIONAL_REPRESENTATION('',(#4658),#4662);
#4658 = LINE('',#4659,#4660);
#4659 = CARTESIAN_POINT('',(0.8,-1.131370849898));
#4660 = VECTOR('',#4661,1.);
#4661 = DIRECTION('',(1.,0.));
#4662 = ( GEOMETRIC_REPRESENTATION_CONTEXT(2) 
PARAMETRIC_REPRESENTATION_CONTEXT() REPRESENTATION_CONTEXT('2D SPACE',''
  ) );
#4663 = PCURVE('',#2288,#4664);
#4664 = DEFINITIONAL_REPRESENTATION('',(#4665),#4669);
#4665 = LINE('',#4666,#4667);
#4666 = CARTESIAN_POINT('',(200.56915441123,-0.119577438695));
#4667 = VECTOR('',#4668,1.);
#4668 = DIRECTION('',(-0.591833842845,0.806059986889));
#4669 = ( GEOMETRIC_REPRESENTATION_CONTEXT(2) 
PARAMETRIC_REPRESENTATION_CONTEXT() REPRESENTATION_CONTEXT('2D SPACE',''
  ) );
#4670 = ORIENTED_EDGE('',*,*,#3707,.T.);
#4671 = ORIENTED_EDGE('',*,*,#4672,.F.);
#4672 = EDGE_CURVE('',#2301,#3710,#4673,.T.);
#4673 = SURFACE_CURVE('',#4674,(#4678,#4685),.PCURVE_S1.);
#4674 = LINE('',#4675,#4676);
#4675 = CARTESIAN_POINT('',(60.6,81.6,0.75));
#4676 = VECTOR('',#4677,1.);
#4677 = DIRECTION('',(-1.,0.,0.));
#4678 = PCURVE('',#2314,#4679);
#4679 = DEFINITIONAL_REPRESENTATION('',(#4680),#4684);
#4680 = LINE('',#4681,#4682);
#4681 = CARTESIAN_POINT('',(0.,0.));
#4682 = VECTOR('',#4683,1.);
#4683 = DIRECTION('',(1.,0.));
#4684 = ( GEOMETRIC_REPRESENTATION_CONTEXT(2) 
PARAMETRIC_REPRESENTATION_CONTEXT() REPRESENTATION_CONTEXT('2D SPACE',''
  ) );
#4685 = PCURVE('',#4557,#4686);
#4686 = DEFINITIONAL_REPRESENTATION('',(#4687),#4691);
#4687 = LINE('',#4688,#4689);
#4688 = CARTESIAN_POINT('',(0.,-1.8));
#4689 = VECTOR('',#4690,1.);
#4690 = DIRECTION('',(1.,0.));
#4691 = ( GEOMETRIC_REPRESENTATION_CONTEXT(2) 
PARAMETRIC_REPRESENTATION_CONTEXT() REPRESENTATION_CONTEXT('2D SPACE',''
  ) );
#4692 = ORIENTED_EDGE('',*,*,#2300,.F.);
#4693 = ADVANCED_FACE('',(#4694),#2288,.F.);
#4694 = FACE_BOUND('',#4695,.F.);
#4695 = EDGE_LOOP('',(#4696,#4697,#4698,#4699));
#4696 = ORIENTED_EDGE('',*,*,#3729,.T.);
#4697 = ORIENTED_EDGE('',*,*,#2384,.T.);
#4698 = ORIENTED_EDGE('',*,*,#2271,.T.);
#4699 = ORIENTED_EDGE('',*,*,#4650,.T.);
#4700 = ADVANCED_FACE('',(#4701),#2495,.F.);
#4701 = FACE_BOUND('',#4702,.F.);
#4702 = EDGE_LOOP('',(#4703,#4731,#4732,#4760));
#4703 = ORIENTED_EDGE('',*,*,#4704,.F.);
#4704 = EDGE_CURVE('',#2407,#4705,#4707,.T.);
#4705 = VERTEX_POINT('',#4706);
#4706 = CARTESIAN_POINT('',(40.5355,34.2345,4.45));
#4707 = SURFACE_CURVE('',#4708,(#4712,#4719),.PCURVE_S1.);
#4708 = LINE('',#4709,#4710);
#4709 = CARTESIAN_POINT('',(40.5355,-78.75,4.45));
#4710 = VECTOR('',#4711,1.);
#4711 = DIRECTION('',(0.,1.,0.));
#4712 = PCURVE('',#2495,#4713);
#4713 = DEFINITIONAL_REPRESENTATION('',(#4714),#4718);
#4714 = LINE('',#4715,#4716);
#4715 = CARTESIAN_POINT('',(0.,0.));
#4716 = VECTOR('',#4717,1.);
#4717 = DIRECTION('',(1.,0.));
#4718 = ( GEOMETRIC_REPRESENTATION_CONTEXT(2) 
PARAMETRIC_REPRESENTATION_CONTEXT() REPRESENTATION_CONTEXT('2D SPACE',''
  ) );
#4719 = PCURVE('',#4720,#4725);
#4720 = PLANE('',#4721);
#4721 = AXIS2_PLACEMENT_3D('',#4722,#4723,#4724);
#4722 = CARTESIAN_POINT('',(26.5355,-19.73975,4.45));
#4723 = DIRECTION('',(0.,0.,1.));
#4724 = DIRECTION('',(1.,0.,-0.));
#4725 = DEFINITIONAL_REPRESENTATION('',(#4726),#4730);
#4726 = LINE('',#4727,#4728);
#4727 = CARTESIAN_POINT('',(14.,-59.01025));
#4728 = VECTOR('',#4729,1.);
#4729 = DIRECTION('',(0.,1.));
#4730 = ( GEOMETRIC_REPRESENTATION_CONTEXT(2) 
PARAMETRIC_REPRESENTATION_CONTEXT() REPRESENTATION_CONTEXT('2D SPACE',''
  ) );
#4731 = ORIENTED_EDGE('',*,*,#2482,.F.);
#4732 = ORIENTED_EDGE('',*,*,#4733,.T.);
#4733 = EDGE_CURVE('',#2455,#4734,#4736,.T.);
#4734 = VERTEX_POINT('',#4735);
#4735 = CARTESIAN_POINT('',(40.5355,34.2345,5.05));
#4736 = SURFACE_CURVE('',#4737,(#4741,#4748),.PCURVE_S1.);
#4737 = LINE('',#4738,#4739);
#4738 = CARTESIAN_POINT('',(40.5355,-78.75,5.05));
#4739 = VECTOR('',#4740,1.);
#4740 = DIRECTION('',(0.,1.,0.));
#4741 = PCURVE('',#2495,#4742);
#4742 = DEFINITIONAL_REPRESENTATION('',(#4743),#4747);
#4743 = LINE('',#4744,#4745);
#4744 = CARTESIAN_POINT('',(0.,-0.6));
#4745 = VECTOR('',#4746,1.);
#4746 = DIRECTION('',(1.,0.));
#4747 = ( GEOMETRIC_REPRESENTATION_CONTEXT(2) 
PARAMETRIC_REPRESENTATION_CONTEXT() REPRESENTATION_CONTEXT('2D SPACE',''
  ) );
#4748 = PCURVE('',#4749,#4754);
#4749 = PLANE('',#4750);
#4750 = AXIS2_PLACEMENT_3D('',#4751,#4752,#4753);
#4751 = CARTESIAN_POINT('',(26.5355,-19.73975,5.05));
#4752 = DIRECTION('',(0.,0.,1.));
#4753 = DIRECTION('',(1.,0.,-0.));
#4754 = DEFINITIONAL_REPRESENTATION('',(#4755),#4759);
#4755 = LINE('',#4756,#4757);
#4756 = CARTESIAN_POINT('',(14.,-59.01025));
#4757 = VECTOR('',#4758,1.);
#4758 = DIRECTION('',(0.,1.));
#4759 = ( GEOMETRIC_REPRESENTATION_CONTEXT(2) 
PARAMETRIC_REPRESENTATION_CONTEXT() REPRESENTATION_CONTEXT('2D SPACE',''
  ) );
#4760 = ORIENTED_EDGE('',*,*,#4761,.F.);
#4761 = EDGE_CURVE('',#4705,#4734,#4762,.T.);
#4762 = SURFACE_CURVE('',#4763,(#4767,#4773),.PCURVE_S1.);
#4763 = LINE('',#4764,#4765);
#4764 = CARTESIAN_POINT('',(40.5355,34.2345,4.45));
#4765 = VECTOR('',#4766,1.);
#4766 = DIRECTION('',(0.,-0.,1.));
#4767 = PCURVE('',#2495,#4768);
#4768 = DEFINITIONAL_REPRESENTATION('',(#4769),#4772);
#4769 = B_SPLINE_CURVE_WITH_KNOTS('',1,(#4770,#4771),.UNSPECIFIED.,.F.,
  .F.,(2,2),(0.,0.6),.PIECEWISE_BEZIER_KNOTS.);
#4770 = CARTESIAN_POINT('',(112.9845,0.));
#4771 = CARTESIAN_POINT('',(112.9845,-0.6));
#4772 = ( GEOMETRIC_REPRESENTATION_CONTEXT(2) 
PARAMETRIC_REPRESENTATION_CONTEXT() REPRESENTATION_CONTEXT('2D SPACE',''
  ) );
#4773 = PCURVE('',#4774,#4779);
#4774 = PLANE('',#4775);
#4775 = AXIS2_PLACEMENT_3D('',#4776,#4777,#4778);
#4776 = CARTESIAN_POINT('',(35.175,34.2345,4.45));
#4777 = DIRECTION('',(0.,1.,0.));
#4778 = DIRECTION('',(1.,0.,0.));
#4779 = DEFINITIONAL_REPRESENTATION('',(#4780),#4783);
#4780 = B_SPLINE_CURVE_WITH_KNOTS('',1,(#4781,#4782),.UNSPECIFIED.,.F.,
  .F.,(2,2),(0.,0.6),.PIECEWISE_BEZIER_KNOTS.);
#4781 = CARTESIAN_POINT('',(5.3605,0.));
#4782 = CARTESIAN_POINT('',(5.3605,-0.6));
#4783 = ( GEOMETRIC_REPRESENTATION_CONTEXT(2) 
PARAMETRIC_REPRESENTATION_CONTEXT() REPRESENTATION_CONTEXT('2D SPACE',''
  ) );
#4784 = ADVANCED_FACE('',(#4785),#2470,.T.);
#4785 = FACE_BOUND('',#4786,.T.);
#4786 = EDGE_LOOP('',(#4787,#4813,#4814,#4815));
#4787 = ORIENTED_EDGE('',*,*,#4788,.F.);
#4788 = EDGE_CURVE('',#2565,#2455,#4789,.T.);
#4789 = SURFACE_CURVE('',#4790,(#4794,#4801),.PCURVE_S1.);
#4790 = LINE('',#4791,#4792);
#4791 = CARTESIAN_POINT('',(40.5355,-78.75,5.05));
#4792 = VECTOR('',#4793,1.);
#4793 = DIRECTION('',(0.,1.,0.));
#4794 = PCURVE('',#2470,#4795);
#4795 = DEFINITIONAL_REPRESENTATION('',(#4796),#4800);
#4796 = LINE('',#4797,#4798);
#4797 = CARTESIAN_POINT('',(40.5355,-108.75));
#4798 = VECTOR('',#4799,1.);
#4799 = DIRECTION('',(0.,1.));
#4800 = ( GEOMETRIC_REPRESENTATION_CONTEXT(2) 
PARAMETRIC_REPRESENTATION_CONTEXT() REPRESENTATION_CONTEXT('2D SPACE',''
  ) );
#4801 = PCURVE('',#4802,#4807);
#4802 = PLANE('',#4803);
#4803 = AXIS2_PLACEMENT_3D('',#4804,#4805,#4806);
#4804 = CARTESIAN_POINT('',(0.,30.,5.05));
#4805 = DIRECTION('',(0.,0.,1.));
#4806 = DIRECTION('',(1.,0.,-0.));
#4807 = DEFINITIONAL_REPRESENTATION('',(#4808),#4812);
#4808 = LINE('',#4809,#4810);
#4809 = CARTESIAN_POINT('',(40.5355,-108.75));
#4810 = VECTOR('',#4811,1.);
#4811 = DIRECTION('',(0.,1.));
#4812 = ( GEOMETRIC_REPRESENTATION_CONTEXT(2) 
PARAMETRIC_REPRESENTATION_CONTEXT() REPRESENTATION_CONTEXT('2D SPACE',''
  ) );
#4813 = ORIENTED_EDGE('',*,*,#2590,.T.);
#4814 = ORIENTED_EDGE('',*,*,#4517,.T.);
#4815 = ORIENTED_EDGE('',*,*,#2454,.T.);
#4816 = ADVANCED_FACE('',(#4817),#2527,.F.);
#4817 = FACE_BOUND('',#4818,.F.);
#4818 = EDGE_LOOP('',(#4819,#4820,#4843,#4871));
#4819 = ORIENTED_EDGE('',*,*,#2511,.T.);
#4820 = ORIENTED_EDGE('',*,*,#4821,.T.);
#4821 = EDGE_CURVE('',#2407,#4822,#4824,.T.);
#4822 = VERTEX_POINT('',#4823);
#4823 = CARTESIAN_POINT('',(37.5355,34.,4.45));
#4824 = SURFACE_CURVE('',#4825,(#4829,#4836),.PCURVE_S1.);
#4825 = LINE('',#4826,#4827);
#4826 = CARTESIAN_POINT('',(60.75,34.,4.45));
#4827 = VECTOR('',#4828,1.);
#4828 = DIRECTION('',(-1.,0.,0.));
#4829 = PCURVE('',#2527,#4830);
#4830 = DEFINITIONAL_REPRESENTATION('',(#4831),#4835);
#4831 = LINE('',#4832,#4833);
#4832 = CARTESIAN_POINT('',(60.75,4.));
#4833 = VECTOR('',#4834,1.);
#4834 = DIRECTION('',(-1.,0.));
#4835 = ( GEOMETRIC_REPRESENTATION_CONTEXT(2) 
PARAMETRIC_REPRESENTATION_CONTEXT() REPRESENTATION_CONTEXT('2D SPACE',''
  ) );
#4836 = PCURVE('',#4720,#4837);
#4837 = DEFINITIONAL_REPRESENTATION('',(#4838),#4842);
#4838 = LINE('',#4839,#4840);
#4839 = CARTESIAN_POINT('',(34.2145,53.73975));
#4840 = VECTOR('',#4841,1.);
#4841 = DIRECTION('',(-1.,0.));
#4842 = ( GEOMETRIC_REPRESENTATION_CONTEXT(2) 
PARAMETRIC_REPRESENTATION_CONTEXT() REPRESENTATION_CONTEXT('2D SPACE',''
  ) );
#4843 = ORIENTED_EDGE('',*,*,#4844,.F.);
#4844 = EDGE_CURVE('',#4845,#4822,#4847,.T.);
#4845 = VERTEX_POINT('',#4846);
#4846 = CARTESIAN_POINT('',(37.5355,26.,4.45));
#4847 = SURFACE_CURVE('',#4848,(#4852,#4859),.PCURVE_S1.);
#4848 = LINE('',#4849,#4850);
#4849 = CARTESIAN_POINT('',(37.5355,-72.2705,4.45));
#4850 = VECTOR('',#4851,1.);
#4851 = DIRECTION('',(0.,1.,0.));
#4852 = PCURVE('',#2527,#4853);
#4853 = DEFINITIONAL_REPRESENTATION('',(#4854),#4858);
#4854 = LINE('',#4855,#4856);
#4855 = CARTESIAN_POINT('',(37.5355,-102.2705));
#4856 = VECTOR('',#4857,1.);
#4857 = DIRECTION('',(0.,1.));
#4858 = ( GEOMETRIC_REPRESENTATION_CONTEXT(2) 
PARAMETRIC_REPRESENTATION_CONTEXT() REPRESENTATION_CONTEXT('2D SPACE',''
  ) );
#4859 = PCURVE('',#4860,#4865);
#4860 = PLANE('',#4861);
#4861 = AXIS2_PLACEMENT_3D('',#4862,#4863,#4864);
#4862 = CARTESIAN_POINT('',(0.,30.,4.45));
#4863 = DIRECTION('',(0.,0.,1.));
#4864 = DIRECTION('',(1.,0.,-0.));
#4865 = DEFINITIONAL_REPRESENTATION('',(#4866),#4870);
#4866 = LINE('',#4867,#4868);
#4867 = CARTESIAN_POINT('',(37.5355,-102.2705));
#4868 = VECTOR('',#4869,1.);
#4869 = DIRECTION('',(0.,1.));
#4870 = ( GEOMETRIC_REPRESENTATION_CONTEXT(2) 
PARAMETRIC_REPRESENTATION_CONTEXT() REPRESENTATION_CONTEXT('2D SPACE',''
  ) );
#4871 = ORIENTED_EDGE('',*,*,#4872,.T.);
#4872 = EDGE_CURVE('',#4845,#2512,#4873,.T.);
#4873 = SURFACE_CURVE('',#4874,(#4878,#4885),.PCURVE_S1.);
#4874 = LINE('',#4875,#4876);
#4875 = CARTESIAN_POINT('',(-60.75,26.,4.45));
#4876 = VECTOR('',#4877,1.);
#4877 = DIRECTION('',(1.,0.,0.));
#4878 = PCURVE('',#2527,#4879);
#4879 = DEFINITIONAL_REPRESENTATION('',(#4880),#4884);
#4880 = LINE('',#4881,#4882);
#4881 = CARTESIAN_POINT('',(-60.75,-4.));
#4882 = VECTOR('',#4883,1.);
#4883 = DIRECTION('',(1.,0.));
#4884 = ( GEOMETRIC_REPRESENTATION_CONTEXT(2) 
PARAMETRIC_REPRESENTATION_CONTEXT() REPRESENTATION_CONTEXT('2D SPACE',''
  ) );
#4885 = PCURVE('',#4886,#4891);
#4886 = PLANE('',#4887);
#4887 = AXIS2_PLACEMENT_3D('',#4888,#4889,#4890);
#4888 = CARTESIAN_POINT('',(26.5355,-19.73975,4.45));
#4889 = DIRECTION('',(0.,0.,1.));
#4890 = DIRECTION('',(1.,0.,-0.));
#4891 = DEFINITIONAL_REPRESENTATION('',(#4892),#4896);
#4892 = LINE('',#4893,#4894);
#4893 = CARTESIAN_POINT('',(-87.2855,45.73975));
#4894 = VECTOR('',#4895,1.);
#4895 = DIRECTION('',(1.,0.));
#4896 = ( GEOMETRIC_REPRESENTATION_CONTEXT(2) 
PARAMETRIC_REPRESENTATION_CONTEXT() REPRESENTATION_CONTEXT('2D SPACE',''
  ) );
#4897 = ADVANCED_FACE('',(#4898),#2579,.F.);
#4898 = FACE_BOUND('',#4899,.F.);
#4899 = EDGE_LOOP('',(#4900,#4921,#4922,#4948));
#4900 = ORIENTED_EDGE('',*,*,#4901,.F.);
#4901 = EDGE_CURVE('',#2640,#2512,#4902,.T.);
#4902 = SURFACE_CURVE('',#4903,(#4907,#4914),.PCURVE_S1.);
#4903 = LINE('',#4904,#4905);
#4904 = CARTESIAN_POINT('',(40.5355,-78.75,4.45));
#4905 = VECTOR('',#4906,1.);
#4906 = DIRECTION('',(0.,1.,0.));
#4907 = PCURVE('',#2579,#4908);
#4908 = DEFINITIONAL_REPRESENTATION('',(#4909),#4913);
#4909 = LINE('',#4910,#4911);
#4910 = CARTESIAN_POINT('',(0.,0.));
#4911 = VECTOR('',#4912,1.);
#4912 = DIRECTION('',(1.,0.));
#4913 = ( GEOMETRIC_REPRESENTATION_CONTEXT(2) 
PARAMETRIC_REPRESENTATION_CONTEXT() REPRESENTATION_CONTEXT('2D SPACE',''
  ) );
#4914 = PCURVE('',#4886,#4915);
#4915 = DEFINITIONAL_REPRESENTATION('',(#4916),#4920);
#4916 = LINE('',#4917,#4918);
#4917 = CARTESIAN_POINT('',(14.,-59.01025));
#4918 = VECTOR('',#4919,1.);
#4919 = DIRECTION('',(0.,1.));
#4920 = ( GEOMETRIC_REPRESENTATION_CONTEXT(2) 
PARAMETRIC_REPRESENTATION_CONTEXT() REPRESENTATION_CONTEXT('2D SPACE',''
  ) );
#4921 = ORIENTED_EDGE('',*,*,#2715,.F.);
#4922 = ORIENTED_EDGE('',*,*,#4923,.T.);
#4923 = EDGE_CURVE('',#2688,#2565,#4924,.T.);
#4924 = SURFACE_CURVE('',#4925,(#4929,#4936),.PCURVE_S1.);
#4925 = LINE('',#4926,#4927);
#4926 = CARTESIAN_POINT('',(40.5355,-78.75,5.05));
#4927 = VECTOR('',#4928,1.);
#4928 = DIRECTION('',(0.,1.,0.));
#4929 = PCURVE('',#2579,#4930);
#4930 = DEFINITIONAL_REPRESENTATION('',(#4931),#4935);
#4931 = LINE('',#4932,#4933);
#4932 = CARTESIAN_POINT('',(0.,-0.6));
#4933 = VECTOR('',#4934,1.);
#4934 = DIRECTION('',(1.,0.));
#4935 = ( GEOMETRIC_REPRESENTATION_CONTEXT(2) 
PARAMETRIC_REPRESENTATION_CONTEXT() REPRESENTATION_CONTEXT('2D SPACE',''
  ) );
#4936 = PCURVE('',#4937,#4942);
#4937 = PLANE('',#4938);
#4938 = AXIS2_PLACEMENT_3D('',#4939,#4940,#4941);
#4939 = CARTESIAN_POINT('',(26.5355,-19.73975,5.05));
#4940 = DIRECTION('',(0.,0.,1.));
#4941 = DIRECTION('',(1.,0.,-0.));
#4942 = DEFINITIONAL_REPRESENTATION('',(#4943),#4947);
#4943 = LINE('',#4944,#4945);
#4944 = CARTESIAN_POINT('',(14.,-59.01025));
#4945 = VECTOR('',#4946,1.);
#4946 = DIRECTION('',(0.,1.));
#4947 = ( GEOMETRIC_REPRESENTATION_CONTEXT(2) 
PARAMETRIC_REPRESENTATION_CONTEXT() REPRESENTATION_CONTEXT('2D SPACE',''
  ) );
#4948 = ORIENTED_EDGE('',*,*,#2564,.F.);
#4949 = ADVANCED_FACE('',(#4950),#2703,.T.);
#4950 = FACE_BOUND('',#4951,.T.);
#4951 = EDGE_LOOP('',(#4952,#4980,#5008,#5029,#5030,#5031));
#4952 = ORIENTED_EDGE('',*,*,#4953,.F.);
#4953 = EDGE_CURVE('',#4954,#2688,#4956,.T.);
#4954 = VERTEX_POINT('',#4955);
#4955 = CARTESIAN_POINT('',(40.5355,-61.3535,5.05));
#4956 = SURFACE_CURVE('',#4957,(#4961,#4968),.PCURVE_S1.);
#4957 = LINE('',#4958,#4959);
#4958 = CARTESIAN_POINT('',(40.5355,-78.75,5.05));
#4959 = VECTOR('',#4960,1.);
#4960 = DIRECTION('',(0.,1.,0.));
#4961 = PCURVE('',#2703,#4962);
#4962 = DEFINITIONAL_REPRESENTATION('',(#4963),#4967);
#4963 = LINE('',#4964,#4965);
#4964 = CARTESIAN_POINT('',(40.5355,-19.75));
#4965 = VECTOR('',#4966,1.);
#4966 = DIRECTION('',(0.,1.));
#4967 = ( GEOMETRIC_REPRESENTATION_CONTEXT(2) 
PARAMETRIC_REPRESENTATION_CONTEXT() REPRESENTATION_CONTEXT('2D SPACE',''
  ) );
#4968 = PCURVE('',#4969,#4974);
#4969 = PLANE('',#4970);
#4970 = AXIS2_PLACEMENT_3D('',#4971,#4972,#4973);
#4971 = CARTESIAN_POINT('',(0.,-59.,5.05));
#4972 = DIRECTION('',(0.,0.,1.));
#4973 = DIRECTION('',(1.,0.,-0.));
#4974 = DEFINITIONAL_REPRESENTATION('',(#4975),#4979);
#4975 = LINE('',#4976,#4977);
#4976 = CARTESIAN_POINT('',(40.5355,-19.75));
#4977 = VECTOR('',#4978,1.);
#4978 = DIRECTION('',(0.,1.));
#4979 = ( GEOMETRIC_REPRESENTATION_CONTEXT(2) 
PARAMETRIC_REPRESENTATION_CONTEXT() REPRESENTATION_CONTEXT('2D SPACE',''
  ) );
#4980 = ORIENTED_EDGE('',*,*,#4981,.F.);
#4981 = EDGE_CURVE('',#4982,#4954,#4984,.T.);
#4982 = VERTEX_POINT('',#4983);
#4983 = CARTESIAN_POINT('',(45.149,-61.3535,5.05));
#4984 = SURFACE_CURVE('',#4985,(#4989,#4996),.PCURVE_S1.);
#4985 = LINE('',#4986,#4987);
#4986 = CARTESIAN_POINT('',(45.149,-61.3535,5.05));
#4987 = VECTOR('',#4988,1.);
#4988 = DIRECTION('',(-1.,0.,0.));
#4989 = PCURVE('',#2703,#4990);
#4990 = DEFINITIONAL_REPRESENTATION('',(#4991),#4995);
#4991 = LINE('',#4992,#4993);
#4992 = CARTESIAN_POINT('',(45.149,-2.3535));
#4993 = VECTOR('',#4994,1.);
#4994 = DIRECTION('',(-1.,0.));
#4995 = ( GEOMETRIC_REPRESENTATION_CONTEXT(2) 
PARAMETRIC_REPRESENTATION_CONTEXT() REPRESENTATION_CONTEXT('2D SPACE',''
  ) );
#4996 = PCURVE('',#4997,#5002);
#4997 = PLANE('',#4998);
#4998 = AXIS2_PLACEMENT_3D('',#4999,#5000,#5001);
#4999 = CARTESIAN_POINT('',(0.,-59.,5.05));
#5000 = DIRECTION('',(0.,0.,1.));
#5001 = DIRECTION('',(1.,0.,-0.));
#5002 = DEFINITIONAL_REPRESENTATION('',(#5003),#5007);
#5003 = LINE('',#5004,#5005);
#5004 = CARTESIAN_POINT('',(45.149,-2.3535));
#5005 = VECTOR('',#5006,1.);
#5006 = DIRECTION('',(-1.,0.));
#5007 = ( GEOMETRIC_REPRESENTATION_CONTEXT(2) 
PARAMETRIC_REPRESENTATION_CONTEXT() REPRESENTATION_CONTEXT('2D SPACE',''
  ) );
#5008 = ORIENTED_EDGE('',*,*,#5009,.F.);
#5009 = EDGE_CURVE('',#2844,#4982,#5010,.T.);
#5010 = SURFACE_CURVE('',#5011,(#5015,#5022),.PCURVE_S1.);
#5011 = LINE('',#5012,#5013);
#5012 = CARTESIAN_POINT('',(45.149,-71.3535,5.05));
#5013 = VECTOR('',#5014,1.);
#5014 = DIRECTION('',(0.,1.,0.));
#5015 = PCURVE('',#2703,#5016);
#5016 = DEFINITIONAL_REPRESENTATION('',(#5017),#5021);
#5017 = LINE('',#5018,#5019);
#5018 = CARTESIAN_POINT('',(45.149,-12.3535));
#5019 = VECTOR('',#5020,1.);
#5020 = DIRECTION('',(0.,1.));
#5021 = ( GEOMETRIC_REPRESENTATION_CONTEXT(2) 
PARAMETRIC_REPRESENTATION_CONTEXT() REPRESENTATION_CONTEXT('2D SPACE',''
  ) );
#5022 = PCURVE('',#4997,#5023);
#5023 = DEFINITIONAL_REPRESENTATION('',(#5024),#5028);
#5024 = LINE('',#5025,#5026);
#5025 = CARTESIAN_POINT('',(45.149,-12.3535));
#5026 = VECTOR('',#5027,1.);
#5027 = DIRECTION('',(0.,1.));
#5028 = ( GEOMETRIC_REPRESENTATION_CONTEXT(2) 
PARAMETRIC_REPRESENTATION_CONTEXT() REPRESENTATION_CONTEXT('2D SPACE',''
  ) );
#5029 = ORIENTED_EDGE('',*,*,#2869,.T.);
#5030 = ORIENTED_EDGE('',*,*,#4490,.T.);
#5031 = ORIENTED_EDGE('',*,*,#2687,.T.);
#5032 = ADVANCED_FACE('',(#5033),#2806,.F.);
#5033 = FACE_BOUND('',#5034,.F.);
#5034 = EDGE_LOOP('',(#5035,#5036,#5037,#5065));
#5035 = ORIENTED_EDGE('',*,*,#2818,.T.);
#5036 = ORIENTED_EDGE('',*,*,#2790,.T.);
#5037 = ORIENTED_EDGE('',*,*,#5038,.F.);
#5038 = EDGE_CURVE('',#5039,#2763,#5041,.T.);
#5039 = VERTEX_POINT('',#5040);
#5040 = CARTESIAN_POINT('',(40.5355,-63.,4.45));
#5041 = SURFACE_CURVE('',#5042,(#5046,#5053),.PCURVE_S1.);
#5042 = LINE('',#5043,#5044);
#5043 = CARTESIAN_POINT('',(40.5355,-78.75,4.45));
#5044 = VECTOR('',#5045,1.);
#5045 = DIRECTION('',(0.,1.,0.));
#5046 = PCURVE('',#2806,#5047);
#5047 = DEFINITIONAL_REPRESENTATION('',(#5048),#5052);
#5048 = LINE('',#5049,#5050);
#5049 = CARTESIAN_POINT('',(40.5355,-19.75));
#5050 = VECTOR('',#5051,1.);
#5051 = DIRECTION('',(0.,1.));
#5052 = ( GEOMETRIC_REPRESENTATION_CONTEXT(2) 
PARAMETRIC_REPRESENTATION_CONTEXT() REPRESENTATION_CONTEXT('2D SPACE',''
  ) );
#5053 = PCURVE('',#5054,#5059);
#5054 = PLANE('',#5055);
#5055 = AXIS2_PLACEMENT_3D('',#5056,#5057,#5058);
#5056 = CARTESIAN_POINT('',(0.,-59.,4.45));
#5057 = DIRECTION('',(0.,0.,1.));
#5058 = DIRECTION('',(1.,0.,-0.));
#5059 = DEFINITIONAL_REPRESENTATION('',(#5060),#5064);
#5060 = LINE('',#5061,#5062);
#5061 = CARTESIAN_POINT('',(40.5355,-19.75));
#5062 = VECTOR('',#5063,1.);
#5063 = DIRECTION('',(0.,1.));
#5064 = ( GEOMETRIC_REPRESENTATION_CONTEXT(2) 
PARAMETRIC_REPRESENTATION_CONTEXT() REPRESENTATION_CONTEXT('2D SPACE',''
  ) );
#5065 = ORIENTED_EDGE('',*,*,#5066,.T.);
#5066 = EDGE_CURVE('',#5039,#2738,#5067,.T.);
#5067 = SURFACE_CURVE('',#5068,(#5072,#5079),.PCURVE_S1.);
#5068 = LINE('',#5069,#5070);
#5069 = CARTESIAN_POINT('',(-60.75,-63.,4.45));
#5070 = VECTOR('',#5071,1.);
#5071 = DIRECTION('',(1.,0.,0.));
#5072 = PCURVE('',#2806,#5073);
#5073 = DEFINITIONAL_REPRESENTATION('',(#5074),#5078);
#5074 = LINE('',#5075,#5076);
#5075 = CARTESIAN_POINT('',(-60.75,-4.));
#5076 = VECTOR('',#5077,1.);
#5077 = DIRECTION('',(1.,0.));
#5078 = ( GEOMETRIC_REPRESENTATION_CONTEXT(2) 
PARAMETRIC_REPRESENTATION_CONTEXT() REPRESENTATION_CONTEXT('2D SPACE',''
  ) );
#5079 = PCURVE('',#5080,#5085);
#5080 = PLANE('',#5081);
#5081 = AXIS2_PLACEMENT_3D('',#5082,#5083,#5084);
#5082 = CARTESIAN_POINT('',(40.149,-66.3535,4.45));
#5083 = DIRECTION('',(0.,0.,1.));
#5084 = DIRECTION('',(1.,0.,-0.));
#5085 = DEFINITIONAL_REPRESENTATION('',(#5086),#5090);
#5086 = LINE('',#5087,#5088);
#5087 = CARTESIAN_POINT('',(-100.899,3.3535));
#5088 = VECTOR('',#5089,1.);
#5089 = DIRECTION('',(1.,0.));
#5090 = ( GEOMETRIC_REPRESENTATION_CONTEXT(2) 
PARAMETRIC_REPRESENTATION_CONTEXT() REPRESENTATION_CONTEXT('2D SPACE',''
  ) );
#5091 = ADVANCED_FACE('',(#5092),#2778,.F.);
#5092 = FACE_BOUND('',#5093,.F.);
#5093 = EDGE_LOOP('',(#5094,#5095,#5118,#5146));
#5094 = ORIENTED_EDGE('',*,*,#2762,.T.);
#5095 = ORIENTED_EDGE('',*,*,#5096,.T.);
#5096 = EDGE_CURVE('',#2640,#5097,#5099,.T.);
#5097 = VERTEX_POINT('',#5098);
#5098 = CARTESIAN_POINT('',(37.5355,-55.,4.45));
#5099 = SURFACE_CURVE('',#5100,(#5104,#5111),.PCURVE_S1.);
#5100 = LINE('',#5101,#5102);
#5101 = CARTESIAN_POINT('',(60.75,-55.,4.45));
#5102 = VECTOR('',#5103,1.);
#5103 = DIRECTION('',(-1.,0.,0.));
#5104 = PCURVE('',#2778,#5105);
#5105 = DEFINITIONAL_REPRESENTATION('',(#5106),#5110);
#5106 = LINE('',#5107,#5108);
#5107 = CARTESIAN_POINT('',(60.75,4.));
#5108 = VECTOR('',#5109,1.);
#5109 = DIRECTION('',(-1.,0.));
#5110 = ( GEOMETRIC_REPRESENTATION_CONTEXT(2) 
PARAMETRIC_REPRESENTATION_CONTEXT() REPRESENTATION_CONTEXT('2D SPACE',''
  ) );
#5111 = PCURVE('',#4886,#5112);
#5112 = DEFINITIONAL_REPRESENTATION('',(#5113),#5117);
#5113 = LINE('',#5114,#5115);
#5114 = CARTESIAN_POINT('',(34.2145,-35.26025));
#5115 = VECTOR('',#5116,1.);
#5116 = DIRECTION('',(-1.,0.));
#5117 = ( GEOMETRIC_REPRESENTATION_CONTEXT(2) 
PARAMETRIC_REPRESENTATION_CONTEXT() REPRESENTATION_CONTEXT('2D SPACE',''
  ) );
#5118 = ORIENTED_EDGE('',*,*,#5119,.F.);
#5119 = EDGE_CURVE('',#5120,#5097,#5122,.T.);
#5120 = VERTEX_POINT('',#5121);
#5121 = CARTESIAN_POINT('',(37.5355,-61.3535,4.45));
#5122 = SURFACE_CURVE('',#5123,(#5127,#5134),.PCURVE_S1.);
#5123 = LINE('',#5124,#5125);
#5124 = CARTESIAN_POINT('',(37.5355,-72.2705,4.45));
#5125 = VECTOR('',#5126,1.);
#5126 = DIRECTION('',(0.,1.,0.));
#5127 = PCURVE('',#2778,#5128);
#5128 = DEFINITIONAL_REPRESENTATION('',(#5129),#5133);
#5129 = LINE('',#5130,#5131);
#5130 = CARTESIAN_POINT('',(37.5355,-13.2705));
#5131 = VECTOR('',#5132,1.);
#5132 = DIRECTION('',(0.,1.));
#5133 = ( GEOMETRIC_REPRESENTATION_CONTEXT(2) 
PARAMETRIC_REPRESENTATION_CONTEXT() REPRESENTATION_CONTEXT('2D SPACE',''
  ) );
#5134 = PCURVE('',#5135,#5140);
#5135 = PLANE('',#5136);
#5136 = AXIS2_PLACEMENT_3D('',#5137,#5138,#5139);
#5137 = CARTESIAN_POINT('',(0.,-59.,4.45));
#5138 = DIRECTION('',(0.,0.,1.));
#5139 = DIRECTION('',(1.,0.,-0.));
#5140 = DEFINITIONAL_REPRESENTATION('',(#5141),#5145);
#5141 = LINE('',#5142,#5143);
#5142 = CARTESIAN_POINT('',(37.5355,-13.2705));
#5143 = VECTOR('',#5144,1.);
#5144 = DIRECTION('',(0.,1.));
#5145 = ( GEOMETRIC_REPRESENTATION_CONTEXT(2) 
PARAMETRIC_REPRESENTATION_CONTEXT() REPRESENTATION_CONTEXT('2D SPACE',''
  ) );
#5146 = ORIENTED_EDGE('',*,*,#5147,.F.);
#5147 = EDGE_CURVE('',#2763,#5120,#5148,.T.);
#5148 = SURFACE_CURVE('',#5149,(#5153,#5160),.PCURVE_S1.);
#5149 = LINE('',#5150,#5151);
#5150 = CARTESIAN_POINT('',(45.149,-61.3535,4.45));
#5151 = VECTOR('',#5152,1.);
#5152 = DIRECTION('',(-1.,0.,0.));
#5153 = PCURVE('',#2778,#5154);
#5154 = DEFINITIONAL_REPRESENTATION('',(#5155),#5159);
#5155 = LINE('',#5156,#5157);
#5156 = CARTESIAN_POINT('',(45.149,-2.3535));
#5157 = VECTOR('',#5158,1.);
#5158 = DIRECTION('',(-1.,0.));
#5159 = ( GEOMETRIC_REPRESENTATION_CONTEXT(2) 
PARAMETRIC_REPRESENTATION_CONTEXT() REPRESENTATION_CONTEXT('2D SPACE',''
  ) );
#5160 = PCURVE('',#5054,#5161);
#5161 = DEFINITIONAL_REPRESENTATION('',(#5162),#5166);
#5162 = LINE('',#5163,#5164);
#5163 = CARTESIAN_POINT('',(45.149,-2.3535));
#5164 = VECTOR('',#5165,1.);
#5165 = DIRECTION('',(-1.,0.));
#5166 = ( GEOMETRIC_REPRESENTATION_CONTEXT(2) 
PARAMETRIC_REPRESENTATION_CONTEXT() REPRESENTATION_CONTEXT('2D SPACE',''
  ) );
#5167 = ADVANCED_FACE('',(#5168),#2858,.F.);
#5168 = FACE_BOUND('',#5169,.F.);
#5169 = EDGE_LOOP('',(#5170,#5193,#5221,#5247));
#5170 = ORIENTED_EDGE('',*,*,#5171,.F.);
#5171 = EDGE_CURVE('',#5172,#2738,#5174,.T.);
#5172 = VERTEX_POINT('',#5173);
#5173 = CARTESIAN_POINT('',(45.149,-71.3535,4.45));
#5174 = SURFACE_CURVE('',#5175,(#5179,#5186),.PCURVE_S1.);
#5175 = LINE('',#5176,#5177);
#5176 = CARTESIAN_POINT('',(45.149,-71.3535,4.45));
#5177 = VECTOR('',#5178,1.);
#5178 = DIRECTION('',(0.,1.,0.));
#5179 = PCURVE('',#2858,#5180);
#5180 = DEFINITIONAL_REPRESENTATION('',(#5181),#5185);
#5181 = LINE('',#5182,#5183);
#5182 = CARTESIAN_POINT('',(0.,0.));
#5183 = VECTOR('',#5184,1.);
#5184 = DIRECTION('',(1.,0.));
#5185 = ( GEOMETRIC_REPRESENTATION_CONTEXT(2) 
PARAMETRIC_REPRESENTATION_CONTEXT() REPRESENTATION_CONTEXT('2D SPACE',''
  ) );
#5186 = PCURVE('',#5080,#5187);
#5187 = DEFINITIONAL_REPRESENTATION('',(#5188),#5192);
#5188 = LINE('',#5189,#5190);
#5189 = CARTESIAN_POINT('',(5.,-5.));
#5190 = VECTOR('',#5191,1.);
#5191 = DIRECTION('',(0.,1.));
#5192 = ( GEOMETRIC_REPRESENTATION_CONTEXT(2) 
PARAMETRIC_REPRESENTATION_CONTEXT() REPRESENTATION_CONTEXT('2D SPACE',''
  ) );
#5193 = ORIENTED_EDGE('',*,*,#5194,.T.);
#5194 = EDGE_CURVE('',#5172,#5195,#5197,.T.);
#5195 = VERTEX_POINT('',#5196);
#5196 = CARTESIAN_POINT('',(45.149,-71.3535,5.05));
#5197 = SURFACE_CURVE('',#5198,(#5202,#5209),.PCURVE_S1.);
#5198 = LINE('',#5199,#5200);
#5199 = CARTESIAN_POINT('',(45.149,-71.3535,4.45));
#5200 = VECTOR('',#5201,1.);
#5201 = DIRECTION('',(0.,0.,1.));
#5202 = PCURVE('',#2858,#5203);
#5203 = DEFINITIONAL_REPRESENTATION('',(#5204),#5208);
#5204 = LINE('',#5205,#5206);
#5205 = CARTESIAN_POINT('',(0.,0.));
#5206 = VECTOR('',#5207,1.);
#5207 = DIRECTION('',(0.,-1.));
#5208 = ( GEOMETRIC_REPRESENTATION_CONTEXT(2) 
PARAMETRIC_REPRESENTATION_CONTEXT() REPRESENTATION_CONTEXT('2D SPACE',''
  ) );
#5209 = PCURVE('',#5210,#5215);
#5210 = PLANE('',#5211);
#5211 = AXIS2_PLACEMENT_3D('',#5212,#5213,#5214);
#5212 = CARTESIAN_POINT('',(35.149,-71.3535,4.45));
#5213 = DIRECTION('',(0.,1.,0.));
#5214 = DIRECTION('',(1.,0.,0.));
#5215 = DEFINITIONAL_REPRESENTATION('',(#5216),#5220);
#5216 = LINE('',#5217,#5218);
#5217 = CARTESIAN_POINT('',(10.,0.));
#5218 = VECTOR('',#5219,1.);
#5219 = DIRECTION('',(0.,-1.));
#5220 = ( GEOMETRIC_REPRESENTATION_CONTEXT(2) 
PARAMETRIC_REPRESENTATION_CONTEXT() REPRESENTATION_CONTEXT('2D SPACE',''
  ) );
#5221 = ORIENTED_EDGE('',*,*,#5222,.T.);
#5222 = EDGE_CURVE('',#5195,#2844,#5223,.T.);
#5223 = SURFACE_CURVE('',#5224,(#5228,#5235),.PCURVE_S1.);
#5224 = LINE('',#5225,#5226);
#5225 = CARTESIAN_POINT('',(45.149,-71.3535,5.05));
#5226 = VECTOR('',#5227,1.);
#5227 = DIRECTION('',(0.,1.,0.));
#5228 = PCURVE('',#2858,#5229);
#5229 = DEFINITIONAL_REPRESENTATION('',(#5230),#5234);
#5230 = LINE('',#5231,#5232);
#5231 = CARTESIAN_POINT('',(0.,-0.6));
#5232 = VECTOR('',#5233,1.);
#5233 = DIRECTION('',(1.,0.));
#5234 = ( GEOMETRIC_REPRESENTATION_CONTEXT(2) 
PARAMETRIC_REPRESENTATION_CONTEXT() REPRESENTATION_CONTEXT('2D SPACE',''
  ) );
#5235 = PCURVE('',#5236,#5241);
#5236 = PLANE('',#5237);
#5237 = AXIS2_PLACEMENT_3D('',#5238,#5239,#5240);
#5238 = CARTESIAN_POINT('',(40.149,-66.3535,5.05));
#5239 = DIRECTION('',(0.,0.,1.));
#5240 = DIRECTION('',(1.,0.,-0.));
#5241 = DEFINITIONAL_REPRESENTATION('',(#5242),#5246);
#5242 = LINE('',#5243,#5244);
#5243 = CARTESIAN_POINT('',(5.,-5.));
#5244 = VECTOR('',#5245,1.);
#5245 = DIRECTION('',(0.,1.));
#5246 = ( GEOMETRIC_REPRESENTATION_CONTEXT(2) 
PARAMETRIC_REPRESENTATION_CONTEXT() REPRESENTATION_CONTEXT('2D SPACE',''
  ) );
#5247 = ORIENTED_EDGE('',*,*,#2843,.F.);
#5248 = ADVANCED_FACE('',(#5249),#3044,.T.);
#5249 = FACE_BOUND('',#5250,.T.);
#5250 = EDGE_LOOP('',(#5251,#5269,#5270,#5271));
#5251 = ORIENTED_EDGE('',*,*,#5252,.F.);
#5252 = EDGE_CURVE('',#3659,#3480,#5253,.T.);
#5253 = SURFACE_CURVE('',#5254,(#5257,#5263),.PCURVE_S1.);
#5254 = B_SPLINE_CURVE_WITH_KNOTS('',1,(#5255,#5256),.UNSPECIFIED.,.F.,
  .F.,(2,2),(0.,1.),.PIECEWISE_BEZIER_KNOTS.);
#5255 = CARTESIAN_POINT('',(-60.6,80.,2.55));
#5256 = CARTESIAN_POINT('',(-62.75,80.,4.7));
#5257 = PCURVE('',#3044,#5258);
#5258 = DEFINITIONAL_REPRESENTATION('',(#5259),#5262);
#5259 = B_SPLINE_CURVE_WITH_KNOTS('',1,(#5260,#5261),.UNSPECIFIED.,.F.,
  .F.,(2,2),(0.,1.),.PIECEWISE_BEZIER_KNOTS.);
#5260 = CARTESIAN_POINT('',(3.75,-3.040559159102));
#5261 = CARTESIAN_POINT('',(3.75,0.));
#5262 = ( GEOMETRIC_REPRESENTATION_CONTEXT(2) 
PARAMETRIC_REPRESENTATION_CONTEXT() REPRESENTATION_CONTEXT('2D SPACE',''
  ) );
#5263 = PCURVE('',#3517,#5264);
#5264 = DEFINITIONAL_REPRESENTATION('',(#5265),#5268);
#5265 = B_SPLINE_CURVE_WITH_KNOTS('',1,(#5266,#5267),.UNSPECIFIED.,.F.,
  .F.,(2,2),(0.,1.),.PIECEWISE_BEZIER_KNOTS.);
#5266 = CARTESIAN_POINT('',(4.712388980385,0.));
#5267 = CARTESIAN_POINT('',(4.712388980385,2.15));
#5268 = ( GEOMETRIC_REPRESENTATION_CONTEXT(2) 
PARAMETRIC_REPRESENTATION_CONTEXT() REPRESENTATION_CONTEXT('2D SPACE',''
  ) );
#5269 = ORIENTED_EDGE('',*,*,#3658,.T.);
#5270 = ORIENTED_EDGE('',*,*,#3032,.T.);
#5271 = ORIENTED_EDGE('',*,*,#3479,.T.);
#5272 = ADVANCED_FACE('',(#5273),#2996,.T.);
#5273 = FACE_BOUND('',#5274,.T.);
#5274 = EDGE_LOOP('',(#5275,#5296,#5297));
#5275 = ORIENTED_EDGE('',*,*,#5276,.F.);
#5276 = EDGE_CURVE('',#3439,#2945,#5277,.T.);
#5277 = SURFACE_CURVE('',#5278,(#5282,#5289),.PCURVE_S1.);
#5278 = LINE('',#5279,#5280);
#5279 = CARTESIAN_POINT('',(-61.55,-82.55,3.45));
#5280 = VECTOR('',#5281,1.);
#5281 = DIRECTION('',(0.,0.,1.));
#5282 = PCURVE('',#2996,#5283);
#5283 = DEFINITIONAL_REPRESENTATION('',(#5284),#5288);
#5284 = LINE('',#5285,#5286);
#5285 = CARTESIAN_POINT('',(165.1,0.));
#5286 = VECTOR('',#5287,1.);
#5287 = DIRECTION('',(0.,-1.));
#5288 = ( GEOMETRIC_REPRESENTATION_CONTEXT(2) 
PARAMETRIC_REPRESENTATION_CONTEXT() REPRESENTATION_CONTEXT('2D SPACE',''
  ) );
#5289 = PCURVE('',#2964,#5290);
#5290 = DEFINITIONAL_REPRESENTATION('',(#5291),#5295);
#5291 = LINE('',#5292,#5293);
#5292 = CARTESIAN_POINT('',(0.,0.));
#5293 = VECTOR('',#5294,1.);
#5294 = DIRECTION('',(0.,-1.));
#5295 = ( GEOMETRIC_REPRESENTATION_CONTEXT(2) 
PARAMETRIC_REPRESENTATION_CONTEXT() REPRESENTATION_CONTEXT('2D SPACE',''
  ) );
#5296 = ORIENTED_EDGE('',*,*,#3459,.T.);
#5297 = ORIENTED_EDGE('',*,*,#2976,.T.);
#5298 = ADVANCED_FACE('',(#5299),#2964,.T.);
#5299 = FACE_BOUND('',#5300,.T.);
#5300 = EDGE_LOOP('',(#5301,#5302,#5303));
#5301 = ORIENTED_EDGE('',*,*,#2944,.T.);
#5302 = ORIENTED_EDGE('',*,*,#3438,.T.);
#5303 = ORIENTED_EDGE('',*,*,#5276,.T.);
#5304 = ADVANCED_FACE('',(#5305),#3076,.F.);
#5305 = FACE_BOUND('',#5306,.F.);
#5306 = EDGE_LOOP('',(#5307,#5308,#5331,#5359));
#5307 = ORIENTED_EDGE('',*,*,#3058,.F.);
#5308 = ORIENTED_EDGE('',*,*,#5309,.T.);
#5309 = EDGE_CURVE('',#3059,#5310,#5312,.T.);
#5310 = VERTEX_POINT('',#5311);
#5311 = CARTESIAN_POINT('',(-59.,-83.75,4.7));
#5312 = SURFACE_CURVE('',#5313,(#5317,#5324),.PCURVE_S1.);
#5313 = LINE('',#5314,#5315);
#5314 = CARTESIAN_POINT('',(-59.,-83.75,4.45));
#5315 = VECTOR('',#5316,1.);
#5316 = DIRECTION('',(0.,0.,1.));
#5317 = PCURVE('',#3076,#5318);
#5318 = DEFINITIONAL_REPRESENTATION('',(#5319),#5323);
#5319 = LINE('',#5320,#5321);
#5320 = CARTESIAN_POINT('',(3.75,0.));
#5321 = VECTOR('',#5322,1.);
#5322 = DIRECTION('',(0.,-1.));
#5323 = ( GEOMETRIC_REPRESENTATION_CONTEXT(2) 
PARAMETRIC_REPRESENTATION_CONTEXT() REPRESENTATION_CONTEXT('2D SPACE',''
  ) );
#5324 = PCURVE('',#3278,#5325);
#5325 = DEFINITIONAL_REPRESENTATION('',(#5326),#5330);
#5326 = LINE('',#5327,#5328);
#5327 = CARTESIAN_POINT('',(-0.,0.));
#5328 = VECTOR('',#5329,1.);
#5329 = DIRECTION('',(-0.,1.));
#5330 = ( GEOMETRIC_REPRESENTATION_CONTEXT(2) 
PARAMETRIC_REPRESENTATION_CONTEXT() REPRESENTATION_CONTEXT('2D SPACE',''
  ) );
#5331 = ORIENTED_EDGE('',*,*,#5332,.T.);
#5332 = EDGE_CURVE('',#5310,#5333,#5335,.T.);
#5333 = VERTEX_POINT('',#5334);
#5334 = CARTESIAN_POINT('',(59.,-83.75,4.7));
#5335 = SURFACE_CURVE('',#5336,(#5340,#5347),.PCURVE_S1.);
#5336 = LINE('',#5337,#5338);
#5337 = CARTESIAN_POINT('',(-62.75,-83.75,4.7));
#5338 = VECTOR('',#5339,1.);
#5339 = DIRECTION('',(1.,0.,0.));
#5340 = PCURVE('',#3076,#5341);
#5341 = DEFINITIONAL_REPRESENTATION('',(#5342),#5346);
#5342 = LINE('',#5343,#5344);
#5343 = CARTESIAN_POINT('',(0.,-0.25));
#5344 = VECTOR('',#5345,1.);
#5345 = DIRECTION('',(1.,0.));
#5346 = ( GEOMETRIC_REPRESENTATION_CONTEXT(2) 
PARAMETRIC_REPRESENTATION_CONTEXT() REPRESENTATION_CONTEXT('2D SPACE',''
  ) );
#5347 = PCURVE('',#5348,#5353);
#5348 = PLANE('',#5349);
#5349 = AXIS2_PLACEMENT_3D('',#5350,#5351,#5352);
#5350 = CARTESIAN_POINT('',(-62.75,-83.75,4.45));
#5351 = DIRECTION('',(0.,1.,0.));
#5352 = DIRECTION('',(1.,0.,0.));
#5353 = DEFINITIONAL_REPRESENTATION('',(#5354),#5358);
#5354 = LINE('',#5355,#5356);
#5355 = CARTESIAN_POINT('',(0.,-0.25));
#5356 = VECTOR('',#5357,1.);
#5357 = DIRECTION('',(1.,0.));
#5358 = ( GEOMETRIC_REPRESENTATION_CONTEXT(2) 
PARAMETRIC_REPRESENTATION_CONTEXT() REPRESENTATION_CONTEXT('2D SPACE',''
  ) );
#5359 = ORIENTED_EDGE('',*,*,#5360,.F.);
#5360 = EDGE_CURVE('',#3061,#5333,#5361,.T.);
#5361 = SURFACE_CURVE('',#5362,(#5366,#5373),.PCURVE_S1.);
#5362 = LINE('',#5363,#5364);
#5363 = CARTESIAN_POINT('',(59.,-83.75,4.45));
#5364 = VECTOR('',#5365,1.);
#5365 = DIRECTION('',(0.,0.,1.));
#5366 = PCURVE('',#3076,#5367);
#5367 = DEFINITIONAL_REPRESENTATION('',(#5368),#5372);
#5368 = LINE('',#5369,#5370);
#5369 = CARTESIAN_POINT('',(121.75,0.));
#5370 = VECTOR('',#5371,1.);
#5371 = DIRECTION('',(0.,-1.));
#5372 = ( GEOMETRIC_REPRESENTATION_CONTEXT(2) 
PARAMETRIC_REPRESENTATION_CONTEXT() REPRESENTATION_CONTEXT('2D SPACE',''
  ) );
#5373 = PCURVE('',#3105,#5374);
#5374 = DEFINITIONAL_REPRESENTATION('',(#5375),#5379);
#5375 = LINE('',#5376,#5377);
#5376 = CARTESIAN_POINT('',(0.,0.));
#5377 = VECTOR('',#5378,1.);
#5378 = DIRECTION('',(0.,1.));
#5379 = ( GEOMETRIC_REPRESENTATION_CONTEXT(2) 
PARAMETRIC_REPRESENTATION_CONTEXT() REPRESENTATION_CONTEXT('2D SPACE',''
  ) );
#5380 = ADVANCED_FACE('',(#5381),#3278,.T.);
#5381 = FACE_BOUND('',#5382,.F.);
#5382 = EDGE_LOOP('',(#5383,#5384,#5385,#5408));
#5383 = ORIENTED_EDGE('',*,*,#5309,.F.);
#5384 = ORIENTED_EDGE('',*,*,#3259,.T.);
#5385 = ORIENTED_EDGE('',*,*,#5386,.T.);
#5386 = EDGE_CURVE('',#3232,#5387,#5389,.T.);
#5387 = VERTEX_POINT('',#5388);
#5388 = CARTESIAN_POINT('',(-62.75,-80.,4.7));
#5389 = SURFACE_CURVE('',#5390,(#5394,#5401),.PCURVE_S1.);
#5390 = LINE('',#5391,#5392);
#5391 = CARTESIAN_POINT('',(-62.75,-80.,4.45));
#5392 = VECTOR('',#5393,1.);
#5393 = DIRECTION('',(0.,0.,1.));
#5394 = PCURVE('',#3278,#5395);
#5395 = DEFINITIONAL_REPRESENTATION('',(#5396),#5400);
#5396 = LINE('',#5397,#5398);
#5397 = CARTESIAN_POINT('',(-1.570796326795,0.));
#5398 = VECTOR('',#5399,1.);
#5399 = DIRECTION('',(-0.,1.));
#5400 = ( GEOMETRIC_REPRESENTATION_CONTEXT(2) 
PARAMETRIC_REPRESENTATION_CONTEXT() REPRESENTATION_CONTEXT('2D SPACE',''
  ) );
#5401 = PCURVE('',#3247,#5402);
#5402 = DEFINITIONAL_REPRESENTATION('',(#5403),#5407);
#5403 = LINE('',#5404,#5405);
#5404 = CARTESIAN_POINT('',(163.75,0.));
#5405 = VECTOR('',#5406,1.);
#5406 = DIRECTION('',(0.,-1.));
#5407 = ( GEOMETRIC_REPRESENTATION_CONTEXT(2) 
PARAMETRIC_REPRESENTATION_CONTEXT() REPRESENTATION_CONTEXT('2D SPACE',''
  ) );
#5408 = ORIENTED_EDGE('',*,*,#5409,.F.);
#5409 = EDGE_CURVE('',#5310,#5387,#5410,.T.);
#5410 = SURFACE_CURVE('',#5411,(#5416,#5423),.PCURVE_S1.);
#5411 = CIRCLE('',#5412,3.75);
#5412 = AXIS2_PLACEMENT_3D('',#5413,#5414,#5415);
#5413 = CARTESIAN_POINT('',(-59.,-80.,4.7));
#5414 = DIRECTION('',(-0.,-0.,-1.));
#5415 = DIRECTION('',(0.,-1.,0.));
#5416 = PCURVE('',#3278,#5417);
#5417 = DEFINITIONAL_REPRESENTATION('',(#5418),#5422);
#5418 = LINE('',#5419,#5420);
#5419 = CARTESIAN_POINT('',(-0.,0.25));
#5420 = VECTOR('',#5421,1.);
#5421 = DIRECTION('',(-1.,0.));
#5422 = ( GEOMETRIC_REPRESENTATION_CONTEXT(2) 
PARAMETRIC_REPRESENTATION_CONTEXT() REPRESENTATION_CONTEXT('2D SPACE',''
  ) );
#5423 = PCURVE('',#5424,#5429);
#5424 = CYLINDRICAL_SURFACE('',#5425,3.75);
#5425 = AXIS2_PLACEMENT_3D('',#5426,#5427,#5428);
#5426 = CARTESIAN_POINT('',(-59.,-80.,4.45));
#5427 = DIRECTION('',(0.,0.,1.));
#5428 = DIRECTION('',(0.,-1.,0.));
#5429 = DEFINITIONAL_REPRESENTATION('',(#5430),#5434);
#5430 = LINE('',#5431,#5432);
#5431 = CARTESIAN_POINT('',(-0.,0.25));
#5432 = VECTOR('',#5433,1.);
#5433 = DIRECTION('',(-1.,0.));
#5434 = ( GEOMETRIC_REPRESENTATION_CONTEXT(2) 
PARAMETRIC_REPRESENTATION_CONTEXT() REPRESENTATION_CONTEXT('2D SPACE',''
  ) );
#5435 = ADVANCED_FACE('',(#5436),#3105,.T.);
#5436 = FACE_BOUND('',#5437,.T.);
#5437 = EDGE_LOOP('',(#5438,#5439,#5440,#5463));
#5438 = ORIENTED_EDGE('',*,*,#5360,.F.);
#5439 = ORIENTED_EDGE('',*,*,#3088,.T.);
#5440 = ORIENTED_EDGE('',*,*,#5441,.T.);
#5441 = EDGE_CURVE('',#3089,#5442,#5444,.T.);
#5442 = VERTEX_POINT('',#5443);
#5443 = CARTESIAN_POINT('',(62.75,-80.,4.7));
#5444 = SURFACE_CURVE('',#5445,(#5449,#5456),.PCURVE_S1.);
#5445 = LINE('',#5446,#5447);
#5446 = CARTESIAN_POINT('',(62.75,-80.,4.45));
#5447 = VECTOR('',#5448,1.);
#5448 = DIRECTION('',(0.,0.,1.));
#5449 = PCURVE('',#3105,#5450);
#5450 = DEFINITIONAL_REPRESENTATION('',(#5451),#5455);
#5451 = LINE('',#5452,#5453);
#5452 = CARTESIAN_POINT('',(1.570796326795,0.));
#5453 = VECTOR('',#5454,1.);
#5454 = DIRECTION('',(0.,1.));
#5455 = ( GEOMETRIC_REPRESENTATION_CONTEXT(2) 
PARAMETRIC_REPRESENTATION_CONTEXT() REPRESENTATION_CONTEXT('2D SPACE',''
  ) );
#5456 = PCURVE('',#3133,#5457);
#5457 = DEFINITIONAL_REPRESENTATION('',(#5458),#5462);
#5458 = LINE('',#5459,#5460);
#5459 = CARTESIAN_POINT('',(3.75,0.));
#5460 = VECTOR('',#5461,1.);
#5461 = DIRECTION('',(0.,-1.));
#5462 = ( GEOMETRIC_REPRESENTATION_CONTEXT(2) 
PARAMETRIC_REPRESENTATION_CONTEXT() REPRESENTATION_CONTEXT('2D SPACE',''
  ) );
#5463 = ORIENTED_EDGE('',*,*,#5464,.F.);
#5464 = EDGE_CURVE('',#5333,#5442,#5465,.T.);
#5465 = SURFACE_CURVE('',#5466,(#5471,#5478),.PCURVE_S1.);
#5466 = CIRCLE('',#5467,3.75);
#5467 = AXIS2_PLACEMENT_3D('',#5468,#5469,#5470);
#5468 = CARTESIAN_POINT('',(59.,-80.,4.7));
#5469 = DIRECTION('',(0.,0.,1.));
#5470 = DIRECTION('',(0.,-1.,0.));
#5471 = PCURVE('',#3105,#5472);
#5472 = DEFINITIONAL_REPRESENTATION('',(#5473),#5477);
#5473 = LINE('',#5474,#5475);
#5474 = CARTESIAN_POINT('',(0.,0.25));
#5475 = VECTOR('',#5476,1.);
#5476 = DIRECTION('',(1.,0.));
#5477 = ( GEOMETRIC_REPRESENTATION_CONTEXT(2) 
PARAMETRIC_REPRESENTATION_CONTEXT() REPRESENTATION_CONTEXT('2D SPACE',''
  ) );
#5478 = PCURVE('',#5479,#5484);
#5479 = CYLINDRICAL_SURFACE('',#5480,3.75);
#5480 = AXIS2_PLACEMENT_3D('',#5481,#5482,#5483);
#5481 = CARTESIAN_POINT('',(59.,-80.,4.45));
#5482 = DIRECTION('',(0.,0.,1.));
#5483 = DIRECTION('',(0.,-1.,0.));
#5484 = DEFINITIONAL_REPRESENTATION('',(#5485),#5489);
#5485 = LINE('',#5486,#5487);
#5486 = CARTESIAN_POINT('',(0.,0.25));
#5487 = VECTOR('',#5488,1.);
#5488 = DIRECTION('',(1.,0.));
#5489 = ( GEOMETRIC_REPRESENTATION_CONTEXT(2) 
PARAMETRIC_REPRESENTATION_CONTEXT() REPRESENTATION_CONTEXT('2D SPACE',''
  ) );
#5490 = ADVANCED_FACE('',(#5491),#3247,.F.);
#5491 = FACE_BOUND('',#5492,.F.);
#5492 = EDGE_LOOP('',(#5493,#5494,#5517,#5543));
#5493 = ORIENTED_EDGE('',*,*,#3231,.F.);
#5494 = ORIENTED_EDGE('',*,*,#5495,.T.);
#5495 = EDGE_CURVE('',#3203,#5496,#5498,.T.);
#5496 = VERTEX_POINT('',#5497);
#5497 = CARTESIAN_POINT('',(-62.75,80.,4.7));
#5498 = SURFACE_CURVE('',#5499,(#5503,#5510),.PCURVE_S1.);
#5499 = LINE('',#5500,#5501);
#5500 = CARTESIAN_POINT('',(-62.75,80.,4.45));
#5501 = VECTOR('',#5502,1.);
#5502 = DIRECTION('',(0.,0.,1.));
#5503 = PCURVE('',#3247,#5504);
#5504 = DEFINITIONAL_REPRESENTATION('',(#5505),#5509);
#5505 = LINE('',#5506,#5507);
#5506 = CARTESIAN_POINT('',(3.75,0.));
#5507 = VECTOR('',#5508,1.);
#5508 = DIRECTION('',(0.,-1.));
#5509 = ( GEOMETRIC_REPRESENTATION_CONTEXT(2) 
PARAMETRIC_REPRESENTATION_CONTEXT() REPRESENTATION_CONTEXT('2D SPACE',''
  ) );
#5510 = PCURVE('',#3219,#5511);
#5511 = DEFINITIONAL_REPRESENTATION('',(#5512),#5516);
#5512 = LINE('',#5513,#5514);
#5513 = CARTESIAN_POINT('',(1.570796326795,0.));
#5514 = VECTOR('',#5515,1.);
#5515 = DIRECTION('',(0.,1.));
#5516 = ( GEOMETRIC_REPRESENTATION_CONTEXT(2) 
PARAMETRIC_REPRESENTATION_CONTEXT() REPRESENTATION_CONTEXT('2D SPACE',''
  ) );
#5517 = ORIENTED_EDGE('',*,*,#5518,.T.);
#5518 = EDGE_CURVE('',#5496,#5387,#5519,.T.);
#5519 = SURFACE_CURVE('',#5520,(#5524,#5531),.PCURVE_S1.);
#5520 = LINE('',#5521,#5522);
#5521 = CARTESIAN_POINT('',(-62.75,83.75,4.7));
#5522 = VECTOR('',#5523,1.);
#5523 = DIRECTION('',(0.,-1.,0.));
#5524 = PCURVE('',#3247,#5525);
#5525 = DEFINITIONAL_REPRESENTATION('',(#5526),#5530);
#5526 = LINE('',#5527,#5528);
#5527 = CARTESIAN_POINT('',(0.,-0.25));
#5528 = VECTOR('',#5529,1.);
#5529 = DIRECTION('',(1.,0.));
#5530 = ( GEOMETRIC_REPRESENTATION_CONTEXT(2) 
PARAMETRIC_REPRESENTATION_CONTEXT() REPRESENTATION_CONTEXT('2D SPACE',''
  ) );
#5531 = PCURVE('',#5532,#5537);
#5532 = PLANE('',#5533);
#5533 = AXIS2_PLACEMENT_3D('',#5534,#5535,#5536);
#5534 = CARTESIAN_POINT('',(-62.75,83.75,4.45));
#5535 = DIRECTION('',(1.,0.,-0.));
#5536 = DIRECTION('',(0.,-1.,0.));
#5537 = DEFINITIONAL_REPRESENTATION('',(#5538),#5542);
#5538 = LINE('',#5539,#5540);
#5539 = CARTESIAN_POINT('',(0.,-0.25));
#5540 = VECTOR('',#5541,1.);
#5541 = DIRECTION('',(1.,0.));
#5542 = ( GEOMETRIC_REPRESENTATION_CONTEXT(2) 
PARAMETRIC_REPRESENTATION_CONTEXT() REPRESENTATION_CONTEXT('2D SPACE',''
  ) );
#5543 = ORIENTED_EDGE('',*,*,#5386,.F.);
#5544 = ADVANCED_FACE('',(#5545),#3133,.F.);
#5545 = FACE_BOUND('',#5546,.F.);
#5546 = EDGE_LOOP('',(#5547,#5548,#5549,#5577));
#5547 = ORIENTED_EDGE('',*,*,#3117,.F.);
#5548 = ORIENTED_EDGE('',*,*,#5441,.T.);
#5549 = ORIENTED_EDGE('',*,*,#5550,.T.);
#5550 = EDGE_CURVE('',#5442,#5551,#5553,.T.);
#5551 = VERTEX_POINT('',#5552);
#5552 = CARTESIAN_POINT('',(62.75,80.,4.7));
#5553 = SURFACE_CURVE('',#5554,(#5558,#5565),.PCURVE_S1.);
#5554 = LINE('',#5555,#5556);
#5555 = CARTESIAN_POINT('',(62.75,-83.75,4.7));
#5556 = VECTOR('',#5557,1.);
#5557 = DIRECTION('',(0.,1.,0.));
#5558 = PCURVE('',#3133,#5559);
#5559 = DEFINITIONAL_REPRESENTATION('',(#5560),#5564);
#5560 = LINE('',#5561,#5562);
#5561 = CARTESIAN_POINT('',(0.,-0.25));
#5562 = VECTOR('',#5563,1.);
#5563 = DIRECTION('',(1.,0.));
#5564 = ( GEOMETRIC_REPRESENTATION_CONTEXT(2) 
PARAMETRIC_REPRESENTATION_CONTEXT() REPRESENTATION_CONTEXT('2D SPACE',''
  ) );
#5565 = PCURVE('',#5566,#5571);
#5566 = PLANE('',#5567);
#5567 = AXIS2_PLACEMENT_3D('',#5568,#5569,#5570);
#5568 = CARTESIAN_POINT('',(62.75,-83.75,4.45));
#5569 = DIRECTION('',(-1.,0.,0.));
#5570 = DIRECTION('',(0.,1.,0.));
#5571 = DEFINITIONAL_REPRESENTATION('',(#5572),#5576);
#5572 = LINE('',#5573,#5574);
#5573 = CARTESIAN_POINT('',(0.,-0.25));
#5574 = VECTOR('',#5575,1.);
#5575 = DIRECTION('',(1.,0.));
#5576 = ( GEOMETRIC_REPRESENTATION_CONTEXT(2) 
PARAMETRIC_REPRESENTATION_CONTEXT() REPRESENTATION_CONTEXT('2D SPACE',''
  ) );
#5577 = ORIENTED_EDGE('',*,*,#5578,.F.);
#5578 = EDGE_CURVE('',#3118,#5551,#5579,.T.);
#5579 = SURFACE_CURVE('',#5580,(#5584,#5591),.PCURVE_S1.);
#5580 = LINE('',#5581,#5582);
#5581 = CARTESIAN_POINT('',(62.75,80.,4.45));
#5582 = VECTOR('',#5583,1.);
#5583 = DIRECTION('',(0.,0.,1.));
#5584 = PCURVE('',#3133,#5585);
#5585 = DEFINITIONAL_REPRESENTATION('',(#5586),#5590);
#5586 = LINE('',#5587,#5588);
#5587 = CARTESIAN_POINT('',(163.75,0.));
#5588 = VECTOR('',#5589,1.);
#5589 = DIRECTION('',(0.,-1.));
#5590 = ( GEOMETRIC_REPRESENTATION_CONTEXT(2) 
PARAMETRIC_REPRESENTATION_CONTEXT() REPRESENTATION_CONTEXT('2D SPACE',''
  ) );
#5591 = PCURVE('',#3162,#5592);
#5592 = DEFINITIONAL_REPRESENTATION('',(#5593),#5597);
#5593 = LINE('',#5594,#5595);
#5594 = CARTESIAN_POINT('',(0.,0.));
#5595 = VECTOR('',#5596,1.);
#5596 = DIRECTION('',(0.,1.));
#5597 = ( GEOMETRIC_REPRESENTATION_CONTEXT(2) 
PARAMETRIC_REPRESENTATION_CONTEXT() REPRESENTATION_CONTEXT('2D SPACE',''
  ) );
#5598 = ADVANCED_FACE('',(#5599),#3219,.T.);
#5599 = FACE_BOUND('',#5600,.T.);
#5600 = EDGE_LOOP('',(#5601,#5624,#5625,#5626));
#5601 = ORIENTED_EDGE('',*,*,#5602,.F.);
#5602 = EDGE_CURVE('',#3175,#5603,#5605,.T.);
#5603 = VERTEX_POINT('',#5604);
#5604 = CARTESIAN_POINT('',(-59.,83.75,4.7));
#5605 = SURFACE_CURVE('',#5606,(#5610,#5617),.PCURVE_S1.);
#5606 = LINE('',#5607,#5608);
#5607 = CARTESIAN_POINT('',(-59.,83.75,4.45));
#5608 = VECTOR('',#5609,1.);
#5609 = DIRECTION('',(0.,0.,1.));
#5610 = PCURVE('',#3219,#5611);
#5611 = DEFINITIONAL_REPRESENTATION('',(#5612),#5616);
#5612 = LINE('',#5613,#5614);
#5613 = CARTESIAN_POINT('',(0.,0.));
#5614 = VECTOR('',#5615,1.);
#5615 = DIRECTION('',(0.,1.));
#5616 = ( GEOMETRIC_REPRESENTATION_CONTEXT(2) 
PARAMETRIC_REPRESENTATION_CONTEXT() REPRESENTATION_CONTEXT('2D SPACE',''
  ) );
#5617 = PCURVE('',#3190,#5618);
#5618 = DEFINITIONAL_REPRESENTATION('',(#5619),#5623);
#5619 = LINE('',#5620,#5621);
#5620 = CARTESIAN_POINT('',(121.75,0.));
#5621 = VECTOR('',#5622,1.);
#5622 = DIRECTION('',(0.,-1.));
#5623 = ( GEOMETRIC_REPRESENTATION_CONTEXT(2) 
PARAMETRIC_REPRESENTATION_CONTEXT() REPRESENTATION_CONTEXT('2D SPACE',''
  ) );
#5624 = ORIENTED_EDGE('',*,*,#3202,.T.);
#5625 = ORIENTED_EDGE('',*,*,#5495,.T.);
#5626 = ORIENTED_EDGE('',*,*,#5627,.F.);
#5627 = EDGE_CURVE('',#5603,#5496,#5628,.T.);
#5628 = SURFACE_CURVE('',#5629,(#5634,#5641),.PCURVE_S1.);
#5629 = CIRCLE('',#5630,3.75);
#5630 = AXIS2_PLACEMENT_3D('',#5631,#5632,#5633);
#5631 = CARTESIAN_POINT('',(-59.,80.,4.7));
#5632 = DIRECTION('',(0.,0.,1.));
#5633 = DIRECTION('',(0.,-1.,0.));
#5634 = PCURVE('',#3219,#5635);
#5635 = DEFINITIONAL_REPRESENTATION('',(#5636),#5640);
#5636 = LINE('',#5637,#5638);
#5637 = CARTESIAN_POINT('',(-3.14159265359,0.25));
#5638 = VECTOR('',#5639,1.);
#5639 = DIRECTION('',(1.,0.));
#5640 = ( GEOMETRIC_REPRESENTATION_CONTEXT(2) 
PARAMETRIC_REPRESENTATION_CONTEXT() REPRESENTATION_CONTEXT('2D SPACE',''
  ) );
#5641 = PCURVE('',#5642,#5647);
#5642 = CYLINDRICAL_SURFACE('',#5643,3.75);
#5643 = AXIS2_PLACEMENT_3D('',#5644,#5645,#5646);
#5644 = CARTESIAN_POINT('',(-59.,80.,4.45));
#5645 = DIRECTION('',(0.,0.,1.));
#5646 = DIRECTION('',(-0.,1.,0.));
#5647 = DEFINITIONAL_REPRESENTATION('',(#5648),#5652);
#5648 = LINE('',#5649,#5650);
#5649 = CARTESIAN_POINT('',(-3.14159265359,0.25));
#5650 = VECTOR('',#5651,1.);
#5651 = DIRECTION('',(1.,0.));
#5652 = ( GEOMETRIC_REPRESENTATION_CONTEXT(2) 
PARAMETRIC_REPRESENTATION_CONTEXT() REPRESENTATION_CONTEXT('2D SPACE',''
  ) );
#5653 = ADVANCED_FACE('',(#5654),#3162,.T.);
#5654 = FACE_BOUND('',#5655,.T.);
#5655 = EDGE_LOOP('',(#5656,#5657,#5658,#5681));
#5656 = ORIENTED_EDGE('',*,*,#5578,.F.);
#5657 = ORIENTED_EDGE('',*,*,#3145,.T.);
#5658 = ORIENTED_EDGE('',*,*,#5659,.T.);
#5659 = EDGE_CURVE('',#3146,#5660,#5662,.T.);
#5660 = VERTEX_POINT('',#5661);
#5661 = CARTESIAN_POINT('',(59.,83.75,4.7));
#5662 = SURFACE_CURVE('',#5663,(#5667,#5674),.PCURVE_S1.);
#5663 = LINE('',#5664,#5665);
#5664 = CARTESIAN_POINT('',(59.,83.75,4.45));
#5665 = VECTOR('',#5666,1.);
#5666 = DIRECTION('',(0.,0.,1.));
#5667 = PCURVE('',#3162,#5668);
#5668 = DEFINITIONAL_REPRESENTATION('',(#5669),#5673);
#5669 = LINE('',#5670,#5671);
#5670 = CARTESIAN_POINT('',(1.570796326795,0.));
#5671 = VECTOR('',#5672,1.);
#5672 = DIRECTION('',(0.,1.));
#5673 = ( GEOMETRIC_REPRESENTATION_CONTEXT(2) 
PARAMETRIC_REPRESENTATION_CONTEXT() REPRESENTATION_CONTEXT('2D SPACE',''
  ) );
#5674 = PCURVE('',#3190,#5675);
#5675 = DEFINITIONAL_REPRESENTATION('',(#5676),#5680);
#5676 = LINE('',#5677,#5678);
#5677 = CARTESIAN_POINT('',(3.75,0.));
#5678 = VECTOR('',#5679,1.);
#5679 = DIRECTION('',(0.,-1.));
#5680 = ( GEOMETRIC_REPRESENTATION_CONTEXT(2) 
PARAMETRIC_REPRESENTATION_CONTEXT() REPRESENTATION_CONTEXT('2D SPACE',''
  ) );
#5681 = ORIENTED_EDGE('',*,*,#5682,.F.);
#5682 = EDGE_CURVE('',#5551,#5660,#5683,.T.);
#5683 = SURFACE_CURVE('',#5684,(#5689,#5696),.PCURVE_S1.);
#5684 = CIRCLE('',#5685,3.75);
#5685 = AXIS2_PLACEMENT_3D('',#5686,#5687,#5688);
#5686 = CARTESIAN_POINT('',(59.,80.,4.7));
#5687 = DIRECTION('',(0.,0.,1.));
#5688 = DIRECTION('',(0.,-1.,0.));
#5689 = PCURVE('',#3162,#5690);
#5690 = DEFINITIONAL_REPRESENTATION('',(#5691),#5695);
#5691 = LINE('',#5692,#5693);
#5692 = CARTESIAN_POINT('',(-1.570796326795,0.25));
#5693 = VECTOR('',#5694,1.);
#5694 = DIRECTION('',(1.,0.));
#5695 = ( GEOMETRIC_REPRESENTATION_CONTEXT(2) 
PARAMETRIC_REPRESENTATION_CONTEXT() REPRESENTATION_CONTEXT('2D SPACE',''
  ) );
#5696 = PCURVE('',#5697,#5702);
#5697 = CYLINDRICAL_SURFACE('',#5698,3.75);
#5698 = AXIS2_PLACEMENT_3D('',#5699,#5700,#5701);
#5699 = CARTESIAN_POINT('',(59.,80.,4.45));
#5700 = DIRECTION('',(0.,0.,1.));
#5701 = DIRECTION('',(1.,0.,-0.));
#5702 = DEFINITIONAL_REPRESENTATION('',(#5703),#5707);
#5703 = LINE('',#5704,#5705);
#5704 = CARTESIAN_POINT('',(-1.570796326795,0.25));
#5705 = VECTOR('',#5706,1.);
#5706 = DIRECTION('',(1.,0.));
#5707 = ( GEOMETRIC_REPRESENTATION_CONTEXT(2) 
PARAMETRIC_REPRESENTATION_CONTEXT() REPRESENTATION_CONTEXT('2D SPACE',''
  ) );
#5708 = ADVANCED_FACE('',(#5709),#3190,.F.);
#5709 = FACE_BOUND('',#5710,.F.);
#5710 = EDGE_LOOP('',(#5711,#5712,#5713,#5739));
#5711 = ORIENTED_EDGE('',*,*,#3174,.F.);
#5712 = ORIENTED_EDGE('',*,*,#5659,.T.);
#5713 = ORIENTED_EDGE('',*,*,#5714,.T.);
#5714 = EDGE_CURVE('',#5660,#5603,#5715,.T.);
#5715 = SURFACE_CURVE('',#5716,(#5720,#5727),.PCURVE_S1.);
#5716 = LINE('',#5717,#5718);
#5717 = CARTESIAN_POINT('',(62.75,83.75,4.7));
#5718 = VECTOR('',#5719,1.);
#5719 = DIRECTION('',(-1.,0.,0.));
#5720 = PCURVE('',#3190,#5721);
#5721 = DEFINITIONAL_REPRESENTATION('',(#5722),#5726);
#5722 = LINE('',#5723,#5724);
#5723 = CARTESIAN_POINT('',(0.,-0.25));
#5724 = VECTOR('',#5725,1.);
#5725 = DIRECTION('',(1.,0.));
#5726 = ( GEOMETRIC_REPRESENTATION_CONTEXT(2) 
PARAMETRIC_REPRESENTATION_CONTEXT() REPRESENTATION_CONTEXT('2D SPACE',''
  ) );
#5727 = PCURVE('',#5728,#5733);
#5728 = PLANE('',#5729);
#5729 = AXIS2_PLACEMENT_3D('',#5730,#5731,#5732);
#5730 = CARTESIAN_POINT('',(62.75,83.75,4.45));
#5731 = DIRECTION('',(0.,-1.,0.));
#5732 = DIRECTION('',(-1.,0.,0.));
#5733 = DEFINITIONAL_REPRESENTATION('',(#5734),#5738);
#5734 = LINE('',#5735,#5736);
#5735 = CARTESIAN_POINT('',(0.,-0.25));
#5736 = VECTOR('',#5737,1.);
#5737 = DIRECTION('',(1.,0.));
#5738 = ( GEOMETRIC_REPRESENTATION_CONTEXT(2) 
PARAMETRIC_REPRESENTATION_CONTEXT() REPRESENTATION_CONTEXT('2D SPACE',''
  ) );
#5739 = ORIENTED_EDGE('',*,*,#5602,.F.);
#5740 = ADVANCED_FACE('',(#5741),#3309,.T.);
#5741 = FACE_BOUND('',#5742,.T.);
#5742 = EDGE_LOOP('',(#5743,#5770,#5771));
#5743 = ORIENTED_EDGE('',*,*,#5744,.T.);
#5744 = EDGE_CURVE('',#5745,#3293,#5747,.T.);
#5745 = VERTEX_POINT('',#5746);
#5746 = CARTESIAN_POINT('',(61.55,82.55,4.556244584051));
#5747 = SURFACE_CURVE('',#5748,(#5753,#5760),.PCURVE_S1.);
#5748 = HYPERBOLA('',#5749,2.55,2.55);
#5749 = AXIS2_PLACEMENT_3D('',#5750,#5751,#5752);
#5750 = CARTESIAN_POINT('',(59.,82.55,0.95));
#5751 = DIRECTION('',(0.,-1.,0.));
#5752 = DIRECTION('',(0.,0.,1.));
#5753 = PCURVE('',#3309,#5754);
#5754 = DEFINITIONAL_REPRESENTATION('',(#5755),#5759);
#5755 = ( BOUNDED_CURVE() B_SPLINE_CURVE(2,(#5756,#5757,#5758),
.UNSPECIFIED.,.F.,.F.) B_SPLINE_CURVE_WITH_KNOTS((3,3),(-0.935638879435,
-0.72249074027),.PIECEWISE_BEZIER_KNOTS.) CURVE() 
GEOMETRIC_REPRESENTATION_ITEM() RATIONAL_B_SPLINE_CURVE((1.,
1.005684393393,1.)) REPRESENTATION_ITEM('') );
#5756 = CARTESIAN_POINT('',(-0.199545416974,-1.25));
#5757 = CARTESIAN_POINT('',(0.198601097135,-0.958074153826));
#5758 = CARTESIAN_POINT('',(0.543130547344,-0.745));
#5759 = ( GEOMETRIC_REPRESENTATION_CONTEXT(2) 
PARAMETRIC_REPRESENTATION_CONTEXT() REPRESENTATION_CONTEXT('2D SPACE',''
  ) );
#5760 = PCURVE('',#3363,#5761);
#5761 = DEFINITIONAL_REPRESENTATION('',(#5762),#5769);
#5762 = B_SPLINE_CURVE_WITH_KNOTS('',5,(#5763,#5764,#5765,#5766,#5767,
    #5768),.UNSPECIFIED.,.F.,.F.,(6,6),(-0.935638879435,-0.72249074027),
  .PIECEWISE_BEZIER_KNOTS.);
#5763 = CARTESIAN_POINT('',(2.318558961455,2.15));
#5764 = CARTESIAN_POINT('',(2.347547108381,2.032787902164));
#5765 = CARTESIAN_POINT('',(2.377667838334,1.924094318556));
#5766 = CARTESIAN_POINT('',(2.408929429108,1.82347554888));
#5767 = CARTESIAN_POINT('',(2.441324849779,1.730552097877));
#5768 = CARTESIAN_POINT('',(2.474824249155,1.645));
#5769 = ( GEOMETRIC_REPRESENTATION_CONTEXT(2) 
PARAMETRIC_REPRESENTATION_CONTEXT() REPRESENTATION_CONTEXT('2D SPACE',''
  ) );
#5770 = ORIENTED_EDGE('',*,*,#3292,.T.);
#5771 = ORIENTED_EDGE('',*,*,#5772,.T.);
#5772 = EDGE_CURVE('',#3295,#5745,#5773,.T.);
#5773 = SURFACE_CURVE('',#5774,(#5778,#5785),.PCURVE_S1.);
#5774 = LINE('',#5775,#5776);
#5775 = CARTESIAN_POINT('',(61.55,82.55,3.45));
#5776 = VECTOR('',#5777,1.);
#5777 = DIRECTION('',(0.,0.,1.));
#5778 = PCURVE('',#3309,#5779);
#5779 = DEFINITIONAL_REPRESENTATION('',(#5780),#5784);
#5780 = LINE('',#5781,#5782);
#5781 = CARTESIAN_POINT('',(0.,-0.));
#5782 = VECTOR('',#5783,1.);
#5783 = DIRECTION('',(0.,-1.));
#5784 = ( GEOMETRIC_REPRESENTATION_CONTEXT(2) 
PARAMETRIC_REPRESENTATION_CONTEXT() REPRESENTATION_CONTEXT('2D SPACE',''
  ) );
#5785 = PCURVE('',#3335,#5786);
#5786 = DEFINITIONAL_REPRESENTATION('',(#5787),#5791);
#5787 = LINE('',#5788,#5789);
#5788 = CARTESIAN_POINT('',(165.1,0.));
#5789 = VECTOR('',#5790,1.);
#5790 = DIRECTION('',(0.,-1.));
#5791 = ( GEOMETRIC_REPRESENTATION_CONTEXT(2) 
PARAMETRIC_REPRESENTATION_CONTEXT() REPRESENTATION_CONTEXT('2D SPACE',''
  ) );
#5792 = ADVANCED_FACE('',(#5793),#3363,.T.);
#5793 = FACE_BOUND('',#5794,.T.);
#5794 = EDGE_LOOP('',(#5795,#5796,#5797,#5815,#5816,#5817,#5842));
#5795 = ORIENTED_EDGE('',*,*,#4596,.F.);
#5796 = ORIENTED_EDGE('',*,*,#4568,.T.);
#5797 = ORIENTED_EDGE('',*,*,#5798,.T.);
#5798 = EDGE_CURVE('',#4544,#3606,#5799,.T.);
#5799 = SURFACE_CURVE('',#5800,(#5803,#5809),.PCURVE_S1.);
#5800 = B_SPLINE_CURVE_WITH_KNOTS('',1,(#5801,#5802),.UNSPECIFIED.,.F.,
  .F.,(2,2),(0.,1.),.PIECEWISE_BEZIER_KNOTS.);
#5801 = CARTESIAN_POINT('',(59.,81.6,2.55));
#5802 = CARTESIAN_POINT('',(59.,83.75,4.7));
#5803 = PCURVE('',#3363,#5804);
#5804 = DEFINITIONAL_REPRESENTATION('',(#5805),#5808);
#5805 = B_SPLINE_CURVE_WITH_KNOTS('',1,(#5806,#5807),.UNSPECIFIED.,.F.,
  .F.,(2,2),(0.,1.),.PIECEWISE_BEZIER_KNOTS.);
#5806 = CARTESIAN_POINT('',(3.14159265359,0.));
#5807 = CARTESIAN_POINT('',(3.14159265359,2.15));
#5808 = ( GEOMETRIC_REPRESENTATION_CONTEXT(2) 
PARAMETRIC_REPRESENTATION_CONTEXT() REPRESENTATION_CONTEXT('2D SPACE',''
  ) );
#5809 = PCURVE('',#3620,#5810);
#5810 = DEFINITIONAL_REPRESENTATION('',(#5811),#5814);
#5811 = B_SPLINE_CURVE_WITH_KNOTS('',1,(#5812,#5813),.UNSPECIFIED.,.F.,
  .F.,(2,2),(0.,1.),.PIECEWISE_BEZIER_KNOTS.);
#5812 = CARTESIAN_POINT('',(3.75,-3.040559159102));
#5813 = CARTESIAN_POINT('',(3.75,0.));
#5814 = ( GEOMETRIC_REPRESENTATION_CONTEXT(2) 
PARAMETRIC_REPRESENTATION_CONTEXT() REPRESENTATION_CONTEXT('2D SPACE',''
  ) );
#5815 = ORIENTED_EDGE('',*,*,#3631,.F.);
#5816 = ORIENTED_EDGE('',*,*,#5744,.F.);
#5817 = ORIENTED_EDGE('',*,*,#5818,.F.);
#5818 = EDGE_CURVE('',#3321,#5745,#5819,.T.);
#5819 = SURFACE_CURVE('',#5820,(#5825,#5835),.PCURVE_S1.);
#5820 = HYPERBOLA('',#5821,2.55,2.55);
#5821 = AXIS2_PLACEMENT_3D('',#5822,#5823,#5824);
#5822 = CARTESIAN_POINT('',(61.55,80.,0.95));
#5823 = DIRECTION('',(-1.,0.,0.));
#5824 = DIRECTION('',(0.,0.,1.));
#5825 = PCURVE('',#3363,#5826);
#5826 = DEFINITIONAL_REPRESENTATION('',(#5827),#5834);
#5827 = B_SPLINE_CURVE_WITH_KNOTS('',5,(#5828,#5829,#5830,#5831,#5832,
    #5833),.UNSPECIFIED.,.F.,.F.,(6,6),(0.72249074027,0.935638879435),
  .PIECEWISE_BEZIER_KNOTS.);
#5828 = CARTESIAN_POINT('',(2.23756473123,1.645));
#5829 = CARTESIAN_POINT('',(2.271064130605,1.730552097877));
#5830 = CARTESIAN_POINT('',(2.303459551276,1.82347554888));
#5831 = CARTESIAN_POINT('',(2.334721142051,1.924094318556));
#5832 = CARTESIAN_POINT('',(2.364841872003,2.032787902164));
#5833 = CARTESIAN_POINT('',(2.39383001893,2.15));
#5834 = ( GEOMETRIC_REPRESENTATION_CONTEXT(2) 
PARAMETRIC_REPRESENTATION_CONTEXT() REPRESENTATION_CONTEXT('2D SPACE',''
  ) );
#5835 = PCURVE('',#3335,#5836);
#5836 = DEFINITIONAL_REPRESENTATION('',(#5837),#5841);
#5837 = ( BOUNDED_CURVE() B_SPLINE_CURVE(2,(#5838,#5839,#5840),
.UNSPECIFIED.,.F.,.F.) B_SPLINE_CURVE_WITH_KNOTS((3,3),(0.72249074027,
0.935638879435),.PIECEWISE_BEZIER_KNOTS.) CURVE() 
GEOMETRIC_REPRESENTATION_ITEM() RATIONAL_B_SPLINE_CURVE((1.,
1.005684393393,1.)) REPRESENTATION_ITEM('') );
#5838 = CARTESIAN_POINT('',(164.55686945265,-0.745));
#5839 = CARTESIAN_POINT('',(164.90139890286,-0.958074153826));
#5840 = CARTESIAN_POINT('',(165.29954541697,-1.25));
#5841 = ( GEOMETRIC_REPRESENTATION_CONTEXT(2) 
PARAMETRIC_REPRESENTATION_CONTEXT() REPRESENTATION_CONTEXT('2D SPACE',''
  ) );
#5842 = ORIENTED_EDGE('',*,*,#3346,.F.);
#5843 = ADVANCED_FACE('',(#5844),#3620,.T.);
#5844 = FACE_BOUND('',#5845,.T.);
#5845 = EDGE_LOOP('',(#5846,#5847,#5870,#5888));
#5846 = ORIENTED_EDGE('',*,*,#5798,.F.);
#5847 = ORIENTED_EDGE('',*,*,#5848,.T.);
#5848 = EDGE_CURVE('',#4544,#5849,#5851,.T.);
#5849 = VERTEX_POINT('',#5850);
#5850 = CARTESIAN_POINT('',(-59.,81.6,2.55));
#5851 = SURFACE_CURVE('',#5852,(#5856,#5863),.PCURVE_S1.);
#5852 = LINE('',#5853,#5854);
#5853 = CARTESIAN_POINT('',(60.6,81.6,2.55));
#5854 = VECTOR('',#5855,1.);
#5855 = DIRECTION('',(-1.,0.,0.));
#5856 = PCURVE('',#3620,#5857);
#5857 = DEFINITIONAL_REPRESENTATION('',(#5858),#5862);
#5858 = LINE('',#5859,#5860);
#5859 = CARTESIAN_POINT('',(2.15,-3.040559159102));
#5860 = VECTOR('',#5861,1.);
#5861 = DIRECTION('',(1.,0.));
#5862 = ( GEOMETRIC_REPRESENTATION_CONTEXT(2) 
PARAMETRIC_REPRESENTATION_CONTEXT() REPRESENTATION_CONTEXT('2D SPACE',''
  ) );
#5863 = PCURVE('',#4557,#5864);
#5864 = DEFINITIONAL_REPRESENTATION('',(#5865),#5869);
#5865 = LINE('',#5866,#5867);
#5866 = CARTESIAN_POINT('',(0.,0.));
#5867 = VECTOR('',#5868,1.);
#5868 = DIRECTION('',(1.,0.));
#5869 = ( GEOMETRIC_REPRESENTATION_CONTEXT(2) 
PARAMETRIC_REPRESENTATION_CONTEXT() REPRESENTATION_CONTEXT('2D SPACE',''
  ) );
#5870 = ORIENTED_EDGE('',*,*,#5871,.T.);
#5871 = EDGE_CURVE('',#5849,#3582,#5872,.T.);
#5872 = SURFACE_CURVE('',#5873,(#5876,#5882),.PCURVE_S1.);
#5873 = B_SPLINE_CURVE_WITH_KNOTS('',1,(#5874,#5875),.UNSPECIFIED.,.F.,
  .F.,(2,2),(0.,1.),.PIECEWISE_BEZIER_KNOTS.);
#5874 = CARTESIAN_POINT('',(-59.,81.6,2.55));
#5875 = CARTESIAN_POINT('',(-59.,83.75,4.7));
#5876 = PCURVE('',#3620,#5877);
#5877 = DEFINITIONAL_REPRESENTATION('',(#5878),#5881);
#5878 = B_SPLINE_CURVE_WITH_KNOTS('',1,(#5879,#5880),.UNSPECIFIED.,.F.,
  .F.,(2,2),(0.,1.),.PIECEWISE_BEZIER_KNOTS.);
#5879 = CARTESIAN_POINT('',(121.75,-3.040559159102));
#5880 = CARTESIAN_POINT('',(121.75,0.));
#5881 = ( GEOMETRIC_REPRESENTATION_CONTEXT(2) 
PARAMETRIC_REPRESENTATION_CONTEXT() REPRESENTATION_CONTEXT('2D SPACE',''
  ) );
#5882 = PCURVE('',#3517,#5883);
#5883 = DEFINITIONAL_REPRESENTATION('',(#5884),#5887);
#5884 = B_SPLINE_CURVE_WITH_KNOTS('',1,(#5885,#5886),.UNSPECIFIED.,.F.,
  .F.,(2,2),(0.,1.),.PIECEWISE_BEZIER_KNOTS.);
#5885 = CARTESIAN_POINT('',(3.14159265359,0.));
#5886 = CARTESIAN_POINT('',(3.14159265359,2.15));
#5887 = ( GEOMETRIC_REPRESENTATION_CONTEXT(2) 
PARAMETRIC_REPRESENTATION_CONTEXT() REPRESENTATION_CONTEXT('2D SPACE',''
  ) );
#5888 = ORIENTED_EDGE('',*,*,#3605,.T.);
#5889 = ADVANCED_FACE('',(#5890),#3517,.T.);
#5890 = FACE_BOUND('',#5891,.T.);
#5891 = EDGE_LOOP('',(#5892,#5893,#5915,#5916,#5917,#5944,#5969));
#5892 = ORIENTED_EDGE('',*,*,#5871,.F.);
#5893 = ORIENTED_EDGE('',*,*,#5894,.T.);
#5894 = EDGE_CURVE('',#5849,#3659,#5895,.T.);
#5895 = SURFACE_CURVE('',#5896,(#5901,#5908),.PCURVE_S1.);
#5896 = CIRCLE('',#5897,1.6);
#5897 = AXIS2_PLACEMENT_3D('',#5898,#5899,#5900);
#5898 = CARTESIAN_POINT('',(-59.,80.,2.55));
#5899 = DIRECTION('',(0.,0.,1.));
#5900 = DIRECTION('',(0.,-1.,0.));
#5901 = PCURVE('',#3517,#5902);
#5902 = DEFINITIONAL_REPRESENTATION('',(#5903),#5907);
#5903 = LINE('',#5904,#5905);
#5904 = CARTESIAN_POINT('',(0.,0.));
#5905 = VECTOR('',#5906,1.);
#5906 = DIRECTION('',(1.,0.));
#5907 = ( GEOMETRIC_REPRESENTATION_CONTEXT(2) 
PARAMETRIC_REPRESENTATION_CONTEXT() REPRESENTATION_CONTEXT('2D SPACE',''
  ) );
#5908 = PCURVE('',#3693,#5909);
#5909 = DEFINITIONAL_REPRESENTATION('',(#5910),#5914);
#5910 = LINE('',#5911,#5912);
#5911 = CARTESIAN_POINT('',(0.,1.8));
#5912 = VECTOR('',#5913,1.);
#5913 = DIRECTION('',(1.,0.));
#5914 = ( GEOMETRIC_REPRESENTATION_CONTEXT(2) 
PARAMETRIC_REPRESENTATION_CONTEXT() REPRESENTATION_CONTEXT('2D SPACE',''
  ) );
#5915 = ORIENTED_EDGE('',*,*,#5252,.T.);
#5916 = ORIENTED_EDGE('',*,*,#3500,.F.);
#5917 = ORIENTED_EDGE('',*,*,#5918,.F.);
#5918 = EDGE_CURVE('',#5919,#3501,#5921,.T.);
#5919 = VERTEX_POINT('',#5920);
#5920 = CARTESIAN_POINT('',(-61.55,82.55,4.556244584051));
#5921 = SURFACE_CURVE('',#5922,(#5927,#5937),.PCURVE_S1.);
#5922 = HYPERBOLA('',#5923,2.55,2.55);
#5923 = AXIS2_PLACEMENT_3D('',#5924,#5925,#5926);
#5924 = CARTESIAN_POINT('',(-61.55,80.,0.95));
#5925 = DIRECTION('',(1.,0.,-0.));
#5926 = DIRECTION('',(0.,0.,1.));
#5927 = PCURVE('',#3517,#5928);
#5928 = DEFINITIONAL_REPRESENTATION('',(#5929),#5936);
#5929 = B_SPLINE_CURVE_WITH_KNOTS('',5,(#5930,#5931,#5932,#5933,#5934,
    #5935),.UNSPECIFIED.,.F.,.F.,(6,6),(-0.935638879435,-0.72249074027),
  .PIECEWISE_BEZIER_KNOTS.);
#5930 = CARTESIAN_POINT('',(3.88935528825,2.15));
#5931 = CARTESIAN_POINT('',(3.918343435176,2.032787902164));
#5932 = CARTESIAN_POINT('',(3.948464165129,1.924094318556));
#5933 = CARTESIAN_POINT('',(3.979725755903,1.82347554888));
#5934 = CARTESIAN_POINT('',(4.012121176574,1.730552097877));
#5935 = CARTESIAN_POINT('',(4.04562057595,1.645));
#5936 = ( GEOMETRIC_REPRESENTATION_CONTEXT(2) 
PARAMETRIC_REPRESENTATION_CONTEXT() REPRESENTATION_CONTEXT('2D SPACE',''
  ) );
#5937 = PCURVE('',#3544,#5938);
#5938 = DEFINITIONAL_REPRESENTATION('',(#5939),#5943);
#5939 = ( BOUNDED_CURVE() B_SPLINE_CURVE(2,(#5940,#5941,#5942),
.UNSPECIFIED.,.F.,.F.) B_SPLINE_CURVE_WITH_KNOTS((3,3),(-0.935638879435,
-0.72249074027),.PIECEWISE_BEZIER_KNOTS.) CURVE() 
GEOMETRIC_REPRESENTATION_ITEM() RATIONAL_B_SPLINE_CURVE((1.,
1.005684393393,1.)) REPRESENTATION_ITEM('') );
#5940 = CARTESIAN_POINT('',(-0.199545416974,-1.25));
#5941 = CARTESIAN_POINT('',(0.198601097135,-0.958074153826));
#5942 = CARTESIAN_POINT('',(0.543130547344,-0.745));
#5943 = ( GEOMETRIC_REPRESENTATION_CONTEXT(2) 
PARAMETRIC_REPRESENTATION_CONTEXT() REPRESENTATION_CONTEXT('2D SPACE',''
  ) );
#5944 = ORIENTED_EDGE('',*,*,#5945,.F.);
#5945 = EDGE_CURVE('',#3556,#5919,#5946,.T.);
#5946 = SURFACE_CURVE('',#5947,(#5952,#5962),.PCURVE_S1.);
#5947 = HYPERBOLA('',#5948,2.55,2.55);
#5948 = AXIS2_PLACEMENT_3D('',#5949,#5950,#5951);
#5949 = CARTESIAN_POINT('',(-59.,82.55,0.95));
#5950 = DIRECTION('',(0.,-1.,0.));
#5951 = DIRECTION('',(0.,0.,1.));
#5952 = PCURVE('',#3517,#5953);
#5953 = DEFINITIONAL_REPRESENTATION('',(#5954),#5961);
#5954 = B_SPLINE_CURVE_WITH_KNOTS('',5,(#5955,#5956,#5957,#5958,#5959,
    #5960),.UNSPECIFIED.,.F.,.F.,(6,6),(0.72249074027,0.935638879435),
  .PIECEWISE_BEZIER_KNOTS.);
#5955 = CARTESIAN_POINT('',(3.808361058024,1.645));
#5956 = CARTESIAN_POINT('',(3.8418604574,1.730552097876));
#5957 = CARTESIAN_POINT('',(3.874255878071,1.823475548879));
#5958 = CARTESIAN_POINT('',(3.905517468846,1.924094318556));
#5959 = CARTESIAN_POINT('',(3.935638198798,2.032787902164));
#5960 = CARTESIAN_POINT('',(3.964626345725,2.15));
#5961 = ( GEOMETRIC_REPRESENTATION_CONTEXT(2) 
PARAMETRIC_REPRESENTATION_CONTEXT() REPRESENTATION_CONTEXT('2D SPACE',''
  ) );
#5962 = PCURVE('',#3570,#5963);
#5963 = DEFINITIONAL_REPRESENTATION('',(#5964),#5968);
#5964 = ( BOUNDED_CURVE() B_SPLINE_CURVE(2,(#5965,#5966,#5967),
.UNSPECIFIED.,.F.,.F.) B_SPLINE_CURVE_WITH_KNOTS((3,3),(0.72249074027,
0.935638879435),.PIECEWISE_BEZIER_KNOTS.) CURVE() 
GEOMETRIC_REPRESENTATION_ITEM() RATIONAL_B_SPLINE_CURVE((1.,
1.005684393393,1.)) REPRESENTATION_ITEM('') );
#5965 = CARTESIAN_POINT('',(122.55686945265,-0.745));
#5966 = CARTESIAN_POINT('',(122.90139890286,-0.958074153826));
#5967 = CARTESIAN_POINT('',(123.29954541697,-1.25));
#5968 = ( GEOMETRIC_REPRESENTATION_CONTEXT(2) 
PARAMETRIC_REPRESENTATION_CONTEXT() REPRESENTATION_CONTEXT('2D SPACE',''
  ) );
#5969 = ORIENTED_EDGE('',*,*,#3581,.F.);
#5970 = ADVANCED_FACE('',(#5971),#3570,.T.);
#5971 = FACE_BOUND('',#5972,.T.);
#5972 = EDGE_LOOP('',(#5973,#5994,#5995));
#5973 = ORIENTED_EDGE('',*,*,#5974,.F.);
#5974 = EDGE_CURVE('',#3530,#5919,#5975,.T.);
#5975 = SURFACE_CURVE('',#5976,(#5980,#5987),.PCURVE_S1.);
#5976 = LINE('',#5977,#5978);
#5977 = CARTESIAN_POINT('',(-61.55,82.55,3.45));
#5978 = VECTOR('',#5979,1.);
#5979 = DIRECTION('',(0.,0.,1.));
#5980 = PCURVE('',#3570,#5981);
#5981 = DEFINITIONAL_REPRESENTATION('',(#5982),#5986);
#5982 = LINE('',#5983,#5984);
#5983 = CARTESIAN_POINT('',(123.1,0.));
#5984 = VECTOR('',#5985,1.);
#5985 = DIRECTION('',(0.,-1.));
#5986 = ( GEOMETRIC_REPRESENTATION_CONTEXT(2) 
PARAMETRIC_REPRESENTATION_CONTEXT() REPRESENTATION_CONTEXT('2D SPACE',''
  ) );
#5987 = PCURVE('',#3544,#5988);
#5988 = DEFINITIONAL_REPRESENTATION('',(#5989),#5993);
#5989 = LINE('',#5990,#5991);
#5990 = CARTESIAN_POINT('',(0.,0.));
#5991 = VECTOR('',#5992,1.);
#5992 = DIRECTION('',(0.,-1.));
#5993 = ( GEOMETRIC_REPRESENTATION_CONTEXT(2) 
PARAMETRIC_REPRESENTATION_CONTEXT() REPRESENTATION_CONTEXT('2D SPACE',''
  ) );
#5994 = ORIENTED_EDGE('',*,*,#3555,.T.);
#5995 = ORIENTED_EDGE('',*,*,#5945,.T.);
#5996 = ADVANCED_FACE('',(#5997),#3544,.T.);
#5997 = FACE_BOUND('',#5998,.T.);
#5998 = EDGE_LOOP('',(#5999,#6000,#6001));
#5999 = ORIENTED_EDGE('',*,*,#5918,.T.);
#6000 = ORIENTED_EDGE('',*,*,#3529,.T.);
#6001 = ORIENTED_EDGE('',*,*,#5974,.T.);
#6002 = ADVANCED_FACE('',(#6003),#3335,.T.);
#6003 = FACE_BOUND('',#6004,.T.);
#6004 = EDGE_LOOP('',(#6005,#6006,#6007));
#6005 = ORIENTED_EDGE('',*,*,#5772,.F.);
#6006 = ORIENTED_EDGE('',*,*,#3320,.T.);
#6007 = ORIENTED_EDGE('',*,*,#5818,.T.);
#6008 = ADVANCED_FACE('',(#6009),#3693,.T.);
#6009 = FACE_BOUND('',#6010,.T.);
#6010 = EDGE_LOOP('',(#6011,#6012,#6013,#6014));
#6011 = ORIENTED_EDGE('',*,*,#3755,.T.);
#6012 = ORIENTED_EDGE('',*,*,#3681,.T.);
#6013 = ORIENTED_EDGE('',*,*,#5894,.F.);
#6014 = ORIENTED_EDGE('',*,*,#6015,.F.);
#6015 = EDGE_CURVE('',#3710,#5849,#6016,.T.);
#6016 = SURFACE_CURVE('',#6017,(#6020,#6026),.PCURVE_S1.);
#6017 = B_SPLINE_CURVE_WITH_KNOTS('',1,(#6018,#6019),.UNSPECIFIED.,.F.,
  .F.,(2,2),(0.,1.),.PIECEWISE_BEZIER_KNOTS.);
#6018 = CARTESIAN_POINT('',(-59.,81.6,0.75));
#6019 = CARTESIAN_POINT('',(-59.,81.6,2.55));
#6020 = PCURVE('',#3693,#6021);
#6021 = DEFINITIONAL_REPRESENTATION('',(#6022),#6025);
#6022 = B_SPLINE_CURVE_WITH_KNOTS('',1,(#6023,#6024),.UNSPECIFIED.,.F.,
  .F.,(2,2),(0.,1.),.PIECEWISE_BEZIER_KNOTS.);
#6023 = CARTESIAN_POINT('',(3.14159265359,0.));
#6024 = CARTESIAN_POINT('',(3.14159265359,1.8));
#6025 = ( GEOMETRIC_REPRESENTATION_CONTEXT(2) 
PARAMETRIC_REPRESENTATION_CONTEXT() REPRESENTATION_CONTEXT('2D SPACE',''
  ) );
#6026 = PCURVE('',#4557,#6027);
#6027 = DEFINITIONAL_REPRESENTATION('',(#6028),#6031);
#6028 = B_SPLINE_CURVE_WITH_KNOTS('',1,(#6029,#6030),.UNSPECIFIED.,.F.,
  .F.,(2,2),(0.,1.),.PIECEWISE_BEZIER_KNOTS.);
#6029 = CARTESIAN_POINT('',(119.6,-1.8));
#6030 = CARTESIAN_POINT('',(119.6,0.));
#6031 = ( GEOMETRIC_REPRESENTATION_CONTEXT(2) 
PARAMETRIC_REPRESENTATION_CONTEXT() REPRESENTATION_CONTEXT('2D SPACE',''
  ) );
#6032 = ADVANCED_FACE('',(#6033),#3869,.F.);
#6033 = FACE_BOUND('',#6034,.F.);
#6034 = EDGE_LOOP('',(#6035,#6063,#6064,#6092));
#6035 = ORIENTED_EDGE('',*,*,#6036,.F.);
#6036 = EDGE_CURVE('',#3781,#6037,#6039,.T.);
#6037 = VERTEX_POINT('',#6038);
#6038 = CARTESIAN_POINT('',(-43.75,-63.9,4.45));
#6039 = SURFACE_CURVE('',#6040,(#6044,#6051),.PCURVE_S1.);
#6040 = LINE('',#6041,#6042);
#6041 = CARTESIAN_POINT('',(-43.75,35.9,4.45));
#6042 = VECTOR('',#6043,1.);
#6043 = DIRECTION('',(0.,-1.,0.));
#6044 = PCURVE('',#3869,#6045);
#6045 = DEFINITIONAL_REPRESENTATION('',(#6046),#6050);
#6046 = LINE('',#6047,#6048);
#6047 = CARTESIAN_POINT('',(0.,0.));
#6048 = VECTOR('',#6049,1.);
#6049 = DIRECTION('',(1.,0.));
#6050 = ( GEOMETRIC_REPRESENTATION_CONTEXT(2) 
PARAMETRIC_REPRESENTATION_CONTEXT() REPRESENTATION_CONTEXT('2D SPACE',''
  ) );
#6051 = PCURVE('',#6052,#6057);
#6052 = PLANE('',#6053);
#6053 = AXIS2_PLACEMENT_3D('',#6054,#6055,#6056);
#6054 = CARTESIAN_POINT('',(-26.5,-14.,4.45));
#6055 = DIRECTION('',(0.,0.,1.));
#6056 = DIRECTION('',(1.,0.,-0.));
#6057 = DEFINITIONAL_REPRESENTATION('',(#6058),#6062);
#6058 = LINE('',#6059,#6060);
#6059 = CARTESIAN_POINT('',(-17.25,49.9));
#6060 = VECTOR('',#6061,1.);
#6061 = DIRECTION('',(0.,-1.));
#6062 = ( GEOMETRIC_REPRESENTATION_CONTEXT(2) 
PARAMETRIC_REPRESENTATION_CONTEXT() REPRESENTATION_CONTEXT('2D SPACE',''
  ) );
#6063 = ORIENTED_EDGE('',*,*,#3856,.F.);
#6064 = ORIENTED_EDGE('',*,*,#6065,.T.);
#6065 = EDGE_CURVE('',#3829,#6066,#6068,.T.);
#6066 = VERTEX_POINT('',#6067);
#6067 = CARTESIAN_POINT('',(-43.75,-63.9,5.05));
#6068 = SURFACE_CURVE('',#6069,(#6073,#6080),.PCURVE_S1.);
#6069 = LINE('',#6070,#6071);
#6070 = CARTESIAN_POINT('',(-43.75,35.9,5.05));
#6071 = VECTOR('',#6072,1.);
#6072 = DIRECTION('',(0.,-1.,0.));
#6073 = PCURVE('',#3869,#6074);
#6074 = DEFINITIONAL_REPRESENTATION('',(#6075),#6079);
#6075 = LINE('',#6076,#6077);
#6076 = CARTESIAN_POINT('',(0.,-0.6));
#6077 = VECTOR('',#6078,1.);
#6078 = DIRECTION('',(1.,0.));
#6079 = ( GEOMETRIC_REPRESENTATION_CONTEXT(2) 
PARAMETRIC_REPRESENTATION_CONTEXT() REPRESENTATION_CONTEXT('2D SPACE',''
  ) );
#6080 = PCURVE('',#6081,#6086);
#6081 = PLANE('',#6082);
#6082 = AXIS2_PLACEMENT_3D('',#6083,#6084,#6085);
#6083 = CARTESIAN_POINT('',(-26.5,-14.,5.05));
#6084 = DIRECTION('',(0.,0.,1.));
#6085 = DIRECTION('',(1.,0.,-0.));
#6086 = DEFINITIONAL_REPRESENTATION('',(#6087),#6091);
#6087 = LINE('',#6088,#6089);
#6088 = CARTESIAN_POINT('',(-17.25,49.9));
#6089 = VECTOR('',#6090,1.);
#6090 = DIRECTION('',(0.,-1.));
#6091 = ( GEOMETRIC_REPRESENTATION_CONTEXT(2) 
PARAMETRIC_REPRESENTATION_CONTEXT() REPRESENTATION_CONTEXT('2D SPACE',''
  ) );
#6092 = ORIENTED_EDGE('',*,*,#6093,.F.);
#6093 = EDGE_CURVE('',#6037,#6066,#6094,.T.);
#6094 = SURFACE_CURVE('',#6095,(#6099,#6106),.PCURVE_S1.);
#6095 = LINE('',#6096,#6097);
#6096 = CARTESIAN_POINT('',(-43.75,-63.9,4.45));
#6097 = VECTOR('',#6098,1.);
#6098 = DIRECTION('',(0.,0.,1.));
#6099 = PCURVE('',#3869,#6100);
#6100 = DEFINITIONAL_REPRESENTATION('',(#6101),#6105);
#6101 = LINE('',#6102,#6103);
#6102 = CARTESIAN_POINT('',(99.8,0.));
#6103 = VECTOR('',#6104,1.);
#6104 = DIRECTION('',(0.,-1.));
#6105 = ( GEOMETRIC_REPRESENTATION_CONTEXT(2) 
PARAMETRIC_REPRESENTATION_CONTEXT() REPRESENTATION_CONTEXT('2D SPACE',''
  ) );
#6106 = PCURVE('',#6107,#6112);
#6107 = PLANE('',#6108);
#6108 = AXIS2_PLACEMENT_3D('',#6109,#6110,#6111);
#6109 = CARTESIAN_POINT('',(-43.75,-63.9,4.45));
#6110 = DIRECTION('',(0.,1.,0.));
#6111 = DIRECTION('',(1.,0.,0.));
#6112 = DEFINITIONAL_REPRESENTATION('',(#6113),#6117);
#6113 = LINE('',#6114,#6115);
#6114 = CARTESIAN_POINT('',(0.,0.));
#6115 = VECTOR('',#6116,1.);
#6116 = DIRECTION('',(0.,-1.));
#6117 = ( GEOMETRIC_REPRESENTATION_CONTEXT(2) 
PARAMETRIC_REPRESENTATION_CONTEXT() REPRESENTATION_CONTEXT('2D SPACE',''
  ) );
#6118 = ADVANCED_FACE('',(#6119),#3844,.T.);
#6119 = FACE_BOUND('',#6120,.T.);
#6120 = EDGE_LOOP('',(#6121,#6147,#6148,#6149));
#6121 = ORIENTED_EDGE('',*,*,#6122,.F.);
#6122 = EDGE_CURVE('',#3939,#3829,#6123,.T.);
#6123 = SURFACE_CURVE('',#6124,(#6128,#6135),.PCURVE_S1.);
#6124 = LINE('',#6125,#6126);
#6125 = CARTESIAN_POINT('',(-43.75,35.9,5.05));
#6126 = VECTOR('',#6127,1.);
#6127 = DIRECTION('',(0.,-1.,0.));
#6128 = PCURVE('',#3844,#6129);
#6129 = DEFINITIONAL_REPRESENTATION('',(#6130),#6134);
#6130 = LINE('',#6131,#6132);
#6131 = CARTESIAN_POINT('',(-43.75,94.9));
#6132 = VECTOR('',#6133,1.);
#6133 = DIRECTION('',(0.,-1.));
#6134 = ( GEOMETRIC_REPRESENTATION_CONTEXT(2) 
PARAMETRIC_REPRESENTATION_CONTEXT() REPRESENTATION_CONTEXT('2D SPACE',''
  ) );
#6135 = PCURVE('',#6136,#6141);
#6136 = PLANE('',#6137);
#6137 = AXIS2_PLACEMENT_3D('',#6138,#6139,#6140);
#6138 = CARTESIAN_POINT('',(0.,-59.,5.05));
#6139 = DIRECTION('',(0.,0.,1.));
#6140 = DIRECTION('',(1.,0.,-0.));
#6141 = DEFINITIONAL_REPRESENTATION('',(#6142),#6146);
#6142 = LINE('',#6143,#6144);
#6143 = CARTESIAN_POINT('',(-43.75,94.9));
#6144 = VECTOR('',#6145,1.);
#6145 = DIRECTION('',(0.,-1.));
#6146 = ( GEOMETRIC_REPRESENTATION_CONTEXT(2) 
PARAMETRIC_REPRESENTATION_CONTEXT() REPRESENTATION_CONTEXT('2D SPACE',''
  ) );
#6147 = ORIENTED_EDGE('',*,*,#3964,.T.);
#6148 = ORIENTED_EDGE('',*,*,#4463,.T.);
#6149 = ORIENTED_EDGE('',*,*,#3828,.T.);
#6150 = ADVANCED_FACE('',(#6151),#3899,.F.);
#6151 = FACE_BOUND('',#6152,.F.);
#6152 = EDGE_LOOP('',(#6153,#6183,#6209,#6210));
#6153 = ORIENTED_EDGE('',*,*,#6154,.T.);
#6154 = EDGE_CURVE('',#6155,#6157,#6159,.T.);
#6155 = VERTEX_POINT('',#6156);
#6156 = CARTESIAN_POINT('',(-9.25,-63.,4.45));
#6157 = VERTEX_POINT('',#6158);
#6158 = CARTESIAN_POINT('',(-9.25,-55.,4.45));
#6159 = SURFACE_CURVE('',#6160,(#6164,#6171),.PCURVE_S1.);
#6160 = LINE('',#6161,#6162);
#6161 = CARTESIAN_POINT('',(-9.25,-63.9,4.45));
#6162 = VECTOR('',#6163,1.);
#6163 = DIRECTION('',(0.,1.,0.));
#6164 = PCURVE('',#3899,#6165);
#6165 = DEFINITIONAL_REPRESENTATION('',(#6166),#6170);
#6166 = LINE('',#6167,#6168);
#6167 = CARTESIAN_POINT('',(-9.25,-4.9));
#6168 = VECTOR('',#6169,1.);
#6169 = DIRECTION('',(0.,1.));
#6170 = ( GEOMETRIC_REPRESENTATION_CONTEXT(2) 
PARAMETRIC_REPRESENTATION_CONTEXT() REPRESENTATION_CONTEXT('2D SPACE',''
  ) );
#6171 = PCURVE('',#6172,#6177);
#6172 = PLANE('',#6173);
#6173 = AXIS2_PLACEMENT_3D('',#6174,#6175,#6176);
#6174 = CARTESIAN_POINT('',(0.,-59.,4.45));
#6175 = DIRECTION('',(0.,0.,1.));
#6176 = DIRECTION('',(1.,0.,-0.));
#6177 = DEFINITIONAL_REPRESENTATION('',(#6178),#6182);
#6178 = LINE('',#6179,#6180);
#6179 = CARTESIAN_POINT('',(-9.25,-4.9));
#6180 = VECTOR('',#6181,1.);
#6181 = DIRECTION('',(0.,1.));
#6182 = ( GEOMETRIC_REPRESENTATION_CONTEXT(2) 
PARAMETRIC_REPRESENTATION_CONTEXT() REPRESENTATION_CONTEXT('2D SPACE',''
  ) );
#6183 = ORIENTED_EDGE('',*,*,#6184,.T.);
#6184 = EDGE_CURVE('',#6157,#3884,#6185,.T.);
#6185 = SURFACE_CURVE('',#6186,(#6190,#6197),.PCURVE_S1.);
#6186 = LINE('',#6187,#6188);
#6187 = CARTESIAN_POINT('',(60.75,-55.,4.45));
#6188 = VECTOR('',#6189,1.);
#6189 = DIRECTION('',(-1.,0.,0.));
#6190 = PCURVE('',#3899,#6191);
#6191 = DEFINITIONAL_REPRESENTATION('',(#6192),#6196);
#6192 = LINE('',#6193,#6194);
#6193 = CARTESIAN_POINT('',(60.75,4.));
#6194 = VECTOR('',#6195,1.);
#6195 = DIRECTION('',(-1.,0.));
#6196 = ( GEOMETRIC_REPRESENTATION_CONTEXT(2) 
PARAMETRIC_REPRESENTATION_CONTEXT() REPRESENTATION_CONTEXT('2D SPACE',''
  ) );
#6197 = PCURVE('',#6198,#6203);
#6198 = PLANE('',#6199);
#6199 = AXIS2_PLACEMENT_3D('',#6200,#6201,#6202);
#6200 = CARTESIAN_POINT('',(-26.5,-14.,4.45));
#6201 = DIRECTION('',(0.,0.,1.));
#6202 = DIRECTION('',(1.,0.,-0.));
#6203 = DEFINITIONAL_REPRESENTATION('',(#6204),#6208);
#6204 = LINE('',#6205,#6206);
#6205 = CARTESIAN_POINT('',(87.25,-41.));
#6206 = VECTOR('',#6207,1.);
#6207 = DIRECTION('',(-1.,0.));
#6208 = ( GEOMETRIC_REPRESENTATION_CONTEXT(2) 
PARAMETRIC_REPRESENTATION_CONTEXT() REPRESENTATION_CONTEXT('2D SPACE',''
  ) );
#6209 = ORIENTED_EDGE('',*,*,#3883,.T.);
#6210 = ORIENTED_EDGE('',*,*,#6211,.T.);
#6211 = EDGE_CURVE('',#3781,#6155,#6212,.T.);
#6212 = SURFACE_CURVE('',#6213,(#6217,#6224),.PCURVE_S1.);
#6213 = LINE('',#6214,#6215);
#6214 = CARTESIAN_POINT('',(-60.75,-63.,4.45));
#6215 = VECTOR('',#6216,1.);
#6216 = DIRECTION('',(1.,0.,0.));
#6217 = PCURVE('',#3899,#6218);
#6218 = DEFINITIONAL_REPRESENTATION('',(#6219),#6223);
#6219 = LINE('',#6220,#6221);
#6220 = CARTESIAN_POINT('',(-60.75,-4.));
#6221 = VECTOR('',#6222,1.);
#6222 = DIRECTION('',(1.,0.));
#6223 = ( GEOMETRIC_REPRESENTATION_CONTEXT(2) 
PARAMETRIC_REPRESENTATION_CONTEXT() REPRESENTATION_CONTEXT('2D SPACE',''
  ) );
#6224 = PCURVE('',#6052,#6225);
#6225 = DEFINITIONAL_REPRESENTATION('',(#6226),#6230);
#6226 = LINE('',#6227,#6228);
#6227 = CARTESIAN_POINT('',(-34.25,-49.));
#6228 = VECTOR('',#6229,1.);
#6229 = DIRECTION('',(1.,0.));
#6230 = ( GEOMETRIC_REPRESENTATION_CONTEXT(2) 
PARAMETRIC_REPRESENTATION_CONTEXT() REPRESENTATION_CONTEXT('2D SPACE',''
  ) );
#6231 = ADVANCED_FACE('',(#6232),#3953,.F.);
#6232 = FACE_BOUND('',#6233,.F.);
#6233 = EDGE_LOOP('',(#6234,#6255,#6256,#6284,#6312,#6333));
#6234 = ORIENTED_EDGE('',*,*,#6235,.F.);
#6235 = EDGE_CURVE('',#4014,#3884,#6236,.T.);
#6236 = SURFACE_CURVE('',#6237,(#6241,#6248),.PCURVE_S1.);
#6237 = LINE('',#6238,#6239);
#6238 = CARTESIAN_POINT('',(-43.75,35.9,4.45));
#6239 = VECTOR('',#6240,1.);
#6240 = DIRECTION('',(0.,-1.,0.));
#6241 = PCURVE('',#3953,#6242);
#6242 = DEFINITIONAL_REPRESENTATION('',(#6243),#6247);
#6243 = LINE('',#6244,#6245);
#6244 = CARTESIAN_POINT('',(0.,0.));
#6245 = VECTOR('',#6246,1.);
#6246 = DIRECTION('',(1.,0.));
#6247 = ( GEOMETRIC_REPRESENTATION_CONTEXT(2) 
PARAMETRIC_REPRESENTATION_CONTEXT() REPRESENTATION_CONTEXT('2D SPACE',''
  ) );
#6248 = PCURVE('',#6198,#6249);
#6249 = DEFINITIONAL_REPRESENTATION('',(#6250),#6254);
#6250 = LINE('',#6251,#6252);
#6251 = CARTESIAN_POINT('',(-17.25,49.9));
#6252 = VECTOR('',#6253,1.);
#6253 = DIRECTION('',(0.,-1.));
#6254 = ( GEOMETRIC_REPRESENTATION_CONTEXT(2) 
PARAMETRIC_REPRESENTATION_CONTEXT() REPRESENTATION_CONTEXT('2D SPACE',''
  ) );
#6255 = ORIENTED_EDGE('',*,*,#4089,.F.);
#6256 = ORIENTED_EDGE('',*,*,#6257,.T.);
#6257 = EDGE_CURVE('',#4062,#6258,#6260,.T.);
#6258 = VERTEX_POINT('',#6259);
#6259 = CARTESIAN_POINT('',(-43.75,-5.6,5.05));
#6260 = SURFACE_CURVE('',#6261,(#6265,#6272),.PCURVE_S1.);
#6261 = LINE('',#6262,#6263);
#6262 = CARTESIAN_POINT('',(-43.75,35.9,5.05));
#6263 = VECTOR('',#6264,1.);
#6264 = DIRECTION('',(0.,-1.,0.));
#6265 = PCURVE('',#3953,#6266);
#6266 = DEFINITIONAL_REPRESENTATION('',(#6267),#6271);
#6267 = LINE('',#6268,#6269);
#6268 = CARTESIAN_POINT('',(0.,-0.6));
#6269 = VECTOR('',#6270,1.);
#6270 = DIRECTION('',(1.,0.));
#6271 = ( GEOMETRIC_REPRESENTATION_CONTEXT(2) 
PARAMETRIC_REPRESENTATION_CONTEXT() REPRESENTATION_CONTEXT('2D SPACE',''
  ) );
#6272 = PCURVE('',#6273,#6278);
#6273 = PLANE('',#6274);
#6274 = AXIS2_PLACEMENT_3D('',#6275,#6276,#6277);
#6275 = CARTESIAN_POINT('',(-26.5,-14.,5.05));
#6276 = DIRECTION('',(0.,0.,1.));
#6277 = DIRECTION('',(1.,0.,-0.));
#6278 = DEFINITIONAL_REPRESENTATION('',(#6279),#6283);
#6279 = LINE('',#6280,#6281);
#6280 = CARTESIAN_POINT('',(-17.25,49.9));
#6281 = VECTOR('',#6282,1.);
#6282 = DIRECTION('',(0.,-1.));
#6283 = ( GEOMETRIC_REPRESENTATION_CONTEXT(2) 
PARAMETRIC_REPRESENTATION_CONTEXT() REPRESENTATION_CONTEXT('2D SPACE',''
  ) );
#6284 = ORIENTED_EDGE('',*,*,#6285,.T.);
#6285 = EDGE_CURVE('',#6258,#6286,#6288,.T.);
#6286 = VERTEX_POINT('',#6287);
#6287 = CARTESIAN_POINT('',(-43.75,-17.6,5.05));
#6288 = SURFACE_CURVE('',#6289,(#6293,#6300),.PCURVE_S1.);
#6289 = LINE('',#6290,#6291);
#6290 = CARTESIAN_POINT('',(-43.75,35.9,5.05));
#6291 = VECTOR('',#6292,1.);
#6292 = DIRECTION('',(0.,-1.,0.));
#6293 = PCURVE('',#3953,#6294);
#6294 = DEFINITIONAL_REPRESENTATION('',(#6295),#6299);
#6295 = LINE('',#6296,#6297);
#6296 = CARTESIAN_POINT('',(0.,-0.6));
#6297 = VECTOR('',#6298,1.);
#6298 = DIRECTION('',(1.,0.));
#6299 = ( GEOMETRIC_REPRESENTATION_CONTEXT(2) 
PARAMETRIC_REPRESENTATION_CONTEXT() REPRESENTATION_CONTEXT('2D SPACE',''
  ) );
#6300 = PCURVE('',#6301,#6306);
#6301 = PLANE('',#6302);
#6302 = AXIS2_PLACEMENT_3D('',#6303,#6304,#6305);
#6303 = CARTESIAN_POINT('',(-44.5,-11.6,5.05));
#6304 = DIRECTION('',(0.,0.,1.));
#6305 = DIRECTION('',(1.,0.,-0.));
#6306 = DEFINITIONAL_REPRESENTATION('',(#6307),#6311);
#6307 = LINE('',#6308,#6309);
#6308 = CARTESIAN_POINT('',(0.75,47.5));
#6309 = VECTOR('',#6310,1.);
#6310 = DIRECTION('',(0.,-1.));
#6311 = ( GEOMETRIC_REPRESENTATION_CONTEXT(2) 
PARAMETRIC_REPRESENTATION_CONTEXT() REPRESENTATION_CONTEXT('2D SPACE',''
  ) );
#6312 = ORIENTED_EDGE('',*,*,#6313,.T.);
#6313 = EDGE_CURVE('',#6286,#3939,#6314,.T.);
#6314 = SURFACE_CURVE('',#6315,(#6319,#6326),.PCURVE_S1.);
#6315 = LINE('',#6316,#6317);
#6316 = CARTESIAN_POINT('',(-43.75,35.9,5.05));
#6317 = VECTOR('',#6318,1.);
#6318 = DIRECTION('',(0.,-1.,0.));
#6319 = PCURVE('',#3953,#6320);
#6320 = DEFINITIONAL_REPRESENTATION('',(#6321),#6325);
#6321 = LINE('',#6322,#6323);
#6322 = CARTESIAN_POINT('',(0.,-0.6));
#6323 = VECTOR('',#6324,1.);
#6324 = DIRECTION('',(1.,0.));
#6325 = ( GEOMETRIC_REPRESENTATION_CONTEXT(2) 
PARAMETRIC_REPRESENTATION_CONTEXT() REPRESENTATION_CONTEXT('2D SPACE',''
  ) );
#6326 = PCURVE('',#6273,#6327);
#6327 = DEFINITIONAL_REPRESENTATION('',(#6328),#6332);
#6328 = LINE('',#6329,#6330);
#6329 = CARTESIAN_POINT('',(-17.25,49.9));
#6330 = VECTOR('',#6331,1.);
#6331 = DIRECTION('',(0.,-1.));
#6332 = ( GEOMETRIC_REPRESENTATION_CONTEXT(2) 
PARAMETRIC_REPRESENTATION_CONTEXT() REPRESENTATION_CONTEXT('2D SPACE',''
  ) );
#6333 = ORIENTED_EDGE('',*,*,#3938,.F.);
#6334 = ADVANCED_FACE('',(#6335),#4077,.T.);
#6335 = FACE_BOUND('',#6336,.T.);
#6336 = EDGE_LOOP('',(#6337,#6338,#6339,#6340));
#6337 = ORIENTED_EDGE('',*,*,#4192,.T.);
#6338 = ORIENTED_EDGE('',*,*,#4436,.T.);
#6339 = ORIENTED_EDGE('',*,*,#4061,.T.);
#6340 = ORIENTED_EDGE('',*,*,#6341,.F.);
#6341 = EDGE_CURVE('',#4167,#4062,#6342,.T.);
#6342 = SURFACE_CURVE('',#6343,(#6347,#6354),.PCURVE_S1.);
#6343 = LINE('',#6344,#6345);
#6344 = CARTESIAN_POINT('',(-43.75,35.9,5.05));
#6345 = VECTOR('',#6346,1.);
#6346 = DIRECTION('',(0.,-1.,0.));
#6347 = PCURVE('',#4077,#6348);
#6348 = DEFINITIONAL_REPRESENTATION('',(#6349),#6353);
#6349 = LINE('',#6350,#6351);
#6350 = CARTESIAN_POINT('',(-43.75,5.9));
#6351 = VECTOR('',#6352,1.);
#6352 = DIRECTION('',(0.,-1.));
#6353 = ( GEOMETRIC_REPRESENTATION_CONTEXT(2) 
PARAMETRIC_REPRESENTATION_CONTEXT() REPRESENTATION_CONTEXT('2D SPACE',''
  ) );
#6354 = PCURVE('',#6355,#6360);
#6355 = PLANE('',#6356);
#6356 = AXIS2_PLACEMENT_3D('',#6357,#6358,#6359);
#6357 = CARTESIAN_POINT('',(0.,30.,5.05));
#6358 = DIRECTION('',(0.,0.,1.));
#6359 = DIRECTION('',(1.,0.,-0.));
#6360 = DEFINITIONAL_REPRESENTATION('',(#6361),#6365);
#6361 = LINE('',#6362,#6363);
#6362 = CARTESIAN_POINT('',(-43.75,5.9));
#6363 = VECTOR('',#6364,1.);
#6364 = DIRECTION('',(0.,-1.));
#6365 = ( GEOMETRIC_REPRESENTATION_CONTEXT(2) 
PARAMETRIC_REPRESENTATION_CONTEXT() REPRESENTATION_CONTEXT('2D SPACE',''
  ) );
#6366 = ADVANCED_FACE('',(#6367),#4127,.F.);
#6367 = FACE_BOUND('',#6368,.F.);
#6368 = EDGE_LOOP('',(#6369,#6399,#6425,#6426));
#6369 = ORIENTED_EDGE('',*,*,#6370,.T.);
#6370 = EDGE_CURVE('',#6371,#6373,#6375,.T.);
#6371 = VERTEX_POINT('',#6372);
#6372 = CARTESIAN_POINT('',(-9.25,26.,4.45));
#6373 = VERTEX_POINT('',#6374);
#6374 = CARTESIAN_POINT('',(-9.25,34.,4.45));
#6375 = SURFACE_CURVE('',#6376,(#6380,#6387),.PCURVE_S1.);
#6376 = LINE('',#6377,#6378);
#6377 = CARTESIAN_POINT('',(-9.25,-63.9,4.45));
#6378 = VECTOR('',#6379,1.);
#6379 = DIRECTION('',(0.,1.,0.));
#6380 = PCURVE('',#4127,#6381);
#6381 = DEFINITIONAL_REPRESENTATION('',(#6382),#6386);
#6382 = LINE('',#6383,#6384);
#6383 = CARTESIAN_POINT('',(-9.25,-93.9));
#6384 = VECTOR('',#6385,1.);
#6385 = DIRECTION('',(0.,1.));
#6386 = ( GEOMETRIC_REPRESENTATION_CONTEXT(2) 
PARAMETRIC_REPRESENTATION_CONTEXT() REPRESENTATION_CONTEXT('2D SPACE',''
  ) );
#6387 = PCURVE('',#6388,#6393);
#6388 = PLANE('',#6389);
#6389 = AXIS2_PLACEMENT_3D('',#6390,#6391,#6392);
#6390 = CARTESIAN_POINT('',(0.,30.,4.45));
#6391 = DIRECTION('',(0.,0.,1.));
#6392 = DIRECTION('',(1.,0.,-0.));
#6393 = DEFINITIONAL_REPRESENTATION('',(#6394),#6398);
#6394 = LINE('',#6395,#6396);
#6395 = CARTESIAN_POINT('',(-9.25,-93.9));
#6396 = VECTOR('',#6397,1.);
#6397 = DIRECTION('',(0.,1.));
#6398 = ( GEOMETRIC_REPRESENTATION_CONTEXT(2) 
PARAMETRIC_REPRESENTATION_CONTEXT() REPRESENTATION_CONTEXT('2D SPACE',''
  ) );
#6399 = ORIENTED_EDGE('',*,*,#6400,.T.);
#6400 = EDGE_CURVE('',#6373,#4112,#6401,.T.);
#6401 = SURFACE_CURVE('',#6402,(#6406,#6413),.PCURVE_S1.);
#6402 = LINE('',#6403,#6404);
#6403 = CARTESIAN_POINT('',(60.75,34.,4.45));
#6404 = VECTOR('',#6405,1.);
#6405 = DIRECTION('',(-1.,0.,0.));
#6406 = PCURVE('',#4127,#6407);
#6407 = DEFINITIONAL_REPRESENTATION('',(#6408),#6412);
#6408 = LINE('',#6409,#6410);
#6409 = CARTESIAN_POINT('',(60.75,4.));
#6410 = VECTOR('',#6411,1.);
#6411 = DIRECTION('',(-1.,0.));
#6412 = ( GEOMETRIC_REPRESENTATION_CONTEXT(2) 
PARAMETRIC_REPRESENTATION_CONTEXT() REPRESENTATION_CONTEXT('2D SPACE',''
  ) );
#6413 = PCURVE('',#6414,#6419);
#6414 = PLANE('',#6415);
#6415 = AXIS2_PLACEMENT_3D('',#6416,#6417,#6418);
#6416 = CARTESIAN_POINT('',(-26.5,-14.,4.45));
#6417 = DIRECTION('',(0.,0.,1.));
#6418 = DIRECTION('',(1.,0.,-0.));
#6419 = DEFINITIONAL_REPRESENTATION('',(#6420),#6424);
#6420 = LINE('',#6421,#6422);
#6421 = CARTESIAN_POINT('',(87.25,48.));
#6422 = VECTOR('',#6423,1.);
#6423 = DIRECTION('',(-1.,0.));
#6424 = ( GEOMETRIC_REPRESENTATION_CONTEXT(2) 
PARAMETRIC_REPRESENTATION_CONTEXT() REPRESENTATION_CONTEXT('2D SPACE',''
  ) );
#6425 = ORIENTED_EDGE('',*,*,#4111,.T.);
#6426 = ORIENTED_EDGE('',*,*,#6427,.T.);
#6427 = EDGE_CURVE('',#4014,#6371,#6428,.T.);
#6428 = SURFACE_CURVE('',#6429,(#6433,#6440),.PCURVE_S1.);
#6429 = LINE('',#6430,#6431);
#6430 = CARTESIAN_POINT('',(-60.75,26.,4.45));
#6431 = VECTOR('',#6432,1.);
#6432 = DIRECTION('',(1.,0.,0.));
#6433 = PCURVE('',#4127,#6434);
#6434 = DEFINITIONAL_REPRESENTATION('',(#6435),#6439);
#6435 = LINE('',#6436,#6437);
#6436 = CARTESIAN_POINT('',(-60.75,-4.));
#6437 = VECTOR('',#6438,1.);
#6438 = DIRECTION('',(1.,0.));
#6439 = ( GEOMETRIC_REPRESENTATION_CONTEXT(2) 
PARAMETRIC_REPRESENTATION_CONTEXT() REPRESENTATION_CONTEXT('2D SPACE',''
  ) );
#6440 = PCURVE('',#6198,#6441);
#6441 = DEFINITIONAL_REPRESENTATION('',(#6442),#6446);
#6442 = LINE('',#6443,#6444);
#6443 = CARTESIAN_POINT('',(-34.25,40.));
#6444 = VECTOR('',#6445,1.);
#6445 = DIRECTION('',(1.,0.));
#6446 = ( GEOMETRIC_REPRESENTATION_CONTEXT(2) 
PARAMETRIC_REPRESENTATION_CONTEXT() REPRESENTATION_CONTEXT('2D SPACE',''
  ) );
#6447 = ADVANCED_FACE('',(#6448),#4181,.F.);
#6448 = FACE_BOUND('',#6449,.F.);
#6449 = EDGE_LOOP('',(#6450,#6473,#6501,#6527));
#6450 = ORIENTED_EDGE('',*,*,#6451,.F.);
#6451 = EDGE_CURVE('',#6452,#4112,#6454,.T.);
#6452 = VERTEX_POINT('',#6453);
#6453 = CARTESIAN_POINT('',(-43.75,35.9,4.45));
#6454 = SURFACE_CURVE('',#6455,(#6459,#6466),.PCURVE_S1.);
#6455 = LINE('',#6456,#6457);
#6456 = CARTESIAN_POINT('',(-43.75,35.9,4.45));
#6457 = VECTOR('',#6458,1.);
#6458 = DIRECTION('',(0.,-1.,0.));
#6459 = PCURVE('',#4181,#6460);
#6460 = DEFINITIONAL_REPRESENTATION('',(#6461),#6465);
#6461 = LINE('',#6462,#6463);
#6462 = CARTESIAN_POINT('',(0.,0.));
#6463 = VECTOR('',#6464,1.);
#6464 = DIRECTION('',(1.,0.));
#6465 = ( GEOMETRIC_REPRESENTATION_CONTEXT(2) 
PARAMETRIC_REPRESENTATION_CONTEXT() REPRESENTATION_CONTEXT('2D SPACE',''
  ) );
#6466 = PCURVE('',#6414,#6467);
#6467 = DEFINITIONAL_REPRESENTATION('',(#6468),#6472);
#6468 = LINE('',#6469,#6470);
#6469 = CARTESIAN_POINT('',(-17.25,49.9));
#6470 = VECTOR('',#6471,1.);
#6471 = DIRECTION('',(0.,-1.));
#6472 = ( GEOMETRIC_REPRESENTATION_CONTEXT(2) 
PARAMETRIC_REPRESENTATION_CONTEXT() REPRESENTATION_CONTEXT('2D SPACE',''
  ) );
#6473 = ORIENTED_EDGE('',*,*,#6474,.T.);
#6474 = EDGE_CURVE('',#6452,#6475,#6477,.T.);
#6475 = VERTEX_POINT('',#6476);
#6476 = CARTESIAN_POINT('',(-43.75,35.9,5.05));
#6477 = SURFACE_CURVE('',#6478,(#6482,#6489),.PCURVE_S1.);
#6478 = LINE('',#6479,#6480);
#6479 = CARTESIAN_POINT('',(-43.75,35.9,4.45));
#6480 = VECTOR('',#6481,1.);
#6481 = DIRECTION('',(0.,0.,1.));
#6482 = PCURVE('',#4181,#6483);
#6483 = DEFINITIONAL_REPRESENTATION('',(#6484),#6488);
#6484 = LINE('',#6485,#6486);
#6485 = CARTESIAN_POINT('',(0.,0.));
#6486 = VECTOR('',#6487,1.);
#6487 = DIRECTION('',(0.,-1.));
#6488 = ( GEOMETRIC_REPRESENTATION_CONTEXT(2) 
PARAMETRIC_REPRESENTATION_CONTEXT() REPRESENTATION_CONTEXT('2D SPACE',''
  ) );
#6489 = PCURVE('',#6490,#6495);
#6490 = PLANE('',#6491);
#6491 = AXIS2_PLACEMENT_3D('',#6492,#6493,#6494);
#6492 = CARTESIAN_POINT('',(-9.25,35.9,4.45));
#6493 = DIRECTION('',(0.,-1.,0.));
#6494 = DIRECTION('',(-1.,0.,0.));
#6495 = DEFINITIONAL_REPRESENTATION('',(#6496),#6500);
#6496 = LINE('',#6497,#6498);
#6497 = CARTESIAN_POINT('',(34.5,0.));
#6498 = VECTOR('',#6499,1.);
#6499 = DIRECTION('',(0.,-1.));
#6500 = ( GEOMETRIC_REPRESENTATION_CONTEXT(2) 
PARAMETRIC_REPRESENTATION_CONTEXT() REPRESENTATION_CONTEXT('2D SPACE',''
  ) );
#6501 = ORIENTED_EDGE('',*,*,#6502,.T.);
#6502 = EDGE_CURVE('',#6475,#4167,#6503,.T.);
#6503 = SURFACE_CURVE('',#6504,(#6508,#6515),.PCURVE_S1.);
#6504 = LINE('',#6505,#6506);
#6505 = CARTESIAN_POINT('',(-43.75,35.9,5.05));
#6506 = VECTOR('',#6507,1.);
#6507 = DIRECTION('',(0.,-1.,0.));
#6508 = PCURVE('',#4181,#6509);
#6509 = DEFINITIONAL_REPRESENTATION('',(#6510),#6514);
#6510 = LINE('',#6511,#6512);
#6511 = CARTESIAN_POINT('',(0.,-0.6));
#6512 = VECTOR('',#6513,1.);
#6513 = DIRECTION('',(1.,0.));
#6514 = ( GEOMETRIC_REPRESENTATION_CONTEXT(2) 
PARAMETRIC_REPRESENTATION_CONTEXT() REPRESENTATION_CONTEXT('2D SPACE',''
  ) );
#6515 = PCURVE('',#6516,#6521);
#6516 = PLANE('',#6517);
#6517 = AXIS2_PLACEMENT_3D('',#6518,#6519,#6520);
#6518 = CARTESIAN_POINT('',(-26.5,-14.,5.05));
#6519 = DIRECTION('',(0.,0.,1.));
#6520 = DIRECTION('',(1.,0.,-0.));
#6521 = DEFINITIONAL_REPRESENTATION('',(#6522),#6526);
#6522 = LINE('',#6523,#6524);
#6523 = CARTESIAN_POINT('',(-17.25,49.9));
#6524 = VECTOR('',#6525,1.);
#6525 = DIRECTION('',(0.,-1.));
#6526 = ( GEOMETRIC_REPRESENTATION_CONTEXT(2) 
PARAMETRIC_REPRESENTATION_CONTEXT() REPRESENTATION_CONTEXT('2D SPACE',''
  ) );
#6527 = ORIENTED_EDGE('',*,*,#4166,.F.);
#6528 = ADVANCED_FACE('',(#6529,#6723),#4301,.T.);
#6529 = FACE_BOUND('',#6530,.T.);
#6530 = EDGE_LOOP('',(#6531,#6556,#6580,#6603,#6627,#6650,#6674,#6697));
#6531 = ORIENTED_EDGE('',*,*,#6532,.T.);
#6532 = EDGE_CURVE('',#6533,#6535,#6537,.T.);
#6533 = VERTEX_POINT('',#6534);
#6534 = CARTESIAN_POINT('',(-59.,-83.75,7.));
#6535 = VERTEX_POINT('',#6536);
#6536 = CARTESIAN_POINT('',(59.,-83.75,7.));
#6537 = SURFACE_CURVE('',#6538,(#6542,#6549),.PCURVE_S1.);
#6538 = LINE('',#6539,#6540);
#6539 = CARTESIAN_POINT('',(-62.75,-83.75,7.));
#6540 = VECTOR('',#6541,1.);
#6541 = DIRECTION('',(1.,0.,0.));
#6542 = PCURVE('',#4301,#6543);
#6543 = DEFINITIONAL_REPRESENTATION('',(#6544),#6548);
#6544 = LINE('',#6545,#6546);
#6545 = CARTESIAN_POINT('',(-62.75,-83.75));
#6546 = VECTOR('',#6547,1.);
#6547 = DIRECTION('',(1.,0.));
#6548 = ( GEOMETRIC_REPRESENTATION_CONTEXT(2) 
PARAMETRIC_REPRESENTATION_CONTEXT() REPRESENTATION_CONTEXT('2D SPACE',''
  ) );
#6549 = PCURVE('',#5348,#6550);
#6550 = DEFINITIONAL_REPRESENTATION('',(#6551),#6555);
#6551 = LINE('',#6552,#6553);
#6552 = CARTESIAN_POINT('',(0.,-2.55));
#6553 = VECTOR('',#6554,1.);
#6554 = DIRECTION('',(1.,0.));
#6555 = ( GEOMETRIC_REPRESENTATION_CONTEXT(2) 
PARAMETRIC_REPRESENTATION_CONTEXT() REPRESENTATION_CONTEXT('2D SPACE',''
  ) );
#6556 = ORIENTED_EDGE('',*,*,#6557,.T.);
#6557 = EDGE_CURVE('',#6535,#6558,#6560,.T.);
#6558 = VERTEX_POINT('',#6559);
#6559 = CARTESIAN_POINT('',(62.75,-80.,7.));
#6560 = SURFACE_CURVE('',#6561,(#6566,#6573),.PCURVE_S1.);
#6561 = CIRCLE('',#6562,3.75);
#6562 = AXIS2_PLACEMENT_3D('',#6563,#6564,#6565);
#6563 = CARTESIAN_POINT('',(59.,-80.,7.));
#6564 = DIRECTION('',(0.,0.,1.));
#6565 = DIRECTION('',(0.,-1.,0.));
#6566 = PCURVE('',#4301,#6567);
#6567 = DEFINITIONAL_REPRESENTATION('',(#6568),#6572);
#6568 = CIRCLE('',#6569,3.75);
#6569 = AXIS2_PLACEMENT_2D('',#6570,#6571);
#6570 = CARTESIAN_POINT('',(59.,-80.));
#6571 = DIRECTION('',(0.,-1.));
#6572 = ( GEOMETRIC_REPRESENTATION_CONTEXT(2) 
PARAMETRIC_REPRESENTATION_CONTEXT() REPRESENTATION_CONTEXT('2D SPACE',''
  ) );
#6573 = PCURVE('',#5479,#6574);
#6574 = DEFINITIONAL_REPRESENTATION('',(#6575),#6579);
#6575 = LINE('',#6576,#6577);
#6576 = CARTESIAN_POINT('',(0.,2.55));
#6577 = VECTOR('',#6578,1.);
#6578 = DIRECTION('',(1.,0.));
#6579 = ( GEOMETRIC_REPRESENTATION_CONTEXT(2) 
PARAMETRIC_REPRESENTATION_CONTEXT() REPRESENTATION_CONTEXT('2D SPACE',''
  ) );
#6580 = ORIENTED_EDGE('',*,*,#6581,.T.);
#6581 = EDGE_CURVE('',#6558,#6582,#6584,.T.);
#6582 = VERTEX_POINT('',#6583);
#6583 = CARTESIAN_POINT('',(62.75,80.,7.));
#6584 = SURFACE_CURVE('',#6585,(#6589,#6596),.PCURVE_S1.);
#6585 = LINE('',#6586,#6587);
#6586 = CARTESIAN_POINT('',(62.75,-83.75,7.));
#6587 = VECTOR('',#6588,1.);
#6588 = DIRECTION('',(0.,1.,0.));
#6589 = PCURVE('',#4301,#6590);
#6590 = DEFINITIONAL_REPRESENTATION('',(#6591),#6595);
#6591 = LINE('',#6592,#6593);
#6592 = CARTESIAN_POINT('',(62.75,-83.75));
#6593 = VECTOR('',#6594,1.);
#6594 = DIRECTION('',(0.,1.));
#6595 = ( GEOMETRIC_REPRESENTATION_CONTEXT(2) 
PARAMETRIC_REPRESENTATION_CONTEXT() REPRESENTATION_CONTEXT('2D SPACE',''
  ) );
#6596 = PCURVE('',#5566,#6597);
#6597 = DEFINITIONAL_REPRESENTATION('',(#6598),#6602);
#6598 = LINE('',#6599,#6600);
#6599 = CARTESIAN_POINT('',(0.,-2.55));
#6600 = VECTOR('',#6601,1.);
#6601 = DIRECTION('',(1.,0.));
#6602 = ( GEOMETRIC_REPRESENTATION_CONTEXT(2) 
PARAMETRIC_REPRESENTATION_CONTEXT() REPRESENTATION_CONTEXT('2D SPACE',''
  ) );
#6603 = ORIENTED_EDGE('',*,*,#6604,.T.);
#6604 = EDGE_CURVE('',#6582,#6605,#6607,.T.);
#6605 = VERTEX_POINT('',#6606);
#6606 = CARTESIAN_POINT('',(59.,83.75,7.));
#6607 = SURFACE_CURVE('',#6608,(#6613,#6620),.PCURVE_S1.);
#6608 = CIRCLE('',#6609,3.75);
#6609 = AXIS2_PLACEMENT_3D('',#6610,#6611,#6612);
#6610 = CARTESIAN_POINT('',(59.,80.,7.));
#6611 = DIRECTION('',(0.,0.,1.));
#6612 = DIRECTION('',(0.,-1.,0.));
#6613 = PCURVE('',#4301,#6614);
#6614 = DEFINITIONAL_REPRESENTATION('',(#6615),#6619);
#6615 = CIRCLE('',#6616,3.75);
#6616 = AXIS2_PLACEMENT_2D('',#6617,#6618);
#6617 = CARTESIAN_POINT('',(59.,80.));
#6618 = DIRECTION('',(0.,-1.));
#6619 = ( GEOMETRIC_REPRESENTATION_CONTEXT(2) 
PARAMETRIC_REPRESENTATION_CONTEXT() REPRESENTATION_CONTEXT('2D SPACE',''
  ) );
#6620 = PCURVE('',#5697,#6621);
#6621 = DEFINITIONAL_REPRESENTATION('',(#6622),#6626);
#6622 = LINE('',#6623,#6624);
#6623 = CARTESIAN_POINT('',(-1.570796326795,2.55));
#6624 = VECTOR('',#6625,1.);
#6625 = DIRECTION('',(1.,0.));
#6626 = ( GEOMETRIC_REPRESENTATION_CONTEXT(2) 
PARAMETRIC_REPRESENTATION_CONTEXT() REPRESENTATION_CONTEXT('2D SPACE',''
  ) );
#6627 = ORIENTED_EDGE('',*,*,#6628,.T.);
#6628 = EDGE_CURVE('',#6605,#6629,#6631,.T.);
#6629 = VERTEX_POINT('',#6630);
#6630 = CARTESIAN_POINT('',(-59.,83.75,7.));
#6631 = SURFACE_CURVE('',#6632,(#6636,#6643),.PCURVE_S1.);
#6632 = LINE('',#6633,#6634);
#6633 = CARTESIAN_POINT('',(62.75,83.75,7.));
#6634 = VECTOR('',#6635,1.);
#6635 = DIRECTION('',(-1.,0.,0.));
#6636 = PCURVE('',#4301,#6637);
#6637 = DEFINITIONAL_REPRESENTATION('',(#6638),#6642);
#6638 = LINE('',#6639,#6640);
#6639 = CARTESIAN_POINT('',(62.75,83.75));
#6640 = VECTOR('',#6641,1.);
#6641 = DIRECTION('',(-1.,0.));
#6642 = ( GEOMETRIC_REPRESENTATION_CONTEXT(2) 
PARAMETRIC_REPRESENTATION_CONTEXT() REPRESENTATION_CONTEXT('2D SPACE',''
  ) );
#6643 = PCURVE('',#5728,#6644);
#6644 = DEFINITIONAL_REPRESENTATION('',(#6645),#6649);
#6645 = LINE('',#6646,#6647);
#6646 = CARTESIAN_POINT('',(0.,-2.55));
#6647 = VECTOR('',#6648,1.);
#6648 = DIRECTION('',(1.,0.));
#6649 = ( GEOMETRIC_REPRESENTATION_CONTEXT(2) 
PARAMETRIC_REPRESENTATION_CONTEXT() REPRESENTATION_CONTEXT('2D SPACE',''
  ) );
#6650 = ORIENTED_EDGE('',*,*,#6651,.T.);
#6651 = EDGE_CURVE('',#6629,#6652,#6654,.T.);
#6652 = VERTEX_POINT('',#6653);
#6653 = CARTESIAN_POINT('',(-62.75,80.,7.));
#6654 = SURFACE_CURVE('',#6655,(#6660,#6667),.PCURVE_S1.);
#6655 = CIRCLE('',#6656,3.75);
#6656 = AXIS2_PLACEMENT_3D('',#6657,#6658,#6659);
#6657 = CARTESIAN_POINT('',(-59.,80.,7.));
#6658 = DIRECTION('',(0.,0.,1.));
#6659 = DIRECTION('',(0.,-1.,0.));
#6660 = PCURVE('',#4301,#6661);
#6661 = DEFINITIONAL_REPRESENTATION('',(#6662),#6666);
#6662 = CIRCLE('',#6663,3.75);
#6663 = AXIS2_PLACEMENT_2D('',#6664,#6665);
#6664 = CARTESIAN_POINT('',(-59.,80.));
#6665 = DIRECTION('',(0.,-1.));
#6666 = ( GEOMETRIC_REPRESENTATION_CONTEXT(2) 
PARAMETRIC_REPRESENTATION_CONTEXT() REPRESENTATION_CONTEXT('2D SPACE',''
  ) );
#6667 = PCURVE('',#5642,#6668);
#6668 = DEFINITIONAL_REPRESENTATION('',(#6669),#6673);
#6669 = LINE('',#6670,#6671);
#6670 = CARTESIAN_POINT('',(-3.14159265359,2.55));
#6671 = VECTOR('',#6672,1.);
#6672 = DIRECTION('',(1.,0.));
#6673 = ( GEOMETRIC_REPRESENTATION_CONTEXT(2) 
PARAMETRIC_REPRESENTATION_CONTEXT() REPRESENTATION_CONTEXT('2D SPACE',''
  ) );
#6674 = ORIENTED_EDGE('',*,*,#6675,.T.);
#6675 = EDGE_CURVE('',#6652,#6676,#6678,.T.);
#6676 = VERTEX_POINT('',#6677);
#6677 = CARTESIAN_POINT('',(-62.75,-80.,7.));
#6678 = SURFACE_CURVE('',#6679,(#6683,#6690),.PCURVE_S1.);
#6679 = LINE('',#6680,#6681);
#6680 = CARTESIAN_POINT('',(-62.75,83.75,7.));
#6681 = VECTOR('',#6682,1.);
#6682 = DIRECTION('',(0.,-1.,0.));
#6683 = PCURVE('',#4301,#6684);
#6684 = DEFINITIONAL_REPRESENTATION('',(#6685),#6689);
#6685 = LINE('',#6686,#6687);
#6686 = CARTESIAN_POINT('',(-62.75,83.75));
#6687 = VECTOR('',#6688,1.);
#6688 = DIRECTION('',(0.,-1.));
#6689 = ( GEOMETRIC_REPRESENTATION_CONTEXT(2) 
PARAMETRIC_REPRESENTATION_CONTEXT() REPRESENTATION_CONTEXT('2D SPACE',''
  ) );
#6690 = PCURVE('',#5532,#6691);
#6691 = DEFINITIONAL_REPRESENTATION('',(#6692),#6696);
#6692 = LINE('',#6693,#6694);
#6693 = CARTESIAN_POINT('',(0.,-2.55));
#6694 = VECTOR('',#6695,1.);
#6695 = DIRECTION('',(1.,0.));
#6696 = ( GEOMETRIC_REPRESENTATION_CONTEXT(2) 
PARAMETRIC_REPRESENTATION_CONTEXT() REPRESENTATION_CONTEXT('2D SPACE',''
  ) );
#6697 = ORIENTED_EDGE('',*,*,#6698,.F.);
#6698 = EDGE_CURVE('',#6533,#6676,#6699,.T.);
#6699 = SURFACE_CURVE('',#6700,(#6705,#6716),.PCURVE_S1.);
#6700 = CIRCLE('',#6701,3.75);
#6701 = AXIS2_PLACEMENT_3D('',#6702,#6703,#6704);
#6702 = CARTESIAN_POINT('',(-59.,-80.,7.));
#6703 = DIRECTION('',(-0.,-0.,-1.));
#6704 = DIRECTION('',(0.,-1.,0.));
#6705 = PCURVE('',#4301,#6706);
#6706 = DEFINITIONAL_REPRESENTATION('',(#6707),#6715);
#6707 = ( BOUNDED_CURVE() B_SPLINE_CURVE(2,(#6708,#6709,#6710,#6711,
#6712,#6713,#6714),.UNSPECIFIED.,.T.,.F.) B_SPLINE_CURVE_WITH_KNOTS((1,2
    ,2,2,2,1),(-2.094395102393,0.,2.094395102393,4.188790204786,
6.28318530718,8.377580409573),.UNSPECIFIED.) CURVE() 
GEOMETRIC_REPRESENTATION_ITEM() RATIONAL_B_SPLINE_CURVE((1.,0.5,1.,0.5,
1.,0.5,1.)) REPRESENTATION_ITEM('') );
#6708 = CARTESIAN_POINT('',(-59.,-83.75));
#6709 = CARTESIAN_POINT('',(-65.49519052838,-83.75));
#6710 = CARTESIAN_POINT('',(-62.24759526419,-78.125));
#6711 = CARTESIAN_POINT('',(-59.,-72.5));
#6712 = CARTESIAN_POINT('',(-55.7524047358,-78.125));
#6713 = CARTESIAN_POINT('',(-52.50480947161,-83.75));
#6714 = CARTESIAN_POINT('',(-59.,-83.75));
#6715 = ( GEOMETRIC_REPRESENTATION_CONTEXT(2) 
PARAMETRIC_REPRESENTATION_CONTEXT() REPRESENTATION_CONTEXT('2D SPACE',''
  ) );
#6716 = PCURVE('',#5424,#6717);
#6717 = DEFINITIONAL_REPRESENTATION('',(#6718),#6722);
#6718 = LINE('',#6719,#6720);
#6719 = CARTESIAN_POINT('',(-0.,2.55));
#6720 = VECTOR('',#6721,1.);
#6721 = DIRECTION('',(-1.,0.));
#6722 = ( GEOMETRIC_REPRESENTATION_CONTEXT(2) 
PARAMETRIC_REPRESENTATION_CONTEXT() REPRESENTATION_CONTEXT('2D SPACE',''
  ) );
#6723 = FACE_BOUND('',#6724,.T.);
#6724 = EDGE_LOOP('',(#6725,#6726,#6727,#6728));
#6725 = ORIENTED_EDGE('',*,*,#4288,.T.);
#6726 = ORIENTED_EDGE('',*,*,#4387,.T.);
#6727 = ORIENTED_EDGE('',*,*,#4412,.T.);
#6728 = ORIENTED_EDGE('',*,*,#4340,.T.);
#6729 = ADVANCED_FACE('',(#6730),#4557,.T.);
#6730 = FACE_BOUND('',#6731,.T.);
#6731 = EDGE_LOOP('',(#6732,#6733,#6734,#6735));
#6732 = ORIENTED_EDGE('',*,*,#4672,.T.);
#6733 = ORIENTED_EDGE('',*,*,#6015,.T.);
#6734 = ORIENTED_EDGE('',*,*,#5848,.F.);
#6735 = ORIENTED_EDGE('',*,*,#4543,.F.);
#6736 = ADVANCED_FACE('',(#6737),#4720,.F.);
#6737 = FACE_BOUND('',#6738,.F.);
#6738 = EDGE_LOOP('',(#6739,#6740,#6741,#6769));
#6739 = ORIENTED_EDGE('',*,*,#4821,.F.);
#6740 = ORIENTED_EDGE('',*,*,#4704,.T.);
#6741 = ORIENTED_EDGE('',*,*,#6742,.F.);
#6742 = EDGE_CURVE('',#6743,#4705,#6745,.T.);
#6743 = VERTEX_POINT('',#6744);
#6744 = CARTESIAN_POINT('',(37.5355,34.2345,4.45));
#6745 = SURFACE_CURVE('',#6746,(#6750,#6757),.PCURVE_S1.);
#6746 = LINE('',#6747,#6748);
#6747 = CARTESIAN_POINT('',(35.175,34.2345,4.45));
#6748 = VECTOR('',#6749,1.);
#6749 = DIRECTION('',(1.,0.,0.));
#6750 = PCURVE('',#4720,#6751);
#6751 = DEFINITIONAL_REPRESENTATION('',(#6752),#6756);
#6752 = LINE('',#6753,#6754);
#6753 = CARTESIAN_POINT('',(8.6395,53.97425));
#6754 = VECTOR('',#6755,1.);
#6755 = DIRECTION('',(1.,0.));
#6756 = ( GEOMETRIC_REPRESENTATION_CONTEXT(2) 
PARAMETRIC_REPRESENTATION_CONTEXT() REPRESENTATION_CONTEXT('2D SPACE',''
  ) );
#6757 = PCURVE('',#6758,#6763);
#6758 = PLANE('',#6759);
#6759 = AXIS2_PLACEMENT_3D('',#6760,#6761,#6762);
#6760 = CARTESIAN_POINT('',(40.175,39.2345,4.45));
#6761 = DIRECTION('',(0.,0.,1.));
#6762 = DIRECTION('',(1.,0.,-0.));
#6763 = DEFINITIONAL_REPRESENTATION('',(#6764),#6768);
#6764 = LINE('',#6765,#6766);
#6765 = CARTESIAN_POINT('',(-5.,-5.));
#6766 = VECTOR('',#6767,1.);
#6767 = DIRECTION('',(1.,0.));
#6768 = ( GEOMETRIC_REPRESENTATION_CONTEXT(2) 
PARAMETRIC_REPRESENTATION_CONTEXT() REPRESENTATION_CONTEXT('2D SPACE',''
  ) );
#6769 = ORIENTED_EDGE('',*,*,#6770,.F.);
#6770 = EDGE_CURVE('',#4822,#6743,#6771,.T.);
#6771 = SURFACE_CURVE('',#6772,(#6776,#6783),.PCURVE_S1.);
#6772 = LINE('',#6773,#6774);
#6773 = CARTESIAN_POINT('',(37.5355,-72.2705,4.45));
#6774 = VECTOR('',#6775,1.);
#6775 = DIRECTION('',(0.,1.,0.));
#6776 = PCURVE('',#4720,#6777);
#6777 = DEFINITIONAL_REPRESENTATION('',(#6778),#6782);
#6778 = LINE('',#6779,#6780);
#6779 = CARTESIAN_POINT('',(11.,-52.53075));
#6780 = VECTOR('',#6781,1.);
#6781 = DIRECTION('',(0.,1.));
#6782 = ( GEOMETRIC_REPRESENTATION_CONTEXT(2) 
PARAMETRIC_REPRESENTATION_CONTEXT() REPRESENTATION_CONTEXT('2D SPACE',''
  ) );
#6783 = PCURVE('',#6784,#6789);
#6784 = PLANE('',#6785);
#6785 = AXIS2_PLACEMENT_3D('',#6786,#6787,#6788);
#6786 = CARTESIAN_POINT('',(26.5355,-14.,4.45));
#6787 = DIRECTION('',(0.,0.,1.));
#6788 = DIRECTION('',(1.,0.,-0.));
#6789 = DEFINITIONAL_REPRESENTATION('',(#6790),#6794);
#6790 = LINE('',#6791,#6792);
#6791 = CARTESIAN_POINT('',(11.,-58.2705));
#6792 = VECTOR('',#6793,1.);
#6793 = DIRECTION('',(0.,1.));
#6794 = ( GEOMETRIC_REPRESENTATION_CONTEXT(2) 
PARAMETRIC_REPRESENTATION_CONTEXT() REPRESENTATION_CONTEXT('2D SPACE',''
  ) );
#6795 = ADVANCED_FACE('',(#6796),#4774,.F.);
#6796 = FACE_BOUND('',#6797,.F.);
#6797 = EDGE_LOOP('',(#6798,#6826,#6827,#6855));
#6798 = ORIENTED_EDGE('',*,*,#6799,.F.);
#6799 = EDGE_CURVE('',#4705,#6800,#6802,.T.);
#6800 = VERTEX_POINT('',#6801);
#6801 = CARTESIAN_POINT('',(45.175,34.2345,4.45));
#6802 = SURFACE_CURVE('',#6803,(#6807,#6814),.PCURVE_S1.);
#6803 = LINE('',#6804,#6805);
#6804 = CARTESIAN_POINT('',(35.175,34.2345,4.45));
#6805 = VECTOR('',#6806,1.);
#6806 = DIRECTION('',(1.,0.,0.));
#6807 = PCURVE('',#4774,#6808);
#6808 = DEFINITIONAL_REPRESENTATION('',(#6809),#6813);
#6809 = LINE('',#6810,#6811);
#6810 = CARTESIAN_POINT('',(0.,0.));
#6811 = VECTOR('',#6812,1.);
#6812 = DIRECTION('',(1.,0.));
#6813 = ( GEOMETRIC_REPRESENTATION_CONTEXT(2) 
PARAMETRIC_REPRESENTATION_CONTEXT() REPRESENTATION_CONTEXT('2D SPACE',''
  ) );
#6814 = PCURVE('',#6815,#6820);
#6815 = PLANE('',#6816);
#6816 = AXIS2_PLACEMENT_3D('',#6817,#6818,#6819);
#6817 = CARTESIAN_POINT('',(40.175,39.2345,4.45));
#6818 = DIRECTION('',(0.,0.,1.));
#6819 = DIRECTION('',(1.,0.,-0.));
#6820 = DEFINITIONAL_REPRESENTATION('',(#6821),#6825);
#6821 = LINE('',#6822,#6823);
#6822 = CARTESIAN_POINT('',(-5.,-5.));
#6823 = VECTOR('',#6824,1.);
#6824 = DIRECTION('',(1.,0.));
#6825 = ( GEOMETRIC_REPRESENTATION_CONTEXT(2) 
PARAMETRIC_REPRESENTATION_CONTEXT() REPRESENTATION_CONTEXT('2D SPACE',''
  ) );
#6826 = ORIENTED_EDGE('',*,*,#4761,.T.);
#6827 = ORIENTED_EDGE('',*,*,#6828,.T.);
#6828 = EDGE_CURVE('',#4734,#6829,#6831,.T.);
#6829 = VERTEX_POINT('',#6830);
#6830 = CARTESIAN_POINT('',(45.175,34.2345,5.05));
#6831 = SURFACE_CURVE('',#6832,(#6836,#6843),.PCURVE_S1.);
#6832 = LINE('',#6833,#6834);
#6833 = CARTESIAN_POINT('',(35.175,34.2345,5.05));
#6834 = VECTOR('',#6835,1.);
#6835 = DIRECTION('',(1.,0.,0.));
#6836 = PCURVE('',#4774,#6837);
#6837 = DEFINITIONAL_REPRESENTATION('',(#6838),#6842);
#6838 = LINE('',#6839,#6840);
#6839 = CARTESIAN_POINT('',(0.,-0.6));
#6840 = VECTOR('',#6841,1.);
#6841 = DIRECTION('',(1.,0.));
#6842 = ( GEOMETRIC_REPRESENTATION_CONTEXT(2) 
PARAMETRIC_REPRESENTATION_CONTEXT() REPRESENTATION_CONTEXT('2D SPACE',''
  ) );
#6843 = PCURVE('',#6844,#6849);
#6844 = PLANE('',#6845);
#6845 = AXIS2_PLACEMENT_3D('',#6846,#6847,#6848);
#6846 = CARTESIAN_POINT('',(40.175,39.2345,5.05));
#6847 = DIRECTION('',(0.,0.,1.));
#6848 = DIRECTION('',(1.,0.,-0.));
#6849 = DEFINITIONAL_REPRESENTATION('',(#6850),#6854);
#6850 = LINE('',#6851,#6852);
#6851 = CARTESIAN_POINT('',(-5.,-5.));
#6852 = VECTOR('',#6853,1.);
#6853 = DIRECTION('',(1.,0.));
#6854 = ( GEOMETRIC_REPRESENTATION_CONTEXT(2) 
PARAMETRIC_REPRESENTATION_CONTEXT() REPRESENTATION_CONTEXT('2D SPACE',''
  ) );
#6855 = ORIENTED_EDGE('',*,*,#6856,.F.);
#6856 = EDGE_CURVE('',#6800,#6829,#6857,.T.);
#6857 = SURFACE_CURVE('',#6858,(#6862,#6869),.PCURVE_S1.);
#6858 = LINE('',#6859,#6860);
#6859 = CARTESIAN_POINT('',(45.175,34.2345,4.45));
#6860 = VECTOR('',#6861,1.);
#6861 = DIRECTION('',(0.,0.,1.));
#6862 = PCURVE('',#4774,#6863);
#6863 = DEFINITIONAL_REPRESENTATION('',(#6864),#6868);
#6864 = LINE('',#6865,#6866);
#6865 = CARTESIAN_POINT('',(10.,0.));
#6866 = VECTOR('',#6867,1.);
#6867 = DIRECTION('',(0.,-1.));
#6868 = ( GEOMETRIC_REPRESENTATION_CONTEXT(2) 
PARAMETRIC_REPRESENTATION_CONTEXT() REPRESENTATION_CONTEXT('2D SPACE',''
  ) );
#6869 = PCURVE('',#6870,#6875);
#6870 = PLANE('',#6871);
#6871 = AXIS2_PLACEMENT_3D('',#6872,#6873,#6874);
#6872 = CARTESIAN_POINT('',(45.175,34.2345,4.45));
#6873 = DIRECTION('',(-1.,0.,0.));
#6874 = DIRECTION('',(0.,1.,0.));
#6875 = DEFINITIONAL_REPRESENTATION('',(#6876),#6880);
#6876 = LINE('',#6877,#6878);
#6877 = CARTESIAN_POINT('',(0.,0.));
#6878 = VECTOR('',#6879,1.);
#6879 = DIRECTION('',(0.,-1.));
#6880 = ( GEOMETRIC_REPRESENTATION_CONTEXT(2) 
PARAMETRIC_REPRESENTATION_CONTEXT() REPRESENTATION_CONTEXT('2D SPACE',''
  ) );
#6881 = ADVANCED_FACE('',(#6882),#4749,.T.);
#6882 = FACE_BOUND('',#6883,.T.);
#6883 = EDGE_LOOP('',(#6884,#6914,#6935,#6936));
#6884 = ORIENTED_EDGE('',*,*,#6885,.F.);
#6885 = EDGE_CURVE('',#6886,#6888,#6890,.T.);
#6886 = VERTEX_POINT('',#6887);
#6887 = CARTESIAN_POINT('',(39.5355,34.,5.05));
#6888 = VERTEX_POINT('',#6889);
#6889 = CARTESIAN_POINT('',(39.5355,34.2345,5.05));
#6890 = SURFACE_CURVE('',#6891,(#6895,#6902),.PCURVE_S1.);
#6891 = LINE('',#6892,#6893);
#6892 = CARTESIAN_POINT('',(39.5355,-78.75,5.05));
#6893 = VECTOR('',#6894,1.);
#6894 = DIRECTION('',(0.,1.,0.));
#6895 = PCURVE('',#4749,#6896);
#6896 = DEFINITIONAL_REPRESENTATION('',(#6897),#6901);
#6897 = LINE('',#6898,#6899);
#6898 = CARTESIAN_POINT('',(13.,-59.01025));
#6899 = VECTOR('',#6900,1.);
#6900 = DIRECTION('',(0.,1.));
#6901 = ( GEOMETRIC_REPRESENTATION_CONTEXT(2) 
PARAMETRIC_REPRESENTATION_CONTEXT() REPRESENTATION_CONTEXT('2D SPACE',''
  ) );
#6902 = PCURVE('',#6903,#6908);
#6903 = PLANE('',#6904);
#6904 = AXIS2_PLACEMENT_3D('',#6905,#6906,#6907);
#6905 = CARTESIAN_POINT('',(39.5355,-78.75,5.05));
#6906 = DIRECTION('',(-1.,0.,0.));
#6907 = DIRECTION('',(0.,1.,0.));
#6908 = DEFINITIONAL_REPRESENTATION('',(#6909),#6913);
#6909 = LINE('',#6910,#6911);
#6910 = CARTESIAN_POINT('',(0.,0.));
#6911 = VECTOR('',#6912,1.);
#6912 = DIRECTION('',(1.,0.));
#6913 = ( GEOMETRIC_REPRESENTATION_CONTEXT(2) 
PARAMETRIC_REPRESENTATION_CONTEXT() REPRESENTATION_CONTEXT('2D SPACE',''
  ) );
#6914 = ORIENTED_EDGE('',*,*,#6915,.F.);
#6915 = EDGE_CURVE('',#2455,#6886,#6916,.T.);
#6916 = SURFACE_CURVE('',#6917,(#6921,#6928),.PCURVE_S1.);
#6917 = LINE('',#6918,#6919);
#6918 = CARTESIAN_POINT('',(60.75,34.,5.05));
#6919 = VECTOR('',#6920,1.);
#6920 = DIRECTION('',(-1.,0.,0.));
#6921 = PCURVE('',#4749,#6922);
#6922 = DEFINITIONAL_REPRESENTATION('',(#6923),#6927);
#6923 = LINE('',#6924,#6925);
#6924 = CARTESIAN_POINT('',(34.2145,53.73975));
#6925 = VECTOR('',#6926,1.);
#6926 = DIRECTION('',(-1.,0.));
#6927 = ( GEOMETRIC_REPRESENTATION_CONTEXT(2) 
PARAMETRIC_REPRESENTATION_CONTEXT() REPRESENTATION_CONTEXT('2D SPACE',''
  ) );
#6928 = PCURVE('',#4802,#6929);
#6929 = DEFINITIONAL_REPRESENTATION('',(#6930),#6934);
#6930 = LINE('',#6931,#6932);
#6931 = CARTESIAN_POINT('',(60.75,4.));
#6932 = VECTOR('',#6933,1.);
#6933 = DIRECTION('',(-1.,0.));
#6934 = ( GEOMETRIC_REPRESENTATION_CONTEXT(2) 
PARAMETRIC_REPRESENTATION_CONTEXT() REPRESENTATION_CONTEXT('2D SPACE',''
  ) );
#6935 = ORIENTED_EDGE('',*,*,#4733,.T.);
#6936 = ORIENTED_EDGE('',*,*,#6937,.F.);
#6937 = EDGE_CURVE('',#6888,#4734,#6938,.T.);
#6938 = SURFACE_CURVE('',#6939,(#6943,#6950),.PCURVE_S1.);
#6939 = LINE('',#6940,#6941);
#6940 = CARTESIAN_POINT('',(35.175,34.2345,5.05));
#6941 = VECTOR('',#6942,1.);
#6942 = DIRECTION('',(1.,0.,0.));
#6943 = PCURVE('',#4749,#6944);
#6944 = DEFINITIONAL_REPRESENTATION('',(#6945),#6949);
#6945 = LINE('',#6946,#6947);
#6946 = CARTESIAN_POINT('',(8.6395,53.97425));
#6947 = VECTOR('',#6948,1.);
#6948 = DIRECTION('',(1.,0.));
#6949 = ( GEOMETRIC_REPRESENTATION_CONTEXT(2) 
PARAMETRIC_REPRESENTATION_CONTEXT() REPRESENTATION_CONTEXT('2D SPACE',''
  ) );
#6950 = PCURVE('',#6951,#6956);
#6951 = PLANE('',#6952);
#6952 = AXIS2_PLACEMENT_3D('',#6953,#6954,#6955);
#6953 = CARTESIAN_POINT('',(40.175,39.2345,5.05));
#6954 = DIRECTION('',(0.,0.,1.));
#6955 = DIRECTION('',(1.,0.,-0.));
#6956 = DEFINITIONAL_REPRESENTATION('',(#6957),#6961);
#6957 = LINE('',#6958,#6959);
#6958 = CARTESIAN_POINT('',(-5.,-5.));
#6959 = VECTOR('',#6960,1.);
#6960 = DIRECTION('',(1.,0.));
#6961 = ( GEOMETRIC_REPRESENTATION_CONTEXT(2) 
PARAMETRIC_REPRESENTATION_CONTEXT() REPRESENTATION_CONTEXT('2D SPACE',''
  ) );
#6962 = ADVANCED_FACE('',(#6963),#4802,.T.);
#6963 = FACE_BOUND('',#6964,.T.);
#6964 = EDGE_LOOP('',(#6965,#6988,#7009,#7010));
#6965 = ORIENTED_EDGE('',*,*,#6966,.F.);
#6966 = EDGE_CURVE('',#6967,#6886,#6969,.T.);
#6967 = VERTEX_POINT('',#6968);
#6968 = CARTESIAN_POINT('',(39.5355,26.,5.05));
#6969 = SURFACE_CURVE('',#6970,(#6974,#6981),.PCURVE_S1.);
#6970 = LINE('',#6971,#6972);
#6971 = CARTESIAN_POINT('',(39.5355,-78.75,5.05));
#6972 = VECTOR('',#6973,1.);
#6973 = DIRECTION('',(0.,1.,0.));
#6974 = PCURVE('',#4802,#6975);
#6975 = DEFINITIONAL_REPRESENTATION('',(#6976),#6980);
#6976 = LINE('',#6977,#6978);
#6977 = CARTESIAN_POINT('',(39.5355,-108.75));
#6978 = VECTOR('',#6979,1.);
#6979 = DIRECTION('',(0.,1.));
#6980 = ( GEOMETRIC_REPRESENTATION_CONTEXT(2) 
PARAMETRIC_REPRESENTATION_CONTEXT() REPRESENTATION_CONTEXT('2D SPACE',''
  ) );
#6981 = PCURVE('',#6903,#6982);
#6982 = DEFINITIONAL_REPRESENTATION('',(#6983),#6987);
#6983 = LINE('',#6984,#6985);
#6984 = CARTESIAN_POINT('',(0.,0.));
#6985 = VECTOR('',#6986,1.);
#6986 = DIRECTION('',(1.,0.));
#6987 = ( GEOMETRIC_REPRESENTATION_CONTEXT(2) 
PARAMETRIC_REPRESENTATION_CONTEXT() REPRESENTATION_CONTEXT('2D SPACE',''
  ) );
#6988 = ORIENTED_EDGE('',*,*,#6989,.T.);
#6989 = EDGE_CURVE('',#6967,#2565,#6990,.T.);
#6990 = SURFACE_CURVE('',#6991,(#6995,#7002),.PCURVE_S1.);
#6991 = LINE('',#6992,#6993);
#6992 = CARTESIAN_POINT('',(-60.75,26.,5.05));
#6993 = VECTOR('',#6994,1.);
#6994 = DIRECTION('',(1.,0.,0.));
#6995 = PCURVE('',#4802,#6996);
#6996 = DEFINITIONAL_REPRESENTATION('',(#6997),#7001);
#6997 = LINE('',#6998,#6999);
#6998 = CARTESIAN_POINT('',(-60.75,-4.));
#6999 = VECTOR('',#7000,1.);
#7000 = DIRECTION('',(1.,0.));
#7001 = ( GEOMETRIC_REPRESENTATION_CONTEXT(2) 
PARAMETRIC_REPRESENTATION_CONTEXT() REPRESENTATION_CONTEXT('2D SPACE',''
  ) );
#7002 = PCURVE('',#4937,#7003);
#7003 = DEFINITIONAL_REPRESENTATION('',(#7004),#7008);
#7004 = LINE('',#7005,#7006);
#7005 = CARTESIAN_POINT('',(-87.2855,45.73975));
#7006 = VECTOR('',#7007,1.);
#7007 = DIRECTION('',(1.,0.));
#7008 = ( GEOMETRIC_REPRESENTATION_CONTEXT(2) 
PARAMETRIC_REPRESENTATION_CONTEXT() REPRESENTATION_CONTEXT('2D SPACE',''
  ) );
#7009 = ORIENTED_EDGE('',*,*,#4788,.T.);
#7010 = ORIENTED_EDGE('',*,*,#6915,.T.);
#7011 = ADVANCED_FACE('',(#7012),#4886,.F.);
#7012 = FACE_BOUND('',#7013,.F.);
#7013 = EDGE_LOOP('',(#7014,#7015,#7016,#7017));
#7014 = ORIENTED_EDGE('',*,*,#5096,.F.);
#7015 = ORIENTED_EDGE('',*,*,#4901,.T.);
#7016 = ORIENTED_EDGE('',*,*,#4872,.F.);
#7017 = ORIENTED_EDGE('',*,*,#7018,.F.);
#7018 = EDGE_CURVE('',#5097,#4845,#7019,.T.);
#7019 = SURFACE_CURVE('',#7020,(#7024,#7031),.PCURVE_S1.);
#7020 = LINE('',#7021,#7022);
#7021 = CARTESIAN_POINT('',(37.5355,-72.2705,4.45));
#7022 = VECTOR('',#7023,1.);
#7023 = DIRECTION('',(0.,1.,0.));
#7024 = PCURVE('',#4886,#7025);
#7025 = DEFINITIONAL_REPRESENTATION('',(#7026),#7030);
#7026 = LINE('',#7027,#7028);
#7027 = CARTESIAN_POINT('',(11.,-52.53075));
#7028 = VECTOR('',#7029,1.);
#7029 = DIRECTION('',(0.,1.));
#7030 = ( GEOMETRIC_REPRESENTATION_CONTEXT(2) 
PARAMETRIC_REPRESENTATION_CONTEXT() REPRESENTATION_CONTEXT('2D SPACE',''
  ) );
#7031 = PCURVE('',#7032,#7037);
#7032 = PLANE('',#7033);
#7033 = AXIS2_PLACEMENT_3D('',#7034,#7035,#7036);
#7034 = CARTESIAN_POINT('',(26.5355,-14.,4.45));
#7035 = DIRECTION('',(0.,0.,1.));
#7036 = DIRECTION('',(1.,0.,-0.));
#7037 = DEFINITIONAL_REPRESENTATION('',(#7038),#7042);
#7038 = LINE('',#7039,#7040);
#7039 = CARTESIAN_POINT('',(11.,-58.2705));
#7040 = VECTOR('',#7041,1.);
#7041 = DIRECTION('',(0.,1.));
#7042 = ( GEOMETRIC_REPRESENTATION_CONTEXT(2) 
PARAMETRIC_REPRESENTATION_CONTEXT() REPRESENTATION_CONTEXT('2D SPACE',''
  ) );
#7043 = ADVANCED_FACE('',(#7044),#4860,.F.);
#7044 = FACE_BOUND('',#7045,.F.);
#7045 = EDGE_LOOP('',(#7046,#7069,#7097,#7118));
#7046 = ORIENTED_EDGE('',*,*,#7047,.T.);
#7047 = EDGE_CURVE('',#4822,#7048,#7050,.T.);
#7048 = VERTEX_POINT('',#7049);
#7049 = CARTESIAN_POINT('',(15.5355,34.,4.45));
#7050 = SURFACE_CURVE('',#7051,(#7055,#7062),.PCURVE_S1.);
#7051 = LINE('',#7052,#7053);
#7052 = CARTESIAN_POINT('',(60.75,34.,4.45));
#7053 = VECTOR('',#7054,1.);
#7054 = DIRECTION('',(-1.,0.,0.));
#7055 = PCURVE('',#4860,#7056);
#7056 = DEFINITIONAL_REPRESENTATION('',(#7057),#7061);
#7057 = LINE('',#7058,#7059);
#7058 = CARTESIAN_POINT('',(60.75,4.));
#7059 = VECTOR('',#7060,1.);
#7060 = DIRECTION('',(-1.,0.));
#7061 = ( GEOMETRIC_REPRESENTATION_CONTEXT(2) 
PARAMETRIC_REPRESENTATION_CONTEXT() REPRESENTATION_CONTEXT('2D SPACE',''
  ) );
#7062 = PCURVE('',#6784,#7063);
#7063 = DEFINITIONAL_REPRESENTATION('',(#7064),#7068);
#7064 = LINE('',#7065,#7066);
#7065 = CARTESIAN_POINT('',(34.2145,48.));
#7066 = VECTOR('',#7067,1.);
#7067 = DIRECTION('',(-1.,0.));
#7068 = ( GEOMETRIC_REPRESENTATION_CONTEXT(2) 
PARAMETRIC_REPRESENTATION_CONTEXT() REPRESENTATION_CONTEXT('2D SPACE',''
  ) );
#7069 = ORIENTED_EDGE('',*,*,#7070,.T.);
#7070 = EDGE_CURVE('',#7048,#7071,#7073,.T.);
#7071 = VERTEX_POINT('',#7072);
#7072 = CARTESIAN_POINT('',(15.5355,26.,4.45));
#7073 = SURFACE_CURVE('',#7074,(#7078,#7085),.PCURVE_S1.);
#7074 = LINE('',#7075,#7076);
#7075 = CARTESIAN_POINT('',(15.5355,44.2705,4.45));
#7076 = VECTOR('',#7077,1.);
#7077 = DIRECTION('',(0.,-1.,0.));
#7078 = PCURVE('',#4860,#7079);
#7079 = DEFINITIONAL_REPRESENTATION('',(#7080),#7084);
#7080 = LINE('',#7081,#7082);
#7081 = CARTESIAN_POINT('',(15.5355,14.2705));
#7082 = VECTOR('',#7083,1.);
#7083 = DIRECTION('',(0.,-1.));
#7084 = ( GEOMETRIC_REPRESENTATION_CONTEXT(2) 
PARAMETRIC_REPRESENTATION_CONTEXT() REPRESENTATION_CONTEXT('2D SPACE',''
  ) );
#7085 = PCURVE('',#7086,#7091);
#7086 = PLANE('',#7087);
#7087 = AXIS2_PLACEMENT_3D('',#7088,#7089,#7090);
#7088 = CARTESIAN_POINT('',(0.,30.,4.45));
#7089 = DIRECTION('',(0.,0.,1.));
#7090 = DIRECTION('',(1.,0.,-0.));
#7091 = DEFINITIONAL_REPRESENTATION('',(#7092),#7096);
#7092 = LINE('',#7093,#7094);
#7093 = CARTESIAN_POINT('',(15.5355,14.2705));
#7094 = VECTOR('',#7095,1.);
#7095 = DIRECTION('',(0.,-1.));
#7096 = ( GEOMETRIC_REPRESENTATION_CONTEXT(2) 
PARAMETRIC_REPRESENTATION_CONTEXT() REPRESENTATION_CONTEXT('2D SPACE',''
  ) );
#7097 = ORIENTED_EDGE('',*,*,#7098,.T.);
#7098 = EDGE_CURVE('',#7071,#4845,#7099,.T.);
#7099 = SURFACE_CURVE('',#7100,(#7104,#7111),.PCURVE_S1.);
#7100 = LINE('',#7101,#7102);
#7101 = CARTESIAN_POINT('',(-60.75,26.,4.45));
#7102 = VECTOR('',#7103,1.);
#7103 = DIRECTION('',(1.,0.,0.));
#7104 = PCURVE('',#4860,#7105);
#7105 = DEFINITIONAL_REPRESENTATION('',(#7106),#7110);
#7106 = LINE('',#7107,#7108);
#7107 = CARTESIAN_POINT('',(-60.75,-4.));
#7108 = VECTOR('',#7109,1.);
#7109 = DIRECTION('',(1.,0.));
#7110 = ( GEOMETRIC_REPRESENTATION_CONTEXT(2) 
PARAMETRIC_REPRESENTATION_CONTEXT() REPRESENTATION_CONTEXT('2D SPACE',''
  ) );
#7111 = PCURVE('',#7032,#7112);
#7112 = DEFINITIONAL_REPRESENTATION('',(#7113),#7117);
#7113 = LINE('',#7114,#7115);
#7114 = CARTESIAN_POINT('',(-87.2855,40.));
#7115 = VECTOR('',#7116,1.);
#7116 = DIRECTION('',(1.,0.));
#7117 = ( GEOMETRIC_REPRESENTATION_CONTEXT(2) 
PARAMETRIC_REPRESENTATION_CONTEXT() REPRESENTATION_CONTEXT('2D SPACE',''
  ) );
#7118 = ORIENTED_EDGE('',*,*,#4844,.T.);
#7119 = ADVANCED_FACE('',(#7120),#4937,.T.);
#7120 = FACE_BOUND('',#7121,.T.);
#7121 = EDGE_LOOP('',(#7122,#7145,#7166,#7167));
#7122 = ORIENTED_EDGE('',*,*,#7123,.F.);
#7123 = EDGE_CURVE('',#7124,#6967,#7126,.T.);
#7124 = VERTEX_POINT('',#7125);
#7125 = CARTESIAN_POINT('',(39.5355,-55.,5.05));
#7126 = SURFACE_CURVE('',#7127,(#7131,#7138),.PCURVE_S1.);
#7127 = LINE('',#7128,#7129);
#7128 = CARTESIAN_POINT('',(39.5355,-78.75,5.05));
#7129 = VECTOR('',#7130,1.);
#7130 = DIRECTION('',(0.,1.,0.));
#7131 = PCURVE('',#4937,#7132);
#7132 = DEFINITIONAL_REPRESENTATION('',(#7133),#7137);
#7133 = LINE('',#7134,#7135);
#7134 = CARTESIAN_POINT('',(13.,-59.01025));
#7135 = VECTOR('',#7136,1.);
#7136 = DIRECTION('',(0.,1.));
#7137 = ( GEOMETRIC_REPRESENTATION_CONTEXT(2) 
PARAMETRIC_REPRESENTATION_CONTEXT() REPRESENTATION_CONTEXT('2D SPACE',''
  ) );
#7138 = PCURVE('',#6903,#7139);
#7139 = DEFINITIONAL_REPRESENTATION('',(#7140),#7144);
#7140 = LINE('',#7141,#7142);
#7141 = CARTESIAN_POINT('',(0.,0.));
#7142 = VECTOR('',#7143,1.);
#7143 = DIRECTION('',(1.,0.));
#7144 = ( GEOMETRIC_REPRESENTATION_CONTEXT(2) 
PARAMETRIC_REPRESENTATION_CONTEXT() REPRESENTATION_CONTEXT('2D SPACE',''
  ) );
#7145 = ORIENTED_EDGE('',*,*,#7146,.F.);
#7146 = EDGE_CURVE('',#2688,#7124,#7147,.T.);
#7147 = SURFACE_CURVE('',#7148,(#7152,#7159),.PCURVE_S1.);
#7148 = LINE('',#7149,#7150);
#7149 = CARTESIAN_POINT('',(60.75,-55.,5.05));
#7150 = VECTOR('',#7151,1.);
#7151 = DIRECTION('',(-1.,0.,0.));
#7152 = PCURVE('',#4937,#7153);
#7153 = DEFINITIONAL_REPRESENTATION('',(#7154),#7158);
#7154 = LINE('',#7155,#7156);
#7155 = CARTESIAN_POINT('',(34.2145,-35.26025));
#7156 = VECTOR('',#7157,1.);
#7157 = DIRECTION('',(-1.,0.));
#7158 = ( GEOMETRIC_REPRESENTATION_CONTEXT(2) 
PARAMETRIC_REPRESENTATION_CONTEXT() REPRESENTATION_CONTEXT('2D SPACE',''
  ) );
#7159 = PCURVE('',#4969,#7160);
#7160 = DEFINITIONAL_REPRESENTATION('',(#7161),#7165);
#7161 = LINE('',#7162,#7163);
#7162 = CARTESIAN_POINT('',(60.75,4.));
#7163 = VECTOR('',#7164,1.);
#7164 = DIRECTION('',(-1.,0.));
#7165 = ( GEOMETRIC_REPRESENTATION_CONTEXT(2) 
PARAMETRIC_REPRESENTATION_CONTEXT() REPRESENTATION_CONTEXT('2D SPACE',''
  ) );
#7166 = ORIENTED_EDGE('',*,*,#4923,.T.);
#7167 = ORIENTED_EDGE('',*,*,#6989,.F.);
#7168 = ADVANCED_FACE('',(#7169),#4969,.T.);
#7169 = FACE_BOUND('',#7170,.T.);
#7170 = EDGE_LOOP('',(#7171,#7194,#7220,#7221));
#7171 = ORIENTED_EDGE('',*,*,#7172,.F.);
#7172 = EDGE_CURVE('',#7173,#7124,#7175,.T.);
#7173 = VERTEX_POINT('',#7174);
#7174 = CARTESIAN_POINT('',(39.5355,-61.3535,5.05));
#7175 = SURFACE_CURVE('',#7176,(#7180,#7187),.PCURVE_S1.);
#7176 = LINE('',#7177,#7178);
#7177 = CARTESIAN_POINT('',(39.5355,-78.75,5.05));
#7178 = VECTOR('',#7179,1.);
#7179 = DIRECTION('',(0.,1.,0.));
#7180 = PCURVE('',#4969,#7181);
#7181 = DEFINITIONAL_REPRESENTATION('',(#7182),#7186);
#7182 = LINE('',#7183,#7184);
#7183 = CARTESIAN_POINT('',(39.5355,-19.75));
#7184 = VECTOR('',#7185,1.);
#7185 = DIRECTION('',(0.,1.));
#7186 = ( GEOMETRIC_REPRESENTATION_CONTEXT(2) 
PARAMETRIC_REPRESENTATION_CONTEXT() REPRESENTATION_CONTEXT('2D SPACE',''
  ) );
#7187 = PCURVE('',#6903,#7188);
#7188 = DEFINITIONAL_REPRESENTATION('',(#7189),#7193);
#7189 = LINE('',#7190,#7191);
#7190 = CARTESIAN_POINT('',(0.,0.));
#7191 = VECTOR('',#7192,1.);
#7192 = DIRECTION('',(1.,0.));
#7193 = ( GEOMETRIC_REPRESENTATION_CONTEXT(2) 
PARAMETRIC_REPRESENTATION_CONTEXT() REPRESENTATION_CONTEXT('2D SPACE',''
  ) );
#7194 = ORIENTED_EDGE('',*,*,#7195,.F.);
#7195 = EDGE_CURVE('',#4954,#7173,#7196,.T.);
#7196 = SURFACE_CURVE('',#7197,(#7201,#7208),.PCURVE_S1.);
#7197 = LINE('',#7198,#7199);
#7198 = CARTESIAN_POINT('',(45.149,-61.3535,5.05));
#7199 = VECTOR('',#7200,1.);
#7200 = DIRECTION('',(-1.,0.,0.));
#7201 = PCURVE('',#4969,#7202);
#7202 = DEFINITIONAL_REPRESENTATION('',(#7203),#7207);
#7203 = LINE('',#7204,#7205);
#7204 = CARTESIAN_POINT('',(45.149,-2.3535));
#7205 = VECTOR('',#7206,1.);
#7206 = DIRECTION('',(-1.,0.));
#7207 = ( GEOMETRIC_REPRESENTATION_CONTEXT(2) 
PARAMETRIC_REPRESENTATION_CONTEXT() REPRESENTATION_CONTEXT('2D SPACE',''
  ) );
#7208 = PCURVE('',#7209,#7214);
#7209 = PLANE('',#7210);
#7210 = AXIS2_PLACEMENT_3D('',#7211,#7212,#7213);
#7211 = CARTESIAN_POINT('',(0.,-59.,5.05));
#7212 = DIRECTION('',(0.,0.,1.));
#7213 = DIRECTION('',(1.,0.,-0.));
#7214 = DEFINITIONAL_REPRESENTATION('',(#7215),#7219);
#7215 = LINE('',#7216,#7217);
#7216 = CARTESIAN_POINT('',(45.149,-2.3535));
#7217 = VECTOR('',#7218,1.);
#7218 = DIRECTION('',(-1.,0.));
#7219 = ( GEOMETRIC_REPRESENTATION_CONTEXT(2) 
PARAMETRIC_REPRESENTATION_CONTEXT() REPRESENTATION_CONTEXT('2D SPACE',''
  ) );
#7220 = ORIENTED_EDGE('',*,*,#4953,.T.);
#7221 = ORIENTED_EDGE('',*,*,#7146,.T.);
#7222 = ADVANCED_FACE('',(#7223),#4997,.T.);
#7223 = FACE_BOUND('',#7224,.T.);
#7224 = EDGE_LOOP('',(#7225,#7248,#7269,#7270));
#7225 = ORIENTED_EDGE('',*,*,#7226,.F.);
#7226 = EDGE_CURVE('',#7227,#4954,#7229,.T.);
#7227 = VERTEX_POINT('',#7228);
#7228 = CARTESIAN_POINT('',(40.5355,-63.,5.05));
#7229 = SURFACE_CURVE('',#7230,(#7234,#7241),.PCURVE_S1.);
#7230 = LINE('',#7231,#7232);
#7231 = CARTESIAN_POINT('',(40.5355,-78.75,5.05));
#7232 = VECTOR('',#7233,1.);
#7233 = DIRECTION('',(0.,1.,0.));
#7234 = PCURVE('',#4997,#7235);
#7235 = DEFINITIONAL_REPRESENTATION('',(#7236),#7240);
#7236 = LINE('',#7237,#7238);
#7237 = CARTESIAN_POINT('',(40.5355,-19.75));
#7238 = VECTOR('',#7239,1.);
#7239 = DIRECTION('',(0.,1.));
#7240 = ( GEOMETRIC_REPRESENTATION_CONTEXT(2) 
PARAMETRIC_REPRESENTATION_CONTEXT() REPRESENTATION_CONTEXT('2D SPACE',''
  ) );
#7241 = PCURVE('',#7209,#7242);
#7242 = DEFINITIONAL_REPRESENTATION('',(#7243),#7247);
#7243 = LINE('',#7244,#7245);
#7244 = CARTESIAN_POINT('',(40.5355,-19.75));
#7245 = VECTOR('',#7246,1.);
#7246 = DIRECTION('',(0.,1.));
#7247 = ( GEOMETRIC_REPRESENTATION_CONTEXT(2) 
PARAMETRIC_REPRESENTATION_CONTEXT() REPRESENTATION_CONTEXT('2D SPACE',''
  ) );
#7248 = ORIENTED_EDGE('',*,*,#7249,.T.);
#7249 = EDGE_CURVE('',#7227,#2844,#7250,.T.);
#7250 = SURFACE_CURVE('',#7251,(#7255,#7262),.PCURVE_S1.);
#7251 = LINE('',#7252,#7253);
#7252 = CARTESIAN_POINT('',(-60.75,-63.,5.05));
#7253 = VECTOR('',#7254,1.);
#7254 = DIRECTION('',(1.,0.,0.));
#7255 = PCURVE('',#4997,#7256);
#7256 = DEFINITIONAL_REPRESENTATION('',(#7257),#7261);
#7257 = LINE('',#7258,#7259);
#7258 = CARTESIAN_POINT('',(-60.75,-4.));
#7259 = VECTOR('',#7260,1.);
#7260 = DIRECTION('',(1.,0.));
#7261 = ( GEOMETRIC_REPRESENTATION_CONTEXT(2) 
PARAMETRIC_REPRESENTATION_CONTEXT() REPRESENTATION_CONTEXT('2D SPACE',''
  ) );
#7262 = PCURVE('',#5236,#7263);
#7263 = DEFINITIONAL_REPRESENTATION('',(#7264),#7268);
#7264 = LINE('',#7265,#7266);
#7265 = CARTESIAN_POINT('',(-100.899,3.3535));
#7266 = VECTOR('',#7267,1.);
#7267 = DIRECTION('',(1.,0.));
#7268 = ( GEOMETRIC_REPRESENTATION_CONTEXT(2) 
PARAMETRIC_REPRESENTATION_CONTEXT() REPRESENTATION_CONTEXT('2D SPACE',''
  ) );
#7269 = ORIENTED_EDGE('',*,*,#5009,.T.);
#7270 = ORIENTED_EDGE('',*,*,#4981,.T.);
#7271 = ADVANCED_FACE('',(#7272),#5080,.F.);
#7272 = FACE_BOUND('',#7273,.F.);
#7273 = EDGE_LOOP('',(#7274,#7302,#7323,#7324));
#7274 = ORIENTED_EDGE('',*,*,#7275,.F.);
#7275 = EDGE_CURVE('',#7276,#5039,#7278,.T.);
#7276 = VERTEX_POINT('',#7277);
#7277 = CARTESIAN_POINT('',(40.5355,-71.3535,4.45));
#7278 = SURFACE_CURVE('',#7279,(#7283,#7290),.PCURVE_S1.);
#7279 = LINE('',#7280,#7281);
#7280 = CARTESIAN_POINT('',(40.5355,-78.75,4.45));
#7281 = VECTOR('',#7282,1.);
#7282 = DIRECTION('',(0.,1.,0.));
#7283 = PCURVE('',#5080,#7284);
#7284 = DEFINITIONAL_REPRESENTATION('',(#7285),#7289);
#7285 = LINE('',#7286,#7287);
#7286 = CARTESIAN_POINT('',(0.3865,-12.3965));
#7287 = VECTOR('',#7288,1.);
#7288 = DIRECTION('',(0.,1.));
#7289 = ( GEOMETRIC_REPRESENTATION_CONTEXT(2) 
PARAMETRIC_REPRESENTATION_CONTEXT() REPRESENTATION_CONTEXT('2D SPACE',''
  ) );
#7290 = PCURVE('',#7291,#7296);
#7291 = PLANE('',#7292);
#7292 = AXIS2_PLACEMENT_3D('',#7293,#7294,#7295);
#7293 = CARTESIAN_POINT('',(40.149,-66.3535,4.45));
#7294 = DIRECTION('',(0.,0.,1.));
#7295 = DIRECTION('',(1.,0.,-0.));
#7296 = DEFINITIONAL_REPRESENTATION('',(#7297),#7301);
#7297 = LINE('',#7298,#7299);
#7298 = CARTESIAN_POINT('',(0.3865,-12.3965));
#7299 = VECTOR('',#7300,1.);
#7300 = DIRECTION('',(0.,1.));
#7301 = ( GEOMETRIC_REPRESENTATION_CONTEXT(2) 
PARAMETRIC_REPRESENTATION_CONTEXT() REPRESENTATION_CONTEXT('2D SPACE',''
  ) );
#7302 = ORIENTED_EDGE('',*,*,#7303,.T.);
#7303 = EDGE_CURVE('',#7276,#5172,#7304,.T.);
#7304 = SURFACE_CURVE('',#7305,(#7309,#7316),.PCURVE_S1.);
#7305 = LINE('',#7306,#7307);
#7306 = CARTESIAN_POINT('',(35.149,-71.3535,4.45));
#7307 = VECTOR('',#7308,1.);
#7308 = DIRECTION('',(1.,0.,0.));
#7309 = PCURVE('',#5080,#7310);
#7310 = DEFINITIONAL_REPRESENTATION('',(#7311),#7315);
#7311 = LINE('',#7312,#7313);
#7312 = CARTESIAN_POINT('',(-5.,-5.));
#7313 = VECTOR('',#7314,1.);
#7314 = DIRECTION('',(1.,0.));
#7315 = ( GEOMETRIC_REPRESENTATION_CONTEXT(2) 
PARAMETRIC_REPRESENTATION_CONTEXT() REPRESENTATION_CONTEXT('2D SPACE',''
  ) );
#7316 = PCURVE('',#5210,#7317);
#7317 = DEFINITIONAL_REPRESENTATION('',(#7318),#7322);
#7318 = LINE('',#7319,#7320);
#7319 = CARTESIAN_POINT('',(0.,0.));
#7320 = VECTOR('',#7321,1.);
#7321 = DIRECTION('',(1.,0.));
#7322 = ( GEOMETRIC_REPRESENTATION_CONTEXT(2) 
PARAMETRIC_REPRESENTATION_CONTEXT() REPRESENTATION_CONTEXT('2D SPACE',''
  ) );
#7323 = ORIENTED_EDGE('',*,*,#5171,.T.);
#7324 = ORIENTED_EDGE('',*,*,#5066,.F.);
#7325 = ADVANCED_FACE('',(#7326),#5054,.F.);
#7326 = FACE_BOUND('',#7327,.F.);
#7327 = EDGE_LOOP('',(#7328,#7329,#7330,#7358));
#7328 = ORIENTED_EDGE('',*,*,#5038,.T.);
#7329 = ORIENTED_EDGE('',*,*,#5147,.T.);
#7330 = ORIENTED_EDGE('',*,*,#7331,.F.);
#7331 = EDGE_CURVE('',#7332,#5120,#7334,.T.);
#7332 = VERTEX_POINT('',#7333);
#7333 = CARTESIAN_POINT('',(37.5355,-63.,4.45));
#7334 = SURFACE_CURVE('',#7335,(#7339,#7346),.PCURVE_S1.);
#7335 = LINE('',#7336,#7337);
#7336 = CARTESIAN_POINT('',(37.5355,-72.2705,4.45));
#7337 = VECTOR('',#7338,1.);
#7338 = DIRECTION('',(0.,1.,0.));
#7339 = PCURVE('',#5054,#7340);
#7340 = DEFINITIONAL_REPRESENTATION('',(#7341),#7345);
#7341 = LINE('',#7342,#7343);
#7342 = CARTESIAN_POINT('',(37.5355,-13.2705));
#7343 = VECTOR('',#7344,1.);
#7344 = DIRECTION('',(0.,1.));
#7345 = ( GEOMETRIC_REPRESENTATION_CONTEXT(2) 
PARAMETRIC_REPRESENTATION_CONTEXT() REPRESENTATION_CONTEXT('2D SPACE',''
  ) );
#7346 = PCURVE('',#7347,#7352);
#7347 = PLANE('',#7348);
#7348 = AXIS2_PLACEMENT_3D('',#7349,#7350,#7351);
#7349 = CARTESIAN_POINT('',(0.,-59.,4.45));
#7350 = DIRECTION('',(0.,0.,1.));
#7351 = DIRECTION('',(1.,0.,-0.));
#7352 = DEFINITIONAL_REPRESENTATION('',(#7353),#7357);
#7353 = LINE('',#7354,#7355);
#7354 = CARTESIAN_POINT('',(37.5355,-13.2705));
#7355 = VECTOR('',#7356,1.);
#7356 = DIRECTION('',(0.,1.));
#7357 = ( GEOMETRIC_REPRESENTATION_CONTEXT(2) 
PARAMETRIC_REPRESENTATION_CONTEXT() REPRESENTATION_CONTEXT('2D SPACE',''
  ) );
#7358 = ORIENTED_EDGE('',*,*,#7359,.T.);
#7359 = EDGE_CURVE('',#7332,#5039,#7360,.T.);
#7360 = SURFACE_CURVE('',#7361,(#7365,#7372),.PCURVE_S1.);
#7361 = LINE('',#7362,#7363);
#7362 = CARTESIAN_POINT('',(-60.75,-63.,4.45));
#7363 = VECTOR('',#7364,1.);
#7364 = DIRECTION('',(1.,0.,0.));
#7365 = PCURVE('',#5054,#7366);
#7366 = DEFINITIONAL_REPRESENTATION('',(#7367),#7371);
#7367 = LINE('',#7368,#7369);
#7368 = CARTESIAN_POINT('',(-60.75,-4.));
#7369 = VECTOR('',#7370,1.);
#7370 = DIRECTION('',(1.,0.));
#7371 = ( GEOMETRIC_REPRESENTATION_CONTEXT(2) 
PARAMETRIC_REPRESENTATION_CONTEXT() REPRESENTATION_CONTEXT('2D SPACE',''
  ) );
#7372 = PCURVE('',#7291,#7373);
#7373 = DEFINITIONAL_REPRESENTATION('',(#7374),#7378);
#7374 = LINE('',#7375,#7376);
#7375 = CARTESIAN_POINT('',(-100.899,3.3535));
#7376 = VECTOR('',#7377,1.);
#7377 = DIRECTION('',(1.,0.));
#7378 = ( GEOMETRIC_REPRESENTATION_CONTEXT(2) 
PARAMETRIC_REPRESENTATION_CONTEXT() REPRESENTATION_CONTEXT('2D SPACE',''
  ) );
#7379 = ADVANCED_FACE('',(#7380),#5135,.F.);
#7380 = FACE_BOUND('',#7381,.F.);
#7381 = EDGE_LOOP('',(#7382,#7405,#7406,#7429,#7457,#7485,#7508,#7536));
#7382 = ORIENTED_EDGE('',*,*,#7383,.F.);
#7383 = EDGE_CURVE('',#5120,#7384,#7386,.T.);
#7384 = VERTEX_POINT('',#7385);
#7385 = CARTESIAN_POINT('',(35.149,-61.3535,4.45));
#7386 = SURFACE_CURVE('',#7387,(#7391,#7398),.PCURVE_S1.);
#7387 = LINE('',#7388,#7389);
#7388 = CARTESIAN_POINT('',(45.149,-61.3535,4.45));
#7389 = VECTOR('',#7390,1.);
#7390 = DIRECTION('',(-1.,0.,0.));
#7391 = PCURVE('',#5135,#7392);
#7392 = DEFINITIONAL_REPRESENTATION('',(#7393),#7397);
#7393 = LINE('',#7394,#7395);
#7394 = CARTESIAN_POINT('',(45.149,-2.3535));
#7395 = VECTOR('',#7396,1.);
#7396 = DIRECTION('',(-1.,0.));
#7397 = ( GEOMETRIC_REPRESENTATION_CONTEXT(2) 
PARAMETRIC_REPRESENTATION_CONTEXT() REPRESENTATION_CONTEXT('2D SPACE',''
  ) );
#7398 = PCURVE('',#7347,#7399);
#7399 = DEFINITIONAL_REPRESENTATION('',(#7400),#7404);
#7400 = LINE('',#7401,#7402);
#7401 = CARTESIAN_POINT('',(45.149,-2.3535));
#7402 = VECTOR('',#7403,1.);
#7403 = DIRECTION('',(-1.,0.));
#7404 = ( GEOMETRIC_REPRESENTATION_CONTEXT(2) 
PARAMETRIC_REPRESENTATION_CONTEXT() REPRESENTATION_CONTEXT('2D SPACE',''
  ) );
#7405 = ORIENTED_EDGE('',*,*,#5119,.T.);
#7406 = ORIENTED_EDGE('',*,*,#7407,.T.);
#7407 = EDGE_CURVE('',#5097,#7408,#7410,.T.);
#7408 = VERTEX_POINT('',#7409);
#7409 = CARTESIAN_POINT('',(15.5355,-55.,4.45));
#7410 = SURFACE_CURVE('',#7411,(#7415,#7422),.PCURVE_S1.);
#7411 = LINE('',#7412,#7413);
#7412 = CARTESIAN_POINT('',(60.75,-55.,4.45));
#7413 = VECTOR('',#7414,1.);
#7414 = DIRECTION('',(-1.,0.,0.));
#7415 = PCURVE('',#5135,#7416);
#7416 = DEFINITIONAL_REPRESENTATION('',(#7417),#7421);
#7417 = LINE('',#7418,#7419);
#7418 = CARTESIAN_POINT('',(60.75,4.));
#7419 = VECTOR('',#7420,1.);
#7420 = DIRECTION('',(-1.,0.));
#7421 = ( GEOMETRIC_REPRESENTATION_CONTEXT(2) 
PARAMETRIC_REPRESENTATION_CONTEXT() REPRESENTATION_CONTEXT('2D SPACE',''
  ) );
#7422 = PCURVE('',#7032,#7423);
#7423 = DEFINITIONAL_REPRESENTATION('',(#7424),#7428);
#7424 = LINE('',#7425,#7426);
#7425 = CARTESIAN_POINT('',(34.2145,-41.));
#7426 = VECTOR('',#7427,1.);
#7427 = DIRECTION('',(-1.,0.));
#7428 = ( GEOMETRIC_REPRESENTATION_CONTEXT(2) 
PARAMETRIC_REPRESENTATION_CONTEXT() REPRESENTATION_CONTEXT('2D SPACE',''
  ) );
#7429 = ORIENTED_EDGE('',*,*,#7430,.T.);
#7430 = EDGE_CURVE('',#7408,#7431,#7433,.T.);
#7431 = VERTEX_POINT('',#7432);
#7432 = CARTESIAN_POINT('',(15.5355,-61.3535,4.45));
#7433 = SURFACE_CURVE('',#7434,(#7438,#7445),.PCURVE_S1.);
#7434 = LINE('',#7435,#7436);
#7435 = CARTESIAN_POINT('',(15.5355,44.2705,4.45));
#7436 = VECTOR('',#7437,1.);
#7437 = DIRECTION('',(0.,-1.,0.));
#7438 = PCURVE('',#5135,#7439);
#7439 = DEFINITIONAL_REPRESENTATION('',(#7440),#7444);
#7440 = LINE('',#7441,#7442);
#7441 = CARTESIAN_POINT('',(15.5355,103.2705));
#7442 = VECTOR('',#7443,1.);
#7443 = DIRECTION('',(0.,-1.));
#7444 = ( GEOMETRIC_REPRESENTATION_CONTEXT(2) 
PARAMETRIC_REPRESENTATION_CONTEXT() REPRESENTATION_CONTEXT('2D SPACE',''
  ) );
#7445 = PCURVE('',#7446,#7451);
#7446 = PLANE('',#7447);
#7447 = AXIS2_PLACEMENT_3D('',#7448,#7449,#7450);
#7448 = CARTESIAN_POINT('',(0.,-59.,4.45));
#7449 = DIRECTION('',(0.,0.,1.));
#7450 = DIRECTION('',(1.,0.,-0.));
#7451 = DEFINITIONAL_REPRESENTATION('',(#7452),#7456);
#7452 = LINE('',#7453,#7454);
#7453 = CARTESIAN_POINT('',(15.5355,103.2705));
#7454 = VECTOR('',#7455,1.);
#7455 = DIRECTION('',(0.,-1.));
#7456 = ( GEOMETRIC_REPRESENTATION_CONTEXT(2) 
PARAMETRIC_REPRESENTATION_CONTEXT() REPRESENTATION_CONTEXT('2D SPACE',''
  ) );
#7457 = ORIENTED_EDGE('',*,*,#7458,.F.);
#7458 = EDGE_CURVE('',#7459,#7431,#7461,.T.);
#7459 = VERTEX_POINT('',#7460);
#7460 = CARTESIAN_POINT('',(17.438,-61.3535,4.45));
#7461 = SURFACE_CURVE('',#7462,(#7466,#7473),.PCURVE_S1.);
#7462 = LINE('',#7463,#7464);
#7463 = CARTESIAN_POINT('',(17.438,-61.3535,4.45));
#7464 = VECTOR('',#7465,1.);
#7465 = DIRECTION('',(-1.,0.,0.));
#7466 = PCURVE('',#5135,#7467);
#7467 = DEFINITIONAL_REPRESENTATION('',(#7468),#7472);
#7468 = LINE('',#7469,#7470);
#7469 = CARTESIAN_POINT('',(17.438,-2.3535));
#7470 = VECTOR('',#7471,1.);
#7471 = DIRECTION('',(-1.,0.));
#7472 = ( GEOMETRIC_REPRESENTATION_CONTEXT(2) 
PARAMETRIC_REPRESENTATION_CONTEXT() REPRESENTATION_CONTEXT('2D SPACE',''
  ) );
#7473 = PCURVE('',#7474,#7479);
#7474 = PLANE('',#7475);
#7475 = AXIS2_PLACEMENT_3D('',#7476,#7477,#7478);
#7476 = CARTESIAN_POINT('',(0.,-59.,4.45));
#7477 = DIRECTION('',(0.,0.,1.));
#7478 = DIRECTION('',(1.,0.,-0.));
#7479 = DEFINITIONAL_REPRESENTATION('',(#7480),#7484);
#7480 = LINE('',#7481,#7482);
#7481 = CARTESIAN_POINT('',(17.438,-2.3535));
#7482 = VECTOR('',#7483,1.);
#7483 = DIRECTION('',(-1.,0.));
#7484 = ( GEOMETRIC_REPRESENTATION_CONTEXT(2) 
PARAMETRIC_REPRESENTATION_CONTEXT() REPRESENTATION_CONTEXT('2D SPACE',''
  ) );
#7485 = ORIENTED_EDGE('',*,*,#7486,.F.);
#7486 = EDGE_CURVE('',#7487,#7459,#7489,.T.);
#7487 = VERTEX_POINT('',#7488);
#7488 = CARTESIAN_POINT('',(17.438,-63.,4.45));
#7489 = SURFACE_CURVE('',#7490,(#7494,#7501),.PCURVE_S1.);
#7490 = LINE('',#7491,#7492);
#7491 = CARTESIAN_POINT('',(17.438,-71.3535,4.45));
#7492 = VECTOR('',#7493,1.);
#7493 = DIRECTION('',(0.,1.,0.));
#7494 = PCURVE('',#5135,#7495);
#7495 = DEFINITIONAL_REPRESENTATION('',(#7496),#7500);
#7496 = LINE('',#7497,#7498);
#7497 = CARTESIAN_POINT('',(17.438,-12.3535));
#7498 = VECTOR('',#7499,1.);
#7499 = DIRECTION('',(0.,1.));
#7500 = ( GEOMETRIC_REPRESENTATION_CONTEXT(2) 
PARAMETRIC_REPRESENTATION_CONTEXT() REPRESENTATION_CONTEXT('2D SPACE',''
  ) );
#7501 = PCURVE('',#7474,#7502);
#7502 = DEFINITIONAL_REPRESENTATION('',(#7503),#7507);
#7503 = LINE('',#7504,#7505);
#7504 = CARTESIAN_POINT('',(17.438,-12.3535));
#7505 = VECTOR('',#7506,1.);
#7506 = DIRECTION('',(0.,1.));
#7507 = ( GEOMETRIC_REPRESENTATION_CONTEXT(2) 
PARAMETRIC_REPRESENTATION_CONTEXT() REPRESENTATION_CONTEXT('2D SPACE',''
  ) );
#7508 = ORIENTED_EDGE('',*,*,#7509,.T.);
#7509 = EDGE_CURVE('',#7487,#7510,#7512,.T.);
#7510 = VERTEX_POINT('',#7511);
#7511 = CARTESIAN_POINT('',(35.149,-63.,4.45));
#7512 = SURFACE_CURVE('',#7513,(#7517,#7524),.PCURVE_S1.);
#7513 = LINE('',#7514,#7515);
#7514 = CARTESIAN_POINT('',(-60.75,-63.,4.45));
#7515 = VECTOR('',#7516,1.);
#7516 = DIRECTION('',(1.,0.,0.));
#7517 = PCURVE('',#5135,#7518);
#7518 = DEFINITIONAL_REPRESENTATION('',(#7519),#7523);
#7519 = LINE('',#7520,#7521);
#7520 = CARTESIAN_POINT('',(-60.75,-4.));
#7521 = VECTOR('',#7522,1.);
#7522 = DIRECTION('',(1.,0.));
#7523 = ( GEOMETRIC_REPRESENTATION_CONTEXT(2) 
PARAMETRIC_REPRESENTATION_CONTEXT() REPRESENTATION_CONTEXT('2D SPACE',''
  ) );
#7524 = PCURVE('',#7525,#7530);
#7525 = PLANE('',#7526);
#7526 = AXIS2_PLACEMENT_3D('',#7527,#7528,#7529);
#7527 = CARTESIAN_POINT('',(26.5355,-14.,4.45));
#7528 = DIRECTION('',(0.,0.,1.));
#7529 = DIRECTION('',(1.,0.,-0.));
#7530 = DEFINITIONAL_REPRESENTATION('',(#7531),#7535);
#7531 = LINE('',#7532,#7533);
#7532 = CARTESIAN_POINT('',(-87.2855,-49.));
#7533 = VECTOR('',#7534,1.);
#7534 = DIRECTION('',(1.,0.));
#7535 = ( GEOMETRIC_REPRESENTATION_CONTEXT(2) 
PARAMETRIC_REPRESENTATION_CONTEXT() REPRESENTATION_CONTEXT('2D SPACE',''
  ) );
#7536 = ORIENTED_EDGE('',*,*,#7537,.F.);
#7537 = EDGE_CURVE('',#7384,#7510,#7538,.T.);
#7538 = SURFACE_CURVE('',#7539,(#7543,#7550),.PCURVE_S1.);
#7539 = LINE('',#7540,#7541);
#7540 = CARTESIAN_POINT('',(35.149,-61.3535,4.45));
#7541 = VECTOR('',#7542,1.);
#7542 = DIRECTION('',(0.,-1.,0.));
#7543 = PCURVE('',#5135,#7544);
#7544 = DEFINITIONAL_REPRESENTATION('',(#7545),#7549);
#7545 = LINE('',#7546,#7547);
#7546 = CARTESIAN_POINT('',(35.149,-2.3535));
#7547 = VECTOR('',#7548,1.);
#7548 = DIRECTION('',(0.,-1.));
#7549 = ( GEOMETRIC_REPRESENTATION_CONTEXT(2) 
PARAMETRIC_REPRESENTATION_CONTEXT() REPRESENTATION_CONTEXT('2D SPACE',''
  ) );
#7550 = PCURVE('',#7347,#7551);
#7551 = DEFINITIONAL_REPRESENTATION('',(#7552),#7556);
#7552 = LINE('',#7553,#7554);
#7553 = CARTESIAN_POINT('',(35.149,-2.3535));
#7554 = VECTOR('',#7555,1.);
#7555 = DIRECTION('',(0.,-1.));
#7556 = ( GEOMETRIC_REPRESENTATION_CONTEXT(2) 
PARAMETRIC_REPRESENTATION_CONTEXT() REPRESENTATION_CONTEXT('2D SPACE',''
  ) );
#7557 = ADVANCED_FACE('',(#7558),#5236,.T.);
#7558 = FACE_BOUND('',#7559,.T.);
#7559 = EDGE_LOOP('',(#7560,#7590,#7611,#7612,#7613,#7641,#7670));
#7560 = ORIENTED_EDGE('',*,*,#7561,.F.);
#7561 = EDGE_CURVE('',#7562,#7564,#7566,.T.);
#7562 = VERTEX_POINT('',#7563);
#7563 = CARTESIAN_POINT('',(40.5355,-71.3535,5.05));
#7564 = VERTEX_POINT('',#7565);
#7565 = CARTESIAN_POINT('',(40.5355,-66.84466468724,5.05));
#7566 = SURFACE_CURVE('',#7567,(#7571,#7578),.PCURVE_S1.);
#7567 = LINE('',#7568,#7569);
#7568 = CARTESIAN_POINT('',(40.5355,-78.75,5.05));
#7569 = VECTOR('',#7570,1.);
#7570 = DIRECTION('',(0.,1.,0.));
#7571 = PCURVE('',#5236,#7572);
#7572 = DEFINITIONAL_REPRESENTATION('',(#7573),#7577);
#7573 = LINE('',#7574,#7575);
#7574 = CARTESIAN_POINT('',(0.3865,-12.3965));
#7575 = VECTOR('',#7576,1.);
#7576 = DIRECTION('',(0.,1.));
#7577 = ( GEOMETRIC_REPRESENTATION_CONTEXT(2) 
PARAMETRIC_REPRESENTATION_CONTEXT() REPRESENTATION_CONTEXT('2D SPACE',''
  ) );
#7578 = PCURVE('',#7579,#7584);
#7579 = PLANE('',#7580);
#7580 = AXIS2_PLACEMENT_3D('',#7581,#7582,#7583);
#7581 = CARTESIAN_POINT('',(40.149,-66.3535,5.05));
#7582 = DIRECTION('',(0.,0.,1.));
#7583 = DIRECTION('',(1.,0.,-0.));
#7584 = DEFINITIONAL_REPRESENTATION('',(#7585),#7589);
#7585 = LINE('',#7586,#7587);
#7586 = CARTESIAN_POINT('',(0.3865,-12.3965));
#7587 = VECTOR('',#7588,1.);
#7588 = DIRECTION('',(0.,1.));
#7589 = ( GEOMETRIC_REPRESENTATION_CONTEXT(2) 
PARAMETRIC_REPRESENTATION_CONTEXT() REPRESENTATION_CONTEXT('2D SPACE',''
  ) );
#7590 = ORIENTED_EDGE('',*,*,#7591,.T.);
#7591 = EDGE_CURVE('',#7562,#5195,#7592,.T.);
#7592 = SURFACE_CURVE('',#7593,(#7597,#7604),.PCURVE_S1.);
#7593 = LINE('',#7594,#7595);
#7594 = CARTESIAN_POINT('',(35.149,-71.3535,5.05));
#7595 = VECTOR('',#7596,1.);
#7596 = DIRECTION('',(1.,0.,0.));
#7597 = PCURVE('',#5236,#7598);
#7598 = DEFINITIONAL_REPRESENTATION('',(#7599),#7603);
#7599 = LINE('',#7600,#7601);
#7600 = CARTESIAN_POINT('',(-5.,-5.));
#7601 = VECTOR('',#7602,1.);
#7602 = DIRECTION('',(1.,0.));
#7603 = ( GEOMETRIC_REPRESENTATION_CONTEXT(2) 
PARAMETRIC_REPRESENTATION_CONTEXT() REPRESENTATION_CONTEXT('2D SPACE',''
  ) );
#7604 = PCURVE('',#5210,#7605);
#7605 = DEFINITIONAL_REPRESENTATION('',(#7606),#7610);
#7606 = LINE('',#7607,#7608);
#7607 = CARTESIAN_POINT('',(0.,-0.6));
#7608 = VECTOR('',#7609,1.);
#7609 = DIRECTION('',(1.,0.));
#7610 = ( GEOMETRIC_REPRESENTATION_CONTEXT(2) 
PARAMETRIC_REPRESENTATION_CONTEXT() REPRESENTATION_CONTEXT('2D SPACE',''
  ) );
#7611 = ORIENTED_EDGE('',*,*,#5222,.T.);
#7612 = ORIENTED_EDGE('',*,*,#7249,.F.);
#7613 = ORIENTED_EDGE('',*,*,#7614,.F.);
#7614 = EDGE_CURVE('',#7615,#7227,#7617,.T.);
#7615 = VERTEX_POINT('',#7616);
#7616 = CARTESIAN_POINT('',(40.5355,-65.86233531275,5.05));
#7617 = SURFACE_CURVE('',#7618,(#7622,#7629),.PCURVE_S1.);
#7618 = LINE('',#7619,#7620);
#7619 = CARTESIAN_POINT('',(40.5355,-78.75,5.05));
#7620 = VECTOR('',#7621,1.);
#7621 = DIRECTION('',(0.,1.,0.));
#7622 = PCURVE('',#5236,#7623);
#7623 = DEFINITIONAL_REPRESENTATION('',(#7624),#7628);
#7624 = LINE('',#7625,#7626);
#7625 = CARTESIAN_POINT('',(0.3865,-12.3965));
#7626 = VECTOR('',#7627,1.);
#7627 = DIRECTION('',(0.,1.));
#7628 = ( GEOMETRIC_REPRESENTATION_CONTEXT(2) 
PARAMETRIC_REPRESENTATION_CONTEXT() REPRESENTATION_CONTEXT('2D SPACE',''
  ) );
#7629 = PCURVE('',#7630,#7635);
#7630 = PLANE('',#7631);
#7631 = AXIS2_PLACEMENT_3D('',#7632,#7633,#7634);
#7632 = CARTESIAN_POINT('',(40.149,-66.3535,5.05));
#7633 = DIRECTION('',(0.,0.,1.));
#7634 = DIRECTION('',(1.,0.,-0.));
#7635 = DEFINITIONAL_REPRESENTATION('',(#7636),#7640);
#7636 = LINE('',#7637,#7638);
#7637 = CARTESIAN_POINT('',(0.3865,-12.3965));
#7638 = VECTOR('',#7639,1.);
#7639 = DIRECTION('',(0.,1.));
#7640 = ( GEOMETRIC_REPRESENTATION_CONTEXT(2) 
PARAMETRIC_REPRESENTATION_CONTEXT() REPRESENTATION_CONTEXT('2D SPACE',''
  ) );
#7641 = ORIENTED_EDGE('',*,*,#7642,.F.);
#7642 = EDGE_CURVE('',#7643,#7615,#7645,.T.);
#7643 = VERTEX_POINT('',#7644);
#7644 = CARTESIAN_POINT('',(40.774,-66.3535,5.05));
#7645 = SURFACE_CURVE('',#7646,(#7651,#7658),.PCURVE_S1.);
#7646 = CIRCLE('',#7647,0.625);
#7647 = AXIS2_PLACEMENT_3D('',#7648,#7649,#7650);
#7648 = CARTESIAN_POINT('',(40.149,-66.3535,5.05));
#7649 = DIRECTION('',(0.,0.,1.));
#7650 = DIRECTION('',(1.,0.,0.));
#7651 = PCURVE('',#5236,#7652);
#7652 = DEFINITIONAL_REPRESENTATION('',(#7653),#7657);
#7653 = CIRCLE('',#7654,0.625);
#7654 = AXIS2_PLACEMENT_2D('',#7655,#7656);
#7655 = CARTESIAN_POINT('',(1.42108547152E-14,0.));
#7656 = DIRECTION('',(1.,0.));
#7657 = ( GEOMETRIC_REPRESENTATION_CONTEXT(2) 
PARAMETRIC_REPRESENTATION_CONTEXT() REPRESENTATION_CONTEXT('2D SPACE',''
  ) );
#7658 = PCURVE('',#7659,#7664);
#7659 = CYLINDRICAL_SURFACE('',#7660,0.625);
#7660 = AXIS2_PLACEMENT_3D('',#7661,#7662,#7663);
#7661 = CARTESIAN_POINT('',(40.149,-66.3535,5.05));
#7662 = DIRECTION('',(-0.,-0.,-1.));
#7663 = DIRECTION('',(1.,0.,0.));
#7664 = DEFINITIONAL_REPRESENTATION('',(#7665),#7669);
#7665 = LINE('',#7666,#7667);
#7666 = CARTESIAN_POINT('',(-0.,0.));
#7667 = VECTOR('',#7668,1.);
#7668 = DIRECTION('',(-1.,0.));
#7669 = ( GEOMETRIC_REPRESENTATION_CONTEXT(2) 
PARAMETRIC_REPRESENTATION_CONTEXT() REPRESENTATION_CONTEXT('2D SPACE',''
  ) );
#7670 = ORIENTED_EDGE('',*,*,#7671,.F.);
#7671 = EDGE_CURVE('',#7564,#7643,#7672,.T.);
#7672 = SURFACE_CURVE('',#7673,(#7678,#7685),.PCURVE_S1.);
#7673 = CIRCLE('',#7674,0.625);
#7674 = AXIS2_PLACEMENT_3D('',#7675,#7676,#7677);
#7675 = CARTESIAN_POINT('',(40.149,-66.3535,5.05));
#7676 = DIRECTION('',(0.,0.,1.));
#7677 = DIRECTION('',(1.,0.,0.));
#7678 = PCURVE('',#5236,#7679);
#7679 = DEFINITIONAL_REPRESENTATION('',(#7680),#7684);
#7680 = CIRCLE('',#7681,0.625);
#7681 = AXIS2_PLACEMENT_2D('',#7682,#7683);
#7682 = CARTESIAN_POINT('',(1.42108547152E-14,0.));
#7683 = DIRECTION('',(1.,0.));
#7684 = ( GEOMETRIC_REPRESENTATION_CONTEXT(2) 
PARAMETRIC_REPRESENTATION_CONTEXT() REPRESENTATION_CONTEXT('2D SPACE',''
  ) );
#7685 = PCURVE('',#7659,#7686);
#7686 = DEFINITIONAL_REPRESENTATION('',(#7687),#7691);
#7687 = LINE('',#7688,#7689);
#7688 = CARTESIAN_POINT('',(-0.,0.));
#7689 = VECTOR('',#7690,1.);
#7690 = DIRECTION('',(-1.,0.));
#7691 = ( GEOMETRIC_REPRESENTATION_CONTEXT(2) 
PARAMETRIC_REPRESENTATION_CONTEXT() REPRESENTATION_CONTEXT('2D SPACE',''
  ) );
#7692 = ADVANCED_FACE('',(#7693),#5210,.F.);
#7693 = FACE_BOUND('',#7694,.F.);
#7694 = EDGE_LOOP('',(#7695,#7696,#7720,#7721));
#7695 = ORIENTED_EDGE('',*,*,#7303,.F.);
#7696 = ORIENTED_EDGE('',*,*,#7697,.T.);
#7697 = EDGE_CURVE('',#7276,#7562,#7698,.T.);
#7698 = SURFACE_CURVE('',#7699,(#7703,#7709),.PCURVE_S1.);
#7699 = LINE('',#7700,#7701);
#7700 = CARTESIAN_POINT('',(40.5355,-71.3535,4.45));
#7701 = VECTOR('',#7702,1.);
#7702 = DIRECTION('',(0.,-0.,1.));
#7703 = PCURVE('',#5210,#7704);
#7704 = DEFINITIONAL_REPRESENTATION('',(#7705),#7708);
#7705 = B_SPLINE_CURVE_WITH_KNOTS('',1,(#7706,#7707),.UNSPECIFIED.,.F.,
  .F.,(2,2),(0.,0.6),.PIECEWISE_BEZIER_KNOTS.);
#7706 = CARTESIAN_POINT('',(5.3865,0.));
#7707 = CARTESIAN_POINT('',(5.3865,-0.6));
#7708 = ( GEOMETRIC_REPRESENTATION_CONTEXT(2) 
PARAMETRIC_REPRESENTATION_CONTEXT() REPRESENTATION_CONTEXT('2D SPACE',''
  ) );
#7709 = PCURVE('',#7710,#7715);
#7710 = PLANE('',#7711);
#7711 = AXIS2_PLACEMENT_3D('',#7712,#7713,#7714);
#7712 = CARTESIAN_POINT('',(40.5355,-78.75,4.45));
#7713 = DIRECTION('',(-1.,0.,0.));
#7714 = DIRECTION('',(0.,1.,0.));
#7715 = DEFINITIONAL_REPRESENTATION('',(#7716),#7719);
#7716 = B_SPLINE_CURVE_WITH_KNOTS('',1,(#7717,#7718),.UNSPECIFIED.,.F.,
  .F.,(2,2),(0.,0.6),.PIECEWISE_BEZIER_KNOTS.);
#7717 = CARTESIAN_POINT('',(7.3965,0.));
#7718 = CARTESIAN_POINT('',(7.3965,-0.6));
#7719 = ( GEOMETRIC_REPRESENTATION_CONTEXT(2) 
PARAMETRIC_REPRESENTATION_CONTEXT() REPRESENTATION_CONTEXT('2D SPACE',''
  ) );
#7720 = ORIENTED_EDGE('',*,*,#7591,.T.);
#7721 = ORIENTED_EDGE('',*,*,#5194,.F.);
#7722 = ADVANCED_FACE('',(#7723),#5348,.F.);
#7723 = FACE_BOUND('',#7724,.F.);
#7724 = EDGE_LOOP('',(#7725,#7726,#7747,#7748));
#7725 = ORIENTED_EDGE('',*,*,#5332,.F.);
#7726 = ORIENTED_EDGE('',*,*,#7727,.T.);
#7727 = EDGE_CURVE('',#5310,#6533,#7728,.T.);
#7728 = SURFACE_CURVE('',#7729,(#7733,#7740),.PCURVE_S1.);
#7729 = LINE('',#7730,#7731);
#7730 = CARTESIAN_POINT('',(-59.,-83.75,4.45));
#7731 = VECTOR('',#7732,1.);
#7732 = DIRECTION('',(0.,0.,1.));
#7733 = PCURVE('',#5348,#7734);
#7734 = DEFINITIONAL_REPRESENTATION('',(#7735),#7739);
#7735 = LINE('',#7736,#7737);
#7736 = CARTESIAN_POINT('',(3.75,0.));
#7737 = VECTOR('',#7738,1.);
#7738 = DIRECTION('',(0.,-1.));
#7739 = ( GEOMETRIC_REPRESENTATION_CONTEXT(2) 
PARAMETRIC_REPRESENTATION_CONTEXT() REPRESENTATION_CONTEXT('2D SPACE',''
  ) );
#7740 = PCURVE('',#5424,#7741);
#7741 = DEFINITIONAL_REPRESENTATION('',(#7742),#7746);
#7742 = LINE('',#7743,#7744);
#7743 = CARTESIAN_POINT('',(-0.,0.));
#7744 = VECTOR('',#7745,1.);
#7745 = DIRECTION('',(-0.,1.));
#7746 = ( GEOMETRIC_REPRESENTATION_CONTEXT(2) 
PARAMETRIC_REPRESENTATION_CONTEXT() REPRESENTATION_CONTEXT('2D SPACE',''
  ) );
#7747 = ORIENTED_EDGE('',*,*,#6532,.T.);
#7748 = ORIENTED_EDGE('',*,*,#7749,.F.);
#7749 = EDGE_CURVE('',#5333,#6535,#7750,.T.);
#7750 = SURFACE_CURVE('',#7751,(#7755,#7762),.PCURVE_S1.);
#7751 = LINE('',#7752,#7753);
#7752 = CARTESIAN_POINT('',(59.,-83.75,4.45));
#7753 = VECTOR('',#7754,1.);
#7754 = DIRECTION('',(0.,0.,1.));
#7755 = PCURVE('',#5348,#7756);
#7756 = DEFINITIONAL_REPRESENTATION('',(#7757),#7761);
#7757 = LINE('',#7758,#7759);
#7758 = CARTESIAN_POINT('',(121.75,0.));
#7759 = VECTOR('',#7760,1.);
#7760 = DIRECTION('',(0.,-1.));
#7761 = ( GEOMETRIC_REPRESENTATION_CONTEXT(2) 
PARAMETRIC_REPRESENTATION_CONTEXT() REPRESENTATION_CONTEXT('2D SPACE',''
  ) );
#7762 = PCURVE('',#5479,#7763);
#7763 = DEFINITIONAL_REPRESENTATION('',(#7764),#7768);
#7764 = LINE('',#7765,#7766);
#7765 = CARTESIAN_POINT('',(0.,0.));
#7766 = VECTOR('',#7767,1.);
#7767 = DIRECTION('',(0.,1.));
#7768 = ( GEOMETRIC_REPRESENTATION_CONTEXT(2) 
PARAMETRIC_REPRESENTATION_CONTEXT() REPRESENTATION_CONTEXT('2D SPACE',''
  ) );
#7769 = ADVANCED_FACE('',(#7770),#5424,.T.);
#7770 = FACE_BOUND('',#7771,.F.);
#7771 = EDGE_LOOP('',(#7772,#7773,#7774,#7795));
#7772 = ORIENTED_EDGE('',*,*,#7727,.F.);
#7773 = ORIENTED_EDGE('',*,*,#5409,.T.);
#7774 = ORIENTED_EDGE('',*,*,#7775,.T.);
#7775 = EDGE_CURVE('',#5387,#6676,#7776,.T.);
#7776 = SURFACE_CURVE('',#7777,(#7781,#7788),.PCURVE_S1.);
#7777 = LINE('',#7778,#7779);
#7778 = CARTESIAN_POINT('',(-62.75,-80.,4.45));
#7779 = VECTOR('',#7780,1.);
#7780 = DIRECTION('',(0.,0.,1.));
#7781 = PCURVE('',#5424,#7782);
#7782 = DEFINITIONAL_REPRESENTATION('',(#7783),#7787);
#7783 = LINE('',#7784,#7785);
#7784 = CARTESIAN_POINT('',(-1.570796326795,0.));
#7785 = VECTOR('',#7786,1.);
#7786 = DIRECTION('',(-0.,1.));
#7787 = ( GEOMETRIC_REPRESENTATION_CONTEXT(2) 
PARAMETRIC_REPRESENTATION_CONTEXT() REPRESENTATION_CONTEXT('2D SPACE',''
  ) );
#7788 = PCURVE('',#5532,#7789);
#7789 = DEFINITIONAL_REPRESENTATION('',(#7790),#7794);
#7790 = LINE('',#7791,#7792);
#7791 = CARTESIAN_POINT('',(163.75,0.));
#7792 = VECTOR('',#7793,1.);
#7793 = DIRECTION('',(0.,-1.));
#7794 = ( GEOMETRIC_REPRESENTATION_CONTEXT(2) 
PARAMETRIC_REPRESENTATION_CONTEXT() REPRESENTATION_CONTEXT('2D SPACE',''
  ) );
#7795 = ORIENTED_EDGE('',*,*,#6698,.F.);
#7796 = ADVANCED_FACE('',(#7797),#5479,.T.);
#7797 = FACE_BOUND('',#7798,.T.);
#7798 = EDGE_LOOP('',(#7799,#7800,#7801,#7822));
#7799 = ORIENTED_EDGE('',*,*,#7749,.F.);
#7800 = ORIENTED_EDGE('',*,*,#5464,.T.);
#7801 = ORIENTED_EDGE('',*,*,#7802,.T.);
#7802 = EDGE_CURVE('',#5442,#6558,#7803,.T.);
#7803 = SURFACE_CURVE('',#7804,(#7808,#7815),.PCURVE_S1.);
#7804 = LINE('',#7805,#7806);
#7805 = CARTESIAN_POINT('',(62.75,-80.,4.45));
#7806 = VECTOR('',#7807,1.);
#7807 = DIRECTION('',(0.,0.,1.));
#7808 = PCURVE('',#5479,#7809);
#7809 = DEFINITIONAL_REPRESENTATION('',(#7810),#7814);
#7810 = LINE('',#7811,#7812);
#7811 = CARTESIAN_POINT('',(1.570796326795,0.));
#7812 = VECTOR('',#7813,1.);
#7813 = DIRECTION('',(0.,1.));
#7814 = ( GEOMETRIC_REPRESENTATION_CONTEXT(2) 
PARAMETRIC_REPRESENTATION_CONTEXT() REPRESENTATION_CONTEXT('2D SPACE',''
  ) );
#7815 = PCURVE('',#5566,#7816);
#7816 = DEFINITIONAL_REPRESENTATION('',(#7817),#7821);
#7817 = LINE('',#7818,#7819);
#7818 = CARTESIAN_POINT('',(3.75,0.));
#7819 = VECTOR('',#7820,1.);
#7820 = DIRECTION('',(0.,-1.));
#7821 = ( GEOMETRIC_REPRESENTATION_CONTEXT(2) 
PARAMETRIC_REPRESENTATION_CONTEXT() REPRESENTATION_CONTEXT('2D SPACE',''
  ) );
#7822 = ORIENTED_EDGE('',*,*,#6557,.F.);
#7823 = ADVANCED_FACE('',(#7824),#5532,.F.);
#7824 = FACE_BOUND('',#7825,.F.);
#7825 = EDGE_LOOP('',(#7826,#7827,#7848,#7849));
#7826 = ORIENTED_EDGE('',*,*,#5518,.F.);
#7827 = ORIENTED_EDGE('',*,*,#7828,.T.);
#7828 = EDGE_CURVE('',#5496,#6652,#7829,.T.);
#7829 = SURFACE_CURVE('',#7830,(#7834,#7841),.PCURVE_S1.);
#7830 = LINE('',#7831,#7832);
#7831 = CARTESIAN_POINT('',(-62.75,80.,4.45));
#7832 = VECTOR('',#7833,1.);
#7833 = DIRECTION('',(0.,0.,1.));
#7834 = PCURVE('',#5532,#7835);
#7835 = DEFINITIONAL_REPRESENTATION('',(#7836),#7840);
#7836 = LINE('',#7837,#7838);
#7837 = CARTESIAN_POINT('',(3.75,0.));
#7838 = VECTOR('',#7839,1.);
#7839 = DIRECTION('',(0.,-1.));
#7840 = ( GEOMETRIC_REPRESENTATION_CONTEXT(2) 
PARAMETRIC_REPRESENTATION_CONTEXT() REPRESENTATION_CONTEXT('2D SPACE',''
  ) );
#7841 = PCURVE('',#5642,#7842);
#7842 = DEFINITIONAL_REPRESENTATION('',(#7843),#7847);
#7843 = LINE('',#7844,#7845);
#7844 = CARTESIAN_POINT('',(1.570796326795,0.));
#7845 = VECTOR('',#7846,1.);
#7846 = DIRECTION('',(0.,1.));
#7847 = ( GEOMETRIC_REPRESENTATION_CONTEXT(2) 
PARAMETRIC_REPRESENTATION_CONTEXT() REPRESENTATION_CONTEXT('2D SPACE',''
  ) );
#7848 = ORIENTED_EDGE('',*,*,#6675,.T.);
#7849 = ORIENTED_EDGE('',*,*,#7775,.F.);
#7850 = ADVANCED_FACE('',(#7851),#5566,.F.);
#7851 = FACE_BOUND('',#7852,.F.);
#7852 = EDGE_LOOP('',(#7853,#7854,#7855,#7856));
#7853 = ORIENTED_EDGE('',*,*,#5550,.F.);
#7854 = ORIENTED_EDGE('',*,*,#7802,.T.);
#7855 = ORIENTED_EDGE('',*,*,#6581,.T.);
#7856 = ORIENTED_EDGE('',*,*,#7857,.F.);
#7857 = EDGE_CURVE('',#5551,#6582,#7858,.T.);
#7858 = SURFACE_CURVE('',#7859,(#7863,#7870),.PCURVE_S1.);
#7859 = LINE('',#7860,#7861);
#7860 = CARTESIAN_POINT('',(62.75,80.,4.45));
#7861 = VECTOR('',#7862,1.);
#7862 = DIRECTION('',(0.,0.,1.));
#7863 = PCURVE('',#5566,#7864);
#7864 = DEFINITIONAL_REPRESENTATION('',(#7865),#7869);
#7865 = LINE('',#7866,#7867);
#7866 = CARTESIAN_POINT('',(163.75,0.));
#7867 = VECTOR('',#7868,1.);
#7868 = DIRECTION('',(0.,-1.));
#7869 = ( GEOMETRIC_REPRESENTATION_CONTEXT(2) 
PARAMETRIC_REPRESENTATION_CONTEXT() REPRESENTATION_CONTEXT('2D SPACE',''
  ) );
#7870 = PCURVE('',#5697,#7871);
#7871 = DEFINITIONAL_REPRESENTATION('',(#7872),#7876);
#7872 = LINE('',#7873,#7874);
#7873 = CARTESIAN_POINT('',(0.,0.));
#7874 = VECTOR('',#7875,1.);
#7875 = DIRECTION('',(0.,1.));
#7876 = ( GEOMETRIC_REPRESENTATION_CONTEXT(2) 
PARAMETRIC_REPRESENTATION_CONTEXT() REPRESENTATION_CONTEXT('2D SPACE',''
  ) );
#7877 = ADVANCED_FACE('',(#7878),#5642,.T.);
#7878 = FACE_BOUND('',#7879,.T.);
#7879 = EDGE_LOOP('',(#7880,#7901,#7902,#7903));
#7880 = ORIENTED_EDGE('',*,*,#7881,.F.);
#7881 = EDGE_CURVE('',#5603,#6629,#7882,.T.);
#7882 = SURFACE_CURVE('',#7883,(#7887,#7894),.PCURVE_S1.);
#7883 = LINE('',#7884,#7885);
#7884 = CARTESIAN_POINT('',(-59.,83.75,4.45));
#7885 = VECTOR('',#7886,1.);
#7886 = DIRECTION('',(0.,0.,1.));
#7887 = PCURVE('',#5642,#7888);
#7888 = DEFINITIONAL_REPRESENTATION('',(#7889),#7893);
#7889 = LINE('',#7890,#7891);
#7890 = CARTESIAN_POINT('',(0.,0.));
#7891 = VECTOR('',#7892,1.);
#7892 = DIRECTION('',(0.,1.));
#7893 = ( GEOMETRIC_REPRESENTATION_CONTEXT(2) 
PARAMETRIC_REPRESENTATION_CONTEXT() REPRESENTATION_CONTEXT('2D SPACE',''
  ) );
#7894 = PCURVE('',#5728,#7895);
#7895 = DEFINITIONAL_REPRESENTATION('',(#7896),#7900);
#7896 = LINE('',#7897,#7898);
#7897 = CARTESIAN_POINT('',(121.75,0.));
#7898 = VECTOR('',#7899,1.);
#7899 = DIRECTION('',(0.,-1.));
#7900 = ( GEOMETRIC_REPRESENTATION_CONTEXT(2) 
PARAMETRIC_REPRESENTATION_CONTEXT() REPRESENTATION_CONTEXT('2D SPACE',''
  ) );
#7901 = ORIENTED_EDGE('',*,*,#5627,.T.);
#7902 = ORIENTED_EDGE('',*,*,#7828,.T.);
#7903 = ORIENTED_EDGE('',*,*,#6651,.F.);
#7904 = ADVANCED_FACE('',(#7905),#5697,.T.);
#7905 = FACE_BOUND('',#7906,.T.);
#7906 = EDGE_LOOP('',(#7907,#7908,#7909,#7930));
#7907 = ORIENTED_EDGE('',*,*,#7857,.F.);
#7908 = ORIENTED_EDGE('',*,*,#5682,.T.);
#7909 = ORIENTED_EDGE('',*,*,#7910,.T.);
#7910 = EDGE_CURVE('',#5660,#6605,#7911,.T.);
#7911 = SURFACE_CURVE('',#7912,(#7916,#7923),.PCURVE_S1.);
#7912 = LINE('',#7913,#7914);
#7913 = CARTESIAN_POINT('',(59.,83.75,4.45));
#7914 = VECTOR('',#7915,1.);
#7915 = DIRECTION('',(0.,0.,1.));
#7916 = PCURVE('',#5697,#7917);
#7917 = DEFINITIONAL_REPRESENTATION('',(#7918),#7922);
#7918 = LINE('',#7919,#7920);
#7919 = CARTESIAN_POINT('',(1.570796326795,0.));
#7920 = VECTOR('',#7921,1.);
#7921 = DIRECTION('',(0.,1.));
#7922 = ( GEOMETRIC_REPRESENTATION_CONTEXT(2) 
PARAMETRIC_REPRESENTATION_CONTEXT() REPRESENTATION_CONTEXT('2D SPACE',''
  ) );
#7923 = PCURVE('',#5728,#7924);
#7924 = DEFINITIONAL_REPRESENTATION('',(#7925),#7929);
#7925 = LINE('',#7926,#7927);
#7926 = CARTESIAN_POINT('',(3.75,0.));
#7927 = VECTOR('',#7928,1.);
#7928 = DIRECTION('',(0.,-1.));
#7929 = ( GEOMETRIC_REPRESENTATION_CONTEXT(2) 
PARAMETRIC_REPRESENTATION_CONTEXT() REPRESENTATION_CONTEXT('2D SPACE',''
  ) );
#7930 = ORIENTED_EDGE('',*,*,#6604,.F.);
#7931 = ADVANCED_FACE('',(#7932),#5728,.F.);
#7932 = FACE_BOUND('',#7933,.F.);
#7933 = EDGE_LOOP('',(#7934,#7935,#7936,#7937));
#7934 = ORIENTED_EDGE('',*,*,#5714,.F.);
#7935 = ORIENTED_EDGE('',*,*,#7910,.T.);
#7936 = ORIENTED_EDGE('',*,*,#6628,.T.);
#7937 = ORIENTED_EDGE('',*,*,#7881,.F.);
#7938 = ADVANCED_FACE('',(#7939),#6052,.F.);
#7939 = FACE_BOUND('',#7940,.F.);
#7940 = EDGE_LOOP('',(#7941,#7942,#7965,#7991));
#7941 = ORIENTED_EDGE('',*,*,#6036,.T.);
#7942 = ORIENTED_EDGE('',*,*,#7943,.T.);
#7943 = EDGE_CURVE('',#6037,#7944,#7946,.T.);
#7944 = VERTEX_POINT('',#7945);
#7945 = CARTESIAN_POINT('',(-9.25,-63.9,4.45));
#7946 = SURFACE_CURVE('',#7947,(#7951,#7958),.PCURVE_S1.);
#7947 = LINE('',#7948,#7949);
#7948 = CARTESIAN_POINT('',(-43.75,-63.9,4.45));
#7949 = VECTOR('',#7950,1.);
#7950 = DIRECTION('',(1.,0.,0.));
#7951 = PCURVE('',#6052,#7952);
#7952 = DEFINITIONAL_REPRESENTATION('',(#7953),#7957);
#7953 = LINE('',#7954,#7955);
#7954 = CARTESIAN_POINT('',(-17.25,-49.9));
#7955 = VECTOR('',#7956,1.);
#7956 = DIRECTION('',(1.,0.));
#7957 = ( GEOMETRIC_REPRESENTATION_CONTEXT(2) 
PARAMETRIC_REPRESENTATION_CONTEXT() REPRESENTATION_CONTEXT('2D SPACE',''
  ) );
#7958 = PCURVE('',#6107,#7959);
#7959 = DEFINITIONAL_REPRESENTATION('',(#7960),#7964);
#7960 = LINE('',#7961,#7962);
#7961 = CARTESIAN_POINT('',(0.,0.));
#7962 = VECTOR('',#7963,1.);
#7963 = DIRECTION('',(1.,0.));
#7964 = ( GEOMETRIC_REPRESENTATION_CONTEXT(2) 
PARAMETRIC_REPRESENTATION_CONTEXT() REPRESENTATION_CONTEXT('2D SPACE',''
  ) );
#7965 = ORIENTED_EDGE('',*,*,#7966,.T.);
#7966 = EDGE_CURVE('',#7944,#6155,#7967,.T.);
#7967 = SURFACE_CURVE('',#7968,(#7972,#7979),.PCURVE_S1.);
#7968 = LINE('',#7969,#7970);
#7969 = CARTESIAN_POINT('',(-9.25,-63.9,4.45));
#7970 = VECTOR('',#7971,1.);
#7971 = DIRECTION('',(0.,1.,0.));
#7972 = PCURVE('',#6052,#7973);
#7973 = DEFINITIONAL_REPRESENTATION('',(#7974),#7978);
#7974 = LINE('',#7975,#7976);
#7975 = CARTESIAN_POINT('',(17.25,-49.9));
#7976 = VECTOR('',#7977,1.);
#7977 = DIRECTION('',(0.,1.));
#7978 = ( GEOMETRIC_REPRESENTATION_CONTEXT(2) 
PARAMETRIC_REPRESENTATION_CONTEXT() REPRESENTATION_CONTEXT('2D SPACE',''
  ) );
#7979 = PCURVE('',#7980,#7985);
#7980 = PLANE('',#7981);
#7981 = AXIS2_PLACEMENT_3D('',#7982,#7983,#7984);
#7982 = CARTESIAN_POINT('',(-9.25,-63.9,4.45));
#7983 = DIRECTION('',(-1.,0.,0.));
#7984 = DIRECTION('',(0.,1.,0.));
#7985 = DEFINITIONAL_REPRESENTATION('',(#7986),#7990);
#7986 = LINE('',#7987,#7988);
#7987 = CARTESIAN_POINT('',(0.,0.));
#7988 = VECTOR('',#7989,1.);
#7989 = DIRECTION('',(1.,0.));
#7990 = ( GEOMETRIC_REPRESENTATION_CONTEXT(2) 
PARAMETRIC_REPRESENTATION_CONTEXT() REPRESENTATION_CONTEXT('2D SPACE',''
  ) );
#7991 = ORIENTED_EDGE('',*,*,#6211,.F.);
#7992 = ADVANCED_FACE('',(#7993),#6107,.F.);
#7993 = FACE_BOUND('',#7994,.F.);
#7994 = EDGE_LOOP('',(#7995,#7996,#8019,#8040));
#7995 = ORIENTED_EDGE('',*,*,#6093,.T.);
#7996 = ORIENTED_EDGE('',*,*,#7997,.T.);
#7997 = EDGE_CURVE('',#6066,#7998,#8000,.T.);
#7998 = VERTEX_POINT('',#7999);
#7999 = CARTESIAN_POINT('',(-9.25,-63.9,5.05));
#8000 = SURFACE_CURVE('',#8001,(#8005,#8012),.PCURVE_S1.);
#8001 = LINE('',#8002,#8003);
#8002 = CARTESIAN_POINT('',(-43.75,-63.9,5.05));
#8003 = VECTOR('',#8004,1.);
#8004 = DIRECTION('',(1.,0.,0.));
#8005 = PCURVE('',#6107,#8006);
#8006 = DEFINITIONAL_REPRESENTATION('',(#8007),#8011);
#8007 = LINE('',#8008,#8009);
#8008 = CARTESIAN_POINT('',(0.,-0.6));
#8009 = VECTOR('',#8010,1.);
#8010 = DIRECTION('',(1.,0.));
#8011 = ( GEOMETRIC_REPRESENTATION_CONTEXT(2) 
PARAMETRIC_REPRESENTATION_CONTEXT() REPRESENTATION_CONTEXT('2D SPACE',''
  ) );
#8012 = PCURVE('',#6081,#8013);
#8013 = DEFINITIONAL_REPRESENTATION('',(#8014),#8018);
#8014 = LINE('',#8015,#8016);
#8015 = CARTESIAN_POINT('',(-17.25,-49.9));
#8016 = VECTOR('',#8017,1.);
#8017 = DIRECTION('',(1.,0.));
#8018 = ( GEOMETRIC_REPRESENTATION_CONTEXT(2) 
PARAMETRIC_REPRESENTATION_CONTEXT() REPRESENTATION_CONTEXT('2D SPACE',''
  ) );
#8019 = ORIENTED_EDGE('',*,*,#8020,.F.);
#8020 = EDGE_CURVE('',#7944,#7998,#8021,.T.);
#8021 = SURFACE_CURVE('',#8022,(#8026,#8033),.PCURVE_S1.);
#8022 = LINE('',#8023,#8024);
#8023 = CARTESIAN_POINT('',(-9.25,-63.9,4.45));
#8024 = VECTOR('',#8025,1.);
#8025 = DIRECTION('',(0.,0.,1.));
#8026 = PCURVE('',#6107,#8027);
#8027 = DEFINITIONAL_REPRESENTATION('',(#8028),#8032);
#8028 = LINE('',#8029,#8030);
#8029 = CARTESIAN_POINT('',(34.5,0.));
#8030 = VECTOR('',#8031,1.);
#8031 = DIRECTION('',(0.,-1.));
#8032 = ( GEOMETRIC_REPRESENTATION_CONTEXT(2) 
PARAMETRIC_REPRESENTATION_CONTEXT() REPRESENTATION_CONTEXT('2D SPACE',''
  ) );
#8033 = PCURVE('',#7980,#8034);
#8034 = DEFINITIONAL_REPRESENTATION('',(#8035),#8039);
#8035 = LINE('',#8036,#8037);
#8036 = CARTESIAN_POINT('',(0.,0.));
#8037 = VECTOR('',#8038,1.);
#8038 = DIRECTION('',(0.,-1.));
#8039 = ( GEOMETRIC_REPRESENTATION_CONTEXT(2) 
PARAMETRIC_REPRESENTATION_CONTEXT() REPRESENTATION_CONTEXT('2D SPACE',''
  ) );
#8040 = ORIENTED_EDGE('',*,*,#7943,.F.);
#8041 = ADVANCED_FACE('',(#8042),#6081,.T.);
#8042 = FACE_BOUND('',#8043,.T.);
#8043 = EDGE_LOOP('',(#8044,#8045,#8046,#8069));
#8044 = ORIENTED_EDGE('',*,*,#6065,.T.);
#8045 = ORIENTED_EDGE('',*,*,#7997,.T.);
#8046 = ORIENTED_EDGE('',*,*,#8047,.T.);
#8047 = EDGE_CURVE('',#7998,#8048,#8050,.T.);
#8048 = VERTEX_POINT('',#8049);
#8049 = CARTESIAN_POINT('',(-9.25,-63.,5.05));
#8050 = SURFACE_CURVE('',#8051,(#8055,#8062),.PCURVE_S1.);
#8051 = LINE('',#8052,#8053);
#8052 = CARTESIAN_POINT('',(-9.25,-63.9,5.05));
#8053 = VECTOR('',#8054,1.);
#8054 = DIRECTION('',(0.,1.,0.));
#8055 = PCURVE('',#6081,#8056);
#8056 = DEFINITIONAL_REPRESENTATION('',(#8057),#8061);
#8057 = LINE('',#8058,#8059);
#8058 = CARTESIAN_POINT('',(17.25,-49.9));
#8059 = VECTOR('',#8060,1.);
#8060 = DIRECTION('',(0.,1.));
#8061 = ( GEOMETRIC_REPRESENTATION_CONTEXT(2) 
PARAMETRIC_REPRESENTATION_CONTEXT() REPRESENTATION_CONTEXT('2D SPACE',''
  ) );
#8062 = PCURVE('',#7980,#8063);
#8063 = DEFINITIONAL_REPRESENTATION('',(#8064),#8068);
#8064 = LINE('',#8065,#8066);
#8065 = CARTESIAN_POINT('',(0.,-0.6));
#8066 = VECTOR('',#8067,1.);
#8067 = DIRECTION('',(1.,0.));
#8068 = ( GEOMETRIC_REPRESENTATION_CONTEXT(2) 
PARAMETRIC_REPRESENTATION_CONTEXT() REPRESENTATION_CONTEXT('2D SPACE',''
  ) );
#8069 = ORIENTED_EDGE('',*,*,#8070,.F.);
#8070 = EDGE_CURVE('',#3829,#8048,#8071,.T.);
#8071 = SURFACE_CURVE('',#8072,(#8076,#8083),.PCURVE_S1.);
#8072 = LINE('',#8073,#8074);
#8073 = CARTESIAN_POINT('',(-60.75,-63.,5.05));
#8074 = VECTOR('',#8075,1.);
#8075 = DIRECTION('',(1.,0.,0.));
#8076 = PCURVE('',#6081,#8077);
#8077 = DEFINITIONAL_REPRESENTATION('',(#8078),#8082);
#8078 = LINE('',#8079,#8080);
#8079 = CARTESIAN_POINT('',(-34.25,-49.));
#8080 = VECTOR('',#8081,1.);
#8081 = DIRECTION('',(1.,0.));
#8082 = ( GEOMETRIC_REPRESENTATION_CONTEXT(2) 
PARAMETRIC_REPRESENTATION_CONTEXT() REPRESENTATION_CONTEXT('2D SPACE',''
  ) );
#8083 = PCURVE('',#6136,#8084);
#8084 = DEFINITIONAL_REPRESENTATION('',(#8085),#8089);
#8085 = LINE('',#8086,#8087);
#8086 = CARTESIAN_POINT('',(-60.75,-4.));
#8087 = VECTOR('',#8088,1.);
#8088 = DIRECTION('',(1.,0.));
#8089 = ( GEOMETRIC_REPRESENTATION_CONTEXT(2) 
PARAMETRIC_REPRESENTATION_CONTEXT() REPRESENTATION_CONTEXT('2D SPACE',''
  ) );
#8090 = ADVANCED_FACE('',(#8091),#6136,.T.);
#8091 = FACE_BOUND('',#8092,.T.);
#8092 = EDGE_LOOP('',(#8093,#8121,#8142,#8143));
#8093 = ORIENTED_EDGE('',*,*,#8094,.T.);
#8094 = EDGE_CURVE('',#8048,#8095,#8097,.T.);
#8095 = VERTEX_POINT('',#8096);
#8096 = CARTESIAN_POINT('',(-9.25,-55.,5.05));
#8097 = SURFACE_CURVE('',#8098,(#8102,#8109),.PCURVE_S1.);
#8098 = LINE('',#8099,#8100);
#8099 = CARTESIAN_POINT('',(-9.25,-63.9,5.05));
#8100 = VECTOR('',#8101,1.);
#8101 = DIRECTION('',(0.,1.,0.));
#8102 = PCURVE('',#6136,#8103);
#8103 = DEFINITIONAL_REPRESENTATION('',(#8104),#8108);
#8104 = LINE('',#8105,#8106);
#8105 = CARTESIAN_POINT('',(-9.25,-4.9));
#8106 = VECTOR('',#8107,1.);
#8107 = DIRECTION('',(0.,1.));
#8108 = ( GEOMETRIC_REPRESENTATION_CONTEXT(2) 
PARAMETRIC_REPRESENTATION_CONTEXT() REPRESENTATION_CONTEXT('2D SPACE',''
  ) );
#8109 = PCURVE('',#8110,#8115);
#8110 = PLANE('',#8111);
#8111 = AXIS2_PLACEMENT_3D('',#8112,#8113,#8114);
#8112 = CARTESIAN_POINT('',(0.,-59.,5.05));
#8113 = DIRECTION('',(0.,0.,1.));
#8114 = DIRECTION('',(1.,0.,-0.));
#8115 = DEFINITIONAL_REPRESENTATION('',(#8116),#8120);
#8116 = LINE('',#8117,#8118);
#8117 = CARTESIAN_POINT('',(-9.25,-4.9));
#8118 = VECTOR('',#8119,1.);
#8119 = DIRECTION('',(0.,1.));
#8120 = ( GEOMETRIC_REPRESENTATION_CONTEXT(2) 
PARAMETRIC_REPRESENTATION_CONTEXT() REPRESENTATION_CONTEXT('2D SPACE',''
  ) );
#8121 = ORIENTED_EDGE('',*,*,#8122,.T.);
#8122 = EDGE_CURVE('',#8095,#3939,#8123,.T.);
#8123 = SURFACE_CURVE('',#8124,(#8128,#8135),.PCURVE_S1.);
#8124 = LINE('',#8125,#8126);
#8125 = CARTESIAN_POINT('',(60.75,-55.,5.05));
#8126 = VECTOR('',#8127,1.);
#8127 = DIRECTION('',(-1.,0.,0.));
#8128 = PCURVE('',#6136,#8129);
#8129 = DEFINITIONAL_REPRESENTATION('',(#8130),#8134);
#8130 = LINE('',#8131,#8132);
#8131 = CARTESIAN_POINT('',(60.75,4.));
#8132 = VECTOR('',#8133,1.);
#8133 = DIRECTION('',(-1.,0.));
#8134 = ( GEOMETRIC_REPRESENTATION_CONTEXT(2) 
PARAMETRIC_REPRESENTATION_CONTEXT() REPRESENTATION_CONTEXT('2D SPACE',''
  ) );
#8135 = PCURVE('',#6273,#8136);
#8136 = DEFINITIONAL_REPRESENTATION('',(#8137),#8141);
#8137 = LINE('',#8138,#8139);
#8138 = CARTESIAN_POINT('',(87.25,-41.));
#8139 = VECTOR('',#8140,1.);
#8140 = DIRECTION('',(-1.,0.));
#8141 = ( GEOMETRIC_REPRESENTATION_CONTEXT(2) 
PARAMETRIC_REPRESENTATION_CONTEXT() REPRESENTATION_CONTEXT('2D SPACE',''
  ) );
#8142 = ORIENTED_EDGE('',*,*,#6122,.T.);
#8143 = ORIENTED_EDGE('',*,*,#8070,.T.);
#8144 = ADVANCED_FACE('',(#8145),#6172,.F.);
#8145 = FACE_BOUND('',#8146,.F.);
#8146 = EDGE_LOOP('',(#8147,#8172,#8198,#8199,#8227,#8255));
#8147 = ORIENTED_EDGE('',*,*,#8148,.F.);
#8148 = EDGE_CURVE('',#8149,#8151,#8153,.T.);
#8149 = VERTEX_POINT('',#8150);
#8150 = CARTESIAN_POINT('',(12.5355,-55.,4.45));
#8151 = VERTEX_POINT('',#8152);
#8152 = CARTESIAN_POINT('',(12.5355,-61.3535,4.45));
#8153 = SURFACE_CURVE('',#8154,(#8158,#8165),.PCURVE_S1.);
#8154 = LINE('',#8155,#8156);
#8155 = CARTESIAN_POINT('',(12.5355,39.2705,4.45));
#8156 = VECTOR('',#8157,1.);
#8157 = DIRECTION('',(0.,-1.,0.));
#8158 = PCURVE('',#6172,#8159);
#8159 = DEFINITIONAL_REPRESENTATION('',(#8160),#8164);
#8160 = LINE('',#8161,#8162);
#8161 = CARTESIAN_POINT('',(12.5355,98.2705));
#8162 = VECTOR('',#8163,1.);
#8163 = DIRECTION('',(0.,-1.));
#8164 = ( GEOMETRIC_REPRESENTATION_CONTEXT(2) 
PARAMETRIC_REPRESENTATION_CONTEXT() REPRESENTATION_CONTEXT('2D SPACE',''
  ) );
#8165 = PCURVE('',#7446,#8166);
#8166 = DEFINITIONAL_REPRESENTATION('',(#8167),#8171);
#8167 = LINE('',#8168,#8169);
#8168 = CARTESIAN_POINT('',(12.5355,98.2705));
#8169 = VECTOR('',#8170,1.);
#8170 = DIRECTION('',(0.,-1.));
#8171 = ( GEOMETRIC_REPRESENTATION_CONTEXT(2) 
PARAMETRIC_REPRESENTATION_CONTEXT() REPRESENTATION_CONTEXT('2D SPACE',''
  ) );
#8172 = ORIENTED_EDGE('',*,*,#8173,.T.);
#8173 = EDGE_CURVE('',#8149,#6157,#8174,.T.);
#8174 = SURFACE_CURVE('',#8175,(#8179,#8186),.PCURVE_S1.);
#8175 = LINE('',#8176,#8177);
#8176 = CARTESIAN_POINT('',(60.75,-55.,4.45));
#8177 = VECTOR('',#8178,1.);
#8178 = DIRECTION('',(-1.,0.,0.));
#8179 = PCURVE('',#6172,#8180);
#8180 = DEFINITIONAL_REPRESENTATION('',(#8181),#8185);
#8181 = LINE('',#8182,#8183);
#8182 = CARTESIAN_POINT('',(60.75,4.));
#8183 = VECTOR('',#8184,1.);
#8184 = DIRECTION('',(-1.,0.));
#8185 = ( GEOMETRIC_REPRESENTATION_CONTEXT(2) 
PARAMETRIC_REPRESENTATION_CONTEXT() REPRESENTATION_CONTEXT('2D SPACE',''
  ) );
#8186 = PCURVE('',#8187,#8192);
#8187 = PLANE('',#8188);
#8188 = AXIS2_PLACEMENT_3D('',#8189,#8190,#8191);
#8189 = CARTESIAN_POINT('',(60.75,-55.,4.45));
#8190 = DIRECTION('',(0.,-1.,0.));
#8191 = DIRECTION('',(-1.,0.,0.));
#8192 = DEFINITIONAL_REPRESENTATION('',(#8193),#8197);
#8193 = LINE('',#8194,#8195);
#8194 = CARTESIAN_POINT('',(0.,-0.));
#8195 = VECTOR('',#8196,1.);
#8196 = DIRECTION('',(1.,0.));
#8197 = ( GEOMETRIC_REPRESENTATION_CONTEXT(2) 
PARAMETRIC_REPRESENTATION_CONTEXT() REPRESENTATION_CONTEXT('2D SPACE',''
  ) );
#8198 = ORIENTED_EDGE('',*,*,#6154,.F.);
#8199 = ORIENTED_EDGE('',*,*,#8200,.T.);
#8200 = EDGE_CURVE('',#6155,#8201,#8203,.T.);
#8201 = VERTEX_POINT('',#8202);
#8202 = CARTESIAN_POINT('',(7.438,-63.,4.45));
#8203 = SURFACE_CURVE('',#8204,(#8208,#8215),.PCURVE_S1.);
#8204 = LINE('',#8205,#8206);
#8205 = CARTESIAN_POINT('',(-60.75,-63.,4.45));
#8206 = VECTOR('',#8207,1.);
#8207 = DIRECTION('',(1.,0.,0.));
#8208 = PCURVE('',#6172,#8209);
#8209 = DEFINITIONAL_REPRESENTATION('',(#8210),#8214);
#8210 = LINE('',#8211,#8212);
#8211 = CARTESIAN_POINT('',(-60.75,-4.));
#8212 = VECTOR('',#8213,1.);
#8213 = DIRECTION('',(1.,0.));
#8214 = ( GEOMETRIC_REPRESENTATION_CONTEXT(2) 
PARAMETRIC_REPRESENTATION_CONTEXT() REPRESENTATION_CONTEXT('2D SPACE',''
  ) );
#8215 = PCURVE('',#8216,#8221);
#8216 = PLANE('',#8217);
#8217 = AXIS2_PLACEMENT_3D('',#8218,#8219,#8220);
#8218 = CARTESIAN_POINT('',(-60.75,-63.,4.45));
#8219 = DIRECTION('',(0.,1.,0.));
#8220 = DIRECTION('',(1.,0.,0.));
#8221 = DEFINITIONAL_REPRESENTATION('',(#8222),#8226);
#8222 = LINE('',#8223,#8224);
#8223 = CARTESIAN_POINT('',(0.,0.));
#8224 = VECTOR('',#8225,1.);
#8225 = DIRECTION('',(1.,0.));
#8226 = ( GEOMETRIC_REPRESENTATION_CONTEXT(2) 
PARAMETRIC_REPRESENTATION_CONTEXT() REPRESENTATION_CONTEXT('2D SPACE',''
  ) );
#8227 = ORIENTED_EDGE('',*,*,#8228,.F.);
#8228 = EDGE_CURVE('',#8229,#8201,#8231,.T.);
#8229 = VERTEX_POINT('',#8230);
#8230 = CARTESIAN_POINT('',(7.438,-61.3535,4.45));
#8231 = SURFACE_CURVE('',#8232,(#8236,#8243),.PCURVE_S1.);
#8232 = LINE('',#8233,#8234);
#8233 = CARTESIAN_POINT('',(7.438,-61.3535,4.45));
#8234 = VECTOR('',#8235,1.);
#8235 = DIRECTION('',(0.,-1.,0.));
#8236 = PCURVE('',#6172,#8237);
#8237 = DEFINITIONAL_REPRESENTATION('',(#8238),#8242);
#8238 = LINE('',#8239,#8240);
#8239 = CARTESIAN_POINT('',(7.438,-2.3535));
#8240 = VECTOR('',#8241,1.);
#8241 = DIRECTION('',(0.,-1.));
#8242 = ( GEOMETRIC_REPRESENTATION_CONTEXT(2) 
PARAMETRIC_REPRESENTATION_CONTEXT() REPRESENTATION_CONTEXT('2D SPACE',''
  ) );
#8243 = PCURVE('',#8244,#8249);
#8244 = PLANE('',#8245);
#8245 = AXIS2_PLACEMENT_3D('',#8246,#8247,#8248);
#8246 = CARTESIAN_POINT('',(0.,-59.,4.45));
#8247 = DIRECTION('',(0.,0.,1.));
#8248 = DIRECTION('',(1.,0.,-0.));
#8249 = DEFINITIONAL_REPRESENTATION('',(#8250),#8254);
#8250 = LINE('',#8251,#8252);
#8251 = CARTESIAN_POINT('',(7.438,-2.3535));
#8252 = VECTOR('',#8253,1.);
#8253 = DIRECTION('',(0.,-1.));
#8254 = ( GEOMETRIC_REPRESENTATION_CONTEXT(2) 
PARAMETRIC_REPRESENTATION_CONTEXT() REPRESENTATION_CONTEXT('2D SPACE',''
  ) );
#8255 = ORIENTED_EDGE('',*,*,#8256,.F.);
#8256 = EDGE_CURVE('',#8151,#8229,#8257,.T.);
#8257 = SURFACE_CURVE('',#8258,(#8262,#8269),.PCURVE_S1.);
#8258 = LINE('',#8259,#8260);
#8259 = CARTESIAN_POINT('',(17.438,-61.3535,4.45));
#8260 = VECTOR('',#8261,1.);
#8261 = DIRECTION('',(-1.,0.,0.));
#8262 = PCURVE('',#6172,#8263);
#8263 = DEFINITIONAL_REPRESENTATION('',(#8264),#8268);
#8264 = LINE('',#8265,#8266);
#8265 = CARTESIAN_POINT('',(17.438,-2.3535));
#8266 = VECTOR('',#8267,1.);
#8267 = DIRECTION('',(-1.,0.));
#8268 = ( GEOMETRIC_REPRESENTATION_CONTEXT(2) 
PARAMETRIC_REPRESENTATION_CONTEXT() REPRESENTATION_CONTEXT('2D SPACE',''
  ) );
#8269 = PCURVE('',#8244,#8270);
#8270 = DEFINITIONAL_REPRESENTATION('',(#8271),#8275);
#8271 = LINE('',#8272,#8273);
#8272 = CARTESIAN_POINT('',(17.438,-2.3535));
#8273 = VECTOR('',#8274,1.);
#8274 = DIRECTION('',(-1.,0.));
#8275 = ( GEOMETRIC_REPRESENTATION_CONTEXT(2) 
PARAMETRIC_REPRESENTATION_CONTEXT() REPRESENTATION_CONTEXT('2D SPACE',''
  ) );
#8276 = ADVANCED_FACE('',(#8277),#6198,.F.);
#8277 = FACE_BOUND('',#8278,.F.);
#8278 = EDGE_LOOP('',(#8279,#8280,#8281,#8307));
#8279 = ORIENTED_EDGE('',*,*,#6235,.T.);
#8280 = ORIENTED_EDGE('',*,*,#6184,.F.);
#8281 = ORIENTED_EDGE('',*,*,#8282,.T.);
#8282 = EDGE_CURVE('',#6157,#6371,#8283,.T.);
#8283 = SURFACE_CURVE('',#8284,(#8288,#8295),.PCURVE_S1.);
#8284 = LINE('',#8285,#8286);
#8285 = CARTESIAN_POINT('',(-9.25,-63.9,4.45));
#8286 = VECTOR('',#8287,1.);
#8287 = DIRECTION('',(0.,1.,0.));
#8288 = PCURVE('',#6198,#8289);
#8289 = DEFINITIONAL_REPRESENTATION('',(#8290),#8294);
#8290 = LINE('',#8291,#8292);
#8291 = CARTESIAN_POINT('',(17.25,-49.9));
#8292 = VECTOR('',#8293,1.);
#8293 = DIRECTION('',(0.,1.));
#8294 = ( GEOMETRIC_REPRESENTATION_CONTEXT(2) 
PARAMETRIC_REPRESENTATION_CONTEXT() REPRESENTATION_CONTEXT('2D SPACE',''
  ) );
#8295 = PCURVE('',#8296,#8301);
#8296 = PLANE('',#8297);
#8297 = AXIS2_PLACEMENT_3D('',#8298,#8299,#8300);
#8298 = CARTESIAN_POINT('',(-9.25,-63.9,4.45));
#8299 = DIRECTION('',(-1.,0.,0.));
#8300 = DIRECTION('',(0.,1.,0.));
#8301 = DEFINITIONAL_REPRESENTATION('',(#8302),#8306);
#8302 = LINE('',#8303,#8304);
#8303 = CARTESIAN_POINT('',(0.,0.));
#8304 = VECTOR('',#8305,1.);
#8305 = DIRECTION('',(1.,0.));
#8306 = ( GEOMETRIC_REPRESENTATION_CONTEXT(2) 
PARAMETRIC_REPRESENTATION_CONTEXT() REPRESENTATION_CONTEXT('2D SPACE',''
  ) );
#8307 = ORIENTED_EDGE('',*,*,#6427,.F.);
#8308 = ADVANCED_FACE('',(#8309),#6273,.T.);
#8309 = FACE_BOUND('',#8310,.T.);
#8310 = EDGE_LOOP('',(#8311,#8334,#8335,#8363,#8391,#8417,#8418,#8419,
    #8442,#8470,#8498,#8526,#8549,#8577,#8605,#8633));
#8311 = ORIENTED_EDGE('',*,*,#8312,.F.);
#8312 = EDGE_CURVE('',#4062,#8313,#8315,.T.);
#8313 = VERTEX_POINT('',#8314);
#8314 = CARTESIAN_POINT('',(-9.25,26.,5.05));
#8315 = SURFACE_CURVE('',#8316,(#8320,#8327),.PCURVE_S1.);
#8316 = LINE('',#8317,#8318);
#8317 = CARTESIAN_POINT('',(-60.75,26.,5.05));
#8318 = VECTOR('',#8319,1.);
#8319 = DIRECTION('',(1.,0.,0.));
#8320 = PCURVE('',#6273,#8321);
#8321 = DEFINITIONAL_REPRESENTATION('',(#8322),#8326);
#8322 = LINE('',#8323,#8324);
#8323 = CARTESIAN_POINT('',(-34.25,40.));
#8324 = VECTOR('',#8325,1.);
#8325 = DIRECTION('',(1.,0.));
#8326 = ( GEOMETRIC_REPRESENTATION_CONTEXT(2) 
PARAMETRIC_REPRESENTATION_CONTEXT() REPRESENTATION_CONTEXT('2D SPACE',''
  ) );
#8327 = PCURVE('',#6355,#8328);
#8328 = DEFINITIONAL_REPRESENTATION('',(#8329),#8333);
#8329 = LINE('',#8330,#8331);
#8330 = CARTESIAN_POINT('',(-60.75,-4.));
#8331 = VECTOR('',#8332,1.);
#8332 = DIRECTION('',(1.,0.));
#8333 = ( GEOMETRIC_REPRESENTATION_CONTEXT(2) 
PARAMETRIC_REPRESENTATION_CONTEXT() REPRESENTATION_CONTEXT('2D SPACE',''
  ) );
#8334 = ORIENTED_EDGE('',*,*,#6257,.T.);
#8335 = ORIENTED_EDGE('',*,*,#8336,.F.);
#8336 = EDGE_CURVE('',#8337,#6258,#8339,.T.);
#8337 = VERTEX_POINT('',#8338);
#8338 = CARTESIAN_POINT('',(-43.3,-5.6,5.05));
#8339 = SURFACE_CURVE('',#8340,(#8344,#8351),.PCURVE_S1.);
#8340 = LINE('',#8341,#8342);
#8341 = CARTESIAN_POINT('',(-43.3,-5.6,5.05));
#8342 = VECTOR('',#8343,1.);
#8343 = DIRECTION('',(-1.,0.,0.));
#8344 = PCURVE('',#6273,#8345);
#8345 = DEFINITIONAL_REPRESENTATION('',(#8346),#8350);
#8346 = LINE('',#8347,#8348);
#8347 = CARTESIAN_POINT('',(-16.8,8.4));
#8348 = VECTOR('',#8349,1.);
#8349 = DIRECTION('',(-1.,0.));
#8350 = ( GEOMETRIC_REPRESENTATION_CONTEXT(2) 
PARAMETRIC_REPRESENTATION_CONTEXT() REPRESENTATION_CONTEXT('2D SPACE',''
  ) );
#8351 = PCURVE('',#8352,#8357);
#8352 = PLANE('',#8353);
#8353 = AXIS2_PLACEMENT_3D('',#8354,#8355,#8356);
#8354 = CARTESIAN_POINT('',(-43.3,-5.6,5.05));
#8355 = DIRECTION('',(0.,-1.,0.));
#8356 = DIRECTION('',(-1.,0.,0.));
#8357 = DEFINITIONAL_REPRESENTATION('',(#8358),#8362);
#8358 = LINE('',#8359,#8360);
#8359 = CARTESIAN_POINT('',(0.,-0.));
#8360 = VECTOR('',#8361,1.);
#8361 = DIRECTION('',(1.,0.));
#8362 = ( GEOMETRIC_REPRESENTATION_CONTEXT(2) 
PARAMETRIC_REPRESENTATION_CONTEXT() REPRESENTATION_CONTEXT('2D SPACE',''
  ) );
#8363 = ORIENTED_EDGE('',*,*,#8364,.F.);
#8364 = EDGE_CURVE('',#8365,#8337,#8367,.T.);
#8365 = VERTEX_POINT('',#8366);
#8366 = CARTESIAN_POINT('',(-43.3,-17.6,5.05));
#8367 = SURFACE_CURVE('',#8368,(#8372,#8379),.PCURVE_S1.);
#8368 = LINE('',#8369,#8370);
#8369 = CARTESIAN_POINT('',(-43.3,-17.6,5.05));
#8370 = VECTOR('',#8371,1.);
#8371 = DIRECTION('',(0.,1.,0.));
#8372 = PCURVE('',#6273,#8373);
#8373 = DEFINITIONAL_REPRESENTATION('',(#8374),#8378);
#8374 = LINE('',#8375,#8376);
#8375 = CARTESIAN_POINT('',(-16.8,-3.6));
#8376 = VECTOR('',#8377,1.);
#8377 = DIRECTION('',(0.,1.));
#8378 = ( GEOMETRIC_REPRESENTATION_CONTEXT(2) 
PARAMETRIC_REPRESENTATION_CONTEXT() REPRESENTATION_CONTEXT('2D SPACE',''
  ) );
#8379 = PCURVE('',#8380,#8385);
#8380 = PLANE('',#8381);
#8381 = AXIS2_PLACEMENT_3D('',#8382,#8383,#8384);
#8382 = CARTESIAN_POINT('',(-43.3,-17.6,5.05));
#8383 = DIRECTION('',(-1.,0.,0.));
#8384 = DIRECTION('',(0.,1.,0.));
#8385 = DEFINITIONAL_REPRESENTATION('',(#8386),#8390);
#8386 = LINE('',#8387,#8388);
#8387 = CARTESIAN_POINT('',(0.,0.));
#8388 = VECTOR('',#8389,1.);
#8389 = DIRECTION('',(1.,0.));
#8390 = ( GEOMETRIC_REPRESENTATION_CONTEXT(2) 
PARAMETRIC_REPRESENTATION_CONTEXT() REPRESENTATION_CONTEXT('2D SPACE',''
  ) );
#8391 = ORIENTED_EDGE('',*,*,#8392,.F.);
#8392 = EDGE_CURVE('',#6286,#8365,#8393,.T.);
#8393 = SURFACE_CURVE('',#8394,(#8398,#8405),.PCURVE_S1.);
#8394 = LINE('',#8395,#8396);
#8395 = CARTESIAN_POINT('',(-45.7,-17.6,5.05));
#8396 = VECTOR('',#8397,1.);
#8397 = DIRECTION('',(1.,0.,0.));
#8398 = PCURVE('',#6273,#8399);
#8399 = DEFINITIONAL_REPRESENTATION('',(#8400),#8404);
#8400 = LINE('',#8401,#8402);
#8401 = CARTESIAN_POINT('',(-19.2,-3.6));
#8402 = VECTOR('',#8403,1.);
#8403 = DIRECTION('',(1.,0.));
#8404 = ( GEOMETRIC_REPRESENTATION_CONTEXT(2) 
PARAMETRIC_REPRESENTATION_CONTEXT() REPRESENTATION_CONTEXT('2D SPACE',''
  ) );
#8405 = PCURVE('',#8406,#8411);
#8406 = PLANE('',#8407);
#8407 = AXIS2_PLACEMENT_3D('',#8408,#8409,#8410);
#8408 = CARTESIAN_POINT('',(-45.7,-17.6,5.05));
#8409 = DIRECTION('',(0.,1.,0.));
#8410 = DIRECTION('',(1.,0.,0.));
#8411 = DEFINITIONAL_REPRESENTATION('',(#8412),#8416);
#8412 = LINE('',#8413,#8414);
#8413 = CARTESIAN_POINT('',(0.,0.));
#8414 = VECTOR('',#8415,1.);
#8415 = DIRECTION('',(1.,0.));
#8416 = ( GEOMETRIC_REPRESENTATION_CONTEXT(2) 
PARAMETRIC_REPRESENTATION_CONTEXT() REPRESENTATION_CONTEXT('2D SPACE',''
  ) );
#8417 = ORIENTED_EDGE('',*,*,#6313,.T.);
#8418 = ORIENTED_EDGE('',*,*,#8122,.F.);
#8419 = ORIENTED_EDGE('',*,*,#8420,.T.);
#8420 = EDGE_CURVE('',#8095,#8421,#8423,.T.);
#8421 = VERTEX_POINT('',#8422);
#8422 = CARTESIAN_POINT('',(-9.25,-46.6,5.05));
#8423 = SURFACE_CURVE('',#8424,(#8428,#8435),.PCURVE_S1.);
#8424 = LINE('',#8425,#8426);
#8425 = CARTESIAN_POINT('',(-9.25,-63.9,5.05));
#8426 = VECTOR('',#8427,1.);
#8427 = DIRECTION('',(0.,1.,0.));
#8428 = PCURVE('',#6273,#8429);
#8429 = DEFINITIONAL_REPRESENTATION('',(#8430),#8434);
#8430 = LINE('',#8431,#8432);
#8431 = CARTESIAN_POINT('',(17.25,-49.9));
#8432 = VECTOR('',#8433,1.);
#8433 = DIRECTION('',(0.,1.));
#8434 = ( GEOMETRIC_REPRESENTATION_CONTEXT(2) 
PARAMETRIC_REPRESENTATION_CONTEXT() REPRESENTATION_CONTEXT('2D SPACE',''
  ) );
#8435 = PCURVE('',#8296,#8436);
#8436 = DEFINITIONAL_REPRESENTATION('',(#8437),#8441);
#8437 = LINE('',#8438,#8439);
#8438 = CARTESIAN_POINT('',(0.,-0.6));
#8439 = VECTOR('',#8440,1.);
#8440 = DIRECTION('',(1.,0.));
#8441 = ( GEOMETRIC_REPRESENTATION_CONTEXT(2) 
PARAMETRIC_REPRESENTATION_CONTEXT() REPRESENTATION_CONTEXT('2D SPACE',''
  ) );
#8442 = ORIENTED_EDGE('',*,*,#8443,.F.);
#8443 = EDGE_CURVE('',#8444,#8421,#8446,.T.);
#8444 = VERTEX_POINT('',#8445);
#8445 = CARTESIAN_POINT('',(-9.7,-46.6,5.05));
#8446 = SURFACE_CURVE('',#8447,(#8451,#8458),.PCURVE_S1.);
#8447 = LINE('',#8448,#8449);
#8448 = CARTESIAN_POINT('',(-9.7,-46.6,5.05));
#8449 = VECTOR('',#8450,1.);
#8450 = DIRECTION('',(1.,0.,0.));
#8451 = PCURVE('',#6273,#8452);
#8452 = DEFINITIONAL_REPRESENTATION('',(#8453),#8457);
#8453 = LINE('',#8454,#8455);
#8454 = CARTESIAN_POINT('',(16.8,-32.6));
#8455 = VECTOR('',#8456,1.);
#8456 = DIRECTION('',(1.,0.));
#8457 = ( GEOMETRIC_REPRESENTATION_CONTEXT(2) 
PARAMETRIC_REPRESENTATION_CONTEXT() REPRESENTATION_CONTEXT('2D SPACE',''
  ) );
#8458 = PCURVE('',#8459,#8464);
#8459 = PLANE('',#8460);
#8460 = AXIS2_PLACEMENT_3D('',#8461,#8462,#8463);
#8461 = CARTESIAN_POINT('',(-9.7,-46.6,5.05));
#8462 = DIRECTION('',(0.,1.,0.));
#8463 = DIRECTION('',(1.,0.,0.));
#8464 = DEFINITIONAL_REPRESENTATION('',(#8465),#8469);
#8465 = LINE('',#8466,#8467);
#8466 = CARTESIAN_POINT('',(0.,0.));
#8467 = VECTOR('',#8468,1.);
#8468 = DIRECTION('',(1.,0.));
#8469 = ( GEOMETRIC_REPRESENTATION_CONTEXT(2) 
PARAMETRIC_REPRESENTATION_CONTEXT() REPRESENTATION_CONTEXT('2D SPACE',''
  ) );
#8470 = ORIENTED_EDGE('',*,*,#8471,.F.);
#8471 = EDGE_CURVE('',#8472,#8444,#8474,.T.);
#8472 = VERTEX_POINT('',#8473);
#8473 = CARTESIAN_POINT('',(-9.7,-34.6,5.05));
#8474 = SURFACE_CURVE('',#8475,(#8479,#8486),.PCURVE_S1.);
#8475 = LINE('',#8476,#8477);
#8476 = CARTESIAN_POINT('',(-9.7,-34.6,5.05));
#8477 = VECTOR('',#8478,1.);
#8478 = DIRECTION('',(0.,-1.,0.));
#8479 = PCURVE('',#6273,#8480);
#8480 = DEFINITIONAL_REPRESENTATION('',(#8481),#8485);
#8481 = LINE('',#8482,#8483);
#8482 = CARTESIAN_POINT('',(16.8,-20.6));
#8483 = VECTOR('',#8484,1.);
#8484 = DIRECTION('',(0.,-1.));
#8485 = ( GEOMETRIC_REPRESENTATION_CONTEXT(2) 
PARAMETRIC_REPRESENTATION_CONTEXT() REPRESENTATION_CONTEXT('2D SPACE',''
  ) );
#8486 = PCURVE('',#8487,#8492);
#8487 = PLANE('',#8488);
#8488 = AXIS2_PLACEMENT_3D('',#8489,#8490,#8491);
#8489 = CARTESIAN_POINT('',(-9.7,-34.6,5.05));
#8490 = DIRECTION('',(1.,0.,-0.));
#8491 = DIRECTION('',(0.,-1.,0.));
#8492 = DEFINITIONAL_REPRESENTATION('',(#8493),#8497);
#8493 = LINE('',#8494,#8495);
#8494 = CARTESIAN_POINT('',(0.,0.));
#8495 = VECTOR('',#8496,1.);
#8496 = DIRECTION('',(1.,0.));
#8497 = ( GEOMETRIC_REPRESENTATION_CONTEXT(2) 
PARAMETRIC_REPRESENTATION_CONTEXT() REPRESENTATION_CONTEXT('2D SPACE',''
  ) );
#8498 = ORIENTED_EDGE('',*,*,#8499,.F.);
#8499 = EDGE_CURVE('',#8500,#8472,#8502,.T.);
#8500 = VERTEX_POINT('',#8501);
#8501 = CARTESIAN_POINT('',(-9.25,-34.6,5.05));
#8502 = SURFACE_CURVE('',#8503,(#8507,#8514),.PCURVE_S1.);
#8503 = LINE('',#8504,#8505);
#8504 = CARTESIAN_POINT('',(-7.3,-34.6,5.05));
#8505 = VECTOR('',#8506,1.);
#8506 = DIRECTION('',(-1.,0.,0.));
#8507 = PCURVE('',#6273,#8508);
#8508 = DEFINITIONAL_REPRESENTATION('',(#8509),#8513);
#8509 = LINE('',#8510,#8511);
#8510 = CARTESIAN_POINT('',(19.2,-20.6));
#8511 = VECTOR('',#8512,1.);
#8512 = DIRECTION('',(-1.,0.));
#8513 = ( GEOMETRIC_REPRESENTATION_CONTEXT(2) 
PARAMETRIC_REPRESENTATION_CONTEXT() REPRESENTATION_CONTEXT('2D SPACE',''
  ) );
#8514 = PCURVE('',#8515,#8520);
#8515 = PLANE('',#8516);
#8516 = AXIS2_PLACEMENT_3D('',#8517,#8518,#8519);
#8517 = CARTESIAN_POINT('',(-7.3,-34.6,5.05));
#8518 = DIRECTION('',(0.,-1.,0.));
#8519 = DIRECTION('',(-1.,0.,0.));
#8520 = DEFINITIONAL_REPRESENTATION('',(#8521),#8525);
#8521 = LINE('',#8522,#8523);
#8522 = CARTESIAN_POINT('',(0.,-0.));
#8523 = VECTOR('',#8524,1.);
#8524 = DIRECTION('',(1.,0.));
#8525 = ( GEOMETRIC_REPRESENTATION_CONTEXT(2) 
PARAMETRIC_REPRESENTATION_CONTEXT() REPRESENTATION_CONTEXT('2D SPACE',''
  ) );
#8526 = ORIENTED_EDGE('',*,*,#8527,.T.);
#8527 = EDGE_CURVE('',#8500,#8528,#8530,.T.);
#8528 = VERTEX_POINT('',#8529);
#8529 = CARTESIAN_POINT('',(-9.25,11.4,5.05));
#8530 = SURFACE_CURVE('',#8531,(#8535,#8542),.PCURVE_S1.);
#8531 = LINE('',#8532,#8533);
#8532 = CARTESIAN_POINT('',(-9.25,-63.9,5.05));
#8533 = VECTOR('',#8534,1.);
#8534 = DIRECTION('',(0.,1.,0.));
#8535 = PCURVE('',#6273,#8536);
#8536 = DEFINITIONAL_REPRESENTATION('',(#8537),#8541);
#8537 = LINE('',#8538,#8539);
#8538 = CARTESIAN_POINT('',(17.25,-49.9));
#8539 = VECTOR('',#8540,1.);
#8540 = DIRECTION('',(0.,1.));
#8541 = ( GEOMETRIC_REPRESENTATION_CONTEXT(2) 
PARAMETRIC_REPRESENTATION_CONTEXT() REPRESENTATION_CONTEXT('2D SPACE',''
  ) );
#8542 = PCURVE('',#8296,#8543);
#8543 = DEFINITIONAL_REPRESENTATION('',(#8544),#8548);
#8544 = LINE('',#8545,#8546);
#8545 = CARTESIAN_POINT('',(0.,-0.6));
#8546 = VECTOR('',#8547,1.);
#8547 = DIRECTION('',(1.,0.));
#8548 = ( GEOMETRIC_REPRESENTATION_CONTEXT(2) 
PARAMETRIC_REPRESENTATION_CONTEXT() REPRESENTATION_CONTEXT('2D SPACE',''
  ) );
#8549 = ORIENTED_EDGE('',*,*,#8550,.F.);
#8550 = EDGE_CURVE('',#8551,#8528,#8553,.T.);
#8551 = VERTEX_POINT('',#8552);
#8552 = CARTESIAN_POINT('',(-9.7,11.4,5.05));
#8553 = SURFACE_CURVE('',#8554,(#8558,#8565),.PCURVE_S1.);
#8554 = LINE('',#8555,#8556);
#8555 = CARTESIAN_POINT('',(-9.7,11.4,5.05));
#8556 = VECTOR('',#8557,1.);
#8557 = DIRECTION('',(1.,0.,0.));
#8558 = PCURVE('',#6273,#8559);
#8559 = DEFINITIONAL_REPRESENTATION('',(#8560),#8564);
#8560 = LINE('',#8561,#8562);
#8561 = CARTESIAN_POINT('',(16.8,25.4));
#8562 = VECTOR('',#8563,1.);
#8563 = DIRECTION('',(1.,0.));
#8564 = ( GEOMETRIC_REPRESENTATION_CONTEXT(2) 
PARAMETRIC_REPRESENTATION_CONTEXT() REPRESENTATION_CONTEXT('2D SPACE',''
  ) );
#8565 = PCURVE('',#8566,#8571);
#8566 = PLANE('',#8567);
#8567 = AXIS2_PLACEMENT_3D('',#8568,#8569,#8570);
#8568 = CARTESIAN_POINT('',(-9.7,11.4,5.05));
#8569 = DIRECTION('',(0.,1.,0.));
#8570 = DIRECTION('',(1.,0.,0.));
#8571 = DEFINITIONAL_REPRESENTATION('',(#8572),#8576);
#8572 = LINE('',#8573,#8574);
#8573 = CARTESIAN_POINT('',(0.,0.));
#8574 = VECTOR('',#8575,1.);
#8575 = DIRECTION('',(1.,0.));
#8576 = ( GEOMETRIC_REPRESENTATION_CONTEXT(2) 
PARAMETRIC_REPRESENTATION_CONTEXT() REPRESENTATION_CONTEXT('2D SPACE',''
  ) );
#8577 = ORIENTED_EDGE('',*,*,#8578,.F.);
#8578 = EDGE_CURVE('',#8579,#8551,#8581,.T.);
#8579 = VERTEX_POINT('',#8580);
#8580 = CARTESIAN_POINT('',(-9.7,23.4,5.05));
#8581 = SURFACE_CURVE('',#8582,(#8586,#8593),.PCURVE_S1.);
#8582 = LINE('',#8583,#8584);
#8583 = CARTESIAN_POINT('',(-9.7,23.4,5.05));
#8584 = VECTOR('',#8585,1.);
#8585 = DIRECTION('',(0.,-1.,0.));
#8586 = PCURVE('',#6273,#8587);
#8587 = DEFINITIONAL_REPRESENTATION('',(#8588),#8592);
#8588 = LINE('',#8589,#8590);
#8589 = CARTESIAN_POINT('',(16.8,37.4));
#8590 = VECTOR('',#8591,1.);
#8591 = DIRECTION('',(0.,-1.));
#8592 = ( GEOMETRIC_REPRESENTATION_CONTEXT(2) 
PARAMETRIC_REPRESENTATION_CONTEXT() REPRESENTATION_CONTEXT('2D SPACE',''
  ) );
#8593 = PCURVE('',#8594,#8599);
#8594 = PLANE('',#8595);
#8595 = AXIS2_PLACEMENT_3D('',#8596,#8597,#8598);
#8596 = CARTESIAN_POINT('',(-9.7,23.4,5.05));
#8597 = DIRECTION('',(1.,0.,-0.));
#8598 = DIRECTION('',(0.,-1.,0.));
#8599 = DEFINITIONAL_REPRESENTATION('',(#8600),#8604);
#8600 = LINE('',#8601,#8602);
#8601 = CARTESIAN_POINT('',(0.,0.));
#8602 = VECTOR('',#8603,1.);
#8603 = DIRECTION('',(1.,0.));
#8604 = ( GEOMETRIC_REPRESENTATION_CONTEXT(2) 
PARAMETRIC_REPRESENTATION_CONTEXT() REPRESENTATION_CONTEXT('2D SPACE',''
  ) );
#8605 = ORIENTED_EDGE('',*,*,#8606,.F.);
#8606 = EDGE_CURVE('',#8607,#8579,#8609,.T.);
#8607 = VERTEX_POINT('',#8608);
#8608 = CARTESIAN_POINT('',(-9.25,23.4,5.05));
#8609 = SURFACE_CURVE('',#8610,(#8614,#8621),.PCURVE_S1.);
#8610 = LINE('',#8611,#8612);
#8611 = CARTESIAN_POINT('',(-7.3,23.4,5.05));
#8612 = VECTOR('',#8613,1.);
#8613 = DIRECTION('',(-1.,0.,0.));
#8614 = PCURVE('',#6273,#8615);
#8615 = DEFINITIONAL_REPRESENTATION('',(#8616),#8620);
#8616 = LINE('',#8617,#8618);
#8617 = CARTESIAN_POINT('',(19.2,37.4));
#8618 = VECTOR('',#8619,1.);
#8619 = DIRECTION('',(-1.,0.));
#8620 = ( GEOMETRIC_REPRESENTATION_CONTEXT(2) 
PARAMETRIC_REPRESENTATION_CONTEXT() REPRESENTATION_CONTEXT('2D SPACE',''
  ) );
#8621 = PCURVE('',#8622,#8627);
#8622 = PLANE('',#8623);
#8623 = AXIS2_PLACEMENT_3D('',#8624,#8625,#8626);
#8624 = CARTESIAN_POINT('',(-7.3,23.4,5.05));
#8625 = DIRECTION('',(0.,-1.,0.));
#8626 = DIRECTION('',(-1.,0.,0.));
#8627 = DEFINITIONAL_REPRESENTATION('',(#8628),#8632);
#8628 = LINE('',#8629,#8630);
#8629 = CARTESIAN_POINT('',(0.,-0.));
#8630 = VECTOR('',#8631,1.);
#8631 = DIRECTION('',(1.,0.));
#8632 = ( GEOMETRIC_REPRESENTATION_CONTEXT(2) 
PARAMETRIC_REPRESENTATION_CONTEXT() REPRESENTATION_CONTEXT('2D SPACE',''
  ) );
#8633 = ORIENTED_EDGE('',*,*,#8634,.T.);
#8634 = EDGE_CURVE('',#8607,#8313,#8635,.T.);
#8635 = SURFACE_CURVE('',#8636,(#8640,#8647),.PCURVE_S1.);
#8636 = LINE('',#8637,#8638);
#8637 = CARTESIAN_POINT('',(-9.25,-63.9,5.05));
#8638 = VECTOR('',#8639,1.);
#8639 = DIRECTION('',(0.,1.,0.));
#8640 = PCURVE('',#6273,#8641);
#8641 = DEFINITIONAL_REPRESENTATION('',(#8642),#8646);
#8642 = LINE('',#8643,#8644);
#8643 = CARTESIAN_POINT('',(17.25,-49.9));
#8644 = VECTOR('',#8645,1.);
#8645 = DIRECTION('',(0.,1.));
#8646 = ( GEOMETRIC_REPRESENTATION_CONTEXT(2) 
PARAMETRIC_REPRESENTATION_CONTEXT() REPRESENTATION_CONTEXT('2D SPACE',''
  ) );
#8647 = PCURVE('',#8296,#8648);
#8648 = DEFINITIONAL_REPRESENTATION('',(#8649),#8653);
#8649 = LINE('',#8650,#8651);
#8650 = CARTESIAN_POINT('',(0.,-0.6));
#8651 = VECTOR('',#8652,1.);
#8652 = DIRECTION('',(1.,0.));
#8653 = ( GEOMETRIC_REPRESENTATION_CONTEXT(2) 
PARAMETRIC_REPRESENTATION_CONTEXT() REPRESENTATION_CONTEXT('2D SPACE',''
  ) );
#8654 = ADVANCED_FACE('',(#8655),#6301,.F.);
#8655 = FACE_BOUND('',#8656,.F.);
#8656 = EDGE_LOOP('',(#8657,#8687,#8708,#8709));
#8657 = ORIENTED_EDGE('',*,*,#8658,.T.);
#8658 = EDGE_CURVE('',#8659,#8661,#8663,.T.);
#8659 = VERTEX_POINT('',#8660);
#8660 = CARTESIAN_POINT('',(-45.7,-5.6,5.05));
#8661 = VERTEX_POINT('',#8662);
#8662 = CARTESIAN_POINT('',(-45.7,-17.6,5.05));
#8663 = SURFACE_CURVE('',#8664,(#8668,#8675),.PCURVE_S1.);
#8664 = LINE('',#8665,#8666);
#8665 = CARTESIAN_POINT('',(-45.7,-5.6,5.05));
#8666 = VECTOR('',#8667,1.);
#8667 = DIRECTION('',(0.,-1.,0.));
#8668 = PCURVE('',#6301,#8669);
#8669 = DEFINITIONAL_REPRESENTATION('',(#8670),#8674);
#8670 = LINE('',#8671,#8672);
#8671 = CARTESIAN_POINT('',(-1.2,6.));
#8672 = VECTOR('',#8673,1.);
#8673 = DIRECTION('',(0.,-1.));
#8674 = ( GEOMETRIC_REPRESENTATION_CONTEXT(2) 
PARAMETRIC_REPRESENTATION_CONTEXT() REPRESENTATION_CONTEXT('2D SPACE',''
  ) );
#8675 = PCURVE('',#8676,#8681);
#8676 = PLANE('',#8677);
#8677 = AXIS2_PLACEMENT_3D('',#8678,#8679,#8680);
#8678 = CARTESIAN_POINT('',(-45.7,-5.6,5.05));
#8679 = DIRECTION('',(1.,0.,-0.));
#8680 = DIRECTION('',(0.,-1.,0.));
#8681 = DEFINITIONAL_REPRESENTATION('',(#8682),#8686);
#8682 = LINE('',#8683,#8684);
#8683 = CARTESIAN_POINT('',(0.,0.));
#8684 = VECTOR('',#8685,1.);
#8685 = DIRECTION('',(1.,0.));
#8686 = ( GEOMETRIC_REPRESENTATION_CONTEXT(2) 
PARAMETRIC_REPRESENTATION_CONTEXT() REPRESENTATION_CONTEXT('2D SPACE',''
  ) );
#8687 = ORIENTED_EDGE('',*,*,#8688,.T.);
#8688 = EDGE_CURVE('',#8661,#6286,#8689,.T.);
#8689 = SURFACE_CURVE('',#8690,(#8694,#8701),.PCURVE_S1.);
#8690 = LINE('',#8691,#8692);
#8691 = CARTESIAN_POINT('',(-45.7,-17.6,5.05));
#8692 = VECTOR('',#8693,1.);
#8693 = DIRECTION('',(1.,0.,0.));
#8694 = PCURVE('',#6301,#8695);
#8695 = DEFINITIONAL_REPRESENTATION('',(#8696),#8700);
#8696 = LINE('',#8697,#8698);
#8697 = CARTESIAN_POINT('',(-1.2,-6.));
#8698 = VECTOR('',#8699,1.);
#8699 = DIRECTION('',(1.,0.));
#8700 = ( GEOMETRIC_REPRESENTATION_CONTEXT(2) 
PARAMETRIC_REPRESENTATION_CONTEXT() REPRESENTATION_CONTEXT('2D SPACE',''
  ) );
#8701 = PCURVE('',#8406,#8702);
#8702 = DEFINITIONAL_REPRESENTATION('',(#8703),#8707);
#8703 = LINE('',#8704,#8705);
#8704 = CARTESIAN_POINT('',(0.,0.));
#8705 = VECTOR('',#8706,1.);
#8706 = DIRECTION('',(1.,0.));
#8707 = ( GEOMETRIC_REPRESENTATION_CONTEXT(2) 
PARAMETRIC_REPRESENTATION_CONTEXT() REPRESENTATION_CONTEXT('2D SPACE',''
  ) );
#8708 = ORIENTED_EDGE('',*,*,#6285,.F.);
#8709 = ORIENTED_EDGE('',*,*,#8710,.T.);
#8710 = EDGE_CURVE('',#6258,#8659,#8711,.T.);
#8711 = SURFACE_CURVE('',#8712,(#8716,#8723),.PCURVE_S1.);
#8712 = LINE('',#8713,#8714);
#8713 = CARTESIAN_POINT('',(-43.3,-5.6,5.05));
#8714 = VECTOR('',#8715,1.);
#8715 = DIRECTION('',(-1.,0.,0.));
#8716 = PCURVE('',#6301,#8717);
#8717 = DEFINITIONAL_REPRESENTATION('',(#8718),#8722);
#8718 = LINE('',#8719,#8720);
#8719 = CARTESIAN_POINT('',(1.2,6.));
#8720 = VECTOR('',#8721,1.);
#8721 = DIRECTION('',(-1.,0.));
#8722 = ( GEOMETRIC_REPRESENTATION_CONTEXT(2) 
PARAMETRIC_REPRESENTATION_CONTEXT() REPRESENTATION_CONTEXT('2D SPACE',''
  ) );
#8723 = PCURVE('',#8352,#8724);
#8724 = DEFINITIONAL_REPRESENTATION('',(#8725),#8729);
#8725 = LINE('',#8726,#8727);
#8726 = CARTESIAN_POINT('',(0.,-0.));
#8727 = VECTOR('',#8728,1.);
#8728 = DIRECTION('',(1.,0.));
#8729 = ( GEOMETRIC_REPRESENTATION_CONTEXT(2) 
PARAMETRIC_REPRESENTATION_CONTEXT() REPRESENTATION_CONTEXT('2D SPACE',''
  ) );
#8730 = ADVANCED_FACE('',(#8731),#6355,.T.);
#8731 = FACE_BOUND('',#8732,.T.);
#8732 = EDGE_LOOP('',(#8733,#8756,#8757,#8758));
#8733 = ORIENTED_EDGE('',*,*,#8734,.T.);
#8734 = EDGE_CURVE('',#8735,#4167,#8737,.T.);
#8735 = VERTEX_POINT('',#8736);
#8736 = CARTESIAN_POINT('',(-9.25,34.,5.05));
#8737 = SURFACE_CURVE('',#8738,(#8742,#8749),.PCURVE_S1.);
#8738 = LINE('',#8739,#8740);
#8739 = CARTESIAN_POINT('',(60.75,34.,5.05));
#8740 = VECTOR('',#8741,1.);
#8741 = DIRECTION('',(-1.,0.,0.));
#8742 = PCURVE('',#6355,#8743);
#8743 = DEFINITIONAL_REPRESENTATION('',(#8744),#8748);
#8744 = LINE('',#8745,#8746);
#8745 = CARTESIAN_POINT('',(60.75,4.));
#8746 = VECTOR('',#8747,1.);
#8747 = DIRECTION('',(-1.,0.));
#8748 = ( GEOMETRIC_REPRESENTATION_CONTEXT(2) 
PARAMETRIC_REPRESENTATION_CONTEXT() REPRESENTATION_CONTEXT('2D SPACE',''
  ) );
#8749 = PCURVE('',#6516,#8750);
#8750 = DEFINITIONAL_REPRESENTATION('',(#8751),#8755);
#8751 = LINE('',#8752,#8753);
#8752 = CARTESIAN_POINT('',(87.25,48.));
#8753 = VECTOR('',#8754,1.);
#8754 = DIRECTION('',(-1.,0.));
#8755 = ( GEOMETRIC_REPRESENTATION_CONTEXT(2) 
PARAMETRIC_REPRESENTATION_CONTEXT() REPRESENTATION_CONTEXT('2D SPACE',''
  ) );
#8756 = ORIENTED_EDGE('',*,*,#6341,.T.);
#8757 = ORIENTED_EDGE('',*,*,#8312,.T.);
#8758 = ORIENTED_EDGE('',*,*,#8759,.T.);
#8759 = EDGE_CURVE('',#8313,#8735,#8760,.T.);
#8760 = SURFACE_CURVE('',#8761,(#8765,#8772),.PCURVE_S1.);
#8761 = LINE('',#8762,#8763);
#8762 = CARTESIAN_POINT('',(-9.25,-63.9,5.05));
#8763 = VECTOR('',#8764,1.);
#8764 = DIRECTION('',(0.,1.,0.));
#8765 = PCURVE('',#6355,#8766);
#8766 = DEFINITIONAL_REPRESENTATION('',(#8767),#8771);
#8767 = LINE('',#8768,#8769);
#8768 = CARTESIAN_POINT('',(-9.25,-93.9));
#8769 = VECTOR('',#8770,1.);
#8770 = DIRECTION('',(0.,1.));
#8771 = ( GEOMETRIC_REPRESENTATION_CONTEXT(2) 
PARAMETRIC_REPRESENTATION_CONTEXT() REPRESENTATION_CONTEXT('2D SPACE',''
  ) );
#8772 = PCURVE('',#8773,#8778);
#8773 = PLANE('',#8774);
#8774 = AXIS2_PLACEMENT_3D('',#8775,#8776,#8777);
#8775 = CARTESIAN_POINT('',(0.,30.,5.05));
#8776 = DIRECTION('',(0.,0.,1.));
#8777 = DIRECTION('',(1.,0.,-0.));
#8778 = DEFINITIONAL_REPRESENTATION('',(#8779),#8783);
#8779 = LINE('',#8780,#8781);
#8780 = CARTESIAN_POINT('',(-9.25,-93.9));
#8781 = VECTOR('',#8782,1.);
#8782 = DIRECTION('',(0.,1.));
#8783 = ( GEOMETRIC_REPRESENTATION_CONTEXT(2) 
PARAMETRIC_REPRESENTATION_CONTEXT() REPRESENTATION_CONTEXT('2D SPACE',''
  ) );
#8784 = ADVANCED_FACE('',(#8785),#6388,.F.);
#8785 = FACE_BOUND('',#8786,.F.);
#8786 = EDGE_LOOP('',(#8787,#8812,#8838,#8839));
#8787 = ORIENTED_EDGE('',*,*,#8788,.F.);
#8788 = EDGE_CURVE('',#8789,#8791,#8793,.T.);
#8789 = VERTEX_POINT('',#8790);
#8790 = CARTESIAN_POINT('',(12.5355,34.,4.45));
#8791 = VERTEX_POINT('',#8792);
#8792 = CARTESIAN_POINT('',(12.5355,26.,4.45));
#8793 = SURFACE_CURVE('',#8794,(#8798,#8805),.PCURVE_S1.);
#8794 = LINE('',#8795,#8796);
#8795 = CARTESIAN_POINT('',(12.5355,39.2705,4.45));
#8796 = VECTOR('',#8797,1.);
#8797 = DIRECTION('',(0.,-1.,0.));
#8798 = PCURVE('',#6388,#8799);
#8799 = DEFINITIONAL_REPRESENTATION('',(#8800),#8804);
#8800 = LINE('',#8801,#8802);
#8801 = CARTESIAN_POINT('',(12.5355,9.2705));
#8802 = VECTOR('',#8803,1.);
#8803 = DIRECTION('',(0.,-1.));
#8804 = ( GEOMETRIC_REPRESENTATION_CONTEXT(2) 
PARAMETRIC_REPRESENTATION_CONTEXT() REPRESENTATION_CONTEXT('2D SPACE',''
  ) );
#8805 = PCURVE('',#7086,#8806);
#8806 = DEFINITIONAL_REPRESENTATION('',(#8807),#8811);
#8807 = LINE('',#8808,#8809);
#8808 = CARTESIAN_POINT('',(12.5355,9.2705));
#8809 = VECTOR('',#8810,1.);
#8810 = DIRECTION('',(0.,-1.));
#8811 = ( GEOMETRIC_REPRESENTATION_CONTEXT(2) 
PARAMETRIC_REPRESENTATION_CONTEXT() REPRESENTATION_CONTEXT('2D SPACE',''
  ) );
#8812 = ORIENTED_EDGE('',*,*,#8813,.T.);
#8813 = EDGE_CURVE('',#8789,#6373,#8814,.T.);
#8814 = SURFACE_CURVE('',#8815,(#8819,#8826),.PCURVE_S1.);
#8815 = LINE('',#8816,#8817);
#8816 = CARTESIAN_POINT('',(60.75,34.,4.45));
#8817 = VECTOR('',#8818,1.);
#8818 = DIRECTION('',(-1.,0.,0.));
#8819 = PCURVE('',#6388,#8820);
#8820 = DEFINITIONAL_REPRESENTATION('',(#8821),#8825);
#8821 = LINE('',#8822,#8823);
#8822 = CARTESIAN_POINT('',(60.75,4.));
#8823 = VECTOR('',#8824,1.);
#8824 = DIRECTION('',(-1.,0.));
#8825 = ( GEOMETRIC_REPRESENTATION_CONTEXT(2) 
PARAMETRIC_REPRESENTATION_CONTEXT() REPRESENTATION_CONTEXT('2D SPACE',''
  ) );
#8826 = PCURVE('',#8827,#8832);
#8827 = PLANE('',#8828);
#8828 = AXIS2_PLACEMENT_3D('',#8829,#8830,#8831);
#8829 = CARTESIAN_POINT('',(60.75,34.,4.45));
#8830 = DIRECTION('',(0.,-1.,0.));
#8831 = DIRECTION('',(-1.,0.,0.));
#8832 = DEFINITIONAL_REPRESENTATION('',(#8833),#8837);
#8833 = LINE('',#8834,#8835);
#8834 = CARTESIAN_POINT('',(0.,-0.));
#8835 = VECTOR('',#8836,1.);
#8836 = DIRECTION('',(1.,0.));
#8837 = ( GEOMETRIC_REPRESENTATION_CONTEXT(2) 
PARAMETRIC_REPRESENTATION_CONTEXT() REPRESENTATION_CONTEXT('2D SPACE',''
  ) );
#8838 = ORIENTED_EDGE('',*,*,#6370,.F.);
#8839 = ORIENTED_EDGE('',*,*,#8840,.T.);
#8840 = EDGE_CURVE('',#6371,#8791,#8841,.T.);
#8841 = SURFACE_CURVE('',#8842,(#8846,#8853),.PCURVE_S1.);
#8842 = LINE('',#8843,#8844);
#8843 = CARTESIAN_POINT('',(-60.75,26.,4.45));
#8844 = VECTOR('',#8845,1.);
#8845 = DIRECTION('',(1.,0.,0.));
#8846 = PCURVE('',#6388,#8847);
#8847 = DEFINITIONAL_REPRESENTATION('',(#8848),#8852);
#8848 = LINE('',#8849,#8850);
#8849 = CARTESIAN_POINT('',(-60.75,-4.));
#8850 = VECTOR('',#8851,1.);
#8851 = DIRECTION('',(1.,0.));
#8852 = ( GEOMETRIC_REPRESENTATION_CONTEXT(2) 
PARAMETRIC_REPRESENTATION_CONTEXT() REPRESENTATION_CONTEXT('2D SPACE',''
  ) );
#8853 = PCURVE('',#8854,#8859);
#8854 = PLANE('',#8855);
#8855 = AXIS2_PLACEMENT_3D('',#8856,#8857,#8858);
#8856 = CARTESIAN_POINT('',(-60.75,26.,4.45));
#8857 = DIRECTION('',(0.,1.,0.));
#8858 = DIRECTION('',(1.,0.,0.));
#8859 = DEFINITIONAL_REPRESENTATION('',(#8860),#8864);
#8860 = LINE('',#8861,#8862);
#8861 = CARTESIAN_POINT('',(0.,0.));
#8862 = VECTOR('',#8863,1.);
#8863 = DIRECTION('',(1.,0.));
#8864 = ( GEOMETRIC_REPRESENTATION_CONTEXT(2) 
PARAMETRIC_REPRESENTATION_CONTEXT() REPRESENTATION_CONTEXT('2D SPACE',''
  ) );
#8865 = ADVANCED_FACE('',(#8866),#6414,.F.);
#8866 = FACE_BOUND('',#8867,.F.);
#8867 = EDGE_LOOP('',(#8868,#8869,#8870,#8898));
#8868 = ORIENTED_EDGE('',*,*,#6451,.T.);
#8869 = ORIENTED_EDGE('',*,*,#6400,.F.);
#8870 = ORIENTED_EDGE('',*,*,#8871,.T.);
#8871 = EDGE_CURVE('',#6373,#8872,#8874,.T.);
#8872 = VERTEX_POINT('',#8873);
#8873 = CARTESIAN_POINT('',(-9.25,35.9,4.45));
#8874 = SURFACE_CURVE('',#8875,(#8879,#8886),.PCURVE_S1.);
#8875 = LINE('',#8876,#8877);
#8876 = CARTESIAN_POINT('',(-9.25,-63.9,4.45));
#8877 = VECTOR('',#8878,1.);
#8878 = DIRECTION('',(0.,1.,0.));
#8879 = PCURVE('',#6414,#8880);
#8880 = DEFINITIONAL_REPRESENTATION('',(#8881),#8885);
#8881 = LINE('',#8882,#8883);
#8882 = CARTESIAN_POINT('',(17.25,-49.9));
#8883 = VECTOR('',#8884,1.);
#8884 = DIRECTION('',(0.,1.));
#8885 = ( GEOMETRIC_REPRESENTATION_CONTEXT(2) 
PARAMETRIC_REPRESENTATION_CONTEXT() REPRESENTATION_CONTEXT('2D SPACE',''
  ) );
#8886 = PCURVE('',#8887,#8892);
#8887 = PLANE('',#8888);
#8888 = AXIS2_PLACEMENT_3D('',#8889,#8890,#8891);
#8889 = CARTESIAN_POINT('',(-9.25,-63.9,4.45));
#8890 = DIRECTION('',(-1.,0.,0.));
#8891 = DIRECTION('',(0.,1.,0.));
#8892 = DEFINITIONAL_REPRESENTATION('',(#8893),#8897);
#8893 = LINE('',#8894,#8895);
#8894 = CARTESIAN_POINT('',(0.,0.));
#8895 = VECTOR('',#8896,1.);
#8896 = DIRECTION('',(1.,0.));
#8897 = ( GEOMETRIC_REPRESENTATION_CONTEXT(2) 
PARAMETRIC_REPRESENTATION_CONTEXT() REPRESENTATION_CONTEXT('2D SPACE',''
  ) );
#8898 = ORIENTED_EDGE('',*,*,#8899,.T.);
#8899 = EDGE_CURVE('',#8872,#6452,#8900,.T.);
#8900 = SURFACE_CURVE('',#8901,(#8905,#8912),.PCURVE_S1.);
#8901 = LINE('',#8902,#8903);
#8902 = CARTESIAN_POINT('',(-9.25,35.9,4.45));
#8903 = VECTOR('',#8904,1.);
#8904 = DIRECTION('',(-1.,0.,0.));
#8905 = PCURVE('',#6414,#8906);
#8906 = DEFINITIONAL_REPRESENTATION('',(#8907),#8911);
#8907 = LINE('',#8908,#8909);
#8908 = CARTESIAN_POINT('',(17.25,49.9));
#8909 = VECTOR('',#8910,1.);
#8910 = DIRECTION('',(-1.,0.));
#8911 = ( GEOMETRIC_REPRESENTATION_CONTEXT(2) 
PARAMETRIC_REPRESENTATION_CONTEXT() REPRESENTATION_CONTEXT('2D SPACE',''
  ) );
#8912 = PCURVE('',#6490,#8913);
#8913 = DEFINITIONAL_REPRESENTATION('',(#8914),#8918);
#8914 = LINE('',#8915,#8916);
#8915 = CARTESIAN_POINT('',(0.,-0.));
#8916 = VECTOR('',#8917,1.);
#8917 = DIRECTION('',(1.,0.));
#8918 = ( GEOMETRIC_REPRESENTATION_CONTEXT(2) 
PARAMETRIC_REPRESENTATION_CONTEXT() REPRESENTATION_CONTEXT('2D SPACE',''
  ) );
#8919 = ADVANCED_FACE('',(#8920),#6516,.T.);
#8920 = FACE_BOUND('',#8921,.T.);
#8921 = EDGE_LOOP('',(#8922,#8923,#8924,#8947));
#8922 = ORIENTED_EDGE('',*,*,#6502,.T.);
#8923 = ORIENTED_EDGE('',*,*,#8734,.F.);
#8924 = ORIENTED_EDGE('',*,*,#8925,.T.);
#8925 = EDGE_CURVE('',#8735,#8926,#8928,.T.);
#8926 = VERTEX_POINT('',#8927);
#8927 = CARTESIAN_POINT('',(-9.25,35.9,5.05));
#8928 = SURFACE_CURVE('',#8929,(#8933,#8940),.PCURVE_S1.);
#8929 = LINE('',#8930,#8931);
#8930 = CARTESIAN_POINT('',(-9.25,-63.9,5.05));
#8931 = VECTOR('',#8932,1.);
#8932 = DIRECTION('',(0.,1.,0.));
#8933 = PCURVE('',#6516,#8934);
#8934 = DEFINITIONAL_REPRESENTATION('',(#8935),#8939);
#8935 = LINE('',#8936,#8937);
#8936 = CARTESIAN_POINT('',(17.25,-49.9));
#8937 = VECTOR('',#8938,1.);
#8938 = DIRECTION('',(0.,1.));
#8939 = ( GEOMETRIC_REPRESENTATION_CONTEXT(2) 
PARAMETRIC_REPRESENTATION_CONTEXT() REPRESENTATION_CONTEXT('2D SPACE',''
  ) );
#8940 = PCURVE('',#8887,#8941);
#8941 = DEFINITIONAL_REPRESENTATION('',(#8942),#8946);
#8942 = LINE('',#8943,#8944);
#8943 = CARTESIAN_POINT('',(0.,-0.6));
#8944 = VECTOR('',#8945,1.);
#8945 = DIRECTION('',(1.,0.));
#8946 = ( GEOMETRIC_REPRESENTATION_CONTEXT(2) 
PARAMETRIC_REPRESENTATION_CONTEXT() REPRESENTATION_CONTEXT('2D SPACE',''
  ) );
#8947 = ORIENTED_EDGE('',*,*,#8948,.T.);
#8948 = EDGE_CURVE('',#8926,#6475,#8949,.T.);
#8949 = SURFACE_CURVE('',#8950,(#8954,#8961),.PCURVE_S1.);
#8950 = LINE('',#8951,#8952);
#8951 = CARTESIAN_POINT('',(-9.25,35.9,5.05));
#8952 = VECTOR('',#8953,1.);
#8953 = DIRECTION('',(-1.,0.,0.));
#8954 = PCURVE('',#6516,#8955);
#8955 = DEFINITIONAL_REPRESENTATION('',(#8956),#8960);
#8956 = LINE('',#8957,#8958);
#8957 = CARTESIAN_POINT('',(17.25,49.9));
#8958 = VECTOR('',#8959,1.);
#8959 = DIRECTION('',(-1.,0.));
#8960 = ( GEOMETRIC_REPRESENTATION_CONTEXT(2) 
PARAMETRIC_REPRESENTATION_CONTEXT() REPRESENTATION_CONTEXT('2D SPACE',''
  ) );
#8961 = PCURVE('',#6490,#8962);
#8962 = DEFINITIONAL_REPRESENTATION('',(#8963),#8967);
#8963 = LINE('',#8964,#8965);
#8964 = CARTESIAN_POINT('',(0.,-0.6));
#8965 = VECTOR('',#8966,1.);
#8966 = DIRECTION('',(1.,0.));
#8967 = ( GEOMETRIC_REPRESENTATION_CONTEXT(2) 
PARAMETRIC_REPRESENTATION_CONTEXT() REPRESENTATION_CONTEXT('2D SPACE',''
  ) );
#8968 = ADVANCED_FACE('',(#8969),#6490,.F.);
#8969 = FACE_BOUND('',#8970,.F.);
#8970 = EDGE_LOOP('',(#8971,#8992,#8993,#8994));
#8971 = ORIENTED_EDGE('',*,*,#8972,.T.);
#8972 = EDGE_CURVE('',#8872,#8926,#8973,.T.);
#8973 = SURFACE_CURVE('',#8974,(#8978,#8985),.PCURVE_S1.);
#8974 = LINE('',#8975,#8976);
#8975 = CARTESIAN_POINT('',(-9.25,35.9,4.45));
#8976 = VECTOR('',#8977,1.);
#8977 = DIRECTION('',(0.,0.,1.));
#8978 = PCURVE('',#6490,#8979);
#8979 = DEFINITIONAL_REPRESENTATION('',(#8980),#8984);
#8980 = LINE('',#8981,#8982);
#8981 = CARTESIAN_POINT('',(0.,-0.));
#8982 = VECTOR('',#8983,1.);
#8983 = DIRECTION('',(0.,-1.));
#8984 = ( GEOMETRIC_REPRESENTATION_CONTEXT(2) 
PARAMETRIC_REPRESENTATION_CONTEXT() REPRESENTATION_CONTEXT('2D SPACE',''
  ) );
#8985 = PCURVE('',#8887,#8986);
#8986 = DEFINITIONAL_REPRESENTATION('',(#8987),#8991);
#8987 = LINE('',#8988,#8989);
#8988 = CARTESIAN_POINT('',(99.8,0.));
#8989 = VECTOR('',#8990,1.);
#8990 = DIRECTION('',(0.,-1.));
#8991 = ( GEOMETRIC_REPRESENTATION_CONTEXT(2) 
PARAMETRIC_REPRESENTATION_CONTEXT() REPRESENTATION_CONTEXT('2D SPACE',''
  ) );
#8992 = ORIENTED_EDGE('',*,*,#8948,.T.);
#8993 = ORIENTED_EDGE('',*,*,#6474,.F.);
#8994 = ORIENTED_EDGE('',*,*,#8899,.F.);
#8995 = ADVANCED_FACE('',(#8996),#6784,.F.);
#8996 = FACE_BOUND('',#8997,.F.);
#8997 = EDGE_LOOP('',(#8998,#9028,#9056,#9084,#9107,#9133,#9134,#9135));
#8998 = ORIENTED_EDGE('',*,*,#8999,.F.);
#8999 = EDGE_CURVE('',#9000,#9002,#9004,.T.);
#9000 = VERTEX_POINT('',#9001);
#9001 = CARTESIAN_POINT('',(35.175,39.2705,4.45));
#9002 = VERTEX_POINT('',#9003);
#9003 = CARTESIAN_POINT('',(35.175,34.2345,4.45));
#9004 = SURFACE_CURVE('',#9005,(#9009,#9016),.PCURVE_S1.);
#9005 = LINE('',#9006,#9007);
#9006 = CARTESIAN_POINT('',(35.175,44.2345,4.45));
#9007 = VECTOR('',#9008,1.);
#9008 = DIRECTION('',(0.,-1.,0.));
#9009 = PCURVE('',#6784,#9010);
#9010 = DEFINITIONAL_REPRESENTATION('',(#9011),#9015);
#9011 = LINE('',#9012,#9013);
#9012 = CARTESIAN_POINT('',(8.6395,58.2345));
#9013 = VECTOR('',#9014,1.);
#9014 = DIRECTION('',(0.,-1.));
#9015 = ( GEOMETRIC_REPRESENTATION_CONTEXT(2) 
PARAMETRIC_REPRESENTATION_CONTEXT() REPRESENTATION_CONTEXT('2D SPACE',''
  ) );
#9016 = PCURVE('',#9017,#9022);
#9017 = PLANE('',#9018);
#9018 = AXIS2_PLACEMENT_3D('',#9019,#9020,#9021);
#9019 = CARTESIAN_POINT('',(26.5355,-14.,4.45));
#9020 = DIRECTION('',(0.,0.,1.));
#9021 = DIRECTION('',(1.,0.,-0.));
#9022 = DEFINITIONAL_REPRESENTATION('',(#9023),#9027);
#9023 = LINE('',#9024,#9025);
#9024 = CARTESIAN_POINT('',(8.6395,58.2345));
#9025 = VECTOR('',#9026,1.);
#9026 = DIRECTION('',(0.,-1.));
#9027 = ( GEOMETRIC_REPRESENTATION_CONTEXT(2) 
PARAMETRIC_REPRESENTATION_CONTEXT() REPRESENTATION_CONTEXT('2D SPACE',''
  ) );
#9028 = ORIENTED_EDGE('',*,*,#9029,.T.);
#9029 = EDGE_CURVE('',#9000,#9030,#9032,.T.);
#9030 = VERTEX_POINT('',#9031);
#9031 = CARTESIAN_POINT('',(17.438,39.2705,4.45));
#9032 = SURFACE_CURVE('',#9033,(#9037,#9044),.PCURVE_S1.);
#9033 = LINE('',#9034,#9035);
#9034 = CARTESIAN_POINT('',(40.5355,39.2705,4.45));
#9035 = VECTOR('',#9036,1.);
#9036 = DIRECTION('',(-1.,0.,0.));
#9037 = PCURVE('',#6784,#9038);
#9038 = DEFINITIONAL_REPRESENTATION('',(#9039),#9043);
#9039 = LINE('',#9040,#9041);
#9040 = CARTESIAN_POINT('',(14.,53.2705));
#9041 = VECTOR('',#9042,1.);
#9042 = DIRECTION('',(-1.,0.));
#9043 = ( GEOMETRIC_REPRESENTATION_CONTEXT(2) 
PARAMETRIC_REPRESENTATION_CONTEXT() REPRESENTATION_CONTEXT('2D SPACE',''
  ) );
#9044 = PCURVE('',#9045,#9050);
#9045 = PLANE('',#9046);
#9046 = AXIS2_PLACEMENT_3D('',#9047,#9048,#9049);
#9047 = CARTESIAN_POINT('',(26.5355,-14.,4.45));
#9048 = DIRECTION('',(0.,0.,1.));
#9049 = DIRECTION('',(1.,0.,-0.));
#9050 = DEFINITIONAL_REPRESENTATION('',(#9051),#9055);
#9051 = LINE('',#9052,#9053);
#9052 = CARTESIAN_POINT('',(14.,53.2705));
#9053 = VECTOR('',#9054,1.);
#9054 = DIRECTION('',(-1.,0.));
#9055 = ( GEOMETRIC_REPRESENTATION_CONTEXT(2) 
PARAMETRIC_REPRESENTATION_CONTEXT() REPRESENTATION_CONTEXT('2D SPACE',''
  ) );
#9056 = ORIENTED_EDGE('',*,*,#9057,.F.);
#9057 = EDGE_CURVE('',#9058,#9030,#9060,.T.);
#9058 = VERTEX_POINT('',#9059);
#9059 = CARTESIAN_POINT('',(17.438,34.1835,4.45));
#9060 = SURFACE_CURVE('',#9061,(#9065,#9072),.PCURVE_S1.);
#9061 = LINE('',#9062,#9063);
#9062 = CARTESIAN_POINT('',(17.438,34.1835,4.45));
#9063 = VECTOR('',#9064,1.);
#9064 = DIRECTION('',(0.,1.,0.));
#9065 = PCURVE('',#6784,#9066);
#9066 = DEFINITIONAL_REPRESENTATION('',(#9067),#9071);
#9067 = LINE('',#9068,#9069);
#9068 = CARTESIAN_POINT('',(-9.0975,48.1835));
#9069 = VECTOR('',#9070,1.);
#9070 = DIRECTION('',(0.,1.));
#9071 = ( GEOMETRIC_REPRESENTATION_CONTEXT(2) 
PARAMETRIC_REPRESENTATION_CONTEXT() REPRESENTATION_CONTEXT('2D SPACE',''
  ) );
#9072 = PCURVE('',#9073,#9078);
#9073 = PLANE('',#9074);
#9074 = AXIS2_PLACEMENT_3D('',#9075,#9076,#9077);
#9075 = CARTESIAN_POINT('',(26.5355,-14.,4.45));
#9076 = DIRECTION('',(0.,0.,1.));
#9077 = DIRECTION('',(1.,0.,-0.));
#9078 = DEFINITIONAL_REPRESENTATION('',(#9079),#9083);
#9079 = LINE('',#9080,#9081);
#9080 = CARTESIAN_POINT('',(-9.0975,48.1835));
#9081 = VECTOR('',#9082,1.);
#9082 = DIRECTION('',(0.,1.));
#9083 = ( GEOMETRIC_REPRESENTATION_CONTEXT(2) 
PARAMETRIC_REPRESENTATION_CONTEXT() REPRESENTATION_CONTEXT('2D SPACE',''
  ) );
#9084 = ORIENTED_EDGE('',*,*,#9085,.F.);
#9085 = EDGE_CURVE('',#9086,#9058,#9088,.T.);
#9086 = VERTEX_POINT('',#9087);
#9087 = CARTESIAN_POINT('',(15.5355,34.1835,4.45));
#9088 = SURFACE_CURVE('',#9089,(#9093,#9100),.PCURVE_S1.);
#9089 = LINE('',#9090,#9091);
#9090 = CARTESIAN_POINT('',(7.438,34.1835,4.45));
#9091 = VECTOR('',#9092,1.);
#9092 = DIRECTION('',(1.,0.,0.));
#9093 = PCURVE('',#6784,#9094);
#9094 = DEFINITIONAL_REPRESENTATION('',(#9095),#9099);
#9095 = LINE('',#9096,#9097);
#9096 = CARTESIAN_POINT('',(-19.0975,48.1835));
#9097 = VECTOR('',#9098,1.);
#9098 = DIRECTION('',(1.,0.));
#9099 = ( GEOMETRIC_REPRESENTATION_CONTEXT(2) 
PARAMETRIC_REPRESENTATION_CONTEXT() REPRESENTATION_CONTEXT('2D SPACE',''
  ) );
#9100 = PCURVE('',#9073,#9101);
#9101 = DEFINITIONAL_REPRESENTATION('',(#9102),#9106);
#9102 = LINE('',#9103,#9104);
#9103 = CARTESIAN_POINT('',(-19.0975,48.1835));
#9104 = VECTOR('',#9105,1.);
#9105 = DIRECTION('',(1.,0.));
#9106 = ( GEOMETRIC_REPRESENTATION_CONTEXT(2) 
PARAMETRIC_REPRESENTATION_CONTEXT() REPRESENTATION_CONTEXT('2D SPACE',''
  ) );
#9107 = ORIENTED_EDGE('',*,*,#9108,.T.);
#9108 = EDGE_CURVE('',#9086,#7048,#9109,.T.);
#9109 = SURFACE_CURVE('',#9110,(#9114,#9121),.PCURVE_S1.);
#9110 = LINE('',#9111,#9112);
#9111 = CARTESIAN_POINT('',(15.5355,44.2705,4.45));
#9112 = VECTOR('',#9113,1.);
#9113 = DIRECTION('',(0.,-1.,0.));
#9114 = PCURVE('',#6784,#9115);
#9115 = DEFINITIONAL_REPRESENTATION('',(#9116),#9120);
#9116 = LINE('',#9117,#9118);
#9117 = CARTESIAN_POINT('',(-11.,58.2705));
#9118 = VECTOR('',#9119,1.);
#9119 = DIRECTION('',(0.,-1.));
#9120 = ( GEOMETRIC_REPRESENTATION_CONTEXT(2) 
PARAMETRIC_REPRESENTATION_CONTEXT() REPRESENTATION_CONTEXT('2D SPACE',''
  ) );
#9121 = PCURVE('',#9122,#9127);
#9122 = PLANE('',#9123);
#9123 = AXIS2_PLACEMENT_3D('',#9124,#9125,#9126);
#9124 = CARTESIAN_POINT('',(26.5355,-19.73975,4.45));
#9125 = DIRECTION('',(0.,0.,1.));
#9126 = DIRECTION('',(1.,0.,-0.));
#9127 = DEFINITIONAL_REPRESENTATION('',(#9128),#9132);
#9128 = LINE('',#9129,#9130);
#9129 = CARTESIAN_POINT('',(-11.,64.01025));
#9130 = VECTOR('',#9131,1.);
#9131 = DIRECTION('',(0.,-1.));
#9132 = ( GEOMETRIC_REPRESENTATION_CONTEXT(2) 
PARAMETRIC_REPRESENTATION_CONTEXT() REPRESENTATION_CONTEXT('2D SPACE',''
  ) );
#9133 = ORIENTED_EDGE('',*,*,#7047,.F.);
#9134 = ORIENTED_EDGE('',*,*,#6770,.T.);
#9135 = ORIENTED_EDGE('',*,*,#9136,.F.);
#9136 = EDGE_CURVE('',#9002,#6743,#9137,.T.);
#9137 = SURFACE_CURVE('',#9138,(#9142,#9149),.PCURVE_S1.);
#9138 = LINE('',#9139,#9140);
#9139 = CARTESIAN_POINT('',(35.175,34.2345,4.45));
#9140 = VECTOR('',#9141,1.);
#9141 = DIRECTION('',(1.,0.,0.));
#9142 = PCURVE('',#6784,#9143);
#9143 = DEFINITIONAL_REPRESENTATION('',(#9144),#9148);
#9144 = LINE('',#9145,#9146);
#9145 = CARTESIAN_POINT('',(8.6395,48.2345));
#9146 = VECTOR('',#9147,1.);
#9147 = DIRECTION('',(1.,0.));
#9148 = ( GEOMETRIC_REPRESENTATION_CONTEXT(2) 
PARAMETRIC_REPRESENTATION_CONTEXT() REPRESENTATION_CONTEXT('2D SPACE',''
  ) );
#9149 = PCURVE('',#9017,#9150);
#9150 = DEFINITIONAL_REPRESENTATION('',(#9151),#9155);
#9151 = LINE('',#9152,#9153);
#9152 = CARTESIAN_POINT('',(8.6395,48.2345));
#9153 = VECTOR('',#9154,1.);
#9154 = DIRECTION('',(1.,0.));
#9155 = ( GEOMETRIC_REPRESENTATION_CONTEXT(2) 
PARAMETRIC_REPRESENTATION_CONTEXT() REPRESENTATION_CONTEXT('2D SPACE',''
  ) );
#9156 = ADVANCED_FACE('',(#9157),#6758,.F.);
#9157 = FACE_BOUND('',#9158,.F.);
#9158 = EDGE_LOOP('',(#9159,#9182,#9183,#9206));
#9159 = ORIENTED_EDGE('',*,*,#9160,.F.);
#9160 = EDGE_CURVE('',#6743,#9161,#9163,.T.);
#9161 = VERTEX_POINT('',#9162);
#9162 = CARTESIAN_POINT('',(37.5355,39.2705,4.45));
#9163 = SURFACE_CURVE('',#9164,(#9168,#9175),.PCURVE_S1.);
#9164 = LINE('',#9165,#9166);
#9165 = CARTESIAN_POINT('',(37.5355,-72.2705,4.45));
#9166 = VECTOR('',#9167,1.);
#9167 = DIRECTION('',(0.,1.,0.));
#9168 = PCURVE('',#6758,#9169);
#9169 = DEFINITIONAL_REPRESENTATION('',(#9170),#9174);
#9170 = LINE('',#9171,#9172);
#9171 = CARTESIAN_POINT('',(-2.6395,-111.505));
#9172 = VECTOR('',#9173,1.);
#9173 = DIRECTION('',(0.,1.));
#9174 = ( GEOMETRIC_REPRESENTATION_CONTEXT(2) 
PARAMETRIC_REPRESENTATION_CONTEXT() REPRESENTATION_CONTEXT('2D SPACE',''
  ) );
#9175 = PCURVE('',#9017,#9176);
#9176 = DEFINITIONAL_REPRESENTATION('',(#9177),#9181);
#9177 = LINE('',#9178,#9179);
#9178 = CARTESIAN_POINT('',(11.,-58.2705));
#9179 = VECTOR('',#9180,1.);
#9180 = DIRECTION('',(0.,1.));
#9181 = ( GEOMETRIC_REPRESENTATION_CONTEXT(2) 
PARAMETRIC_REPRESENTATION_CONTEXT() REPRESENTATION_CONTEXT('2D SPACE',''
  ) );
#9182 = ORIENTED_EDGE('',*,*,#6742,.T.);
#9183 = ORIENTED_EDGE('',*,*,#9184,.T.);
#9184 = EDGE_CURVE('',#4705,#9185,#9187,.T.);
#9185 = VERTEX_POINT('',#9186);
#9186 = CARTESIAN_POINT('',(40.5355,39.2705,4.45));
#9187 = SURFACE_CURVE('',#9188,(#9192,#9199),.PCURVE_S1.);
#9188 = LINE('',#9189,#9190);
#9189 = CARTESIAN_POINT('',(40.5355,-78.75,4.45));
#9190 = VECTOR('',#9191,1.);
#9191 = DIRECTION('',(0.,1.,0.));
#9192 = PCURVE('',#6758,#9193);
#9193 = DEFINITIONAL_REPRESENTATION('',(#9194),#9198);
#9194 = LINE('',#9195,#9196);
#9195 = CARTESIAN_POINT('',(0.3605,-117.9845));
#9196 = VECTOR('',#9197,1.);
#9197 = DIRECTION('',(0.,1.));
#9198 = ( GEOMETRIC_REPRESENTATION_CONTEXT(2) 
PARAMETRIC_REPRESENTATION_CONTEXT() REPRESENTATION_CONTEXT('2D SPACE',''
  ) );
#9199 = PCURVE('',#6815,#9200);
#9200 = DEFINITIONAL_REPRESENTATION('',(#9201),#9205);
#9201 = LINE('',#9202,#9203);
#9202 = CARTESIAN_POINT('',(0.3605,-117.9845));
#9203 = VECTOR('',#9204,1.);
#9204 = DIRECTION('',(0.,1.));
#9205 = ( GEOMETRIC_REPRESENTATION_CONTEXT(2) 
PARAMETRIC_REPRESENTATION_CONTEXT() REPRESENTATION_CONTEXT('2D SPACE',''
  ) );
#9206 = ORIENTED_EDGE('',*,*,#9207,.T.);
#9207 = EDGE_CURVE('',#9185,#9161,#9208,.T.);
#9208 = SURFACE_CURVE('',#9209,(#9213,#9220),.PCURVE_S1.);
#9209 = LINE('',#9210,#9211);
#9210 = CARTESIAN_POINT('',(40.5355,39.2705,4.45));
#9211 = VECTOR('',#9212,1.);
#9212 = DIRECTION('',(-1.,0.,0.));
#9213 = PCURVE('',#6758,#9214);
#9214 = DEFINITIONAL_REPRESENTATION('',(#9215),#9219);
#9215 = LINE('',#9216,#9217);
#9216 = CARTESIAN_POINT('',(0.3605,3.600000000001E-02));
#9217 = VECTOR('',#9218,1.);
#9218 = DIRECTION('',(-1.,0.));
#9219 = ( GEOMETRIC_REPRESENTATION_CONTEXT(2) 
PARAMETRIC_REPRESENTATION_CONTEXT() REPRESENTATION_CONTEXT('2D SPACE',''
  ) );
#9220 = PCURVE('',#6815,#9221);
#9221 = DEFINITIONAL_REPRESENTATION('',(#9222),#9226);
#9222 = LINE('',#9223,#9224);
#9223 = CARTESIAN_POINT('',(0.3605,3.600000000001E-02));
#9224 = VECTOR('',#9225,1.);
#9225 = DIRECTION('',(-1.,0.));
#9226 = ( GEOMETRIC_REPRESENTATION_CONTEXT(2) 
PARAMETRIC_REPRESENTATION_CONTEXT() REPRESENTATION_CONTEXT('2D SPACE',''
  ) );
#9227 = ADVANCED_FACE('',(#9228),#6815,.F.);
#9228 = FACE_BOUND('',#9229,.F.);
#9229 = EDGE_LOOP('',(#9230,#9258,#9259,#9260,#9261,#9284));
#9230 = ORIENTED_EDGE('',*,*,#9231,.F.);
#9231 = EDGE_CURVE('',#9161,#9232,#9234,.T.);
#9232 = VERTEX_POINT('',#9233);
#9233 = CARTESIAN_POINT('',(37.5355,44.2345,4.45));
#9234 = SURFACE_CURVE('',#9235,(#9239,#9246),.PCURVE_S1.);
#9235 = LINE('',#9236,#9237);
#9236 = CARTESIAN_POINT('',(37.5355,-72.2705,4.45));
#9237 = VECTOR('',#9238,1.);
#9238 = DIRECTION('',(0.,1.,0.));
#9239 = PCURVE('',#6815,#9240);
#9240 = DEFINITIONAL_REPRESENTATION('',(#9241),#9245);
#9241 = LINE('',#9242,#9243);
#9242 = CARTESIAN_POINT('',(-2.6395,-111.505));
#9243 = VECTOR('',#9244,1.);
#9244 = DIRECTION('',(0.,1.));
#9245 = ( GEOMETRIC_REPRESENTATION_CONTEXT(2) 
PARAMETRIC_REPRESENTATION_CONTEXT() REPRESENTATION_CONTEXT('2D SPACE',''
  ) );
#9246 = PCURVE('',#9247,#9252);
#9247 = PLANE('',#9248);
#9248 = AXIS2_PLACEMENT_3D('',#9249,#9250,#9251);
#9249 = CARTESIAN_POINT('',(26.5355,-14.,4.45));
#9250 = DIRECTION('',(0.,0.,1.));
#9251 = DIRECTION('',(1.,0.,-0.));
#9252 = DEFINITIONAL_REPRESENTATION('',(#9253),#9257);
#9253 = LINE('',#9254,#9255);
#9254 = CARTESIAN_POINT('',(11.,-58.2705));
#9255 = VECTOR('',#9256,1.);
#9256 = DIRECTION('',(0.,1.));
#9257 = ( GEOMETRIC_REPRESENTATION_CONTEXT(2) 
PARAMETRIC_REPRESENTATION_CONTEXT() REPRESENTATION_CONTEXT('2D SPACE',''
  ) );
#9258 = ORIENTED_EDGE('',*,*,#9207,.F.);
#9259 = ORIENTED_EDGE('',*,*,#9184,.F.);
#9260 = ORIENTED_EDGE('',*,*,#6799,.T.);
#9261 = ORIENTED_EDGE('',*,*,#9262,.T.);
#9262 = EDGE_CURVE('',#6800,#9263,#9265,.T.);
#9263 = VERTEX_POINT('',#9264);
#9264 = CARTESIAN_POINT('',(45.175,44.2345,4.45));
#9265 = SURFACE_CURVE('',#9266,(#9270,#9277),.PCURVE_S1.);
#9266 = LINE('',#9267,#9268);
#9267 = CARTESIAN_POINT('',(45.175,34.2345,4.45));
#9268 = VECTOR('',#9269,1.);
#9269 = DIRECTION('',(0.,1.,0.));
#9270 = PCURVE('',#6815,#9271);
#9271 = DEFINITIONAL_REPRESENTATION('',(#9272),#9276);
#9272 = LINE('',#9273,#9274);
#9273 = CARTESIAN_POINT('',(5.,-5.));
#9274 = VECTOR('',#9275,1.);
#9275 = DIRECTION('',(0.,1.));
#9276 = ( GEOMETRIC_REPRESENTATION_CONTEXT(2) 
PARAMETRIC_REPRESENTATION_CONTEXT() REPRESENTATION_CONTEXT('2D SPACE',''
  ) );
#9277 = PCURVE('',#6870,#9278);
#9278 = DEFINITIONAL_REPRESENTATION('',(#9279),#9283);
#9279 = LINE('',#9280,#9281);
#9280 = CARTESIAN_POINT('',(0.,0.));
#9281 = VECTOR('',#9282,1.);
#9282 = DIRECTION('',(1.,0.));
#9283 = ( GEOMETRIC_REPRESENTATION_CONTEXT(2) 
PARAMETRIC_REPRESENTATION_CONTEXT() REPRESENTATION_CONTEXT('2D SPACE',''
  ) );
#9284 = ORIENTED_EDGE('',*,*,#9285,.T.);
#9285 = EDGE_CURVE('',#9263,#9232,#9286,.T.);
#9286 = SURFACE_CURVE('',#9287,(#9291,#9298),.PCURVE_S1.);
#9287 = LINE('',#9288,#9289);
#9288 = CARTESIAN_POINT('',(45.175,44.2345,4.45));
#9289 = VECTOR('',#9290,1.);
#9290 = DIRECTION('',(-1.,0.,0.));
#9291 = PCURVE('',#6815,#9292);
#9292 = DEFINITIONAL_REPRESENTATION('',(#9293),#9297);
#9293 = LINE('',#9294,#9295);
#9294 = CARTESIAN_POINT('',(5.,5.));
#9295 = VECTOR('',#9296,1.);
#9296 = DIRECTION('',(-1.,0.));
#9297 = ( GEOMETRIC_REPRESENTATION_CONTEXT(2) 
PARAMETRIC_REPRESENTATION_CONTEXT() REPRESENTATION_CONTEXT('2D SPACE',''
  ) );
#9298 = PCURVE('',#9299,#9304);
#9299 = PLANE('',#9300);
#9300 = AXIS2_PLACEMENT_3D('',#9301,#9302,#9303);
#9301 = CARTESIAN_POINT('',(45.175,44.2345,4.45));
#9302 = DIRECTION('',(0.,-1.,0.));
#9303 = DIRECTION('',(-1.,0.,0.));
#9304 = DEFINITIONAL_REPRESENTATION('',(#9305),#9309);
#9305 = LINE('',#9306,#9307);
#9306 = CARTESIAN_POINT('',(0.,-0.));
#9307 = VECTOR('',#9308,1.);
#9308 = DIRECTION('',(1.,0.));
#9309 = ( GEOMETRIC_REPRESENTATION_CONTEXT(2) 
PARAMETRIC_REPRESENTATION_CONTEXT() REPRESENTATION_CONTEXT('2D SPACE',''
  ) );
#9310 = ADVANCED_FACE('',(#9311),#6870,.F.);
#9311 = FACE_BOUND('',#9312,.F.);
#9312 = EDGE_LOOP('',(#9313,#9314,#9337,#9358));
#9313 = ORIENTED_EDGE('',*,*,#6856,.T.);
#9314 = ORIENTED_EDGE('',*,*,#9315,.T.);
#9315 = EDGE_CURVE('',#6829,#9316,#9318,.T.);
#9316 = VERTEX_POINT('',#9317);
#9317 = CARTESIAN_POINT('',(45.175,44.2345,5.05));
#9318 = SURFACE_CURVE('',#9319,(#9323,#9330),.PCURVE_S1.);
#9319 = LINE('',#9320,#9321);
#9320 = CARTESIAN_POINT('',(45.175,34.2345,5.05));
#9321 = VECTOR('',#9322,1.);
#9322 = DIRECTION('',(0.,1.,0.));
#9323 = PCURVE('',#6870,#9324);
#9324 = DEFINITIONAL_REPRESENTATION('',(#9325),#9329);
#9325 = LINE('',#9326,#9327);
#9326 = CARTESIAN_POINT('',(0.,-0.6));
#9327 = VECTOR('',#9328,1.);
#9328 = DIRECTION('',(1.,0.));
#9329 = ( GEOMETRIC_REPRESENTATION_CONTEXT(2) 
PARAMETRIC_REPRESENTATION_CONTEXT() REPRESENTATION_CONTEXT('2D SPACE',''
  ) );
#9330 = PCURVE('',#6844,#9331);
#9331 = DEFINITIONAL_REPRESENTATION('',(#9332),#9336);
#9332 = LINE('',#9333,#9334);
#9333 = CARTESIAN_POINT('',(5.,-5.));
#9334 = VECTOR('',#9335,1.);
#9335 = DIRECTION('',(0.,1.));
#9336 = ( GEOMETRIC_REPRESENTATION_CONTEXT(2) 
PARAMETRIC_REPRESENTATION_CONTEXT() REPRESENTATION_CONTEXT('2D SPACE',''
  ) );
#9337 = ORIENTED_EDGE('',*,*,#9338,.F.);
#9338 = EDGE_CURVE('',#9263,#9316,#9339,.T.);
#9339 = SURFACE_CURVE('',#9340,(#9344,#9351),.PCURVE_S1.);
#9340 = LINE('',#9341,#9342);
#9341 = CARTESIAN_POINT('',(45.175,44.2345,4.45));
#9342 = VECTOR('',#9343,1.);
#9343 = DIRECTION('',(0.,0.,1.));
#9344 = PCURVE('',#6870,#9345);
#9345 = DEFINITIONAL_REPRESENTATION('',(#9346),#9350);
#9346 = LINE('',#9347,#9348);
#9347 = CARTESIAN_POINT('',(10.,0.));
#9348 = VECTOR('',#9349,1.);
#9349 = DIRECTION('',(0.,-1.));
#9350 = ( GEOMETRIC_REPRESENTATION_CONTEXT(2) 
PARAMETRIC_REPRESENTATION_CONTEXT() REPRESENTATION_CONTEXT('2D SPACE',''
  ) );
#9351 = PCURVE('',#9299,#9352);
#9352 = DEFINITIONAL_REPRESENTATION('',(#9353),#9357);
#9353 = LINE('',#9354,#9355);
#9354 = CARTESIAN_POINT('',(0.,-0.));
#9355 = VECTOR('',#9356,1.);
#9356 = DIRECTION('',(0.,-1.));
#9357 = ( GEOMETRIC_REPRESENTATION_CONTEXT(2) 
PARAMETRIC_REPRESENTATION_CONTEXT() REPRESENTATION_CONTEXT('2D SPACE',''
  ) );
#9358 = ORIENTED_EDGE('',*,*,#9262,.F.);
#9359 = ADVANCED_FACE('',(#9360),#6844,.T.);
#9360 = FACE_BOUND('',#9361,.T.);
#9361 = EDGE_LOOP('',(#9362,#9392,#9420,#9448,#9477,#9501,#9522,#9523,
    #9524));
#9362 = ORIENTED_EDGE('',*,*,#9363,.F.);
#9363 = EDGE_CURVE('',#9364,#9366,#9368,.T.);
#9364 = VERTEX_POINT('',#9365);
#9365 = CARTESIAN_POINT('',(37.5355,41.6705,5.05));
#9366 = VERTEX_POINT('',#9367);
#9367 = CARTESIAN_POINT('',(37.5355,44.2345,5.05));
#9368 = SURFACE_CURVE('',#9369,(#9373,#9380),.PCURVE_S1.);
#9369 = LINE('',#9370,#9371);
#9370 = CARTESIAN_POINT('',(37.5355,-72.2705,5.05));
#9371 = VECTOR('',#9372,1.);
#9372 = DIRECTION('',(0.,1.,0.));
#9373 = PCURVE('',#6844,#9374);
#9374 = DEFINITIONAL_REPRESENTATION('',(#9375),#9379);
#9375 = LINE('',#9376,#9377);
#9376 = CARTESIAN_POINT('',(-2.6395,-111.505));
#9377 = VECTOR('',#9378,1.);
#9378 = DIRECTION('',(0.,1.));
#9379 = ( GEOMETRIC_REPRESENTATION_CONTEXT(2) 
PARAMETRIC_REPRESENTATION_CONTEXT() REPRESENTATION_CONTEXT('2D SPACE',''
  ) );
#9380 = PCURVE('',#9381,#9386);
#9381 = PLANE('',#9382);
#9382 = AXIS2_PLACEMENT_3D('',#9383,#9384,#9385);
#9383 = CARTESIAN_POINT('',(26.5355,-14.,5.05));
#9384 = DIRECTION('',(0.,0.,1.));
#9385 = DIRECTION('',(1.,0.,-0.));
#9386 = DEFINITIONAL_REPRESENTATION('',(#9387),#9391);
#9387 = LINE('',#9388,#9389);
#9388 = CARTESIAN_POINT('',(11.,-58.2705));
#9389 = VECTOR('',#9390,1.);
#9390 = DIRECTION('',(0.,1.));
#9391 = ( GEOMETRIC_REPRESENTATION_CONTEXT(2) 
PARAMETRIC_REPRESENTATION_CONTEXT() REPRESENTATION_CONTEXT('2D SPACE',''
  ) );
#9392 = ORIENTED_EDGE('',*,*,#9393,.F.);
#9393 = EDGE_CURVE('',#9394,#9364,#9396,.T.);
#9394 = VERTEX_POINT('',#9395);
#9395 = CARTESIAN_POINT('',(40.5355,41.6705,5.05));
#9396 = SURFACE_CURVE('',#9397,(#9401,#9408),.PCURVE_S1.);
#9397 = LINE('',#9398,#9399);
#9398 = CARTESIAN_POINT('',(40.5355,41.6705,5.05));
#9399 = VECTOR('',#9400,1.);
#9400 = DIRECTION('',(-1.,0.,0.));
#9401 = PCURVE('',#6844,#9402);
#9402 = DEFINITIONAL_REPRESENTATION('',(#9403),#9407);
#9403 = LINE('',#9404,#9405);
#9404 = CARTESIAN_POINT('',(0.3605,2.436));
#9405 = VECTOR('',#9406,1.);
#9406 = DIRECTION('',(-1.,0.));
#9407 = ( GEOMETRIC_REPRESENTATION_CONTEXT(2) 
PARAMETRIC_REPRESENTATION_CONTEXT() REPRESENTATION_CONTEXT('2D SPACE',''
  ) );
#9408 = PCURVE('',#9409,#9414);
#9409 = PLANE('',#9410);
#9410 = AXIS2_PLACEMENT_3D('',#9411,#9412,#9413);
#9411 = CARTESIAN_POINT('',(40.5355,41.6705,5.05));
#9412 = DIRECTION('',(0.,-1.,0.));
#9413 = DIRECTION('',(-1.,0.,0.));
#9414 = DEFINITIONAL_REPRESENTATION('',(#9415),#9419);
#9415 = LINE('',#9416,#9417);
#9416 = CARTESIAN_POINT('',(0.,-0.));
#9417 = VECTOR('',#9418,1.);
#9418 = DIRECTION('',(1.,0.));
#9419 = ( GEOMETRIC_REPRESENTATION_CONTEXT(2) 
PARAMETRIC_REPRESENTATION_CONTEXT() REPRESENTATION_CONTEXT('2D SPACE',''
  ) );
#9420 = ORIENTED_EDGE('',*,*,#9421,.F.);
#9421 = EDGE_CURVE('',#9422,#9394,#9424,.T.);
#9422 = VERTEX_POINT('',#9423);
#9423 = CARTESIAN_POINT('',(40.5355,39.74505337625,5.05));
#9424 = SURFACE_CURVE('',#9425,(#9429,#9436),.PCURVE_S1.);
#9425 = LINE('',#9426,#9427);
#9426 = CARTESIAN_POINT('',(40.5355,39.2705,5.05));
#9427 = VECTOR('',#9428,1.);
#9428 = DIRECTION('',(0.,1.,0.));
#9429 = PCURVE('',#6844,#9430);
#9430 = DEFINITIONAL_REPRESENTATION('',(#9431),#9435);
#9431 = LINE('',#9432,#9433);
#9432 = CARTESIAN_POINT('',(0.3605,3.600000000001E-02));
#9433 = VECTOR('',#9434,1.);
#9434 = DIRECTION('',(0.,1.));
#9435 = ( GEOMETRIC_REPRESENTATION_CONTEXT(2) 
PARAMETRIC_REPRESENTATION_CONTEXT() REPRESENTATION_CONTEXT('2D SPACE',''
  ) );
#9436 = PCURVE('',#9437,#9442);
#9437 = PLANE('',#9438);
#9438 = AXIS2_PLACEMENT_3D('',#9439,#9440,#9441);
#9439 = CARTESIAN_POINT('',(40.5355,39.2705,5.05));
#9440 = DIRECTION('',(-1.,0.,0.));
#9441 = DIRECTION('',(0.,1.,0.));
#9442 = DEFINITIONAL_REPRESENTATION('',(#9443),#9447);
#9443 = LINE('',#9444,#9445);
#9444 = CARTESIAN_POINT('',(0.,0.));
#9445 = VECTOR('',#9446,1.);
#9446 = DIRECTION('',(1.,0.));
#9447 = ( GEOMETRIC_REPRESENTATION_CONTEXT(2) 
PARAMETRIC_REPRESENTATION_CONTEXT() REPRESENTATION_CONTEXT('2D SPACE',''
  ) );
#9448 = ORIENTED_EDGE('',*,*,#9449,.F.);
#9449 = EDGE_CURVE('',#9450,#9422,#9452,.T.);
#9450 = VERTEX_POINT('',#9451);
#9451 = CARTESIAN_POINT('',(40.8,39.2345,5.05));
#9452 = SURFACE_CURVE('',#9453,(#9458,#9465),.PCURVE_S1.);
#9453 = CIRCLE('',#9454,0.625);
#9454 = AXIS2_PLACEMENT_3D('',#9455,#9456,#9457);
#9455 = CARTESIAN_POINT('',(40.175,39.2345,5.05));
#9456 = DIRECTION('',(0.,0.,1.));
#9457 = DIRECTION('',(1.,0.,0.));
#9458 = PCURVE('',#6844,#9459);
#9459 = DEFINITIONAL_REPRESENTATION('',(#9460),#9464);
#9460 = CIRCLE('',#9461,0.625);
#9461 = AXIS2_PLACEMENT_2D('',#9462,#9463);
#9462 = CARTESIAN_POINT('',(0.,7.105427357601E-15));
#9463 = DIRECTION('',(1.,0.));
#9464 = ( GEOMETRIC_REPRESENTATION_CONTEXT(2) 
PARAMETRIC_REPRESENTATION_CONTEXT() REPRESENTATION_CONTEXT('2D SPACE',''
  ) );
#9465 = PCURVE('',#9466,#9471);
#9466 = CYLINDRICAL_SURFACE('',#9467,0.625);
#9467 = AXIS2_PLACEMENT_3D('',#9468,#9469,#9470);
#9468 = CARTESIAN_POINT('',(40.175,39.2345,5.05));
#9469 = DIRECTION('',(-0.,-0.,-1.));
#9470 = DIRECTION('',(1.,0.,0.));
#9471 = DEFINITIONAL_REPRESENTATION('',(#9472),#9476);
#9472 = LINE('',#9473,#9474);
#9473 = CARTESIAN_POINT('',(-0.,0.));
#9474 = VECTOR('',#9475,1.);
#9475 = DIRECTION('',(-1.,0.));
#9476 = ( GEOMETRIC_REPRESENTATION_CONTEXT(2) 
PARAMETRIC_REPRESENTATION_CONTEXT() REPRESENTATION_CONTEXT('2D SPACE',''
  ) );
#9477 = ORIENTED_EDGE('',*,*,#9478,.F.);
#9478 = EDGE_CURVE('',#9479,#9450,#9481,.T.);
#9479 = VERTEX_POINT('',#9480);
#9480 = CARTESIAN_POINT('',(40.5355,38.72394662375,5.05));
#9481 = SURFACE_CURVE('',#9482,(#9487,#9494),.PCURVE_S1.);
#9482 = CIRCLE('',#9483,0.625);
#9483 = AXIS2_PLACEMENT_3D('',#9484,#9485,#9486);
#9484 = CARTESIAN_POINT('',(40.175,39.2345,5.05));
#9485 = DIRECTION('',(0.,0.,1.));
#9486 = DIRECTION('',(1.,0.,0.));
#9487 = PCURVE('',#6844,#9488);
#9488 = DEFINITIONAL_REPRESENTATION('',(#9489),#9493);
#9489 = CIRCLE('',#9490,0.625);
#9490 = AXIS2_PLACEMENT_2D('',#9491,#9492);
#9491 = CARTESIAN_POINT('',(0.,7.105427357601E-15));
#9492 = DIRECTION('',(1.,0.));
#9493 = ( GEOMETRIC_REPRESENTATION_CONTEXT(2) 
PARAMETRIC_REPRESENTATION_CONTEXT() REPRESENTATION_CONTEXT('2D SPACE',''
  ) );
#9494 = PCURVE('',#9466,#9495);
#9495 = DEFINITIONAL_REPRESENTATION('',(#9496),#9500);
#9496 = LINE('',#9497,#9498);
#9497 = CARTESIAN_POINT('',(-0.,0.));
#9498 = VECTOR('',#9499,1.);
#9499 = DIRECTION('',(-1.,0.));
#9500 = ( GEOMETRIC_REPRESENTATION_CONTEXT(2) 
PARAMETRIC_REPRESENTATION_CONTEXT() REPRESENTATION_CONTEXT('2D SPACE',''
  ) );
#9501 = ORIENTED_EDGE('',*,*,#9502,.F.);
#9502 = EDGE_CURVE('',#4734,#9479,#9503,.T.);
#9503 = SURFACE_CURVE('',#9504,(#9508,#9515),.PCURVE_S1.);
#9504 = LINE('',#9505,#9506);
#9505 = CARTESIAN_POINT('',(40.5355,-78.75,5.05));
#9506 = VECTOR('',#9507,1.);
#9507 = DIRECTION('',(0.,1.,0.));
#9508 = PCURVE('',#6844,#9509);
#9509 = DEFINITIONAL_REPRESENTATION('',(#9510),#9514);
#9510 = LINE('',#9511,#9512);
#9511 = CARTESIAN_POINT('',(0.3605,-117.9845));
#9512 = VECTOR('',#9513,1.);
#9513 = DIRECTION('',(0.,1.));
#9514 = ( GEOMETRIC_REPRESENTATION_CONTEXT(2) 
PARAMETRIC_REPRESENTATION_CONTEXT() REPRESENTATION_CONTEXT('2D SPACE',''
  ) );
#9515 = PCURVE('',#6951,#9516);
#9516 = DEFINITIONAL_REPRESENTATION('',(#9517),#9521);
#9517 = LINE('',#9518,#9519);
#9518 = CARTESIAN_POINT('',(0.3605,-117.9845));
#9519 = VECTOR('',#9520,1.);
#9520 = DIRECTION('',(0.,1.));
#9521 = ( GEOMETRIC_REPRESENTATION_CONTEXT(2) 
PARAMETRIC_REPRESENTATION_CONTEXT() REPRESENTATION_CONTEXT('2D SPACE',''
  ) );
#9522 = ORIENTED_EDGE('',*,*,#6828,.T.);
#9523 = ORIENTED_EDGE('',*,*,#9315,.T.);
#9524 = ORIENTED_EDGE('',*,*,#9525,.T.);
#9525 = EDGE_CURVE('',#9316,#9366,#9526,.T.);
#9526 = SURFACE_CURVE('',#9527,(#9531,#9538),.PCURVE_S1.);
#9527 = LINE('',#9528,#9529);
#9528 = CARTESIAN_POINT('',(45.175,44.2345,5.05));
#9529 = VECTOR('',#9530,1.);
#9530 = DIRECTION('',(-1.,0.,0.));
#9531 = PCURVE('',#6844,#9532);
#9532 = DEFINITIONAL_REPRESENTATION('',(#9533),#9537);
#9533 = LINE('',#9534,#9535);
#9534 = CARTESIAN_POINT('',(5.,5.));
#9535 = VECTOR('',#9536,1.);
#9536 = DIRECTION('',(-1.,0.));
#9537 = ( GEOMETRIC_REPRESENTATION_CONTEXT(2) 
PARAMETRIC_REPRESENTATION_CONTEXT() REPRESENTATION_CONTEXT('2D SPACE',''
  ) );
#9538 = PCURVE('',#9299,#9539);
#9539 = DEFINITIONAL_REPRESENTATION('',(#9540),#9544);
#9540 = LINE('',#9541,#9542);
#9541 = CARTESIAN_POINT('',(0.,-0.6));
#9542 = VECTOR('',#9543,1.);
#9543 = DIRECTION('',(1.,0.));
#9544 = ( GEOMETRIC_REPRESENTATION_CONTEXT(2) 
PARAMETRIC_REPRESENTATION_CONTEXT() REPRESENTATION_CONTEXT('2D SPACE',''
  ) );
#9545 = ADVANCED_FACE('',(#9546),#6903,.F.);
#9546 = FACE_BOUND('',#9547,.F.);
#9547 = EDGE_LOOP('',(#9548,#9571,#9599,#9627,#9648,#9649,#9650,#9651,
    #9652,#9675));
#9548 = ORIENTED_EDGE('',*,*,#9549,.F.);
#9549 = EDGE_CURVE('',#9550,#9552,#9554,.T.);
#9550 = VERTEX_POINT('',#9551);
#9551 = CARTESIAN_POINT('',(39.5355,-66.2341570069,9.05));
#9552 = VERTEX_POINT('',#9553);
#9553 = CARTESIAN_POINT('',(39.5355,-66.2341570069,5.05));
#9554 = SURFACE_CURVE('',#9555,(#9559,#9565),.PCURVE_S1.);
#9555 = LINE('',#9556,#9557);
#9556 = CARTESIAN_POINT('',(39.5355,-66.2341570069,5.05));
#9557 = VECTOR('',#9558,1.);
#9558 = DIRECTION('',(-0.,-0.,-1.));
#9559 = PCURVE('',#6903,#9560);
#9560 = DEFINITIONAL_REPRESENTATION('',(#9561),#9564);
#9561 = B_SPLINE_CURVE_WITH_KNOTS('',1,(#9562,#9563),.UNSPECIFIED.,.F.,
  .F.,(2,2),(-4.4,5.999999999062E-07),.PIECEWISE_BEZIER_KNOTS.);
#9562 = CARTESIAN_POINT('',(12.515842993091,-4.4));
#9563 = CARTESIAN_POINT('',(12.515842993091,5.999999999062E-07));
#9564 = ( GEOMETRIC_REPRESENTATION_CONTEXT(2) 
PARAMETRIC_REPRESENTATION_CONTEXT() REPRESENTATION_CONTEXT('2D SPACE',''
  ) );
#9565 = PCURVE('',#7659,#9566);
#9566 = DEFINITIONAL_REPRESENTATION('',(#9567),#9570);
#9567 = B_SPLINE_CURVE_WITH_KNOTS('',1,(#9568,#9569),.UNSPECIFIED.,.F.,
  .F.,(2,2),(-4.4,5.999999999062E-07),.PIECEWISE_BEZIER_KNOTS.);
#9568 = CARTESIAN_POINT('',(-2.949464023856,-4.4));
#9569 = CARTESIAN_POINT('',(-2.949464023856,5.999999999062E-07));
#9570 = ( GEOMETRIC_REPRESENTATION_CONTEXT(2) 
PARAMETRIC_REPRESENTATION_CONTEXT() REPRESENTATION_CONTEXT('2D SPACE',''
  ) );
#9571 = ORIENTED_EDGE('',*,*,#9572,.T.);
#9572 = EDGE_CURVE('',#9550,#9573,#9575,.T.);
#9573 = VERTEX_POINT('',#9574);
#9574 = CARTESIAN_POINT('',(39.5355,39.2705,9.05));
#9575 = SURFACE_CURVE('',#9576,(#9580,#9587),.PCURVE_S1.);
#9576 = LINE('',#9577,#9578);
#9577 = CARTESIAN_POINT('',(39.5355,-78.75,9.05));
#9578 = VECTOR('',#9579,1.);
#9579 = DIRECTION('',(0.,1.,0.));
#9580 = PCURVE('',#6903,#9581);
#9581 = DEFINITIONAL_REPRESENTATION('',(#9582),#9586);
#9582 = LINE('',#9583,#9584);
#9583 = CARTESIAN_POINT('',(0.,-4.));
#9584 = VECTOR('',#9585,1.);
#9585 = DIRECTION('',(1.,0.));
#9586 = ( GEOMETRIC_REPRESENTATION_CONTEXT(2) 
PARAMETRIC_REPRESENTATION_CONTEXT() REPRESENTATION_CONTEXT('2D SPACE',''
  ) );
#9587 = PCURVE('',#9588,#9593);
#9588 = PLANE('',#9589);
#9589 = AXIS2_PLACEMENT_3D('',#9590,#9591,#9592);
#9590 = CARTESIAN_POINT('',(38.3355,-19.73975,9.05));
#9591 = DIRECTION('',(0.,0.,1.));
#9592 = DIRECTION('',(1.,0.,-0.));
#9593 = DEFINITIONAL_REPRESENTATION('',(#9594),#9598);
#9594 = LINE('',#9595,#9596);
#9595 = CARTESIAN_POINT('',(1.2,-59.01025));
#9596 = VECTOR('',#9597,1.);
#9597 = DIRECTION('',(0.,1.));
#9598 = ( GEOMETRIC_REPRESENTATION_CONTEXT(2) 
PARAMETRIC_REPRESENTATION_CONTEXT() REPRESENTATION_CONTEXT('2D SPACE',''
  ) );
#9599 = ORIENTED_EDGE('',*,*,#9600,.F.);
#9600 = EDGE_CURVE('',#9601,#9573,#9603,.T.);
#9601 = VERTEX_POINT('',#9602);
#9602 = CARTESIAN_POINT('',(39.5355,39.2705,5.05));
#9603 = SURFACE_CURVE('',#9604,(#9608,#9615),.PCURVE_S1.);
#9604 = LINE('',#9605,#9606);
#9605 = CARTESIAN_POINT('',(39.5355,39.2705,5.05));
#9606 = VECTOR('',#9607,1.);
#9607 = DIRECTION('',(0.,0.,1.));
#9608 = PCURVE('',#6903,#9609);
#9609 = DEFINITIONAL_REPRESENTATION('',(#9610),#9614);
#9610 = LINE('',#9611,#9612);
#9611 = CARTESIAN_POINT('',(118.0205,0.));
#9612 = VECTOR('',#9613,1.);
#9613 = DIRECTION('',(0.,-1.));
#9614 = ( GEOMETRIC_REPRESENTATION_CONTEXT(2) 
PARAMETRIC_REPRESENTATION_CONTEXT() REPRESENTATION_CONTEXT('2D SPACE',''
  ) );
#9615 = PCURVE('',#9616,#9621);
#9616 = PLANE('',#9617);
#9617 = AXIS2_PLACEMENT_3D('',#9618,#9619,#9620);
#9618 = CARTESIAN_POINT('',(12.5355,39.2705,5.05));
#9619 = DIRECTION('',(0.,1.,0.));
#9620 = DIRECTION('',(1.,0.,0.));
#9621 = DEFINITIONAL_REPRESENTATION('',(#9622),#9626);
#9622 = LINE('',#9623,#9624);
#9623 = CARTESIAN_POINT('',(27.,0.));
#9624 = VECTOR('',#9625,1.);
#9625 = DIRECTION('',(0.,-1.));
#9626 = ( GEOMETRIC_REPRESENTATION_CONTEXT(2) 
PARAMETRIC_REPRESENTATION_CONTEXT() REPRESENTATION_CONTEXT('2D SPACE',''
  ) );
#9627 = ORIENTED_EDGE('',*,*,#9628,.F.);
#9628 = EDGE_CURVE('',#6888,#9601,#9629,.T.);
#9629 = SURFACE_CURVE('',#9630,(#9634,#9641),.PCURVE_S1.);
#9630 = LINE('',#9631,#9632);
#9631 = CARTESIAN_POINT('',(39.5355,-78.75,5.05));
#9632 = VECTOR('',#9633,1.);
#9633 = DIRECTION('',(0.,1.,0.));
#9634 = PCURVE('',#6903,#9635);
#9635 = DEFINITIONAL_REPRESENTATION('',(#9636),#9640);
#9636 = LINE('',#9637,#9638);
#9637 = CARTESIAN_POINT('',(0.,0.));
#9638 = VECTOR('',#9639,1.);
#9639 = DIRECTION('',(1.,0.));
#9640 = ( GEOMETRIC_REPRESENTATION_CONTEXT(2) 
PARAMETRIC_REPRESENTATION_CONTEXT() REPRESENTATION_CONTEXT('2D SPACE',''
  ) );
#9641 = PCURVE('',#6951,#9642);
#9642 = DEFINITIONAL_REPRESENTATION('',(#9643),#9647);
#9643 = LINE('',#9644,#9645);
#9644 = CARTESIAN_POINT('',(-0.6395,-117.9845));
#9645 = VECTOR('',#9646,1.);
#9646 = DIRECTION('',(0.,1.));
#9647 = ( GEOMETRIC_REPRESENTATION_CONTEXT(2) 
PARAMETRIC_REPRESENTATION_CONTEXT() REPRESENTATION_CONTEXT('2D SPACE',''
  ) );
#9648 = ORIENTED_EDGE('',*,*,#6885,.F.);
#9649 = ORIENTED_EDGE('',*,*,#6966,.F.);
#9650 = ORIENTED_EDGE('',*,*,#7123,.F.);
#9651 = ORIENTED_EDGE('',*,*,#7172,.F.);
#9652 = ORIENTED_EDGE('',*,*,#9653,.F.);
#9653 = EDGE_CURVE('',#9654,#7173,#9656,.T.);
#9654 = VERTEX_POINT('',#9655);
#9655 = CARTESIAN_POINT('',(39.5355,-63.,5.05));
#9656 = SURFACE_CURVE('',#9657,(#9661,#9668),.PCURVE_S1.);
#9657 = LINE('',#9658,#9659);
#9658 = CARTESIAN_POINT('',(39.5355,-78.75,5.05));
#9659 = VECTOR('',#9660,1.);
#9660 = DIRECTION('',(0.,1.,0.));
#9661 = PCURVE('',#6903,#9662);
#9662 = DEFINITIONAL_REPRESENTATION('',(#9663),#9667);
#9663 = LINE('',#9664,#9665);
#9664 = CARTESIAN_POINT('',(0.,0.));
#9665 = VECTOR('',#9666,1.);
#9666 = DIRECTION('',(1.,0.));
#9667 = ( GEOMETRIC_REPRESENTATION_CONTEXT(2) 
PARAMETRIC_REPRESENTATION_CONTEXT() REPRESENTATION_CONTEXT('2D SPACE',''
  ) );
#9668 = PCURVE('',#7209,#9669);
#9669 = DEFINITIONAL_REPRESENTATION('',(#9670),#9674);
#9670 = LINE('',#9671,#9672);
#9671 = CARTESIAN_POINT('',(39.5355,-19.75));
#9672 = VECTOR('',#9673,1.);
#9673 = DIRECTION('',(0.,1.));
#9674 = ( GEOMETRIC_REPRESENTATION_CONTEXT(2) 
PARAMETRIC_REPRESENTATION_CONTEXT() REPRESENTATION_CONTEXT('2D SPACE',''
  ) );
#9675 = ORIENTED_EDGE('',*,*,#9676,.F.);
#9676 = EDGE_CURVE('',#9552,#9654,#9677,.T.);
#9677 = SURFACE_CURVE('',#9678,(#9682,#9689),.PCURVE_S1.);
#9678 = LINE('',#9679,#9680);
#9679 = CARTESIAN_POINT('',(39.5355,-78.75,5.05));
#9680 = VECTOR('',#9681,1.);
#9681 = DIRECTION('',(0.,1.,0.));
#9682 = PCURVE('',#6903,#9683);
#9683 = DEFINITIONAL_REPRESENTATION('',(#9684),#9688);
#9684 = LINE('',#9685,#9686);
#9685 = CARTESIAN_POINT('',(0.,0.));
#9686 = VECTOR('',#9687,1.);
#9687 = DIRECTION('',(1.,0.));
#9688 = ( GEOMETRIC_REPRESENTATION_CONTEXT(2) 
PARAMETRIC_REPRESENTATION_CONTEXT() REPRESENTATION_CONTEXT('2D SPACE',''
  ) );
#9689 = PCURVE('',#7630,#9690);
#9690 = DEFINITIONAL_REPRESENTATION('',(#9691),#9695);
#9691 = LINE('',#9692,#9693);
#9692 = CARTESIAN_POINT('',(-0.6135,-12.3965));
#9693 = VECTOR('',#9694,1.);
#9694 = DIRECTION('',(0.,1.));
#9695 = ( GEOMETRIC_REPRESENTATION_CONTEXT(2) 
PARAMETRIC_REPRESENTATION_CONTEXT() REPRESENTATION_CONTEXT('2D SPACE',''
  ) );
#9696 = ADVANCED_FACE('',(#9697),#6951,.T.);
#9697 = FACE_BOUND('',#9698,.T.);
#9698 = EDGE_LOOP('',(#9699,#9700,#9701,#9702,#9726));
#9699 = ORIENTED_EDGE('',*,*,#9628,.F.);
#9700 = ORIENTED_EDGE('',*,*,#6937,.T.);
#9701 = ORIENTED_EDGE('',*,*,#9502,.T.);
#9702 = ORIENTED_EDGE('',*,*,#9703,.F.);
#9703 = EDGE_CURVE('',#9704,#9479,#9706,.T.);
#9704 = VERTEX_POINT('',#9705);
#9705 = CARTESIAN_POINT('',(39.551037661393,39.2705,5.05));
#9706 = SURFACE_CURVE('',#9707,(#9712,#9719),.PCURVE_S1.);
#9707 = CIRCLE('',#9708,0.625);
#9708 = AXIS2_PLACEMENT_3D('',#9709,#9710,#9711);
#9709 = CARTESIAN_POINT('',(40.175,39.2345,5.05));
#9710 = DIRECTION('',(0.,0.,1.));
#9711 = DIRECTION('',(1.,0.,0.));
#9712 = PCURVE('',#6951,#9713);
#9713 = DEFINITIONAL_REPRESENTATION('',(#9714),#9718);
#9714 = CIRCLE('',#9715,0.625);
#9715 = AXIS2_PLACEMENT_2D('',#9716,#9717);
#9716 = CARTESIAN_POINT('',(0.,7.105427357601E-15));
#9717 = DIRECTION('',(1.,0.));
#9718 = ( GEOMETRIC_REPRESENTATION_CONTEXT(2) 
PARAMETRIC_REPRESENTATION_CONTEXT() REPRESENTATION_CONTEXT('2D SPACE',''
  ) );
#9719 = PCURVE('',#9466,#9720);
#9720 = DEFINITIONAL_REPRESENTATION('',(#9721),#9725);
#9721 = LINE('',#9722,#9723);
#9722 = CARTESIAN_POINT('',(-0.,0.));
#9723 = VECTOR('',#9724,1.);
#9724 = DIRECTION('',(-1.,0.));
#9725 = ( GEOMETRIC_REPRESENTATION_CONTEXT(2) 
PARAMETRIC_REPRESENTATION_CONTEXT() REPRESENTATION_CONTEXT('2D SPACE',''
  ) );
#9726 = ORIENTED_EDGE('',*,*,#9727,.T.);
#9727 = EDGE_CURVE('',#9704,#9601,#9728,.T.);
#9728 = SURFACE_CURVE('',#9729,(#9733,#9740),.PCURVE_S1.);
#9729 = LINE('',#9730,#9731);
#9730 = CARTESIAN_POINT('',(40.5355,39.2705,5.05));
#9731 = VECTOR('',#9732,1.);
#9732 = DIRECTION('',(-1.,0.,0.));
#9733 = PCURVE('',#6951,#9734);
#9734 = DEFINITIONAL_REPRESENTATION('',(#9735),#9739);
#9735 = LINE('',#9736,#9737);
#9736 = CARTESIAN_POINT('',(0.3605,3.600000000001E-02));
#9737 = VECTOR('',#9738,1.);
#9738 = DIRECTION('',(-1.,0.));
#9739 = ( GEOMETRIC_REPRESENTATION_CONTEXT(2) 
PARAMETRIC_REPRESENTATION_CONTEXT() REPRESENTATION_CONTEXT('2D SPACE',''
  ) );
#9740 = PCURVE('',#9616,#9741);
#9741 = DEFINITIONAL_REPRESENTATION('',(#9742),#9746);
#9742 = LINE('',#9743,#9744);
#9743 = CARTESIAN_POINT('',(28.,0.));
#9744 = VECTOR('',#9745,1.);
#9745 = DIRECTION('',(-1.,0.));
#9746 = ( GEOMETRIC_REPRESENTATION_CONTEXT(2) 
PARAMETRIC_REPRESENTATION_CONTEXT() REPRESENTATION_CONTEXT('2D SPACE',''
  ) );
#9747 = ADVANCED_FACE('',(#9748),#7032,.F.);
#9748 = FACE_BOUND('',#9749,.F.);
#9749 = EDGE_LOOP('',(#9750,#9776,#9777,#9778));
#9750 = ORIENTED_EDGE('',*,*,#9751,.T.);
#9751 = EDGE_CURVE('',#7071,#7408,#9752,.T.);
#9752 = SURFACE_CURVE('',#9753,(#9757,#9764),.PCURVE_S1.);
#9753 = LINE('',#9754,#9755);
#9754 = CARTESIAN_POINT('',(15.5355,44.2705,4.45));
#9755 = VECTOR('',#9756,1.);
#9756 = DIRECTION('',(0.,-1.,0.));
#9757 = PCURVE('',#7032,#9758);
#9758 = DEFINITIONAL_REPRESENTATION('',(#9759),#9763);
#9759 = LINE('',#9760,#9761);
#9760 = CARTESIAN_POINT('',(-11.,58.2705));
#9761 = VECTOR('',#9762,1.);
#9762 = DIRECTION('',(0.,-1.));
#9763 = ( GEOMETRIC_REPRESENTATION_CONTEXT(2) 
PARAMETRIC_REPRESENTATION_CONTEXT() REPRESENTATION_CONTEXT('2D SPACE',''
  ) );
#9764 = PCURVE('',#9765,#9770);
#9765 = PLANE('',#9766);
#9766 = AXIS2_PLACEMENT_3D('',#9767,#9768,#9769);
#9767 = CARTESIAN_POINT('',(26.5355,-19.73975,4.45));
#9768 = DIRECTION('',(0.,0.,1.));
#9769 = DIRECTION('',(1.,0.,-0.));
#9770 = DEFINITIONAL_REPRESENTATION('',(#9771),#9775);
#9771 = LINE('',#9772,#9773);
#9772 = CARTESIAN_POINT('',(-11.,64.01025));
#9773 = VECTOR('',#9774,1.);
#9774 = DIRECTION('',(0.,-1.));
#9775 = ( GEOMETRIC_REPRESENTATION_CONTEXT(2) 
PARAMETRIC_REPRESENTATION_CONTEXT() REPRESENTATION_CONTEXT('2D SPACE',''
  ) );
#9776 = ORIENTED_EDGE('',*,*,#7407,.F.);
#9777 = ORIENTED_EDGE('',*,*,#7018,.T.);
#9778 = ORIENTED_EDGE('',*,*,#7098,.F.);
#9779 = ADVANCED_FACE('',(#9780),#7086,.F.);
#9780 = FACE_BOUND('',#9781,.F.);
#9781 = EDGE_LOOP('',(#9782,#9783,#9804,#9805));
#9782 = ORIENTED_EDGE('',*,*,#7070,.F.);
#9783 = ORIENTED_EDGE('',*,*,#9784,.T.);
#9784 = EDGE_CURVE('',#7048,#8789,#9785,.T.);
#9785 = SURFACE_CURVE('',#9786,(#9790,#9797),.PCURVE_S1.);
#9786 = LINE('',#9787,#9788);
#9787 = CARTESIAN_POINT('',(60.75,34.,4.45));
#9788 = VECTOR('',#9789,1.);
#9789 = DIRECTION('',(-1.,0.,0.));
#9790 = PCURVE('',#7086,#9791);
#9791 = DEFINITIONAL_REPRESENTATION('',(#9792),#9796);
#9792 = LINE('',#9793,#9794);
#9793 = CARTESIAN_POINT('',(60.75,4.));
#9794 = VECTOR('',#9795,1.);
#9795 = DIRECTION('',(-1.,0.));
#9796 = ( GEOMETRIC_REPRESENTATION_CONTEXT(2) 
PARAMETRIC_REPRESENTATION_CONTEXT() REPRESENTATION_CONTEXT('2D SPACE',''
  ) );
#9797 = PCURVE('',#9122,#9798);
#9798 = DEFINITIONAL_REPRESENTATION('',(#9799),#9803);
#9799 = LINE('',#9800,#9801);
#9800 = CARTESIAN_POINT('',(34.2145,53.73975));
#9801 = VECTOR('',#9802,1.);
#9802 = DIRECTION('',(-1.,0.));
#9803 = ( GEOMETRIC_REPRESENTATION_CONTEXT(2) 
PARAMETRIC_REPRESENTATION_CONTEXT() REPRESENTATION_CONTEXT('2D SPACE',''
  ) );
#9804 = ORIENTED_EDGE('',*,*,#8788,.T.);
#9805 = ORIENTED_EDGE('',*,*,#9806,.T.);
#9806 = EDGE_CURVE('',#8791,#7071,#9807,.T.);
#9807 = SURFACE_CURVE('',#9808,(#9812,#9819),.PCURVE_S1.);
#9808 = LINE('',#9809,#9810);
#9809 = CARTESIAN_POINT('',(-60.75,26.,4.45));
#9810 = VECTOR('',#9811,1.);
#9811 = DIRECTION('',(1.,0.,0.));
#9812 = PCURVE('',#7086,#9813);
#9813 = DEFINITIONAL_REPRESENTATION('',(#9814),#9818);
#9814 = LINE('',#9815,#9816);
#9815 = CARTESIAN_POINT('',(-60.75,-4.));
#9816 = VECTOR('',#9817,1.);
#9817 = DIRECTION('',(1.,0.));
#9818 = ( GEOMETRIC_REPRESENTATION_CONTEXT(2) 
PARAMETRIC_REPRESENTATION_CONTEXT() REPRESENTATION_CONTEXT('2D SPACE',''
  ) );
#9819 = PCURVE('',#9765,#9820);
#9820 = DEFINITIONAL_REPRESENTATION('',(#9821),#9825);
#9821 = LINE('',#9822,#9823);
#9822 = CARTESIAN_POINT('',(-87.2855,45.73975));
#9823 = VECTOR('',#9824,1.);
#9824 = DIRECTION('',(1.,0.));
#9825 = ( GEOMETRIC_REPRESENTATION_CONTEXT(2) 
PARAMETRIC_REPRESENTATION_CONTEXT() REPRESENTATION_CONTEXT('2D SPACE',''
  ) );
#9826 = ADVANCED_FACE('',(#9827),#7209,.T.);
#9827 = FACE_BOUND('',#9828,.T.);
#9828 = EDGE_LOOP('',(#9829,#9830,#9851,#9852));
#9829 = ORIENTED_EDGE('',*,*,#9653,.F.);
#9830 = ORIENTED_EDGE('',*,*,#9831,.T.);
#9831 = EDGE_CURVE('',#9654,#7227,#9832,.T.);
#9832 = SURFACE_CURVE('',#9833,(#9837,#9844),.PCURVE_S1.);
#9833 = LINE('',#9834,#9835);
#9834 = CARTESIAN_POINT('',(-60.75,-63.,5.05));
#9835 = VECTOR('',#9836,1.);
#9836 = DIRECTION('',(1.,0.,0.));
#9837 = PCURVE('',#7209,#9838);
#9838 = DEFINITIONAL_REPRESENTATION('',(#9839),#9843);
#9839 = LINE('',#9840,#9841);
#9840 = CARTESIAN_POINT('',(-60.75,-4.));
#9841 = VECTOR('',#9842,1.);
#9842 = DIRECTION('',(1.,0.));
#9843 = ( GEOMETRIC_REPRESENTATION_CONTEXT(2) 
PARAMETRIC_REPRESENTATION_CONTEXT() REPRESENTATION_CONTEXT('2D SPACE',''
  ) );
#9844 = PCURVE('',#7630,#9845);
#9845 = DEFINITIONAL_REPRESENTATION('',(#9846),#9850);
#9846 = LINE('',#9847,#9848);
#9847 = CARTESIAN_POINT('',(-100.899,3.3535));
#9848 = VECTOR('',#9849,1.);
#9849 = DIRECTION('',(1.,0.));
#9850 = ( GEOMETRIC_REPRESENTATION_CONTEXT(2) 
PARAMETRIC_REPRESENTATION_CONTEXT() REPRESENTATION_CONTEXT('2D SPACE',''
  ) );
#9851 = ORIENTED_EDGE('',*,*,#7226,.T.);
#9852 = ORIENTED_EDGE('',*,*,#7195,.T.);
#9853 = ADVANCED_FACE('',(#9854),#7291,.F.);
#9854 = FACE_BOUND('',#9855,.F.);
#9855 = EDGE_LOOP('',(#9856,#9884,#9910,#9911));
#9856 = ORIENTED_EDGE('',*,*,#9857,.F.);
#9857 = EDGE_CURVE('',#9858,#7332,#9860,.T.);
#9858 = VERTEX_POINT('',#9859);
#9859 = CARTESIAN_POINT('',(37.5355,-71.3535,4.45));
#9860 = SURFACE_CURVE('',#9861,(#9865,#9872),.PCURVE_S1.);
#9861 = LINE('',#9862,#9863);
#9862 = CARTESIAN_POINT('',(37.5355,-72.2705,4.45));
#9863 = VECTOR('',#9864,1.);
#9864 = DIRECTION('',(0.,1.,0.));
#9865 = PCURVE('',#7291,#9866);
#9866 = DEFINITIONAL_REPRESENTATION('',(#9867),#9871);
#9867 = LINE('',#9868,#9869);
#9868 = CARTESIAN_POINT('',(-2.6135,-5.917));
#9869 = VECTOR('',#9870,1.);
#9870 = DIRECTION('',(0.,1.));
#9871 = ( GEOMETRIC_REPRESENTATION_CONTEXT(2) 
PARAMETRIC_REPRESENTATION_CONTEXT() REPRESENTATION_CONTEXT('2D SPACE',''
  ) );
#9872 = PCURVE('',#9873,#9878);
#9873 = PLANE('',#9874);
#9874 = AXIS2_PLACEMENT_3D('',#9875,#9876,#9877);
#9875 = CARTESIAN_POINT('',(26.5355,-14.,4.45));
#9876 = DIRECTION('',(0.,0.,1.));
#9877 = DIRECTION('',(1.,0.,-0.));
#9878 = DEFINITIONAL_REPRESENTATION('',(#9879),#9883);
#9879 = LINE('',#9880,#9881);
#9880 = CARTESIAN_POINT('',(11.,-58.2705));
#9881 = VECTOR('',#9882,1.);
#9882 = DIRECTION('',(0.,1.));
#9883 = ( GEOMETRIC_REPRESENTATION_CONTEXT(2) 
PARAMETRIC_REPRESENTATION_CONTEXT() REPRESENTATION_CONTEXT('2D SPACE',''
  ) );
#9884 = ORIENTED_EDGE('',*,*,#9885,.T.);
#9885 = EDGE_CURVE('',#9858,#7276,#9886,.T.);
#9886 = SURFACE_CURVE('',#9887,(#9891,#9898),.PCURVE_S1.);
#9887 = LINE('',#9888,#9889);
#9888 = CARTESIAN_POINT('',(35.149,-71.3535,4.45));
#9889 = VECTOR('',#9890,1.);
#9890 = DIRECTION('',(1.,0.,0.));
#9891 = PCURVE('',#7291,#9892);
#9892 = DEFINITIONAL_REPRESENTATION('',(#9893),#9897);
#9893 = LINE('',#9894,#9895);
#9894 = CARTESIAN_POINT('',(-5.,-5.));
#9895 = VECTOR('',#9896,1.);
#9896 = DIRECTION('',(1.,0.));
#9897 = ( GEOMETRIC_REPRESENTATION_CONTEXT(2) 
PARAMETRIC_REPRESENTATION_CONTEXT() REPRESENTATION_CONTEXT('2D SPACE',''
  ) );
#9898 = PCURVE('',#9899,#9904);
#9899 = PLANE('',#9900);
#9900 = AXIS2_PLACEMENT_3D('',#9901,#9902,#9903);
#9901 = CARTESIAN_POINT('',(26.5355,-19.73975,4.45));
#9902 = DIRECTION('',(0.,0.,1.));
#9903 = DIRECTION('',(1.,0.,-0.));
#9904 = DEFINITIONAL_REPRESENTATION('',(#9905),#9909);
#9905 = LINE('',#9906,#9907);
#9906 = CARTESIAN_POINT('',(8.6135,-51.61375));
#9907 = VECTOR('',#9908,1.);
#9908 = DIRECTION('',(1.,0.));
#9909 = ( GEOMETRIC_REPRESENTATION_CONTEXT(2) 
PARAMETRIC_REPRESENTATION_CONTEXT() REPRESENTATION_CONTEXT('2D SPACE',''
  ) );
#9910 = ORIENTED_EDGE('',*,*,#7275,.T.);
#9911 = ORIENTED_EDGE('',*,*,#7359,.F.);
#9912 = ADVANCED_FACE('',(#9913),#7347,.F.);
#9913 = FACE_BOUND('',#9914,.F.);
#9914 = EDGE_LOOP('',(#9915,#9916,#9917,#9918));
#9915 = ORIENTED_EDGE('',*,*,#7331,.T.);
#9916 = ORIENTED_EDGE('',*,*,#7383,.T.);
#9917 = ORIENTED_EDGE('',*,*,#7537,.T.);
#9918 = ORIENTED_EDGE('',*,*,#9919,.T.);
#9919 = EDGE_CURVE('',#7510,#7332,#9920,.T.);
#9920 = SURFACE_CURVE('',#9921,(#9925,#9932),.PCURVE_S1.);
#9921 = LINE('',#9922,#9923);
#9922 = CARTESIAN_POINT('',(-60.75,-63.,4.45));
#9923 = VECTOR('',#9924,1.);
#9924 = DIRECTION('',(1.,0.,0.));
#9925 = PCURVE('',#7347,#9926);
#9926 = DEFINITIONAL_REPRESENTATION('',(#9927),#9931);
#9927 = LINE('',#9928,#9929);
#9928 = CARTESIAN_POINT('',(-60.75,-4.));
#9929 = VECTOR('',#9930,1.);
#9930 = DIRECTION('',(1.,0.));
#9931 = ( GEOMETRIC_REPRESENTATION_CONTEXT(2) 
PARAMETRIC_REPRESENTATION_CONTEXT() REPRESENTATION_CONTEXT('2D SPACE',''
  ) );
#9932 = PCURVE('',#9873,#9933);
#9933 = DEFINITIONAL_REPRESENTATION('',(#9934),#9938);
#9934 = LINE('',#9935,#9936);
#9935 = CARTESIAN_POINT('',(-87.2855,-49.));
#9936 = VECTOR('',#9937,1.);
#9937 = DIRECTION('',(1.,0.));
#9938 = ( GEOMETRIC_REPRESENTATION_CONTEXT(2) 
PARAMETRIC_REPRESENTATION_CONTEXT() REPRESENTATION_CONTEXT('2D SPACE',''
  ) );
#9939 = ADVANCED_FACE('',(#9940),#7525,.F.);
#9940 = FACE_BOUND('',#9941,.F.);
#9941 = EDGE_LOOP('',(#9942,#9943,#9971,#9994,#10017,#10040,#10061,
    #10084));
#9942 = ORIENTED_EDGE('',*,*,#7509,.F.);
#9943 = ORIENTED_EDGE('',*,*,#9944,.F.);
#9944 = EDGE_CURVE('',#9945,#7487,#9947,.T.);
#9945 = VERTEX_POINT('',#9946);
#9946 = CARTESIAN_POINT('',(17.438,-71.3535,4.45));
#9947 = SURFACE_CURVE('',#9948,(#9952,#9959),.PCURVE_S1.);
#9948 = LINE('',#9949,#9950);
#9949 = CARTESIAN_POINT('',(17.438,-71.3535,4.45));
#9950 = VECTOR('',#9951,1.);
#9951 = DIRECTION('',(0.,1.,0.));
#9952 = PCURVE('',#7525,#9953);
#9953 = DEFINITIONAL_REPRESENTATION('',(#9954),#9958);
#9954 = LINE('',#9955,#9956);
#9955 = CARTESIAN_POINT('',(-9.0975,-57.3535));
#9956 = VECTOR('',#9957,1.);
#9957 = DIRECTION('',(0.,1.));
#9958 = ( GEOMETRIC_REPRESENTATION_CONTEXT(2) 
PARAMETRIC_REPRESENTATION_CONTEXT() REPRESENTATION_CONTEXT('2D SPACE',''
  ) );
#9959 = PCURVE('',#9960,#9965);
#9960 = PLANE('',#9961);
#9961 = AXIS2_PLACEMENT_3D('',#9962,#9963,#9964);
#9962 = CARTESIAN_POINT('',(26.5355,-14.,4.45));
#9963 = DIRECTION('',(0.,0.,1.));
#9964 = DIRECTION('',(1.,0.,-0.));
#9965 = DEFINITIONAL_REPRESENTATION('',(#9966),#9970);
#9966 = LINE('',#9967,#9968);
#9967 = CARTESIAN_POINT('',(-9.0975,-57.3535));
#9968 = VECTOR('',#9969,1.);
#9969 = DIRECTION('',(0.,1.));
#9970 = ( GEOMETRIC_REPRESENTATION_CONTEXT(2) 
PARAMETRIC_REPRESENTATION_CONTEXT() REPRESENTATION_CONTEXT('2D SPACE',''
  ) );
#9971 = ORIENTED_EDGE('',*,*,#9972,.F.);
#9972 = EDGE_CURVE('',#9973,#9945,#9975,.T.);
#9973 = VERTEX_POINT('',#9974);
#9974 = CARTESIAN_POINT('',(15.5355,-71.3535,4.45));
#9975 = SURFACE_CURVE('',#9976,(#9980,#9987),.PCURVE_S1.);
#9976 = LINE('',#9977,#9978);
#9977 = CARTESIAN_POINT('',(7.438,-71.3535,4.45));
#9978 = VECTOR('',#9979,1.);
#9979 = DIRECTION('',(1.,0.,0.));
#9980 = PCURVE('',#7525,#9981);
#9981 = DEFINITIONAL_REPRESENTATION('',(#9982),#9986);
#9982 = LINE('',#9983,#9984);
#9983 = CARTESIAN_POINT('',(-19.0975,-57.3535));
#9984 = VECTOR('',#9985,1.);
#9985 = DIRECTION('',(1.,0.));
#9986 = ( GEOMETRIC_REPRESENTATION_CONTEXT(2) 
PARAMETRIC_REPRESENTATION_CONTEXT() REPRESENTATION_CONTEXT('2D SPACE',''
  ) );
#9987 = PCURVE('',#9960,#9988);
#9988 = DEFINITIONAL_REPRESENTATION('',(#9989),#9993);
#9989 = LINE('',#9990,#9991);
#9990 = CARTESIAN_POINT('',(-19.0975,-57.3535));
#9991 = VECTOR('',#9992,1.);
#9992 = DIRECTION('',(1.,0.));
#9993 = ( GEOMETRIC_REPRESENTATION_CONTEXT(2) 
PARAMETRIC_REPRESENTATION_CONTEXT() REPRESENTATION_CONTEXT('2D SPACE',''
  ) );
#9994 = ORIENTED_EDGE('',*,*,#9995,.T.);
#9995 = EDGE_CURVE('',#9973,#9996,#9998,.T.);
#9996 = VERTEX_POINT('',#9997);
#9997 = CARTESIAN_POINT('',(15.5355,-72.2705,4.45));
#9998 = SURFACE_CURVE('',#9999,(#10003,#10010),.PCURVE_S1.);
#9999 = LINE('',#10000,#10001);
#10000 = CARTESIAN_POINT('',(15.5355,44.2705,4.45));
#10001 = VECTOR('',#10002,1.);
#10002 = DIRECTION('',(0.,-1.,0.));
#10003 = PCURVE('',#7525,#10004);
#10004 = DEFINITIONAL_REPRESENTATION('',(#10005),#10009);
#10005 = LINE('',#10006,#10007);
#10006 = CARTESIAN_POINT('',(-11.,58.2705));
#10007 = VECTOR('',#10008,1.);
#10008 = DIRECTION('',(0.,-1.));
#10009 = ( GEOMETRIC_REPRESENTATION_CONTEXT(2) 
PARAMETRIC_REPRESENTATION_CONTEXT() REPRESENTATION_CONTEXT('2D SPACE',''
  ) );
#10010 = PCURVE('',#9899,#10011);
#10011 = DEFINITIONAL_REPRESENTATION('',(#10012),#10016);
#10012 = LINE('',#10013,#10014);
#10013 = CARTESIAN_POINT('',(-11.,64.01025));
#10014 = VECTOR('',#10015,1.);
#10015 = DIRECTION('',(0.,-1.));
#10016 = ( GEOMETRIC_REPRESENTATION_CONTEXT(2) 
PARAMETRIC_REPRESENTATION_CONTEXT() REPRESENTATION_CONTEXT('2D SPACE',''
  ) );
#10017 = ORIENTED_EDGE('',*,*,#10018,.T.);
#10018 = EDGE_CURVE('',#9996,#10019,#10021,.T.);
#10019 = VERTEX_POINT('',#10020);
#10020 = CARTESIAN_POINT('',(37.5355,-72.2705,4.45));
#10021 = SURFACE_CURVE('',#10022,(#10026,#10033),.PCURVE_S1.);
#10022 = LINE('',#10023,#10024);
#10023 = CARTESIAN_POINT('',(15.5355,-72.2705,4.45));
#10024 = VECTOR('',#10025,1.);
#10025 = DIRECTION('',(1.,0.,0.));
#10026 = PCURVE('',#7525,#10027);
#10027 = DEFINITIONAL_REPRESENTATION('',(#10028),#10032);
#10028 = LINE('',#10029,#10030);
#10029 = CARTESIAN_POINT('',(-11.,-58.2705));
#10030 = VECTOR('',#10031,1.);
#10031 = DIRECTION('',(1.,0.));
#10032 = ( GEOMETRIC_REPRESENTATION_CONTEXT(2) 
PARAMETRIC_REPRESENTATION_CONTEXT() REPRESENTATION_CONTEXT('2D SPACE',''
  ) );
#10033 = PCURVE('',#9899,#10034);
#10034 = DEFINITIONAL_REPRESENTATION('',(#10035),#10039);
#10035 = LINE('',#10036,#10037);
#10036 = CARTESIAN_POINT('',(-11.,-52.53075));
#10037 = VECTOR('',#10038,1.);
#10038 = DIRECTION('',(1.,0.));
#10039 = ( GEOMETRIC_REPRESENTATION_CONTEXT(2) 
PARAMETRIC_REPRESENTATION_CONTEXT() REPRESENTATION_CONTEXT('2D SPACE',''
  ) );
#10040 = ORIENTED_EDGE('',*,*,#10041,.T.);
#10041 = EDGE_CURVE('',#10019,#9858,#10042,.T.);
#10042 = SURFACE_CURVE('',#10043,(#10047,#10054),.PCURVE_S1.);
#10043 = LINE('',#10044,#10045);
#10044 = CARTESIAN_POINT('',(37.5355,-72.2705,4.45));
#10045 = VECTOR('',#10046,1.);
#10046 = DIRECTION('',(0.,1.,0.));
#10047 = PCURVE('',#7525,#10048);
#10048 = DEFINITIONAL_REPRESENTATION('',(#10049),#10053);
#10049 = LINE('',#10050,#10051);
#10050 = CARTESIAN_POINT('',(11.,-58.2705));
#10051 = VECTOR('',#10052,1.);
#10052 = DIRECTION('',(0.,1.));
#10053 = ( GEOMETRIC_REPRESENTATION_CONTEXT(2) 
PARAMETRIC_REPRESENTATION_CONTEXT() REPRESENTATION_CONTEXT('2D SPACE',''
  ) );
#10054 = PCURVE('',#9899,#10055);
#10055 = DEFINITIONAL_REPRESENTATION('',(#10056),#10060);
#10056 = LINE('',#10057,#10058);
#10057 = CARTESIAN_POINT('',(11.,-52.53075));
#10058 = VECTOR('',#10059,1.);
#10059 = DIRECTION('',(0.,1.));
#10060 = ( GEOMETRIC_REPRESENTATION_CONTEXT(2) 
PARAMETRIC_REPRESENTATION_CONTEXT() REPRESENTATION_CONTEXT('2D SPACE',''
  ) );
#10061 = ORIENTED_EDGE('',*,*,#10062,.F.);
#10062 = EDGE_CURVE('',#10063,#9858,#10065,.T.);
#10063 = VERTEX_POINT('',#10064);
#10064 = CARTESIAN_POINT('',(35.149,-71.3535,4.45));
#10065 = SURFACE_CURVE('',#10066,(#10070,#10077),.PCURVE_S1.);
#10066 = LINE('',#10067,#10068);
#10067 = CARTESIAN_POINT('',(35.149,-71.3535,4.45));
#10068 = VECTOR('',#10069,1.);
#10069 = DIRECTION('',(1.,0.,0.));
#10070 = PCURVE('',#7525,#10071);
#10071 = DEFINITIONAL_REPRESENTATION('',(#10072),#10076);
#10072 = LINE('',#10073,#10074);
#10073 = CARTESIAN_POINT('',(8.6135,-57.3535));
#10074 = VECTOR('',#10075,1.);
#10075 = DIRECTION('',(1.,0.));
#10076 = ( GEOMETRIC_REPRESENTATION_CONTEXT(2) 
PARAMETRIC_REPRESENTATION_CONTEXT() REPRESENTATION_CONTEXT('2D SPACE',''
  ) );
#10077 = PCURVE('',#9873,#10078);
#10078 = DEFINITIONAL_REPRESENTATION('',(#10079),#10083);
#10079 = LINE('',#10080,#10081);
#10080 = CARTESIAN_POINT('',(8.6135,-57.3535));
#10081 = VECTOR('',#10082,1.);
#10082 = DIRECTION('',(1.,0.));
#10083 = ( GEOMETRIC_REPRESENTATION_CONTEXT(2) 
PARAMETRIC_REPRESENTATION_CONTEXT() REPRESENTATION_CONTEXT('2D SPACE',''
  ) );
#10084 = ORIENTED_EDGE('',*,*,#10085,.F.);
#10085 = EDGE_CURVE('',#7510,#10063,#10086,.T.);
#10086 = SURFACE_CURVE('',#10087,(#10091,#10098),.PCURVE_S1.);
#10087 = LINE('',#10088,#10089);
#10088 = CARTESIAN_POINT('',(35.149,-61.3535,4.45));
#10089 = VECTOR('',#10090,1.);
#10090 = DIRECTION('',(0.,-1.,0.));
#10091 = PCURVE('',#7525,#10092);
#10092 = DEFINITIONAL_REPRESENTATION('',(#10093),#10097);
#10093 = LINE('',#10094,#10095);
#10094 = CARTESIAN_POINT('',(8.6135,-47.3535));
#10095 = VECTOR('',#10096,1.);
#10096 = DIRECTION('',(0.,-1.));
#10097 = ( GEOMETRIC_REPRESENTATION_CONTEXT(2) 
PARAMETRIC_REPRESENTATION_CONTEXT() REPRESENTATION_CONTEXT('2D SPACE',''
  ) );
#10098 = PCURVE('',#9873,#10099);
#10099 = DEFINITIONAL_REPRESENTATION('',(#10100),#10104);
#10100 = LINE('',#10101,#10102);
#10101 = CARTESIAN_POINT('',(8.6135,-47.3535));
#10102 = VECTOR('',#10103,1.);
#10103 = DIRECTION('',(0.,-1.));
#10104 = ( GEOMETRIC_REPRESENTATION_CONTEXT(2) 
PARAMETRIC_REPRESENTATION_CONTEXT() REPRESENTATION_CONTEXT('2D SPACE',''
  ) );
#10105 = ADVANCED_FACE('',(#10106),#7474,.F.);
#10106 = FACE_BOUND('',#10107,.F.);
#10107 = EDGE_LOOP('',(#10108,#10109,#10137,#10158));
#10108 = ORIENTED_EDGE('',*,*,#7458,.T.);
#10109 = ORIENTED_EDGE('',*,*,#10110,.T.);
#10110 = EDGE_CURVE('',#7431,#10111,#10113,.T.);
#10111 = VERTEX_POINT('',#10112);
#10112 = CARTESIAN_POINT('',(15.5355,-63.,4.45));
#10113 = SURFACE_CURVE('',#10114,(#10118,#10125),.PCURVE_S1.);
#10114 = LINE('',#10115,#10116);
#10115 = CARTESIAN_POINT('',(15.5355,44.2705,4.45));
#10116 = VECTOR('',#10117,1.);
#10117 = DIRECTION('',(0.,-1.,0.));
#10118 = PCURVE('',#7474,#10119);
#10119 = DEFINITIONAL_REPRESENTATION('',(#10120),#10124);
#10120 = LINE('',#10121,#10122);
#10121 = CARTESIAN_POINT('',(15.5355,103.2705));
#10122 = VECTOR('',#10123,1.);
#10123 = DIRECTION('',(0.,-1.));
#10124 = ( GEOMETRIC_REPRESENTATION_CONTEXT(2) 
PARAMETRIC_REPRESENTATION_CONTEXT() REPRESENTATION_CONTEXT('2D SPACE',''
  ) );
#10125 = PCURVE('',#10126,#10131);
#10126 = PLANE('',#10127);
#10127 = AXIS2_PLACEMENT_3D('',#10128,#10129,#10130);
#10128 = CARTESIAN_POINT('',(0.,-59.,4.45));
#10129 = DIRECTION('',(0.,0.,1.));
#10130 = DIRECTION('',(1.,0.,-0.));
#10131 = DEFINITIONAL_REPRESENTATION('',(#10132),#10136);
#10132 = LINE('',#10133,#10134);
#10133 = CARTESIAN_POINT('',(15.5355,103.2705));
#10134 = VECTOR('',#10135,1.);
#10135 = DIRECTION('',(0.,-1.));
#10136 = ( GEOMETRIC_REPRESENTATION_CONTEXT(2) 
PARAMETRIC_REPRESENTATION_CONTEXT() REPRESENTATION_CONTEXT('2D SPACE',''
  ) );
#10137 = ORIENTED_EDGE('',*,*,#10138,.T.);
#10138 = EDGE_CURVE('',#10111,#7487,#10139,.T.);
#10139 = SURFACE_CURVE('',#10140,(#10144,#10151),.PCURVE_S1.);
#10140 = LINE('',#10141,#10142);
#10141 = CARTESIAN_POINT('',(-60.75,-63.,4.45));
#10142 = VECTOR('',#10143,1.);
#10143 = DIRECTION('',(1.,0.,0.));
#10144 = PCURVE('',#7474,#10145);
#10145 = DEFINITIONAL_REPRESENTATION('',(#10146),#10150);
#10146 = LINE('',#10147,#10148);
#10147 = CARTESIAN_POINT('',(-60.75,-4.));
#10148 = VECTOR('',#10149,1.);
#10149 = DIRECTION('',(1.,0.));
#10150 = ( GEOMETRIC_REPRESENTATION_CONTEXT(2) 
PARAMETRIC_REPRESENTATION_CONTEXT() REPRESENTATION_CONTEXT('2D SPACE',''
  ) );
#10151 = PCURVE('',#9960,#10152);
#10152 = DEFINITIONAL_REPRESENTATION('',(#10153),#10157);
#10153 = LINE('',#10154,#10155);
#10154 = CARTESIAN_POINT('',(-87.2855,-49.));
#10155 = VECTOR('',#10156,1.);
#10156 = DIRECTION('',(1.,0.));
#10157 = ( GEOMETRIC_REPRESENTATION_CONTEXT(2) 
PARAMETRIC_REPRESENTATION_CONTEXT() REPRESENTATION_CONTEXT('2D SPACE',''
  ) );
#10158 = ORIENTED_EDGE('',*,*,#7486,.T.);
#10159 = ADVANCED_FACE('',(#10160),#7446,.F.);
#10160 = FACE_BOUND('',#10161,.F.);
#10161 = EDGE_LOOP('',(#10162,#10163,#10184,#10185));
#10162 = ORIENTED_EDGE('',*,*,#7430,.F.);
#10163 = ORIENTED_EDGE('',*,*,#10164,.T.);
#10164 = EDGE_CURVE('',#7408,#8149,#10165,.T.);
#10165 = SURFACE_CURVE('',#10166,(#10170,#10177),.PCURVE_S1.);
#10166 = LINE('',#10167,#10168);
#10167 = CARTESIAN_POINT('',(60.75,-55.,4.45));
#10168 = VECTOR('',#10169,1.);
#10169 = DIRECTION('',(-1.,0.,0.));
#10170 = PCURVE('',#7446,#10171);
#10171 = DEFINITIONAL_REPRESENTATION('',(#10172),#10176);
#10172 = LINE('',#10173,#10174);
#10173 = CARTESIAN_POINT('',(60.75,4.));
#10174 = VECTOR('',#10175,1.);
#10175 = DIRECTION('',(-1.,0.));
#10176 = ( GEOMETRIC_REPRESENTATION_CONTEXT(2) 
PARAMETRIC_REPRESENTATION_CONTEXT() REPRESENTATION_CONTEXT('2D SPACE',''
  ) );
#10177 = PCURVE('',#9765,#10178);
#10178 = DEFINITIONAL_REPRESENTATION('',(#10179),#10183);
#10179 = LINE('',#10180,#10181);
#10180 = CARTESIAN_POINT('',(34.2145,-35.26025));
#10181 = VECTOR('',#10182,1.);
#10182 = DIRECTION('',(-1.,0.));
#10183 = ( GEOMETRIC_REPRESENTATION_CONTEXT(2) 
PARAMETRIC_REPRESENTATION_CONTEXT() REPRESENTATION_CONTEXT('2D SPACE',''
  ) );
#10184 = ORIENTED_EDGE('',*,*,#8148,.T.);
#10185 = ORIENTED_EDGE('',*,*,#10186,.F.);
#10186 = EDGE_CURVE('',#7431,#8151,#10187,.T.);
#10187 = SURFACE_CURVE('',#10188,(#10192,#10199),.PCURVE_S1.);
#10188 = LINE('',#10189,#10190);
#10189 = CARTESIAN_POINT('',(17.438,-61.3535,4.45));
#10190 = VECTOR('',#10191,1.);
#10191 = DIRECTION('',(-1.,0.,0.));
#10192 = PCURVE('',#7446,#10193);
#10193 = DEFINITIONAL_REPRESENTATION('',(#10194),#10198);
#10194 = LINE('',#10195,#10196);
#10195 = CARTESIAN_POINT('',(17.438,-2.3535));
#10196 = VECTOR('',#10197,1.);
#10197 = DIRECTION('',(-1.,0.));
#10198 = ( GEOMETRIC_REPRESENTATION_CONTEXT(2) 
PARAMETRIC_REPRESENTATION_CONTEXT() REPRESENTATION_CONTEXT('2D SPACE',''
  ) );
#10199 = PCURVE('',#10126,#10200);
#10200 = DEFINITIONAL_REPRESENTATION('',(#10201),#10205);
#10201 = LINE('',#10202,#10203);
#10202 = CARTESIAN_POINT('',(17.438,-2.3535));
#10203 = VECTOR('',#10204,1.);
#10204 = DIRECTION('',(-1.,0.));
#10205 = ( GEOMETRIC_REPRESENTATION_CONTEXT(2) 
PARAMETRIC_REPRESENTATION_CONTEXT() REPRESENTATION_CONTEXT('2D SPACE',''
  ) );
#10206 = ADVANCED_FACE('',(#10207),#7579,.T.);
#10207 = FACE_BOUND('',#10208,.T.);
#10208 = EDGE_LOOP('',(#10209,#10239,#10265,#10266));
#10209 = ORIENTED_EDGE('',*,*,#10210,.F.);
#10210 = EDGE_CURVE('',#10211,#10213,#10215,.T.);
#10211 = VERTEX_POINT('',#10212);
#10212 = CARTESIAN_POINT('',(39.5355,-71.3535,5.05));
#10213 = VERTEX_POINT('',#10214);
#10214 = CARTESIAN_POINT('',(39.5355,-66.47284299309,5.05));
#10215 = SURFACE_CURVE('',#10216,(#10220,#10227),.PCURVE_S1.);
#10216 = LINE('',#10217,#10218);
#10217 = CARTESIAN_POINT('',(39.5355,-78.75,5.05));
#10218 = VECTOR('',#10219,1.);
#10219 = DIRECTION('',(0.,1.,0.));
#10220 = PCURVE('',#7579,#10221);
#10221 = DEFINITIONAL_REPRESENTATION('',(#10222),#10226);
#10222 = LINE('',#10223,#10224);
#10223 = CARTESIAN_POINT('',(-0.6135,-12.3965));
#10224 = VECTOR('',#10225,1.);
#10225 = DIRECTION('',(0.,1.));
#10226 = ( GEOMETRIC_REPRESENTATION_CONTEXT(2) 
PARAMETRIC_REPRESENTATION_CONTEXT() REPRESENTATION_CONTEXT('2D SPACE',''
  ) );
#10227 = PCURVE('',#10228,#10233);
#10228 = PLANE('',#10229);
#10229 = AXIS2_PLACEMENT_3D('',#10230,#10231,#10232);
#10230 = CARTESIAN_POINT('',(39.5355,-78.75,5.05));
#10231 = DIRECTION('',(-1.,0.,0.));
#10232 = DIRECTION('',(0.,1.,0.));
#10233 = DEFINITIONAL_REPRESENTATION('',(#10234),#10238);
#10234 = LINE('',#10235,#10236);
#10235 = CARTESIAN_POINT('',(0.,0.));
#10236 = VECTOR('',#10237,1.);
#10237 = DIRECTION('',(1.,0.));
#10238 = ( GEOMETRIC_REPRESENTATION_CONTEXT(2) 
PARAMETRIC_REPRESENTATION_CONTEXT() REPRESENTATION_CONTEXT('2D SPACE',''
  ) );
#10239 = ORIENTED_EDGE('',*,*,#10240,.T.);
#10240 = EDGE_CURVE('',#10211,#7562,#10241,.T.);
#10241 = SURFACE_CURVE('',#10242,(#10246,#10253),.PCURVE_S1.);
#10242 = LINE('',#10243,#10244);
#10243 = CARTESIAN_POINT('',(35.149,-71.3535,5.05));
#10244 = VECTOR('',#10245,1.);
#10245 = DIRECTION('',(1.,0.,0.));
#10246 = PCURVE('',#7579,#10247);
#10247 = DEFINITIONAL_REPRESENTATION('',(#10248),#10252);
#10248 = LINE('',#10249,#10250);
#10249 = CARTESIAN_POINT('',(-5.,-5.));
#10250 = VECTOR('',#10251,1.);
#10251 = DIRECTION('',(1.,0.));
#10252 = ( GEOMETRIC_REPRESENTATION_CONTEXT(2) 
PARAMETRIC_REPRESENTATION_CONTEXT() REPRESENTATION_CONTEXT('2D SPACE',''
  ) );
#10253 = PCURVE('',#10254,#10259);
#10254 = PLANE('',#10255);
#10255 = AXIS2_PLACEMENT_3D('',#10256,#10257,#10258);
#10256 = CARTESIAN_POINT('',(26.5355,-19.73975,5.05));
#10257 = DIRECTION('',(0.,0.,1.));
#10258 = DIRECTION('',(1.,0.,-0.));
#10259 = DEFINITIONAL_REPRESENTATION('',(#10260),#10264);
#10260 = LINE('',#10261,#10262);
#10261 = CARTESIAN_POINT('',(8.6135,-51.61375));
#10262 = VECTOR('',#10263,1.);
#10263 = DIRECTION('',(1.,0.));
#10264 = ( GEOMETRIC_REPRESENTATION_CONTEXT(2) 
PARAMETRIC_REPRESENTATION_CONTEXT() REPRESENTATION_CONTEXT('2D SPACE',''
  ) );
#10265 = ORIENTED_EDGE('',*,*,#7561,.T.);
#10266 = ORIENTED_EDGE('',*,*,#10267,.F.);
#10267 = EDGE_CURVE('',#10213,#7564,#10268,.T.);
#10268 = SURFACE_CURVE('',#10269,(#10274,#10281),.PCURVE_S1.);
#10269 = CIRCLE('',#10270,0.625);
#10270 = AXIS2_PLACEMENT_3D('',#10271,#10272,#10273);
#10271 = CARTESIAN_POINT('',(40.149,-66.3535,5.05));
#10272 = DIRECTION('',(0.,0.,1.));
#10273 = DIRECTION('',(1.,0.,0.));
#10274 = PCURVE('',#7579,#10275);
#10275 = DEFINITIONAL_REPRESENTATION('',(#10276),#10280);
#10276 = CIRCLE('',#10277,0.625);
#10277 = AXIS2_PLACEMENT_2D('',#10278,#10279);
#10278 = CARTESIAN_POINT('',(1.42108547152E-14,0.));
#10279 = DIRECTION('',(1.,0.));
#10280 = ( GEOMETRIC_REPRESENTATION_CONTEXT(2) 
PARAMETRIC_REPRESENTATION_CONTEXT() REPRESENTATION_CONTEXT('2D SPACE',''
  ) );
#10281 = PCURVE('',#7659,#10282);
#10282 = DEFINITIONAL_REPRESENTATION('',(#10283),#10287);
#10283 = LINE('',#10284,#10285);
#10284 = CARTESIAN_POINT('',(-0.,0.));
#10285 = VECTOR('',#10286,1.);
#10286 = DIRECTION('',(-1.,0.));
#10287 = ( GEOMETRIC_REPRESENTATION_CONTEXT(2) 
PARAMETRIC_REPRESENTATION_CONTEXT() REPRESENTATION_CONTEXT('2D SPACE',''
  ) );
#10288 = ADVANCED_FACE('',(#10289),#7659,.T.);
#10289 = FACE_BOUND('',#10290,.F.);
#10290 = EDGE_LOOP('',(#10291,#10314,#10315,#10316,#10337,#10363,#10364,
    #10386,#10387,#10388));
#10291 = ORIENTED_EDGE('',*,*,#10292,.F.);
#10292 = EDGE_CURVE('',#7643,#10293,#10295,.T.);
#10293 = VERTEX_POINT('',#10294);
#10294 = CARTESIAN_POINT('',(40.774,-66.3535,33.05));
#10295 = SEAM_CURVE('',#10296,(#10300,#10307),.PCURVE_S1.);
#10296 = LINE('',#10297,#10298);
#10297 = CARTESIAN_POINT('',(40.774,-66.3535,5.05));
#10298 = VECTOR('',#10299,1.);
#10299 = DIRECTION('',(0.,0.,1.));
#10300 = PCURVE('',#7659,#10301);
#10301 = DEFINITIONAL_REPRESENTATION('',(#10302),#10306);
#10302 = LINE('',#10303,#10304);
#10303 = CARTESIAN_POINT('',(-6.28318530718,0.));
#10304 = VECTOR('',#10305,1.);
#10305 = DIRECTION('',(-0.,-1.));
#10306 = ( GEOMETRIC_REPRESENTATION_CONTEXT(2) 
PARAMETRIC_REPRESENTATION_CONTEXT() REPRESENTATION_CONTEXT('2D SPACE',''
  ) );
#10307 = PCURVE('',#7659,#10308);
#10308 = DEFINITIONAL_REPRESENTATION('',(#10309),#10313);
#10309 = LINE('',#10310,#10311);
#10310 = CARTESIAN_POINT('',(-0.,0.));
#10311 = VECTOR('',#10312,1.);
#10312 = DIRECTION('',(-0.,-1.));
#10313 = ( GEOMETRIC_REPRESENTATION_CONTEXT(2) 
PARAMETRIC_REPRESENTATION_CONTEXT() REPRESENTATION_CONTEXT('2D SPACE',''
  ) );
#10314 = ORIENTED_EDGE('',*,*,#7671,.F.);
#10315 = ORIENTED_EDGE('',*,*,#10267,.F.);
#10316 = ORIENTED_EDGE('',*,*,#10317,.F.);
#10317 = EDGE_CURVE('',#10318,#10213,#10320,.T.);
#10318 = VERTEX_POINT('',#10319);
#10319 = CARTESIAN_POINT('',(39.5355,-66.47284299309,9.05));
#10320 = SURFACE_CURVE('',#10321,(#10325,#10331),.PCURVE_S1.);
#10321 = LINE('',#10322,#10323);
#10322 = CARTESIAN_POINT('',(39.5355,-66.47284299309,5.05));
#10323 = VECTOR('',#10324,1.);
#10324 = DIRECTION('',(-0.,-0.,-1.));
#10325 = PCURVE('',#7659,#10326);
#10326 = DEFINITIONAL_REPRESENTATION('',(#10327),#10330);
#10327 = B_SPLINE_CURVE_WITH_KNOTS('',1,(#10328,#10329),.UNSPECIFIED.,
  .F.,.F.,(2,2),(-4.4,5.999999999062E-07),.PIECEWISE_BEZIER_KNOTS.);
#10328 = CARTESIAN_POINT('',(-3.333721283324,-4.4));
#10329 = CARTESIAN_POINT('',(-3.333721283324,5.999999999062E-07));
#10330 = ( GEOMETRIC_REPRESENTATION_CONTEXT(2) 
PARAMETRIC_REPRESENTATION_CONTEXT() REPRESENTATION_CONTEXT('2D SPACE',''
  ) );
#10331 = PCURVE('',#10228,#10332);
#10332 = DEFINITIONAL_REPRESENTATION('',(#10333),#10336);
#10333 = B_SPLINE_CURVE_WITH_KNOTS('',1,(#10334,#10335),.UNSPECIFIED.,
  .F.,.F.,(2,2),(-4.4,5.999999999062E-07),.PIECEWISE_BEZIER_KNOTS.);
#10334 = CARTESIAN_POINT('',(12.277157006909,-4.4));
#10335 = CARTESIAN_POINT('',(12.277157006909,5.999999999062E-07));
#10336 = ( GEOMETRIC_REPRESENTATION_CONTEXT(2) 
PARAMETRIC_REPRESENTATION_CONTEXT() REPRESENTATION_CONTEXT('2D SPACE',''
  ) );
#10337 = ORIENTED_EDGE('',*,*,#10338,.T.);
#10338 = EDGE_CURVE('',#10318,#9550,#10339,.T.);
#10339 = SURFACE_CURVE('',#10340,(#10345,#10352),.PCURVE_S1.);
#10340 = CIRCLE('',#10341,0.625);
#10341 = AXIS2_PLACEMENT_3D('',#10342,#10343,#10344);
#10342 = CARTESIAN_POINT('',(40.149,-66.3535,9.05));
#10343 = DIRECTION('',(0.,0.,-1.));
#10344 = DIRECTION('',(1.,0.,0.));
#10345 = PCURVE('',#7659,#10346);
#10346 = DEFINITIONAL_REPRESENTATION('',(#10347),#10351);
#10347 = LINE('',#10348,#10349);
#10348 = CARTESIAN_POINT('',(-6.28318530718,-4.));
#10349 = VECTOR('',#10350,1.);
#10350 = DIRECTION('',(1.,-0.));
#10351 = ( GEOMETRIC_REPRESENTATION_CONTEXT(2) 
PARAMETRIC_REPRESENTATION_CONTEXT() REPRESENTATION_CONTEXT('2D SPACE',''
  ) );
#10352 = PCURVE('',#9588,#10353);
#10353 = DEFINITIONAL_REPRESENTATION('',(#10354),#10362);
#10354 = ( BOUNDED_CURVE() B_SPLINE_CURVE(2,(#10355,#10356,#10357,#10358
    ,#10359,#10360,#10361),.UNSPECIFIED.,.T.,.F.) 
B_SPLINE_CURVE_WITH_KNOTS((1,2,2,2,2,1),(-2.094395102393,0.,
    2.094395102393,4.188790204786,6.28318530718,8.377580409573),
.UNSPECIFIED.) CURVE() GEOMETRIC_REPRESENTATION_ITEM() 
RATIONAL_B_SPLINE_CURVE((1.,0.5,1.,0.5,1.,0.5,1.)) REPRESENTATION_ITEM(
  '') );
#10355 = CARTESIAN_POINT('',(2.4385,-46.61375));
#10356 = CARTESIAN_POINT('',(2.4385,-47.69628175473));
#10357 = CARTESIAN_POINT('',(1.501,-47.15501587736));
#10358 = CARTESIAN_POINT('',(0.5635,-46.61375));
#10359 = CARTESIAN_POINT('',(1.501,-46.07248412263));
#10360 = CARTESIAN_POINT('',(2.4385,-45.53121824526));
#10361 = CARTESIAN_POINT('',(2.4385,-46.61375));
#10362 = ( GEOMETRIC_REPRESENTATION_CONTEXT(2) 
PARAMETRIC_REPRESENTATION_CONTEXT() REPRESENTATION_CONTEXT('2D SPACE',''
  ) );
#10363 = ORIENTED_EDGE('',*,*,#9549,.T.);
#10364 = ORIENTED_EDGE('',*,*,#10365,.F.);
#10365 = EDGE_CURVE('',#7615,#9552,#10366,.T.);
#10366 = SURFACE_CURVE('',#10367,(#10372,#10379),.PCURVE_S1.);
#10367 = CIRCLE('',#10368,0.625);
#10368 = AXIS2_PLACEMENT_3D('',#10369,#10370,#10371);
#10369 = CARTESIAN_POINT('',(40.149,-66.3535,5.05));
#10370 = DIRECTION('',(0.,0.,1.));
#10371 = DIRECTION('',(1.,0.,0.));
#10372 = PCURVE('',#7659,#10373);
#10373 = DEFINITIONAL_REPRESENTATION('',(#10374),#10378);
#10374 = LINE('',#10375,#10376);
#10375 = CARTESIAN_POINT('',(-0.,0.));
#10376 = VECTOR('',#10377,1.);
#10377 = DIRECTION('',(-1.,0.));
#10378 = ( GEOMETRIC_REPRESENTATION_CONTEXT(2) 
PARAMETRIC_REPRESENTATION_CONTEXT() REPRESENTATION_CONTEXT('2D SPACE',''
  ) );
#10379 = PCURVE('',#7630,#10380);
#10380 = DEFINITIONAL_REPRESENTATION('',(#10381),#10385);
#10381 = CIRCLE('',#10382,0.625);
#10382 = AXIS2_PLACEMENT_2D('',#10383,#10384);
#10383 = CARTESIAN_POINT('',(1.42108547152E-14,0.));
#10384 = DIRECTION('',(1.,0.));
#10385 = ( GEOMETRIC_REPRESENTATION_CONTEXT(2) 
PARAMETRIC_REPRESENTATION_CONTEXT() REPRESENTATION_CONTEXT('2D SPACE',''
  ) );
#10386 = ORIENTED_EDGE('',*,*,#7642,.F.);
#10387 = ORIENTED_EDGE('',*,*,#10292,.T.);
#10388 = ORIENTED_EDGE('',*,*,#10389,.T.);
#10389 = EDGE_CURVE('',#10293,#10293,#10390,.T.);
#10390 = SURFACE_CURVE('',#10391,(#10396,#10403),.PCURVE_S1.);
#10391 = CIRCLE('',#10392,0.625);
#10392 = AXIS2_PLACEMENT_3D('',#10393,#10394,#10395);
#10393 = CARTESIAN_POINT('',(40.149,-66.3535,33.05));
#10394 = DIRECTION('',(0.,0.,1.));
#10395 = DIRECTION('',(1.,0.,0.));
#10396 = PCURVE('',#7659,#10397);
#10397 = DEFINITIONAL_REPRESENTATION('',(#10398),#10402);
#10398 = LINE('',#10399,#10400);
#10399 = CARTESIAN_POINT('',(-0.,-28.));
#10400 = VECTOR('',#10401,1.);
#10401 = DIRECTION('',(-1.,0.));
#10402 = ( GEOMETRIC_REPRESENTATION_CONTEXT(2) 
PARAMETRIC_REPRESENTATION_CONTEXT() REPRESENTATION_CONTEXT('2D SPACE',''
  ) );
#10403 = PCURVE('',#10404,#10409);
#10404 = PLANE('',#10405);
#10405 = AXIS2_PLACEMENT_3D('',#10406,#10407,#10408);
#10406 = CARTESIAN_POINT('',(40.149,-66.3535,33.05));
#10407 = DIRECTION('',(0.,0.,1.));
#10408 = DIRECTION('',(1.,0.,-0.));
#10409 = DEFINITIONAL_REPRESENTATION('',(#10410),#10414);
#10410 = CIRCLE('',#10411,0.625);
#10411 = AXIS2_PLACEMENT_2D('',#10412,#10413);
#10412 = CARTESIAN_POINT('',(0.,0.));
#10413 = DIRECTION('',(1.,0.));
#10414 = ( GEOMETRIC_REPRESENTATION_CONTEXT(2) 
PARAMETRIC_REPRESENTATION_CONTEXT() REPRESENTATION_CONTEXT('2D SPACE',''
  ) );
#10415 = ADVANCED_FACE('',(#10416),#7630,.T.);
#10416 = FACE_BOUND('',#10417,.T.);
#10417 = EDGE_LOOP('',(#10418,#10419,#10420,#10421));
#10418 = ORIENTED_EDGE('',*,*,#9831,.F.);
#10419 = ORIENTED_EDGE('',*,*,#9676,.F.);
#10420 = ORIENTED_EDGE('',*,*,#10365,.F.);
#10421 = ORIENTED_EDGE('',*,*,#7614,.T.);
#10422 = ADVANCED_FACE('',(#10423),#7710,.F.);
#10423 = FACE_BOUND('',#10424,.F.);
#10424 = EDGE_LOOP('',(#10425,#10448,#10476,#10497));
#10425 = ORIENTED_EDGE('',*,*,#10426,.F.);
#10426 = EDGE_CURVE('',#10427,#7276,#10429,.T.);
#10427 = VERTEX_POINT('',#10428);
#10428 = CARTESIAN_POINT('',(40.5355,-78.75,4.45));
#10429 = SURFACE_CURVE('',#10430,(#10434,#10441),.PCURVE_S1.);
#10430 = LINE('',#10431,#10432);
#10431 = CARTESIAN_POINT('',(40.5355,-78.75,4.45));
#10432 = VECTOR('',#10433,1.);
#10433 = DIRECTION('',(0.,1.,0.));
#10434 = PCURVE('',#7710,#10435);
#10435 = DEFINITIONAL_REPRESENTATION('',(#10436),#10440);
#10436 = LINE('',#10437,#10438);
#10437 = CARTESIAN_POINT('',(0.,0.));
#10438 = VECTOR('',#10439,1.);
#10439 = DIRECTION('',(1.,0.));
#10440 = ( GEOMETRIC_REPRESENTATION_CONTEXT(2) 
PARAMETRIC_REPRESENTATION_CONTEXT() REPRESENTATION_CONTEXT('2D SPACE',''
  ) );
#10441 = PCURVE('',#9899,#10442);
#10442 = DEFINITIONAL_REPRESENTATION('',(#10443),#10447);
#10443 = LINE('',#10444,#10445);
#10444 = CARTESIAN_POINT('',(14.,-59.01025));
#10445 = VECTOR('',#10446,1.);
#10446 = DIRECTION('',(0.,1.));
#10447 = ( GEOMETRIC_REPRESENTATION_CONTEXT(2) 
PARAMETRIC_REPRESENTATION_CONTEXT() REPRESENTATION_CONTEXT('2D SPACE',''
  ) );
#10448 = ORIENTED_EDGE('',*,*,#10449,.T.);
#10449 = EDGE_CURVE('',#10427,#10450,#10452,.T.);
#10450 = VERTEX_POINT('',#10451);
#10451 = CARTESIAN_POINT('',(40.5355,-78.75,5.05));
#10452 = SURFACE_CURVE('',#10453,(#10457,#10464),.PCURVE_S1.);
#10453 = LINE('',#10454,#10455);
#10454 = CARTESIAN_POINT('',(40.5355,-78.75,4.45));
#10455 = VECTOR('',#10456,1.);
#10456 = DIRECTION('',(0.,0.,1.));
#10457 = PCURVE('',#7710,#10458);
#10458 = DEFINITIONAL_REPRESENTATION('',(#10459),#10463);
#10459 = LINE('',#10460,#10461);
#10460 = CARTESIAN_POINT('',(0.,0.));
#10461 = VECTOR('',#10462,1.);
#10462 = DIRECTION('',(0.,-1.));
#10463 = ( GEOMETRIC_REPRESENTATION_CONTEXT(2) 
PARAMETRIC_REPRESENTATION_CONTEXT() REPRESENTATION_CONTEXT('2D SPACE',''
  ) );
#10464 = PCURVE('',#10465,#10470);
#10465 = PLANE('',#10466);
#10466 = AXIS2_PLACEMENT_3D('',#10467,#10468,#10469);
#10467 = CARTESIAN_POINT('',(12.5355,-78.75,4.45));
#10468 = DIRECTION('',(0.,1.,0.));
#10469 = DIRECTION('',(1.,0.,0.));
#10470 = DEFINITIONAL_REPRESENTATION('',(#10471),#10475);
#10471 = LINE('',#10472,#10473);
#10472 = CARTESIAN_POINT('',(28.,0.));
#10473 = VECTOR('',#10474,1.);
#10474 = DIRECTION('',(0.,-1.));
#10475 = ( GEOMETRIC_REPRESENTATION_CONTEXT(2) 
PARAMETRIC_REPRESENTATION_CONTEXT() REPRESENTATION_CONTEXT('2D SPACE',''
  ) );
#10476 = ORIENTED_EDGE('',*,*,#10477,.T.);
#10477 = EDGE_CURVE('',#10450,#7562,#10478,.T.);
#10478 = SURFACE_CURVE('',#10479,(#10483,#10490),.PCURVE_S1.);
#10479 = LINE('',#10480,#10481);
#10480 = CARTESIAN_POINT('',(40.5355,-78.75,5.05));
#10481 = VECTOR('',#10482,1.);
#10482 = DIRECTION('',(0.,1.,0.));
#10483 = PCURVE('',#7710,#10484);
#10484 = DEFINITIONAL_REPRESENTATION('',(#10485),#10489);
#10485 = LINE('',#10486,#10487);
#10486 = CARTESIAN_POINT('',(0.,-0.6));
#10487 = VECTOR('',#10488,1.);
#10488 = DIRECTION('',(1.,0.));
#10489 = ( GEOMETRIC_REPRESENTATION_CONTEXT(2) 
PARAMETRIC_REPRESENTATION_CONTEXT() REPRESENTATION_CONTEXT('2D SPACE',''
  ) );
#10490 = PCURVE('',#10254,#10491);
#10491 = DEFINITIONAL_REPRESENTATION('',(#10492),#10496);
#10492 = LINE('',#10493,#10494);
#10493 = CARTESIAN_POINT('',(14.,-59.01025));
#10494 = VECTOR('',#10495,1.);
#10495 = DIRECTION('',(0.,1.));
#10496 = ( GEOMETRIC_REPRESENTATION_CONTEXT(2) 
PARAMETRIC_REPRESENTATION_CONTEXT() REPRESENTATION_CONTEXT('2D SPACE',''
  ) );
#10497 = ORIENTED_EDGE('',*,*,#7697,.F.);
#10498 = ADVANCED_FACE('',(#10499),#7980,.F.);
#10499 = FACE_BOUND('',#10500,.F.);
#10500 = EDGE_LOOP('',(#10501,#10502,#10503,#10504));
#10501 = ORIENTED_EDGE('',*,*,#7966,.F.);
#10502 = ORIENTED_EDGE('',*,*,#8020,.T.);
#10503 = ORIENTED_EDGE('',*,*,#8047,.T.);
#10504 = ORIENTED_EDGE('',*,*,#10505,.F.);
#10505 = EDGE_CURVE('',#6155,#8048,#10506,.T.);
#10506 = SURFACE_CURVE('',#10507,(#10511,#10517),.PCURVE_S1.);
#10507 = LINE('',#10508,#10509);
#10508 = CARTESIAN_POINT('',(-9.25,-63.,4.45));
#10509 = VECTOR('',#10510,1.);
#10510 = DIRECTION('',(0.,-0.,1.));
#10511 = PCURVE('',#7980,#10512);
#10512 = DEFINITIONAL_REPRESENTATION('',(#10513),#10516);
#10513 = B_SPLINE_CURVE_WITH_KNOTS('',1,(#10514,#10515),.UNSPECIFIED.,
  .F.,.F.,(2,2),(0.,0.6),.PIECEWISE_BEZIER_KNOTS.);
#10514 = CARTESIAN_POINT('',(0.9,0.));
#10515 = CARTESIAN_POINT('',(0.9,-0.6));
#10516 = ( GEOMETRIC_REPRESENTATION_CONTEXT(2) 
PARAMETRIC_REPRESENTATION_CONTEXT() REPRESENTATION_CONTEXT('2D SPACE',''
  ) );
#10517 = PCURVE('',#8216,#10518);
#10518 = DEFINITIONAL_REPRESENTATION('',(#10519),#10522);
#10519 = B_SPLINE_CURVE_WITH_KNOTS('',1,(#10520,#10521),.UNSPECIFIED.,
  .F.,.F.,(2,2),(0.,0.6),.PIECEWISE_BEZIER_KNOTS.);
#10520 = CARTESIAN_POINT('',(51.5,0.));
#10521 = CARTESIAN_POINT('',(51.5,-0.6));
#10522 = ( GEOMETRIC_REPRESENTATION_CONTEXT(2) 
PARAMETRIC_REPRESENTATION_CONTEXT() REPRESENTATION_CONTEXT('2D SPACE',''
  ) );
#10523 = ADVANCED_FACE('',(#10524),#8110,.T.);
#10524 = FACE_BOUND('',#10525,.T.);
#10525 = EDGE_LOOP('',(#10526,#10556,#10577,#10578,#10601,#10629));
#10526 = ORIENTED_EDGE('',*,*,#10527,.F.);
#10527 = EDGE_CURVE('',#10528,#10530,#10532,.T.);
#10528 = VERTEX_POINT('',#10529);
#10529 = CARTESIAN_POINT('',(12.5355,-55.,5.05));
#10530 = VERTEX_POINT('',#10531);
#10531 = CARTESIAN_POINT('',(12.5355,-61.3535,5.05));
#10532 = SURFACE_CURVE('',#10533,(#10537,#10544),.PCURVE_S1.);
#10533 = LINE('',#10534,#10535);
#10534 = CARTESIAN_POINT('',(12.5355,39.2705,5.05));
#10535 = VECTOR('',#10536,1.);
#10536 = DIRECTION('',(0.,-1.,0.));
#10537 = PCURVE('',#8110,#10538);
#10538 = DEFINITIONAL_REPRESENTATION('',(#10539),#10543);
#10539 = LINE('',#10540,#10541);
#10540 = CARTESIAN_POINT('',(12.5355,98.2705));
#10541 = VECTOR('',#10542,1.);
#10542 = DIRECTION('',(0.,-1.));
#10543 = ( GEOMETRIC_REPRESENTATION_CONTEXT(2) 
PARAMETRIC_REPRESENTATION_CONTEXT() REPRESENTATION_CONTEXT('2D SPACE',''
  ) );
#10544 = PCURVE('',#10545,#10550);
#10545 = PLANE('',#10546);
#10546 = AXIS2_PLACEMENT_3D('',#10547,#10548,#10549);
#10547 = CARTESIAN_POINT('',(0.,-59.,5.05));
#10548 = DIRECTION('',(0.,0.,1.));
#10549 = DIRECTION('',(1.,0.,-0.));
#10550 = DEFINITIONAL_REPRESENTATION('',(#10551),#10555);
#10551 = LINE('',#10552,#10553);
#10552 = CARTESIAN_POINT('',(12.5355,98.2705));
#10553 = VECTOR('',#10554,1.);
#10554 = DIRECTION('',(0.,-1.));
#10555 = ( GEOMETRIC_REPRESENTATION_CONTEXT(2) 
PARAMETRIC_REPRESENTATION_CONTEXT() REPRESENTATION_CONTEXT('2D SPACE',''
  ) );
#10556 = ORIENTED_EDGE('',*,*,#10557,.T.);
#10557 = EDGE_CURVE('',#10528,#8095,#10558,.T.);
#10558 = SURFACE_CURVE('',#10559,(#10563,#10570),.PCURVE_S1.);
#10559 = LINE('',#10560,#10561);
#10560 = CARTESIAN_POINT('',(60.75,-55.,5.05));
#10561 = VECTOR('',#10562,1.);
#10562 = DIRECTION('',(-1.,0.,0.));
#10563 = PCURVE('',#8110,#10564);
#10564 = DEFINITIONAL_REPRESENTATION('',(#10565),#10569);
#10565 = LINE('',#10566,#10567);
#10566 = CARTESIAN_POINT('',(60.75,4.));
#10567 = VECTOR('',#10568,1.);
#10568 = DIRECTION('',(-1.,0.));
#10569 = ( GEOMETRIC_REPRESENTATION_CONTEXT(2) 
PARAMETRIC_REPRESENTATION_CONTEXT() REPRESENTATION_CONTEXT('2D SPACE',''
  ) );
#10570 = PCURVE('',#8187,#10571);
#10571 = DEFINITIONAL_REPRESENTATION('',(#10572),#10576);
#10572 = LINE('',#10573,#10574);
#10573 = CARTESIAN_POINT('',(0.,-0.6));
#10574 = VECTOR('',#10575,1.);
#10575 = DIRECTION('',(1.,0.));
#10576 = ( GEOMETRIC_REPRESENTATION_CONTEXT(2) 
PARAMETRIC_REPRESENTATION_CONTEXT() REPRESENTATION_CONTEXT('2D SPACE',''
  ) );
#10577 = ORIENTED_EDGE('',*,*,#8094,.F.);
#10578 = ORIENTED_EDGE('',*,*,#10579,.T.);
#10579 = EDGE_CURVE('',#8048,#10580,#10582,.T.);
#10580 = VERTEX_POINT('',#10581);
#10581 = CARTESIAN_POINT('',(7.438,-63.,5.05));
#10582 = SURFACE_CURVE('',#10583,(#10587,#10594),.PCURVE_S1.);
#10583 = LINE('',#10584,#10585);
#10584 = CARTESIAN_POINT('',(-60.75,-63.,5.05));
#10585 = VECTOR('',#10586,1.);
#10586 = DIRECTION('',(1.,0.,0.));
#10587 = PCURVE('',#8110,#10588);
#10588 = DEFINITIONAL_REPRESENTATION('',(#10589),#10593);
#10589 = LINE('',#10590,#10591);
#10590 = CARTESIAN_POINT('',(-60.75,-4.));
#10591 = VECTOR('',#10592,1.);
#10592 = DIRECTION('',(1.,0.));
#10593 = ( GEOMETRIC_REPRESENTATION_CONTEXT(2) 
PARAMETRIC_REPRESENTATION_CONTEXT() REPRESENTATION_CONTEXT('2D SPACE',''
  ) );
#10594 = PCURVE('',#8216,#10595);
#10595 = DEFINITIONAL_REPRESENTATION('',(#10596),#10600);
#10596 = LINE('',#10597,#10598);
#10597 = CARTESIAN_POINT('',(0.,-0.6));
#10598 = VECTOR('',#10599,1.);
#10599 = DIRECTION('',(1.,0.));
#10600 = ( GEOMETRIC_REPRESENTATION_CONTEXT(2) 
PARAMETRIC_REPRESENTATION_CONTEXT() REPRESENTATION_CONTEXT('2D SPACE',''
  ) );
#10601 = ORIENTED_EDGE('',*,*,#10602,.F.);
#10602 = EDGE_CURVE('',#10603,#10580,#10605,.T.);
#10603 = VERTEX_POINT('',#10604);
#10604 = CARTESIAN_POINT('',(7.438,-61.3535,5.05));
#10605 = SURFACE_CURVE('',#10606,(#10610,#10617),.PCURVE_S1.);
#10606 = LINE('',#10607,#10608);
#10607 = CARTESIAN_POINT('',(7.438,-61.3535,5.05));
#10608 = VECTOR('',#10609,1.);
#10609 = DIRECTION('',(0.,-1.,0.));
#10610 = PCURVE('',#8110,#10611);
#10611 = DEFINITIONAL_REPRESENTATION('',(#10612),#10616);
#10612 = LINE('',#10613,#10614);
#10613 = CARTESIAN_POINT('',(7.438,-2.3535));
#10614 = VECTOR('',#10615,1.);
#10615 = DIRECTION('',(0.,-1.));
#10616 = ( GEOMETRIC_REPRESENTATION_CONTEXT(2) 
PARAMETRIC_REPRESENTATION_CONTEXT() REPRESENTATION_CONTEXT('2D SPACE',''
  ) );
#10617 = PCURVE('',#10618,#10623);
#10618 = PLANE('',#10619);
#10619 = AXIS2_PLACEMENT_3D('',#10620,#10621,#10622);
#10620 = CARTESIAN_POINT('',(0.,-59.,5.05));
#10621 = DIRECTION('',(0.,0.,1.));
#10622 = DIRECTION('',(1.,0.,-0.));
#10623 = DEFINITIONAL_REPRESENTATION('',(#10624),#10628);
#10624 = LINE('',#10625,#10626);
#10625 = CARTESIAN_POINT('',(7.438,-2.3535));
#10626 = VECTOR('',#10627,1.);
#10627 = DIRECTION('',(0.,-1.));
#10628 = ( GEOMETRIC_REPRESENTATION_CONTEXT(2) 
PARAMETRIC_REPRESENTATION_CONTEXT() REPRESENTATION_CONTEXT('2D SPACE',''
  ) );
#10629 = ORIENTED_EDGE('',*,*,#10630,.F.);
#10630 = EDGE_CURVE('',#10530,#10603,#10631,.T.);
#10631 = SURFACE_CURVE('',#10632,(#10636,#10643),.PCURVE_S1.);
#10632 = LINE('',#10633,#10634);
#10633 = CARTESIAN_POINT('',(17.438,-61.3535,5.05));
#10634 = VECTOR('',#10635,1.);
#10635 = DIRECTION('',(-1.,0.,0.));
#10636 = PCURVE('',#8110,#10637);
#10637 = DEFINITIONAL_REPRESENTATION('',(#10638),#10642);
#10638 = LINE('',#10639,#10640);
#10639 = CARTESIAN_POINT('',(17.438,-2.3535));
#10640 = VECTOR('',#10641,1.);
#10641 = DIRECTION('',(-1.,0.));
#10642 = ( GEOMETRIC_REPRESENTATION_CONTEXT(2) 
PARAMETRIC_REPRESENTATION_CONTEXT() REPRESENTATION_CONTEXT('2D SPACE',''
  ) );
#10643 = PCURVE('',#10618,#10644);
#10644 = DEFINITIONAL_REPRESENTATION('',(#10645),#10649);
#10645 = LINE('',#10646,#10647);
#10646 = CARTESIAN_POINT('',(17.438,-2.3535));
#10647 = VECTOR('',#10648,1.);
#10648 = DIRECTION('',(-1.,0.));
#10649 = ( GEOMETRIC_REPRESENTATION_CONTEXT(2) 
PARAMETRIC_REPRESENTATION_CONTEXT() REPRESENTATION_CONTEXT('2D SPACE',''
  ) );
#10650 = ADVANCED_FACE('',(#10651),#8244,.F.);
#10651 = FACE_BOUND('',#10652,.F.);
#10652 = EDGE_LOOP('',(#10653,#10676,#10677,#10678));
#10653 = ORIENTED_EDGE('',*,*,#10654,.F.);
#10654 = EDGE_CURVE('',#8151,#10655,#10657,.T.);
#10655 = VERTEX_POINT('',#10656);
#10656 = CARTESIAN_POINT('',(12.5355,-63.,4.45));
#10657 = SURFACE_CURVE('',#10658,(#10662,#10669),.PCURVE_S1.);
#10658 = LINE('',#10659,#10660);
#10659 = CARTESIAN_POINT('',(12.5355,39.2705,4.45));
#10660 = VECTOR('',#10661,1.);
#10661 = DIRECTION('',(0.,-1.,0.));
#10662 = PCURVE('',#8244,#10663);
#10663 = DEFINITIONAL_REPRESENTATION('',(#10664),#10668);
#10664 = LINE('',#10665,#10666);
#10665 = CARTESIAN_POINT('',(12.5355,98.2705));
#10666 = VECTOR('',#10667,1.);
#10667 = DIRECTION('',(0.,-1.));
#10668 = ( GEOMETRIC_REPRESENTATION_CONTEXT(2) 
PARAMETRIC_REPRESENTATION_CONTEXT() REPRESENTATION_CONTEXT('2D SPACE',''
  ) );
#10669 = PCURVE('',#10126,#10670);
#10670 = DEFINITIONAL_REPRESENTATION('',(#10671),#10675);
#10671 = LINE('',#10672,#10673);
#10672 = CARTESIAN_POINT('',(12.5355,98.2705));
#10673 = VECTOR('',#10674,1.);
#10674 = DIRECTION('',(0.,-1.));
#10675 = ( GEOMETRIC_REPRESENTATION_CONTEXT(2) 
PARAMETRIC_REPRESENTATION_CONTEXT() REPRESENTATION_CONTEXT('2D SPACE',''
  ) );
#10676 = ORIENTED_EDGE('',*,*,#8256,.T.);
#10677 = ORIENTED_EDGE('',*,*,#8228,.T.);
#10678 = ORIENTED_EDGE('',*,*,#10679,.T.);
#10679 = EDGE_CURVE('',#8201,#10655,#10680,.T.);
#10680 = SURFACE_CURVE('',#10681,(#10685,#10692),.PCURVE_S1.);
#10681 = LINE('',#10682,#10683);
#10682 = CARTESIAN_POINT('',(-60.75,-63.,4.45));
#10683 = VECTOR('',#10684,1.);
#10684 = DIRECTION('',(1.,0.,0.));
#10685 = PCURVE('',#8244,#10686);
#10686 = DEFINITIONAL_REPRESENTATION('',(#10687),#10691);
#10687 = LINE('',#10688,#10689);
#10688 = CARTESIAN_POINT('',(-60.75,-4.));
#10689 = VECTOR('',#10690,1.);
#10690 = DIRECTION('',(1.,0.));
#10691 = ( GEOMETRIC_REPRESENTATION_CONTEXT(2) 
PARAMETRIC_REPRESENTATION_CONTEXT() REPRESENTATION_CONTEXT('2D SPACE',''
  ) );
#10692 = PCURVE('',#10693,#10698);
#10693 = PLANE('',#10694);
#10694 = AXIS2_PLACEMENT_3D('',#10695,#10696,#10697);
#10695 = CARTESIAN_POINT('',(12.438,-66.3535,4.45));
#10696 = DIRECTION('',(0.,0.,1.));
#10697 = DIRECTION('',(1.,0.,-0.));
#10698 = DEFINITIONAL_REPRESENTATION('',(#10699),#10703);
#10699 = LINE('',#10700,#10701);
#10700 = CARTESIAN_POINT('',(-73.188,3.3535));
#10701 = VECTOR('',#10702,1.);
#10702 = DIRECTION('',(1.,0.));
#10703 = ( GEOMETRIC_REPRESENTATION_CONTEXT(2) 
PARAMETRIC_REPRESENTATION_CONTEXT() REPRESENTATION_CONTEXT('2D SPACE',''
  ) );
#10704 = ADVANCED_FACE('',(#10705),#8216,.F.);
#10705 = FACE_BOUND('',#10706,.F.);
#10706 = EDGE_LOOP('',(#10707,#10708,#10709,#10710));
#10707 = ORIENTED_EDGE('',*,*,#8200,.F.);
#10708 = ORIENTED_EDGE('',*,*,#10505,.T.);
#10709 = ORIENTED_EDGE('',*,*,#10579,.T.);
#10710 = ORIENTED_EDGE('',*,*,#10711,.T.);
#10711 = EDGE_CURVE('',#10580,#8201,#10712,.T.);
#10712 = SURFACE_CURVE('',#10713,(#10717,#10723),.PCURVE_S1.);
#10713 = LINE('',#10714,#10715);
#10714 = CARTESIAN_POINT('',(7.438,-63.,4.45));
#10715 = VECTOR('',#10716,1.);
#10716 = DIRECTION('',(-0.,0.,-1.));
#10717 = PCURVE('',#8216,#10718);
#10718 = DEFINITIONAL_REPRESENTATION('',(#10719),#10722);
#10719 = B_SPLINE_CURVE_WITH_KNOTS('',1,(#10720,#10721),.UNSPECIFIED.,
  .F.,.F.,(2,2),(-0.6,0.),.PIECEWISE_BEZIER_KNOTS.);
#10720 = CARTESIAN_POINT('',(68.188,-0.6));
#10721 = CARTESIAN_POINT('',(68.188,0.));
#10722 = ( GEOMETRIC_REPRESENTATION_CONTEXT(2) 
PARAMETRIC_REPRESENTATION_CONTEXT() REPRESENTATION_CONTEXT('2D SPACE',''
  ) );
#10723 = PCURVE('',#10724,#10729);
#10724 = PLANE('',#10725);
#10725 = AXIS2_PLACEMENT_3D('',#10726,#10727,#10728);
#10726 = CARTESIAN_POINT('',(7.438,-61.3535,4.45));
#10727 = DIRECTION('',(1.,0.,-0.));
#10728 = DIRECTION('',(0.,-1.,0.));
#10729 = DEFINITIONAL_REPRESENTATION('',(#10730),#10733);
#10730 = B_SPLINE_CURVE_WITH_KNOTS('',1,(#10731,#10732),.UNSPECIFIED.,
  .F.,.F.,(2,2),(-0.6,0.),.PIECEWISE_BEZIER_KNOTS.);
#10731 = CARTESIAN_POINT('',(1.6465,-0.6));
#10732 = CARTESIAN_POINT('',(1.6465,0.));
#10733 = ( GEOMETRIC_REPRESENTATION_CONTEXT(2) 
PARAMETRIC_REPRESENTATION_CONTEXT() REPRESENTATION_CONTEXT('2D SPACE',''
  ) );
#10734 = ADVANCED_FACE('',(#10735),#8187,.F.);
#10735 = FACE_BOUND('',#10736,.F.);
#10736 = EDGE_LOOP('',(#10737,#10738,#10762,#10763));
#10737 = ORIENTED_EDGE('',*,*,#8173,.F.);
#10738 = ORIENTED_EDGE('',*,*,#10739,.T.);
#10739 = EDGE_CURVE('',#8149,#10528,#10740,.T.);
#10740 = SURFACE_CURVE('',#10741,(#10745,#10751),.PCURVE_S1.);
#10741 = LINE('',#10742,#10743);
#10742 = CARTESIAN_POINT('',(12.5355,-55.,4.45));
#10743 = VECTOR('',#10744,1.);
#10744 = DIRECTION('',(0.,0.,1.));
#10745 = PCURVE('',#8187,#10746);
#10746 = DEFINITIONAL_REPRESENTATION('',(#10747),#10750);
#10747 = B_SPLINE_CURVE_WITH_KNOTS('',1,(#10748,#10749),.UNSPECIFIED.,
  .F.,.F.,(2,2),(0.,0.6),.PIECEWISE_BEZIER_KNOTS.);
#10748 = CARTESIAN_POINT('',(48.2145,0.));
#10749 = CARTESIAN_POINT('',(48.2145,-0.6));
#10750 = ( GEOMETRIC_REPRESENTATION_CONTEXT(2) 
PARAMETRIC_REPRESENTATION_CONTEXT() REPRESENTATION_CONTEXT('2D SPACE',''
  ) );
#10751 = PCURVE('',#10752,#10757);
#10752 = PLANE('',#10753);
#10753 = AXIS2_PLACEMENT_3D('',#10754,#10755,#10756);
#10754 = CARTESIAN_POINT('',(12.5355,39.2705,4.45));
#10755 = DIRECTION('',(1.,0.,-0.));
#10756 = DIRECTION('',(0.,-1.,0.));
#10757 = DEFINITIONAL_REPRESENTATION('',(#10758),#10761);
#10758 = B_SPLINE_CURVE_WITH_KNOTS('',1,(#10759,#10760),.UNSPECIFIED.,
  .F.,.F.,(2,2),(0.,0.6),.PIECEWISE_BEZIER_KNOTS.);
#10759 = CARTESIAN_POINT('',(94.2705,0.));
#10760 = CARTESIAN_POINT('',(94.2705,-0.6));
#10761 = ( GEOMETRIC_REPRESENTATION_CONTEXT(2) 
PARAMETRIC_REPRESENTATION_CONTEXT() REPRESENTATION_CONTEXT('2D SPACE',''
  ) );
#10762 = ORIENTED_EDGE('',*,*,#10557,.T.);
#10763 = ORIENTED_EDGE('',*,*,#10764,.T.);
#10764 = EDGE_CURVE('',#8095,#6157,#10765,.T.);
#10765 = SURFACE_CURVE('',#10766,(#10770,#10776),.PCURVE_S1.);
#10766 = LINE('',#10767,#10768);
#10767 = CARTESIAN_POINT('',(-9.25,-55.,4.45));
#10768 = VECTOR('',#10769,1.);
#10769 = DIRECTION('',(-0.,-0.,-1.));
#10770 = PCURVE('',#8187,#10771);
#10771 = DEFINITIONAL_REPRESENTATION('',(#10772),#10775);
#10772 = B_SPLINE_CURVE_WITH_KNOTS('',1,(#10773,#10774),.UNSPECIFIED.,
  .F.,.F.,(2,2),(-0.6,0.),.PIECEWISE_BEZIER_KNOTS.);
#10773 = CARTESIAN_POINT('',(70.,-0.6));
#10774 = CARTESIAN_POINT('',(70.,0.));
#10775 = ( GEOMETRIC_REPRESENTATION_CONTEXT(2) 
PARAMETRIC_REPRESENTATION_CONTEXT() REPRESENTATION_CONTEXT('2D SPACE',''
  ) );
#10776 = PCURVE('',#8296,#10777);
#10777 = DEFINITIONAL_REPRESENTATION('',(#10778),#10781);
#10778 = B_SPLINE_CURVE_WITH_KNOTS('',1,(#10779,#10780),.UNSPECIFIED.,
  .F.,.F.,(2,2),(-0.6,0.),.PIECEWISE_BEZIER_KNOTS.);
#10779 = CARTESIAN_POINT('',(8.9,-0.6));
#10780 = CARTESIAN_POINT('',(8.9,0.));
#10781 = ( GEOMETRIC_REPRESENTATION_CONTEXT(2) 
PARAMETRIC_REPRESENTATION_CONTEXT() REPRESENTATION_CONTEXT('2D SPACE',''
  ) );
#10782 = ADVANCED_FACE('',(#10783),#8296,.F.);
#10783 = FACE_BOUND('',#10784,.F.);
#10784 = EDGE_LOOP('',(#10785,#10786,#10787,#10788,#10814,#10815,#10841,
    #10842));
#10785 = ORIENTED_EDGE('',*,*,#8282,.F.);
#10786 = ORIENTED_EDGE('',*,*,#10764,.F.);
#10787 = ORIENTED_EDGE('',*,*,#8420,.T.);
#10788 = ORIENTED_EDGE('',*,*,#10789,.T.);
#10789 = EDGE_CURVE('',#8421,#8500,#10790,.T.);
#10790 = SURFACE_CURVE('',#10791,(#10795,#10802),.PCURVE_S1.);
#10791 = LINE('',#10792,#10793);
#10792 = CARTESIAN_POINT('',(-9.25,-63.9,5.05));
#10793 = VECTOR('',#10794,1.);
#10794 = DIRECTION('',(0.,1.,0.));
#10795 = PCURVE('',#8296,#10796);
#10796 = DEFINITIONAL_REPRESENTATION('',(#10797),#10801);
#10797 = LINE('',#10798,#10799);
#10798 = CARTESIAN_POINT('',(0.,-0.6));
#10799 = VECTOR('',#10800,1.);
#10800 = DIRECTION('',(1.,0.));
#10801 = ( GEOMETRIC_REPRESENTATION_CONTEXT(2) 
PARAMETRIC_REPRESENTATION_CONTEXT() REPRESENTATION_CONTEXT('2D SPACE',''
  ) );
#10802 = PCURVE('',#10803,#10808);
#10803 = PLANE('',#10804);
#10804 = AXIS2_PLACEMENT_3D('',#10805,#10806,#10807);
#10805 = CARTESIAN_POINT('',(-8.5,-40.6,5.05));
#10806 = DIRECTION('',(0.,0.,1.));
#10807 = DIRECTION('',(1.,0.,-0.));
#10808 = DEFINITIONAL_REPRESENTATION('',(#10809),#10813);
#10809 = LINE('',#10810,#10811);
#10810 = CARTESIAN_POINT('',(-0.75,-23.3));
#10811 = VECTOR('',#10812,1.);
#10812 = DIRECTION('',(0.,1.));
#10813 = ( GEOMETRIC_REPRESENTATION_CONTEXT(2) 
PARAMETRIC_REPRESENTATION_CONTEXT() REPRESENTATION_CONTEXT('2D SPACE',''
  ) );
#10814 = ORIENTED_EDGE('',*,*,#8527,.T.);
#10815 = ORIENTED_EDGE('',*,*,#10816,.T.);
#10816 = EDGE_CURVE('',#8528,#8607,#10817,.T.);
#10817 = SURFACE_CURVE('',#10818,(#10822,#10829),.PCURVE_S1.);
#10818 = LINE('',#10819,#10820);
#10819 = CARTESIAN_POINT('',(-9.25,-63.9,5.05));
#10820 = VECTOR('',#10821,1.);
#10821 = DIRECTION('',(0.,1.,0.));
#10822 = PCURVE('',#8296,#10823);
#10823 = DEFINITIONAL_REPRESENTATION('',(#10824),#10828);
#10824 = LINE('',#10825,#10826);
#10825 = CARTESIAN_POINT('',(0.,-0.6));
#10826 = VECTOR('',#10827,1.);
#10827 = DIRECTION('',(1.,0.));
#10828 = ( GEOMETRIC_REPRESENTATION_CONTEXT(2) 
PARAMETRIC_REPRESENTATION_CONTEXT() REPRESENTATION_CONTEXT('2D SPACE',''
  ) );
#10829 = PCURVE('',#10830,#10835);
#10830 = PLANE('',#10831);
#10831 = AXIS2_PLACEMENT_3D('',#10832,#10833,#10834);
#10832 = CARTESIAN_POINT('',(-8.5,17.4,5.05));
#10833 = DIRECTION('',(0.,0.,1.));
#10834 = DIRECTION('',(1.,0.,-0.));
#10835 = DEFINITIONAL_REPRESENTATION('',(#10836),#10840);
#10836 = LINE('',#10837,#10838);
#10837 = CARTESIAN_POINT('',(-0.75,-81.3));
#10838 = VECTOR('',#10839,1.);
#10839 = DIRECTION('',(0.,1.));
#10840 = ( GEOMETRIC_REPRESENTATION_CONTEXT(2) 
PARAMETRIC_REPRESENTATION_CONTEXT() REPRESENTATION_CONTEXT('2D SPACE',''
  ) );
#10841 = ORIENTED_EDGE('',*,*,#8634,.T.);
#10842 = ORIENTED_EDGE('',*,*,#10843,.F.);
#10843 = EDGE_CURVE('',#6371,#8313,#10844,.T.);
#10844 = SURFACE_CURVE('',#10845,(#10849,#10855),.PCURVE_S1.);
#10845 = LINE('',#10846,#10847);
#10846 = CARTESIAN_POINT('',(-9.25,26.,4.45));
#10847 = VECTOR('',#10848,1.);
#10848 = DIRECTION('',(0.,-0.,1.));
#10849 = PCURVE('',#8296,#10850);
#10850 = DEFINITIONAL_REPRESENTATION('',(#10851),#10854);
#10851 = B_SPLINE_CURVE_WITH_KNOTS('',1,(#10852,#10853),.UNSPECIFIED.,
  .F.,.F.,(2,2),(0.,0.6),.PIECEWISE_BEZIER_KNOTS.);
#10852 = CARTESIAN_POINT('',(89.9,0.));
#10853 = CARTESIAN_POINT('',(89.9,-0.6));
#10854 = ( GEOMETRIC_REPRESENTATION_CONTEXT(2) 
PARAMETRIC_REPRESENTATION_CONTEXT() REPRESENTATION_CONTEXT('2D SPACE',''
  ) );
#10855 = PCURVE('',#8854,#10856);
#10856 = DEFINITIONAL_REPRESENTATION('',(#10857),#10860);
#10857 = B_SPLINE_CURVE_WITH_KNOTS('',1,(#10858,#10859),.UNSPECIFIED.,
  .F.,.F.,(2,2),(0.,0.6),.PIECEWISE_BEZIER_KNOTS.);
#10858 = CARTESIAN_POINT('',(51.5,0.));
#10859 = CARTESIAN_POINT('',(51.5,-0.6));
#10860 = ( GEOMETRIC_REPRESENTATION_CONTEXT(2) 
PARAMETRIC_REPRESENTATION_CONTEXT() REPRESENTATION_CONTEXT('2D SPACE',''
  ) );
#10861 = ADVANCED_FACE('',(#10862),#8622,.F.);
#10862 = FACE_BOUND('',#10863,.F.);
#10863 = EDGE_LOOP('',(#10864,#10894,#10922,#10943,#10944));
#10864 = ORIENTED_EDGE('',*,*,#10865,.T.);
#10865 = EDGE_CURVE('',#10866,#10868,#10870,.T.);
#10866 = VERTEX_POINT('',#10867);
#10867 = CARTESIAN_POINT('',(-7.3,23.4,5.05));
#10868 = VERTEX_POINT('',#10869);
#10869 = CARTESIAN_POINT('',(-7.3,23.4,24.6));
#10870 = SURFACE_CURVE('',#10871,(#10875,#10882),.PCURVE_S1.);
#10871 = LINE('',#10872,#10873);
#10872 = CARTESIAN_POINT('',(-7.3,23.4,5.05));
#10873 = VECTOR('',#10874,1.);
#10874 = DIRECTION('',(0.,0.,1.));
#10875 = PCURVE('',#8622,#10876);
#10876 = DEFINITIONAL_REPRESENTATION('',(#10877),#10881);
#10877 = LINE('',#10878,#10879);
#10878 = CARTESIAN_POINT('',(0.,-0.));
#10879 = VECTOR('',#10880,1.);
#10880 = DIRECTION('',(0.,-1.));
#10881 = ( GEOMETRIC_REPRESENTATION_CONTEXT(2) 
PARAMETRIC_REPRESENTATION_CONTEXT() REPRESENTATION_CONTEXT('2D SPACE',''
  ) );
#10882 = PCURVE('',#10883,#10888);
#10883 = PLANE('',#10884);
#10884 = AXIS2_PLACEMENT_3D('',#10885,#10886,#10887);
#10885 = CARTESIAN_POINT('',(-7.3,11.4,5.05));
#10886 = DIRECTION('',(-1.,0.,0.));
#10887 = DIRECTION('',(0.,1.,0.));
#10888 = DEFINITIONAL_REPRESENTATION('',(#10889),#10893);
#10889 = LINE('',#10890,#10891);
#10890 = CARTESIAN_POINT('',(12.,0.));
#10891 = VECTOR('',#10892,1.);
#10892 = DIRECTION('',(0.,-1.));
#10893 = ( GEOMETRIC_REPRESENTATION_CONTEXT(2) 
PARAMETRIC_REPRESENTATION_CONTEXT() REPRESENTATION_CONTEXT('2D SPACE',''
  ) );
#10894 = ORIENTED_EDGE('',*,*,#10895,.T.);
#10895 = EDGE_CURVE('',#10868,#10896,#10898,.T.);
#10896 = VERTEX_POINT('',#10897);
#10897 = CARTESIAN_POINT('',(-9.7,23.4,24.6));
#10898 = SURFACE_CURVE('',#10899,(#10903,#10910),.PCURVE_S1.);
#10899 = LINE('',#10900,#10901);
#10900 = CARTESIAN_POINT('',(-7.3,23.4,24.6));
#10901 = VECTOR('',#10902,1.);
#10902 = DIRECTION('',(-1.,0.,0.));
#10903 = PCURVE('',#8622,#10904);
#10904 = DEFINITIONAL_REPRESENTATION('',(#10905),#10909);
#10905 = LINE('',#10906,#10907);
#10906 = CARTESIAN_POINT('',(0.,-19.55));
#10907 = VECTOR('',#10908,1.);
#10908 = DIRECTION('',(1.,0.));
#10909 = ( GEOMETRIC_REPRESENTATION_CONTEXT(2) 
PARAMETRIC_REPRESENTATION_CONTEXT() REPRESENTATION_CONTEXT('2D SPACE',''
  ) );
#10910 = PCURVE('',#10911,#10916);
#10911 = PLANE('',#10912);
#10912 = AXIS2_PLACEMENT_3D('',#10913,#10914,#10915);
#10913 = CARTESIAN_POINT('',(-8.5,17.4,24.6));
#10914 = DIRECTION('',(0.,0.,1.));
#10915 = DIRECTION('',(1.,0.,-0.));
#10916 = DEFINITIONAL_REPRESENTATION('',(#10917),#10921);
#10917 = LINE('',#10918,#10919);
#10918 = CARTESIAN_POINT('',(1.2,6.));
#10919 = VECTOR('',#10920,1.);
#10920 = DIRECTION('',(-1.,0.));
#10921 = ( GEOMETRIC_REPRESENTATION_CONTEXT(2) 
PARAMETRIC_REPRESENTATION_CONTEXT() REPRESENTATION_CONTEXT('2D SPACE',''
  ) );
#10922 = ORIENTED_EDGE('',*,*,#10923,.F.);
#10923 = EDGE_CURVE('',#8579,#10896,#10924,.T.);
#10924 = SURFACE_CURVE('',#10925,(#10929,#10936),.PCURVE_S1.);
#10925 = LINE('',#10926,#10927);
#10926 = CARTESIAN_POINT('',(-9.7,23.4,5.05));
#10927 = VECTOR('',#10928,1.);
#10928 = DIRECTION('',(0.,0.,1.));
#10929 = PCURVE('',#8622,#10930);
#10930 = DEFINITIONAL_REPRESENTATION('',(#10931),#10935);
#10931 = LINE('',#10932,#10933);
#10932 = CARTESIAN_POINT('',(2.4,0.));
#10933 = VECTOR('',#10934,1.);
#10934 = DIRECTION('',(0.,-1.));
#10935 = ( GEOMETRIC_REPRESENTATION_CONTEXT(2) 
PARAMETRIC_REPRESENTATION_CONTEXT() REPRESENTATION_CONTEXT('2D SPACE',''
  ) );
#10936 = PCURVE('',#8594,#10937);
#10937 = DEFINITIONAL_REPRESENTATION('',(#10938),#10942);
#10938 = LINE('',#10939,#10940);
#10939 = CARTESIAN_POINT('',(0.,0.));
#10940 = VECTOR('',#10941,1.);
#10941 = DIRECTION('',(0.,-1.));
#10942 = ( GEOMETRIC_REPRESENTATION_CONTEXT(2) 
PARAMETRIC_REPRESENTATION_CONTEXT() REPRESENTATION_CONTEXT('2D SPACE',''
  ) );
#10943 = ORIENTED_EDGE('',*,*,#8606,.F.);
#10944 = ORIENTED_EDGE('',*,*,#10945,.F.);
#10945 = EDGE_CURVE('',#10866,#8607,#10946,.T.);
#10946 = SURFACE_CURVE('',#10947,(#10951,#10958),.PCURVE_S1.);
#10947 = LINE('',#10948,#10949);
#10948 = CARTESIAN_POINT('',(-7.3,23.4,5.05));
#10949 = VECTOR('',#10950,1.);
#10950 = DIRECTION('',(-1.,0.,0.));
#10951 = PCURVE('',#8622,#10952);
#10952 = DEFINITIONAL_REPRESENTATION('',(#10953),#10957);
#10953 = LINE('',#10954,#10955);
#10954 = CARTESIAN_POINT('',(0.,-0.));
#10955 = VECTOR('',#10956,1.);
#10956 = DIRECTION('',(1.,0.));
#10957 = ( GEOMETRIC_REPRESENTATION_CONTEXT(2) 
PARAMETRIC_REPRESENTATION_CONTEXT() REPRESENTATION_CONTEXT('2D SPACE',''
  ) );
#10958 = PCURVE('',#10830,#10959);
#10959 = DEFINITIONAL_REPRESENTATION('',(#10960),#10964);
#10960 = LINE('',#10961,#10962);
#10961 = CARTESIAN_POINT('',(1.2,6.));
#10962 = VECTOR('',#10963,1.);
#10963 = DIRECTION('',(-1.,0.));
#10964 = ( GEOMETRIC_REPRESENTATION_CONTEXT(2) 
PARAMETRIC_REPRESENTATION_CONTEXT() REPRESENTATION_CONTEXT('2D SPACE',''
  ) );
#10965 = ADVANCED_FACE('',(#10966),#8594,.F.);
#10966 = FACE_BOUND('',#10967,.F.);
#10967 = EDGE_LOOP('',(#10968,#10969,#10992,#11013));
#10968 = ORIENTED_EDGE('',*,*,#10923,.T.);
#10969 = ORIENTED_EDGE('',*,*,#10970,.T.);
#10970 = EDGE_CURVE('',#10896,#10971,#10973,.T.);
#10971 = VERTEX_POINT('',#10972);
#10972 = CARTESIAN_POINT('',(-9.7,11.4,24.6));
#10973 = SURFACE_CURVE('',#10974,(#10978,#10985),.PCURVE_S1.);
#10974 = LINE('',#10975,#10976);
#10975 = CARTESIAN_POINT('',(-9.7,23.4,24.6));
#10976 = VECTOR('',#10977,1.);
#10977 = DIRECTION('',(0.,-1.,0.));
#10978 = PCURVE('',#8594,#10979);
#10979 = DEFINITIONAL_REPRESENTATION('',(#10980),#10984);
#10980 = LINE('',#10981,#10982);
#10981 = CARTESIAN_POINT('',(0.,-19.55));
#10982 = VECTOR('',#10983,1.);
#10983 = DIRECTION('',(1.,0.));
#10984 = ( GEOMETRIC_REPRESENTATION_CONTEXT(2) 
PARAMETRIC_REPRESENTATION_CONTEXT() REPRESENTATION_CONTEXT('2D SPACE',''
  ) );
#10985 = PCURVE('',#10911,#10986);
#10986 = DEFINITIONAL_REPRESENTATION('',(#10987),#10991);
#10987 = LINE('',#10988,#10989);
#10988 = CARTESIAN_POINT('',(-1.2,6.));
#10989 = VECTOR('',#10990,1.);
#10990 = DIRECTION('',(0.,-1.));
#10991 = ( GEOMETRIC_REPRESENTATION_CONTEXT(2) 
PARAMETRIC_REPRESENTATION_CONTEXT() REPRESENTATION_CONTEXT('2D SPACE',''
  ) );
#10992 = ORIENTED_EDGE('',*,*,#10993,.F.);
#10993 = EDGE_CURVE('',#8551,#10971,#10994,.T.);
#10994 = SURFACE_CURVE('',#10995,(#10999,#11006),.PCURVE_S1.);
#10995 = LINE('',#10996,#10997);
#10996 = CARTESIAN_POINT('',(-9.7,11.4,5.05));
#10997 = VECTOR('',#10998,1.);
#10998 = DIRECTION('',(0.,0.,1.));
#10999 = PCURVE('',#8594,#11000);
#11000 = DEFINITIONAL_REPRESENTATION('',(#11001),#11005);
#11001 = LINE('',#11002,#11003);
#11002 = CARTESIAN_POINT('',(12.,0.));
#11003 = VECTOR('',#11004,1.);
#11004 = DIRECTION('',(0.,-1.));
#11005 = ( GEOMETRIC_REPRESENTATION_CONTEXT(2) 
PARAMETRIC_REPRESENTATION_CONTEXT() REPRESENTATION_CONTEXT('2D SPACE',''
  ) );
#11006 = PCURVE('',#8566,#11007);
#11007 = DEFINITIONAL_REPRESENTATION('',(#11008),#11012);
#11008 = LINE('',#11009,#11010);
#11009 = CARTESIAN_POINT('',(0.,0.));
#11010 = VECTOR('',#11011,1.);
#11011 = DIRECTION('',(0.,-1.));
#11012 = ( GEOMETRIC_REPRESENTATION_CONTEXT(2) 
PARAMETRIC_REPRESENTATION_CONTEXT() REPRESENTATION_CONTEXT('2D SPACE',''
  ) );
#11013 = ORIENTED_EDGE('',*,*,#8578,.F.);
#11014 = ADVANCED_FACE('',(#11015),#8566,.F.);
#11015 = FACE_BOUND('',#11016,.F.);
#11016 = EDGE_LOOP('',(#11017,#11018,#11041,#11064,#11085));
#11017 = ORIENTED_EDGE('',*,*,#10993,.T.);
#11018 = ORIENTED_EDGE('',*,*,#11019,.T.);
#11019 = EDGE_CURVE('',#10971,#11020,#11022,.T.);
#11020 = VERTEX_POINT('',#11021);
#11021 = CARTESIAN_POINT('',(-7.3,11.4,24.6));
#11022 = SURFACE_CURVE('',#11023,(#11027,#11034),.PCURVE_S1.);
#11023 = LINE('',#11024,#11025);
#11024 = CARTESIAN_POINT('',(-9.7,11.4,24.6));
#11025 = VECTOR('',#11026,1.);
#11026 = DIRECTION('',(1.,0.,0.));
#11027 = PCURVE('',#8566,#11028);
#11028 = DEFINITIONAL_REPRESENTATION('',(#11029),#11033);
#11029 = LINE('',#11030,#11031);
#11030 = CARTESIAN_POINT('',(0.,-19.55));
#11031 = VECTOR('',#11032,1.);
#11032 = DIRECTION('',(1.,0.));
#11033 = ( GEOMETRIC_REPRESENTATION_CONTEXT(2) 
PARAMETRIC_REPRESENTATION_CONTEXT() REPRESENTATION_CONTEXT('2D SPACE',''
  ) );
#11034 = PCURVE('',#10911,#11035);
#11035 = DEFINITIONAL_REPRESENTATION('',(#11036),#11040);
#11036 = LINE('',#11037,#11038);
#11037 = CARTESIAN_POINT('',(-1.2,-6.));
#11038 = VECTOR('',#11039,1.);
#11039 = DIRECTION('',(1.,0.));
#11040 = ( GEOMETRIC_REPRESENTATION_CONTEXT(2) 
PARAMETRIC_REPRESENTATION_CONTEXT() REPRESENTATION_CONTEXT('2D SPACE',''
  ) );
#11041 = ORIENTED_EDGE('',*,*,#11042,.F.);
#11042 = EDGE_CURVE('',#11043,#11020,#11045,.T.);
#11043 = VERTEX_POINT('',#11044);
#11044 = CARTESIAN_POINT('',(-7.3,11.4,5.05));
#11045 = SURFACE_CURVE('',#11046,(#11050,#11057),.PCURVE_S1.);
#11046 = LINE('',#11047,#11048);
#11047 = CARTESIAN_POINT('',(-7.3,11.4,5.05));
#11048 = VECTOR('',#11049,1.);
#11049 = DIRECTION('',(0.,0.,1.));
#11050 = PCURVE('',#8566,#11051);
#11051 = DEFINITIONAL_REPRESENTATION('',(#11052),#11056);
#11052 = LINE('',#11053,#11054);
#11053 = CARTESIAN_POINT('',(2.4,0.));
#11054 = VECTOR('',#11055,1.);
#11055 = DIRECTION('',(0.,-1.));
#11056 = ( GEOMETRIC_REPRESENTATION_CONTEXT(2) 
PARAMETRIC_REPRESENTATION_CONTEXT() REPRESENTATION_CONTEXT('2D SPACE',''
  ) );
#11057 = PCURVE('',#10883,#11058);
#11058 = DEFINITIONAL_REPRESENTATION('',(#11059),#11063);
#11059 = LINE('',#11060,#11061);
#11060 = CARTESIAN_POINT('',(0.,0.));
#11061 = VECTOR('',#11062,1.);
#11062 = DIRECTION('',(0.,-1.));
#11063 = ( GEOMETRIC_REPRESENTATION_CONTEXT(2) 
PARAMETRIC_REPRESENTATION_CONTEXT() REPRESENTATION_CONTEXT('2D SPACE',''
  ) );
#11064 = ORIENTED_EDGE('',*,*,#11065,.F.);
#11065 = EDGE_CURVE('',#8528,#11043,#11066,.T.);
#11066 = SURFACE_CURVE('',#11067,(#11071,#11078),.PCURVE_S1.);
#11067 = LINE('',#11068,#11069);
#11068 = CARTESIAN_POINT('',(-9.7,11.4,5.05));
#11069 = VECTOR('',#11070,1.);
#11070 = DIRECTION('',(1.,0.,0.));
#11071 = PCURVE('',#8566,#11072);
#11072 = DEFINITIONAL_REPRESENTATION('',(#11073),#11077);
#11073 = LINE('',#11074,#11075);
#11074 = CARTESIAN_POINT('',(0.,0.));
#11075 = VECTOR('',#11076,1.);
#11076 = DIRECTION('',(1.,0.));
#11077 = ( GEOMETRIC_REPRESENTATION_CONTEXT(2) 
PARAMETRIC_REPRESENTATION_CONTEXT() REPRESENTATION_CONTEXT('2D SPACE',''
  ) );
#11078 = PCURVE('',#10830,#11079);
#11079 = DEFINITIONAL_REPRESENTATION('',(#11080),#11084);
#11080 = LINE('',#11081,#11082);
#11081 = CARTESIAN_POINT('',(-1.2,-6.));
#11082 = VECTOR('',#11083,1.);
#11083 = DIRECTION('',(1.,0.));
#11084 = ( GEOMETRIC_REPRESENTATION_CONTEXT(2) 
PARAMETRIC_REPRESENTATION_CONTEXT() REPRESENTATION_CONTEXT('2D SPACE',''
  ) );
#11085 = ORIENTED_EDGE('',*,*,#8550,.F.);
#11086 = ADVANCED_FACE('',(#11087),#8515,.F.);
#11087 = FACE_BOUND('',#11088,.F.);
#11088 = EDGE_LOOP('',(#11089,#11119,#11147,#11168,#11169));
#11089 = ORIENTED_EDGE('',*,*,#11090,.T.);
#11090 = EDGE_CURVE('',#11091,#11093,#11095,.T.);
#11091 = VERTEX_POINT('',#11092);
#11092 = CARTESIAN_POINT('',(-7.3,-34.6,5.05));
#11093 = VERTEX_POINT('',#11094);
#11094 = CARTESIAN_POINT('',(-7.3,-34.6,24.6));
#11095 = SURFACE_CURVE('',#11096,(#11100,#11107),.PCURVE_S1.);
#11096 = LINE('',#11097,#11098);
#11097 = CARTESIAN_POINT('',(-7.3,-34.6,5.05));
#11098 = VECTOR('',#11099,1.);
#11099 = DIRECTION('',(0.,0.,1.));
#11100 = PCURVE('',#8515,#11101);
#11101 = DEFINITIONAL_REPRESENTATION('',(#11102),#11106);
#11102 = LINE('',#11103,#11104);
#11103 = CARTESIAN_POINT('',(0.,-0.));
#11104 = VECTOR('',#11105,1.);
#11105 = DIRECTION('',(0.,-1.));
#11106 = ( GEOMETRIC_REPRESENTATION_CONTEXT(2) 
PARAMETRIC_REPRESENTATION_CONTEXT() REPRESENTATION_CONTEXT('2D SPACE',''
  ) );
#11107 = PCURVE('',#11108,#11113);
#11108 = PLANE('',#11109);
#11109 = AXIS2_PLACEMENT_3D('',#11110,#11111,#11112);
#11110 = CARTESIAN_POINT('',(-7.3,-46.6,5.05));
#11111 = DIRECTION('',(-1.,0.,0.));
#11112 = DIRECTION('',(0.,1.,0.));
#11113 = DEFINITIONAL_REPRESENTATION('',(#11114),#11118);
#11114 = LINE('',#11115,#11116);
#11115 = CARTESIAN_POINT('',(12.,0.));
#11116 = VECTOR('',#11117,1.);
#11117 = DIRECTION('',(0.,-1.));
#11118 = ( GEOMETRIC_REPRESENTATION_CONTEXT(2) 
PARAMETRIC_REPRESENTATION_CONTEXT() REPRESENTATION_CONTEXT('2D SPACE',''
  ) );
#11119 = ORIENTED_EDGE('',*,*,#11120,.T.);
#11120 = EDGE_CURVE('',#11093,#11121,#11123,.T.);
#11121 = VERTEX_POINT('',#11122);
#11122 = CARTESIAN_POINT('',(-9.7,-34.6,24.6));
#11123 = SURFACE_CURVE('',#11124,(#11128,#11135),.PCURVE_S1.);
#11124 = LINE('',#11125,#11126);
#11125 = CARTESIAN_POINT('',(-7.3,-34.6,24.6));
#11126 = VECTOR('',#11127,1.);
#11127 = DIRECTION('',(-1.,0.,0.));
#11128 = PCURVE('',#8515,#11129);
#11129 = DEFINITIONAL_REPRESENTATION('',(#11130),#11134);
#11130 = LINE('',#11131,#11132);
#11131 = CARTESIAN_POINT('',(0.,-19.55));
#11132 = VECTOR('',#11133,1.);
#11133 = DIRECTION('',(1.,0.));
#11134 = ( GEOMETRIC_REPRESENTATION_CONTEXT(2) 
PARAMETRIC_REPRESENTATION_CONTEXT() REPRESENTATION_CONTEXT('2D SPACE',''
  ) );
#11135 = PCURVE('',#11136,#11141);
#11136 = PLANE('',#11137);
#11137 = AXIS2_PLACEMENT_3D('',#11138,#11139,#11140);
#11138 = CARTESIAN_POINT('',(-8.5,-40.6,24.6));
#11139 = DIRECTION('',(0.,0.,1.));
#11140 = DIRECTION('',(1.,0.,-0.));
#11141 = DEFINITIONAL_REPRESENTATION('',(#11142),#11146);
#11142 = LINE('',#11143,#11144);
#11143 = CARTESIAN_POINT('',(1.2,6.));
#11144 = VECTOR('',#11145,1.);
#11145 = DIRECTION('',(-1.,0.));
#11146 = ( GEOMETRIC_REPRESENTATION_CONTEXT(2) 
PARAMETRIC_REPRESENTATION_CONTEXT() REPRESENTATION_CONTEXT('2D SPACE',''
  ) );
#11147 = ORIENTED_EDGE('',*,*,#11148,.F.);
#11148 = EDGE_CURVE('',#8472,#11121,#11149,.T.);
#11149 = SURFACE_CURVE('',#11150,(#11154,#11161),.PCURVE_S1.);
#11150 = LINE('',#11151,#11152);
#11151 = CARTESIAN_POINT('',(-9.7,-34.6,5.05));
#11152 = VECTOR('',#11153,1.);
#11153 = DIRECTION('',(0.,0.,1.));
#11154 = PCURVE('',#8515,#11155);
#11155 = DEFINITIONAL_REPRESENTATION('',(#11156),#11160);
#11156 = LINE('',#11157,#11158);
#11157 = CARTESIAN_POINT('',(2.4,0.));
#11158 = VECTOR('',#11159,1.);
#11159 = DIRECTION('',(0.,-1.));
#11160 = ( GEOMETRIC_REPRESENTATION_CONTEXT(2) 
PARAMETRIC_REPRESENTATION_CONTEXT() REPRESENTATION_CONTEXT('2D SPACE',''
  ) );
#11161 = PCURVE('',#8487,#11162);
#11162 = DEFINITIONAL_REPRESENTATION('',(#11163),#11167);
#11163 = LINE('',#11164,#11165);
#11164 = CARTESIAN_POINT('',(0.,0.));
#11165 = VECTOR('',#11166,1.);
#11166 = DIRECTION('',(0.,-1.));
#11167 = ( GEOMETRIC_REPRESENTATION_CONTEXT(2) 
PARAMETRIC_REPRESENTATION_CONTEXT() REPRESENTATION_CONTEXT('2D SPACE',''
  ) );
#11168 = ORIENTED_EDGE('',*,*,#8499,.F.);
#11169 = ORIENTED_EDGE('',*,*,#11170,.F.);
#11170 = EDGE_CURVE('',#11091,#8500,#11171,.T.);
#11171 = SURFACE_CURVE('',#11172,(#11176,#11183),.PCURVE_S1.);
#11172 = LINE('',#11173,#11174);
#11173 = CARTESIAN_POINT('',(-7.3,-34.6,5.05));
#11174 = VECTOR('',#11175,1.);
#11175 = DIRECTION('',(-1.,0.,0.));
#11176 = PCURVE('',#8515,#11177);
#11177 = DEFINITIONAL_REPRESENTATION('',(#11178),#11182);
#11178 = LINE('',#11179,#11180);
#11179 = CARTESIAN_POINT('',(0.,-0.));
#11180 = VECTOR('',#11181,1.);
#11181 = DIRECTION('',(1.,0.));
#11182 = ( GEOMETRIC_REPRESENTATION_CONTEXT(2) 
PARAMETRIC_REPRESENTATION_CONTEXT() REPRESENTATION_CONTEXT('2D SPACE',''
  ) );
#11183 = PCURVE('',#10803,#11184);
#11184 = DEFINITIONAL_REPRESENTATION('',(#11185),#11189);
#11185 = LINE('',#11186,#11187);
#11186 = CARTESIAN_POINT('',(1.2,6.));
#11187 = VECTOR('',#11188,1.);
#11188 = DIRECTION('',(-1.,0.));
#11189 = ( GEOMETRIC_REPRESENTATION_CONTEXT(2) 
PARAMETRIC_REPRESENTATION_CONTEXT() REPRESENTATION_CONTEXT('2D SPACE',''
  ) );
#11190 = ADVANCED_FACE('',(#11191),#8487,.F.);
#11191 = FACE_BOUND('',#11192,.F.);
#11192 = EDGE_LOOP('',(#11193,#11194,#11217,#11238));
#11193 = ORIENTED_EDGE('',*,*,#11148,.T.);
#11194 = ORIENTED_EDGE('',*,*,#11195,.T.);
#11195 = EDGE_CURVE('',#11121,#11196,#11198,.T.);
#11196 = VERTEX_POINT('',#11197);
#11197 = CARTESIAN_POINT('',(-9.7,-46.6,24.6));
#11198 = SURFACE_CURVE('',#11199,(#11203,#11210),.PCURVE_S1.);
#11199 = LINE('',#11200,#11201);
#11200 = CARTESIAN_POINT('',(-9.7,-34.6,24.6));
#11201 = VECTOR('',#11202,1.);
#11202 = DIRECTION('',(0.,-1.,0.));
#11203 = PCURVE('',#8487,#11204);
#11204 = DEFINITIONAL_REPRESENTATION('',(#11205),#11209);
#11205 = LINE('',#11206,#11207);
#11206 = CARTESIAN_POINT('',(0.,-19.55));
#11207 = VECTOR('',#11208,1.);
#11208 = DIRECTION('',(1.,0.));
#11209 = ( GEOMETRIC_REPRESENTATION_CONTEXT(2) 
PARAMETRIC_REPRESENTATION_CONTEXT() REPRESENTATION_CONTEXT('2D SPACE',''
  ) );
#11210 = PCURVE('',#11136,#11211);
#11211 = DEFINITIONAL_REPRESENTATION('',(#11212),#11216);
#11212 = LINE('',#11213,#11214);
#11213 = CARTESIAN_POINT('',(-1.2,6.));
#11214 = VECTOR('',#11215,1.);
#11215 = DIRECTION('',(0.,-1.));
#11216 = ( GEOMETRIC_REPRESENTATION_CONTEXT(2) 
PARAMETRIC_REPRESENTATION_CONTEXT() REPRESENTATION_CONTEXT('2D SPACE',''
  ) );
#11217 = ORIENTED_EDGE('',*,*,#11218,.F.);
#11218 = EDGE_CURVE('',#8444,#11196,#11219,.T.);
#11219 = SURFACE_CURVE('',#11220,(#11224,#11231),.PCURVE_S1.);
#11220 = LINE('',#11221,#11222);
#11221 = CARTESIAN_POINT('',(-9.7,-46.6,5.05));
#11222 = VECTOR('',#11223,1.);
#11223 = DIRECTION('',(0.,0.,1.));
#11224 = PCURVE('',#8487,#11225);
#11225 = DEFINITIONAL_REPRESENTATION('',(#11226),#11230);
#11226 = LINE('',#11227,#11228);
#11227 = CARTESIAN_POINT('',(12.,0.));
#11228 = VECTOR('',#11229,1.);
#11229 = DIRECTION('',(0.,-1.));
#11230 = ( GEOMETRIC_REPRESENTATION_CONTEXT(2) 
PARAMETRIC_REPRESENTATION_CONTEXT() REPRESENTATION_CONTEXT('2D SPACE',''
  ) );
#11231 = PCURVE('',#8459,#11232);
#11232 = DEFINITIONAL_REPRESENTATION('',(#11233),#11237);
#11233 = LINE('',#11234,#11235);
#11234 = CARTESIAN_POINT('',(0.,0.));
#11235 = VECTOR('',#11236,1.);
#11236 = DIRECTION('',(0.,-1.));
#11237 = ( GEOMETRIC_REPRESENTATION_CONTEXT(2) 
PARAMETRIC_REPRESENTATION_CONTEXT() REPRESENTATION_CONTEXT('2D SPACE',''
  ) );
#11238 = ORIENTED_EDGE('',*,*,#8471,.F.);
#11239 = ADVANCED_FACE('',(#11240),#8459,.F.);
#11240 = FACE_BOUND('',#11241,.F.);
#11241 = EDGE_LOOP('',(#11242,#11243,#11266,#11289,#11310));
#11242 = ORIENTED_EDGE('',*,*,#11218,.T.);
#11243 = ORIENTED_EDGE('',*,*,#11244,.T.);
#11244 = EDGE_CURVE('',#11196,#11245,#11247,.T.);
#11245 = VERTEX_POINT('',#11246);
#11246 = CARTESIAN_POINT('',(-7.3,-46.6,24.6));
#11247 = SURFACE_CURVE('',#11248,(#11252,#11259),.PCURVE_S1.);
#11248 = LINE('',#11249,#11250);
#11249 = CARTESIAN_POINT('',(-9.7,-46.6,24.6));
#11250 = VECTOR('',#11251,1.);
#11251 = DIRECTION('',(1.,0.,0.));
#11252 = PCURVE('',#8459,#11253);
#11253 = DEFINITIONAL_REPRESENTATION('',(#11254),#11258);
#11254 = LINE('',#11255,#11256);
#11255 = CARTESIAN_POINT('',(0.,-19.55));
#11256 = VECTOR('',#11257,1.);
#11257 = DIRECTION('',(1.,0.));
#11258 = ( GEOMETRIC_REPRESENTATION_CONTEXT(2) 
PARAMETRIC_REPRESENTATION_CONTEXT() REPRESENTATION_CONTEXT('2D SPACE',''
  ) );
#11259 = PCURVE('',#11136,#11260);
#11260 = DEFINITIONAL_REPRESENTATION('',(#11261),#11265);
#11261 = LINE('',#11262,#11263);
#11262 = CARTESIAN_POINT('',(-1.2,-6.));
#11263 = VECTOR('',#11264,1.);
#11264 = DIRECTION('',(1.,0.));
#11265 = ( GEOMETRIC_REPRESENTATION_CONTEXT(2) 
PARAMETRIC_REPRESENTATION_CONTEXT() REPRESENTATION_CONTEXT('2D SPACE',''
  ) );
#11266 = ORIENTED_EDGE('',*,*,#11267,.F.);
#11267 = EDGE_CURVE('',#11268,#11245,#11270,.T.);
#11268 = VERTEX_POINT('',#11269);
#11269 = CARTESIAN_POINT('',(-7.3,-46.6,5.05));
#11270 = SURFACE_CURVE('',#11271,(#11275,#11282),.PCURVE_S1.);
#11271 = LINE('',#11272,#11273);
#11272 = CARTESIAN_POINT('',(-7.3,-46.6,5.05));
#11273 = VECTOR('',#11274,1.);
#11274 = DIRECTION('',(0.,0.,1.));
#11275 = PCURVE('',#8459,#11276);
#11276 = DEFINITIONAL_REPRESENTATION('',(#11277),#11281);
#11277 = LINE('',#11278,#11279);
#11278 = CARTESIAN_POINT('',(2.4,0.));
#11279 = VECTOR('',#11280,1.);
#11280 = DIRECTION('',(0.,-1.));
#11281 = ( GEOMETRIC_REPRESENTATION_CONTEXT(2) 
PARAMETRIC_REPRESENTATION_CONTEXT() REPRESENTATION_CONTEXT('2D SPACE',''
  ) );
#11282 = PCURVE('',#11108,#11283);
#11283 = DEFINITIONAL_REPRESENTATION('',(#11284),#11288);
#11284 = LINE('',#11285,#11286);
#11285 = CARTESIAN_POINT('',(0.,0.));
#11286 = VECTOR('',#11287,1.);
#11287 = DIRECTION('',(0.,-1.));
#11288 = ( GEOMETRIC_REPRESENTATION_CONTEXT(2) 
PARAMETRIC_REPRESENTATION_CONTEXT() REPRESENTATION_CONTEXT('2D SPACE',''
  ) );
#11289 = ORIENTED_EDGE('',*,*,#11290,.F.);
#11290 = EDGE_CURVE('',#8421,#11268,#11291,.T.);
#11291 = SURFACE_CURVE('',#11292,(#11296,#11303),.PCURVE_S1.);
#11292 = LINE('',#11293,#11294);
#11293 = CARTESIAN_POINT('',(-9.7,-46.6,5.05));
#11294 = VECTOR('',#11295,1.);
#11295 = DIRECTION('',(1.,0.,0.));
#11296 = PCURVE('',#8459,#11297);
#11297 = DEFINITIONAL_REPRESENTATION('',(#11298),#11302);
#11298 = LINE('',#11299,#11300);
#11299 = CARTESIAN_POINT('',(0.,0.));
#11300 = VECTOR('',#11301,1.);
#11301 = DIRECTION('',(1.,0.));
#11302 = ( GEOMETRIC_REPRESENTATION_CONTEXT(2) 
PARAMETRIC_REPRESENTATION_CONTEXT() REPRESENTATION_CONTEXT('2D SPACE',''
  ) );
#11303 = PCURVE('',#10803,#11304);
#11304 = DEFINITIONAL_REPRESENTATION('',(#11305),#11309);
#11305 = LINE('',#11306,#11307);
#11306 = CARTESIAN_POINT('',(-1.2,-6.));
#11307 = VECTOR('',#11308,1.);
#11308 = DIRECTION('',(1.,0.));
#11309 = ( GEOMETRIC_REPRESENTATION_CONTEXT(2) 
PARAMETRIC_REPRESENTATION_CONTEXT() REPRESENTATION_CONTEXT('2D SPACE',''
  ) );
#11310 = ORIENTED_EDGE('',*,*,#8443,.F.);
#11311 = ADVANCED_FACE('',(#11312),#8406,.F.);
#11312 = FACE_BOUND('',#11313,.F.);
#11313 = EDGE_LOOP('',(#11314,#11337,#11365,#11386,#11387));
#11314 = ORIENTED_EDGE('',*,*,#11315,.T.);
#11315 = EDGE_CURVE('',#8661,#11316,#11318,.T.);
#11316 = VERTEX_POINT('',#11317);
#11317 = CARTESIAN_POINT('',(-45.7,-17.6,24.6));
#11318 = SURFACE_CURVE('',#11319,(#11323,#11330),.PCURVE_S1.);
#11319 = LINE('',#11320,#11321);
#11320 = CARTESIAN_POINT('',(-45.7,-17.6,5.05));
#11321 = VECTOR('',#11322,1.);
#11322 = DIRECTION('',(0.,0.,1.));
#11323 = PCURVE('',#8406,#11324);
#11324 = DEFINITIONAL_REPRESENTATION('',(#11325),#11329);
#11325 = LINE('',#11326,#11327);
#11326 = CARTESIAN_POINT('',(0.,0.));
#11327 = VECTOR('',#11328,1.);
#11328 = DIRECTION('',(0.,-1.));
#11329 = ( GEOMETRIC_REPRESENTATION_CONTEXT(2) 
PARAMETRIC_REPRESENTATION_CONTEXT() REPRESENTATION_CONTEXT('2D SPACE',''
  ) );
#11330 = PCURVE('',#8676,#11331);
#11331 = DEFINITIONAL_REPRESENTATION('',(#11332),#11336);
#11332 = LINE('',#11333,#11334);
#11333 = CARTESIAN_POINT('',(12.,0.));
#11334 = VECTOR('',#11335,1.);
#11335 = DIRECTION('',(0.,-1.));
#11336 = ( GEOMETRIC_REPRESENTATION_CONTEXT(2) 
PARAMETRIC_REPRESENTATION_CONTEXT() REPRESENTATION_CONTEXT('2D SPACE',''
  ) );
#11337 = ORIENTED_EDGE('',*,*,#11338,.T.);
#11338 = EDGE_CURVE('',#11316,#11339,#11341,.T.);
#11339 = VERTEX_POINT('',#11340);
#11340 = CARTESIAN_POINT('',(-43.3,-17.6,24.6));
#11341 = SURFACE_CURVE('',#11342,(#11346,#11353),.PCURVE_S1.);
#11342 = LINE('',#11343,#11344);
#11343 = CARTESIAN_POINT('',(-45.7,-17.6,24.6));
#11344 = VECTOR('',#11345,1.);
#11345 = DIRECTION('',(1.,0.,0.));
#11346 = PCURVE('',#8406,#11347);
#11347 = DEFINITIONAL_REPRESENTATION('',(#11348),#11352);
#11348 = LINE('',#11349,#11350);
#11349 = CARTESIAN_POINT('',(0.,-19.55));
#11350 = VECTOR('',#11351,1.);
#11351 = DIRECTION('',(1.,0.));
#11352 = ( GEOMETRIC_REPRESENTATION_CONTEXT(2) 
PARAMETRIC_REPRESENTATION_CONTEXT() REPRESENTATION_CONTEXT('2D SPACE',''
  ) );
#11353 = PCURVE('',#11354,#11359);
#11354 = PLANE('',#11355);
#11355 = AXIS2_PLACEMENT_3D('',#11356,#11357,#11358);
#11356 = CARTESIAN_POINT('',(-44.5,-11.6,24.6));
#11357 = DIRECTION('',(0.,0.,1.));
#11358 = DIRECTION('',(1.,0.,-0.));
#11359 = DEFINITIONAL_REPRESENTATION('',(#11360),#11364);
#11360 = LINE('',#11361,#11362);
#11361 = CARTESIAN_POINT('',(-1.2,-6.));
#11362 = VECTOR('',#11363,1.);
#11363 = DIRECTION('',(1.,0.));
#11364 = ( GEOMETRIC_REPRESENTATION_CONTEXT(2) 
PARAMETRIC_REPRESENTATION_CONTEXT() REPRESENTATION_CONTEXT('2D SPACE',''
  ) );
#11365 = ORIENTED_EDGE('',*,*,#11366,.F.);
#11366 = EDGE_CURVE('',#8365,#11339,#11367,.T.);
#11367 = SURFACE_CURVE('',#11368,(#11372,#11379),.PCURVE_S1.);
#11368 = LINE('',#11369,#11370);
#11369 = CARTESIAN_POINT('',(-43.3,-17.6,5.05));
#11370 = VECTOR('',#11371,1.);
#11371 = DIRECTION('',(0.,0.,1.));
#11372 = PCURVE('',#8406,#11373);
#11373 = DEFINITIONAL_REPRESENTATION('',(#11374),#11378);
#11374 = LINE('',#11375,#11376);
#11375 = CARTESIAN_POINT('',(2.4,0.));
#11376 = VECTOR('',#11377,1.);
#11377 = DIRECTION('',(0.,-1.));
#11378 = ( GEOMETRIC_REPRESENTATION_CONTEXT(2) 
PARAMETRIC_REPRESENTATION_CONTEXT() REPRESENTATION_CONTEXT('2D SPACE',''
  ) );
#11379 = PCURVE('',#8380,#11380);
#11380 = DEFINITIONAL_REPRESENTATION('',(#11381),#11385);
#11381 = LINE('',#11382,#11383);
#11382 = CARTESIAN_POINT('',(0.,0.));
#11383 = VECTOR('',#11384,1.);
#11384 = DIRECTION('',(0.,-1.));
#11385 = ( GEOMETRIC_REPRESENTATION_CONTEXT(2) 
PARAMETRIC_REPRESENTATION_CONTEXT() REPRESENTATION_CONTEXT('2D SPACE',''
  ) );
#11386 = ORIENTED_EDGE('',*,*,#8392,.F.);
#11387 = ORIENTED_EDGE('',*,*,#8688,.F.);
#11388 = ADVANCED_FACE('',(#11389),#8380,.F.);
#11389 = FACE_BOUND('',#11390,.F.);
#11390 = EDGE_LOOP('',(#11391,#11392,#11415,#11436));
#11391 = ORIENTED_EDGE('',*,*,#11366,.T.);
#11392 = ORIENTED_EDGE('',*,*,#11393,.T.);
#11393 = EDGE_CURVE('',#11339,#11394,#11396,.T.);
#11394 = VERTEX_POINT('',#11395);
#11395 = CARTESIAN_POINT('',(-43.3,-5.6,24.6));
#11396 = SURFACE_CURVE('',#11397,(#11401,#11408),.PCURVE_S1.);
#11397 = LINE('',#11398,#11399);
#11398 = CARTESIAN_POINT('',(-43.3,-17.6,24.6));
#11399 = VECTOR('',#11400,1.);
#11400 = DIRECTION('',(0.,1.,0.));
#11401 = PCURVE('',#8380,#11402);
#11402 = DEFINITIONAL_REPRESENTATION('',(#11403),#11407);
#11403 = LINE('',#11404,#11405);
#11404 = CARTESIAN_POINT('',(0.,-19.55));
#11405 = VECTOR('',#11406,1.);
#11406 = DIRECTION('',(1.,0.));
#11407 = ( GEOMETRIC_REPRESENTATION_CONTEXT(2) 
PARAMETRIC_REPRESENTATION_CONTEXT() REPRESENTATION_CONTEXT('2D SPACE',''
  ) );
#11408 = PCURVE('',#11354,#11409);
#11409 = DEFINITIONAL_REPRESENTATION('',(#11410),#11414);
#11410 = LINE('',#11411,#11412);
#11411 = CARTESIAN_POINT('',(1.2,-6.));
#11412 = VECTOR('',#11413,1.);
#11413 = DIRECTION('',(0.,1.));
#11414 = ( GEOMETRIC_REPRESENTATION_CONTEXT(2) 
PARAMETRIC_REPRESENTATION_CONTEXT() REPRESENTATION_CONTEXT('2D SPACE',''
  ) );
#11415 = ORIENTED_EDGE('',*,*,#11416,.F.);
#11416 = EDGE_CURVE('',#8337,#11394,#11417,.T.);
#11417 = SURFACE_CURVE('',#11418,(#11422,#11429),.PCURVE_S1.);
#11418 = LINE('',#11419,#11420);
#11419 = CARTESIAN_POINT('',(-43.3,-5.6,5.05));
#11420 = VECTOR('',#11421,1.);
#11421 = DIRECTION('',(0.,0.,1.));
#11422 = PCURVE('',#8380,#11423);
#11423 = DEFINITIONAL_REPRESENTATION('',(#11424),#11428);
#11424 = LINE('',#11425,#11426);
#11425 = CARTESIAN_POINT('',(12.,0.));
#11426 = VECTOR('',#11427,1.);
#11427 = DIRECTION('',(0.,-1.));
#11428 = ( GEOMETRIC_REPRESENTATION_CONTEXT(2) 
PARAMETRIC_REPRESENTATION_CONTEXT() REPRESENTATION_CONTEXT('2D SPACE',''
  ) );
#11429 = PCURVE('',#8352,#11430);
#11430 = DEFINITIONAL_REPRESENTATION('',(#11431),#11435);
#11431 = LINE('',#11432,#11433);
#11432 = CARTESIAN_POINT('',(0.,-0.));
#11433 = VECTOR('',#11434,1.);
#11434 = DIRECTION('',(0.,-1.));
#11435 = ( GEOMETRIC_REPRESENTATION_CONTEXT(2) 
PARAMETRIC_REPRESENTATION_CONTEXT() REPRESENTATION_CONTEXT('2D SPACE',''
  ) );
#11436 = ORIENTED_EDGE('',*,*,#8364,.F.);
#11437 = ADVANCED_FACE('',(#11438),#8352,.F.);
#11438 = FACE_BOUND('',#11439,.F.);
#11439 = EDGE_LOOP('',(#11440,#11441,#11464,#11485,#11486));
#11440 = ORIENTED_EDGE('',*,*,#11416,.T.);
#11441 = ORIENTED_EDGE('',*,*,#11442,.T.);
#11442 = EDGE_CURVE('',#11394,#11443,#11445,.T.);
#11443 = VERTEX_POINT('',#11444);
#11444 = CARTESIAN_POINT('',(-45.7,-5.6,24.6));
#11445 = SURFACE_CURVE('',#11446,(#11450,#11457),.PCURVE_S1.);
#11446 = LINE('',#11447,#11448);
#11447 = CARTESIAN_POINT('',(-43.3,-5.6,24.6));
#11448 = VECTOR('',#11449,1.);
#11449 = DIRECTION('',(-1.,0.,0.));
#11450 = PCURVE('',#8352,#11451);
#11451 = DEFINITIONAL_REPRESENTATION('',(#11452),#11456);
#11452 = LINE('',#11453,#11454);
#11453 = CARTESIAN_POINT('',(0.,-19.55));
#11454 = VECTOR('',#11455,1.);
#11455 = DIRECTION('',(1.,0.));
#11456 = ( GEOMETRIC_REPRESENTATION_CONTEXT(2) 
PARAMETRIC_REPRESENTATION_CONTEXT() REPRESENTATION_CONTEXT('2D SPACE',''
  ) );
#11457 = PCURVE('',#11354,#11458);
#11458 = DEFINITIONAL_REPRESENTATION('',(#11459),#11463);
#11459 = LINE('',#11460,#11461);
#11460 = CARTESIAN_POINT('',(1.2,6.));
#11461 = VECTOR('',#11462,1.);
#11462 = DIRECTION('',(-1.,0.));
#11463 = ( GEOMETRIC_REPRESENTATION_CONTEXT(2) 
PARAMETRIC_REPRESENTATION_CONTEXT() REPRESENTATION_CONTEXT('2D SPACE',''
  ) );
#11464 = ORIENTED_EDGE('',*,*,#11465,.F.);
#11465 = EDGE_CURVE('',#8659,#11443,#11466,.T.);
#11466 = SURFACE_CURVE('',#11467,(#11471,#11478),.PCURVE_S1.);
#11467 = LINE('',#11468,#11469);
#11468 = CARTESIAN_POINT('',(-45.7,-5.6,5.05));
#11469 = VECTOR('',#11470,1.);
#11470 = DIRECTION('',(0.,0.,1.));
#11471 = PCURVE('',#8352,#11472);
#11472 = DEFINITIONAL_REPRESENTATION('',(#11473),#11477);
#11473 = LINE('',#11474,#11475);
#11474 = CARTESIAN_POINT('',(2.4,0.));
#11475 = VECTOR('',#11476,1.);
#11476 = DIRECTION('',(0.,-1.));
#11477 = ( GEOMETRIC_REPRESENTATION_CONTEXT(2) 
PARAMETRIC_REPRESENTATION_CONTEXT() REPRESENTATION_CONTEXT('2D SPACE',''
  ) );
#11478 = PCURVE('',#8676,#11479);
#11479 = DEFINITIONAL_REPRESENTATION('',(#11480),#11484);
#11480 = LINE('',#11481,#11482);
#11481 = CARTESIAN_POINT('',(0.,0.));
#11482 = VECTOR('',#11483,1.);
#11483 = DIRECTION('',(0.,-1.));
#11484 = ( GEOMETRIC_REPRESENTATION_CONTEXT(2) 
PARAMETRIC_REPRESENTATION_CONTEXT() REPRESENTATION_CONTEXT('2D SPACE',''
  ) );
#11485 = ORIENTED_EDGE('',*,*,#8710,.F.);
#11486 = ORIENTED_EDGE('',*,*,#8336,.F.);
#11487 = ADVANCED_FACE('',(#11488),#8676,.F.);
#11488 = FACE_BOUND('',#11489,.F.);
#11489 = EDGE_LOOP('',(#11490,#11491,#11512,#11513));
#11490 = ORIENTED_EDGE('',*,*,#11465,.T.);
#11491 = ORIENTED_EDGE('',*,*,#11492,.T.);
#11492 = EDGE_CURVE('',#11443,#11316,#11493,.T.);
#11493 = SURFACE_CURVE('',#11494,(#11498,#11505),.PCURVE_S1.);
#11494 = LINE('',#11495,#11496);
#11495 = CARTESIAN_POINT('',(-45.7,-5.6,24.6));
#11496 = VECTOR('',#11497,1.);
#11497 = DIRECTION('',(0.,-1.,0.));
#11498 = PCURVE('',#8676,#11499);
#11499 = DEFINITIONAL_REPRESENTATION('',(#11500),#11504);
#11500 = LINE('',#11501,#11502);
#11501 = CARTESIAN_POINT('',(0.,-19.55));
#11502 = VECTOR('',#11503,1.);
#11503 = DIRECTION('',(1.,0.));
#11504 = ( GEOMETRIC_REPRESENTATION_CONTEXT(2) 
PARAMETRIC_REPRESENTATION_CONTEXT() REPRESENTATION_CONTEXT('2D SPACE',''
  ) );
#11505 = PCURVE('',#11354,#11506);
#11506 = DEFINITIONAL_REPRESENTATION('',(#11507),#11511);
#11507 = LINE('',#11508,#11509);
#11508 = CARTESIAN_POINT('',(-1.2,6.));
#11509 = VECTOR('',#11510,1.);
#11510 = DIRECTION('',(0.,-1.));
#11511 = ( GEOMETRIC_REPRESENTATION_CONTEXT(2) 
PARAMETRIC_REPRESENTATION_CONTEXT() REPRESENTATION_CONTEXT('2D SPACE',''
  ) );
#11512 = ORIENTED_EDGE('',*,*,#11315,.F.);
#11513 = ORIENTED_EDGE('',*,*,#8658,.F.);
#11514 = ADVANCED_FACE('',(#11515),#8773,.T.);
#11515 = FACE_BOUND('',#11516,.T.);
#11516 = EDGE_LOOP('',(#11517,#11547,#11568,#11569));
#11517 = ORIENTED_EDGE('',*,*,#11518,.F.);
#11518 = EDGE_CURVE('',#11519,#11521,#11523,.T.);
#11519 = VERTEX_POINT('',#11520);
#11520 = CARTESIAN_POINT('',(12.5355,34.,5.05));
#11521 = VERTEX_POINT('',#11522);
#11522 = CARTESIAN_POINT('',(12.5355,26.,5.05));
#11523 = SURFACE_CURVE('',#11524,(#11528,#11535),.PCURVE_S1.);
#11524 = LINE('',#11525,#11526);
#11525 = CARTESIAN_POINT('',(12.5355,39.2705,5.05));
#11526 = VECTOR('',#11527,1.);
#11527 = DIRECTION('',(0.,-1.,0.));
#11528 = PCURVE('',#8773,#11529);
#11529 = DEFINITIONAL_REPRESENTATION('',(#11530),#11534);
#11530 = LINE('',#11531,#11532);
#11531 = CARTESIAN_POINT('',(12.5355,9.2705));
#11532 = VECTOR('',#11533,1.);
#11533 = DIRECTION('',(0.,-1.));
#11534 = ( GEOMETRIC_REPRESENTATION_CONTEXT(2) 
PARAMETRIC_REPRESENTATION_CONTEXT() REPRESENTATION_CONTEXT('2D SPACE',''
  ) );
#11535 = PCURVE('',#11536,#11541);
#11536 = PLANE('',#11537);
#11537 = AXIS2_PLACEMENT_3D('',#11538,#11539,#11540);
#11538 = CARTESIAN_POINT('',(0.,30.,5.05));
#11539 = DIRECTION('',(0.,0.,1.));
#11540 = DIRECTION('',(1.,0.,-0.));
#11541 = DEFINITIONAL_REPRESENTATION('',(#11542),#11546);
#11542 = LINE('',#11543,#11544);
#11543 = CARTESIAN_POINT('',(12.5355,9.2705));
#11544 = VECTOR('',#11545,1.);
#11545 = DIRECTION('',(0.,-1.));
#11546 = ( GEOMETRIC_REPRESENTATION_CONTEXT(2) 
PARAMETRIC_REPRESENTATION_CONTEXT() REPRESENTATION_CONTEXT('2D SPACE',''
  ) );
#11547 = ORIENTED_EDGE('',*,*,#11548,.T.);
#11548 = EDGE_CURVE('',#11519,#8735,#11549,.T.);
#11549 = SURFACE_CURVE('',#11550,(#11554,#11561),.PCURVE_S1.);
#11550 = LINE('',#11551,#11552);
#11551 = CARTESIAN_POINT('',(60.75,34.,5.05));
#11552 = VECTOR('',#11553,1.);
#11553 = DIRECTION('',(-1.,0.,0.));
#11554 = PCURVE('',#8773,#11555);
#11555 = DEFINITIONAL_REPRESENTATION('',(#11556),#11560);
#11556 = LINE('',#11557,#11558);
#11557 = CARTESIAN_POINT('',(60.75,4.));
#11558 = VECTOR('',#11559,1.);
#11559 = DIRECTION('',(-1.,0.));
#11560 = ( GEOMETRIC_REPRESENTATION_CONTEXT(2) 
PARAMETRIC_REPRESENTATION_CONTEXT() REPRESENTATION_CONTEXT('2D SPACE',''
  ) );
#11561 = PCURVE('',#8827,#11562);
#11562 = DEFINITIONAL_REPRESENTATION('',(#11563),#11567);
#11563 = LINE('',#11564,#11565);
#11564 = CARTESIAN_POINT('',(0.,-0.6));
#11565 = VECTOR('',#11566,1.);
#11566 = DIRECTION('',(1.,0.));
#11567 = ( GEOMETRIC_REPRESENTATION_CONTEXT(2) 
PARAMETRIC_REPRESENTATION_CONTEXT() REPRESENTATION_CONTEXT('2D SPACE',''
  ) );
#11568 = ORIENTED_EDGE('',*,*,#8759,.F.);
#11569 = ORIENTED_EDGE('',*,*,#11570,.T.);
#11570 = EDGE_CURVE('',#8313,#11521,#11571,.T.);
#11571 = SURFACE_CURVE('',#11572,(#11576,#11583),.PCURVE_S1.);
#11572 = LINE('',#11573,#11574);
#11573 = CARTESIAN_POINT('',(-60.75,26.,5.05));
#11574 = VECTOR('',#11575,1.);
#11575 = DIRECTION('',(1.,0.,0.));
#11576 = PCURVE('',#8773,#11577);
#11577 = DEFINITIONAL_REPRESENTATION('',(#11578),#11582);
#11578 = LINE('',#11579,#11580);
#11579 = CARTESIAN_POINT('',(-60.75,-4.));
#11580 = VECTOR('',#11581,1.);
#11581 = DIRECTION('',(1.,0.));
#11582 = ( GEOMETRIC_REPRESENTATION_CONTEXT(2) 
PARAMETRIC_REPRESENTATION_CONTEXT() REPRESENTATION_CONTEXT('2D SPACE',''
  ) );
#11583 = PCURVE('',#8854,#11584);
#11584 = DEFINITIONAL_REPRESENTATION('',(#11585),#11589);
#11585 = LINE('',#11586,#11587);
#11586 = CARTESIAN_POINT('',(0.,-0.6));
#11587 = VECTOR('',#11588,1.);
#11588 = DIRECTION('',(1.,0.));
#11589 = ( GEOMETRIC_REPRESENTATION_CONTEXT(2) 
PARAMETRIC_REPRESENTATION_CONTEXT() REPRESENTATION_CONTEXT('2D SPACE',''
  ) );
#11590 = ADVANCED_FACE('',(#11591),#8854,.F.);
#11591 = FACE_BOUND('',#11592,.F.);
#11592 = EDGE_LOOP('',(#11593,#11594,#11595,#11596));
#11593 = ORIENTED_EDGE('',*,*,#8840,.F.);
#11594 = ORIENTED_EDGE('',*,*,#10843,.T.);
#11595 = ORIENTED_EDGE('',*,*,#11570,.T.);
#11596 = ORIENTED_EDGE('',*,*,#11597,.T.);
#11597 = EDGE_CURVE('',#11521,#8791,#11598,.T.);
#11598 = SURFACE_CURVE('',#11599,(#11603,#11609),.PCURVE_S1.);
#11599 = LINE('',#11600,#11601);
#11600 = CARTESIAN_POINT('',(12.5355,26.,4.45));
#11601 = VECTOR('',#11602,1.);
#11602 = DIRECTION('',(-0.,0.,-1.));
#11603 = PCURVE('',#8854,#11604);
#11604 = DEFINITIONAL_REPRESENTATION('',(#11605),#11608);
#11605 = B_SPLINE_CURVE_WITH_KNOTS('',1,(#11606,#11607),.UNSPECIFIED.,
  .F.,.F.,(2,2),(-0.6,0.),.PIECEWISE_BEZIER_KNOTS.);
#11606 = CARTESIAN_POINT('',(73.2855,-0.6));
#11607 = CARTESIAN_POINT('',(73.2855,0.));
#11608 = ( GEOMETRIC_REPRESENTATION_CONTEXT(2) 
PARAMETRIC_REPRESENTATION_CONTEXT() REPRESENTATION_CONTEXT('2D SPACE',''
  ) );
#11609 = PCURVE('',#10752,#11610);
#11610 = DEFINITIONAL_REPRESENTATION('',(#11611),#11614);
#11611 = B_SPLINE_CURVE_WITH_KNOTS('',1,(#11612,#11613),.UNSPECIFIED.,
  .F.,.F.,(2,2),(-0.6,0.),.PIECEWISE_BEZIER_KNOTS.);
#11612 = CARTESIAN_POINT('',(13.2705,-0.6));
#11613 = CARTESIAN_POINT('',(13.2705,0.));
#11614 = ( GEOMETRIC_REPRESENTATION_CONTEXT(2) 
PARAMETRIC_REPRESENTATION_CONTEXT() REPRESENTATION_CONTEXT('2D SPACE',''
  ) );
#11615 = ADVANCED_FACE('',(#11616),#8827,.F.);
#11616 = FACE_BOUND('',#11617,.F.);
#11617 = EDGE_LOOP('',(#11618,#11619,#11643,#11644));
#11618 = ORIENTED_EDGE('',*,*,#8813,.F.);
#11619 = ORIENTED_EDGE('',*,*,#11620,.T.);
#11620 = EDGE_CURVE('',#8789,#11519,#11621,.T.);
#11621 = SURFACE_CURVE('',#11622,(#11626,#11632),.PCURVE_S1.);
#11622 = LINE('',#11623,#11624);
#11623 = CARTESIAN_POINT('',(12.5355,34.,4.45));
#11624 = VECTOR('',#11625,1.);
#11625 = DIRECTION('',(0.,0.,1.));
#11626 = PCURVE('',#8827,#11627);
#11627 = DEFINITIONAL_REPRESENTATION('',(#11628),#11631);
#11628 = B_SPLINE_CURVE_WITH_KNOTS('',1,(#11629,#11630),.UNSPECIFIED.,
  .F.,.F.,(2,2),(0.,0.6),.PIECEWISE_BEZIER_KNOTS.);
#11629 = CARTESIAN_POINT('',(48.2145,0.));
#11630 = CARTESIAN_POINT('',(48.2145,-0.6));
#11631 = ( GEOMETRIC_REPRESENTATION_CONTEXT(2) 
PARAMETRIC_REPRESENTATION_CONTEXT() REPRESENTATION_CONTEXT('2D SPACE',''
  ) );
#11632 = PCURVE('',#11633,#11638);
#11633 = PLANE('',#11634);
#11634 = AXIS2_PLACEMENT_3D('',#11635,#11636,#11637);
#11635 = CARTESIAN_POINT('',(12.5355,39.2705,4.45));
#11636 = DIRECTION('',(1.,0.,-0.));
#11637 = DIRECTION('',(0.,-1.,0.));
#11638 = DEFINITIONAL_REPRESENTATION('',(#11639),#11642);
#11639 = B_SPLINE_CURVE_WITH_KNOTS('',1,(#11640,#11641),.UNSPECIFIED.,
  .F.,.F.,(2,2),(0.,0.6),.PIECEWISE_BEZIER_KNOTS.);
#11640 = CARTESIAN_POINT('',(5.2705,0.));
#11641 = CARTESIAN_POINT('',(5.2705,-0.6));
#11642 = ( GEOMETRIC_REPRESENTATION_CONTEXT(2) 
PARAMETRIC_REPRESENTATION_CONTEXT() REPRESENTATION_CONTEXT('2D SPACE',''
  ) );
#11643 = ORIENTED_EDGE('',*,*,#11548,.T.);
#11644 = ORIENTED_EDGE('',*,*,#11645,.T.);
#11645 = EDGE_CURVE('',#8735,#6373,#11646,.T.);
#11646 = SURFACE_CURVE('',#11647,(#11651,#11657),.PCURVE_S1.);
#11647 = LINE('',#11648,#11649);
#11648 = CARTESIAN_POINT('',(-9.25,34.,4.45));
#11649 = VECTOR('',#11650,1.);
#11650 = DIRECTION('',(-0.,-0.,-1.));
#11651 = PCURVE('',#8827,#11652);
#11652 = DEFINITIONAL_REPRESENTATION('',(#11653),#11656);
#11653 = B_SPLINE_CURVE_WITH_KNOTS('',1,(#11654,#11655),.UNSPECIFIED.,
  .F.,.F.,(2,2),(-0.6,0.),.PIECEWISE_BEZIER_KNOTS.);
#11654 = CARTESIAN_POINT('',(70.,-0.6));
#11655 = CARTESIAN_POINT('',(70.,0.));
#11656 = ( GEOMETRIC_REPRESENTATION_CONTEXT(2) 
PARAMETRIC_REPRESENTATION_CONTEXT() REPRESENTATION_CONTEXT('2D SPACE',''
  ) );
#11657 = PCURVE('',#8887,#11658);
#11658 = DEFINITIONAL_REPRESENTATION('',(#11659),#11662);
#11659 = B_SPLINE_CURVE_WITH_KNOTS('',1,(#11660,#11661),.UNSPECIFIED.,
  .F.,.F.,(2,2),(-0.6,0.),.PIECEWISE_BEZIER_KNOTS.);
#11660 = CARTESIAN_POINT('',(97.9,-0.6));
#11661 = CARTESIAN_POINT('',(97.9,0.));
#11662 = ( GEOMETRIC_REPRESENTATION_CONTEXT(2) 
PARAMETRIC_REPRESENTATION_CONTEXT() REPRESENTATION_CONTEXT('2D SPACE',''
  ) );
#11663 = ADVANCED_FACE('',(#11664),#8887,.F.);
#11664 = FACE_BOUND('',#11665,.F.);
#11665 = EDGE_LOOP('',(#11666,#11667,#11668,#11669));
#11666 = ORIENTED_EDGE('',*,*,#8871,.F.);
#11667 = ORIENTED_EDGE('',*,*,#11645,.F.);
#11668 = ORIENTED_EDGE('',*,*,#8925,.T.);
#11669 = ORIENTED_EDGE('',*,*,#8972,.F.);
#11670 = ADVANCED_FACE('',(#11671),#9017,.F.);
#11671 = FACE_BOUND('',#11672,.F.);
#11672 = EDGE_LOOP('',(#11673,#11674,#11675,#11696));
#11673 = ORIENTED_EDGE('',*,*,#9136,.T.);
#11674 = ORIENTED_EDGE('',*,*,#9160,.T.);
#11675 = ORIENTED_EDGE('',*,*,#11676,.T.);
#11676 = EDGE_CURVE('',#9161,#9000,#11677,.T.);
#11677 = SURFACE_CURVE('',#11678,(#11682,#11689),.PCURVE_S1.);
#11678 = LINE('',#11679,#11680);
#11679 = CARTESIAN_POINT('',(40.5355,39.2705,4.45));
#11680 = VECTOR('',#11681,1.);
#11681 = DIRECTION('',(-1.,0.,0.));
#11682 = PCURVE('',#9017,#11683);
#11683 = DEFINITIONAL_REPRESENTATION('',(#11684),#11688);
#11684 = LINE('',#11685,#11686);
#11685 = CARTESIAN_POINT('',(14.,53.2705));
#11686 = VECTOR('',#11687,1.);
#11687 = DIRECTION('',(-1.,0.));
#11688 = ( GEOMETRIC_REPRESENTATION_CONTEXT(2) 
PARAMETRIC_REPRESENTATION_CONTEXT() REPRESENTATION_CONTEXT('2D SPACE',''
  ) );
#11689 = PCURVE('',#9247,#11690);
#11690 = DEFINITIONAL_REPRESENTATION('',(#11691),#11695);
#11691 = LINE('',#11692,#11693);
#11692 = CARTESIAN_POINT('',(14.,53.2705));
#11693 = VECTOR('',#11694,1.);
#11694 = DIRECTION('',(-1.,0.));
#11695 = ( GEOMETRIC_REPRESENTATION_CONTEXT(2) 
PARAMETRIC_REPRESENTATION_CONTEXT() REPRESENTATION_CONTEXT('2D SPACE',''
  ) );
#11696 = ORIENTED_EDGE('',*,*,#8999,.T.);
#11697 = ADVANCED_FACE('',(#11698),#9122,.F.);
#11698 = FACE_BOUND('',#11699,.F.);
#11699 = EDGE_LOOP('',(#11700,#11723,#11724,#11725));
#11700 = ORIENTED_EDGE('',*,*,#11701,.T.);
#11701 = EDGE_CURVE('',#11702,#8789,#11704,.T.);
#11702 = VERTEX_POINT('',#11703);
#11703 = CARTESIAN_POINT('',(12.5355,34.1835,4.45));
#11704 = SURFACE_CURVE('',#11705,(#11709,#11716),.PCURVE_S1.);
#11705 = LINE('',#11706,#11707);
#11706 = CARTESIAN_POINT('',(12.5355,39.2705,4.45));
#11707 = VECTOR('',#11708,1.);
#11708 = DIRECTION('',(0.,-1.,0.));
#11709 = PCURVE('',#9122,#11710);
#11710 = DEFINITIONAL_REPRESENTATION('',(#11711),#11715);
#11711 = LINE('',#11712,#11713);
#11712 = CARTESIAN_POINT('',(-14.,59.01025));
#11713 = VECTOR('',#11714,1.);
#11714 = DIRECTION('',(0.,-1.));
#11715 = ( GEOMETRIC_REPRESENTATION_CONTEXT(2) 
PARAMETRIC_REPRESENTATION_CONTEXT() REPRESENTATION_CONTEXT('2D SPACE',''
  ) );
#11716 = PCURVE('',#11633,#11717);
#11717 = DEFINITIONAL_REPRESENTATION('',(#11718),#11722);
#11718 = LINE('',#11719,#11720);
#11719 = CARTESIAN_POINT('',(0.,0.));
#11720 = VECTOR('',#11721,1.);
#11721 = DIRECTION('',(1.,0.));
#11722 = ( GEOMETRIC_REPRESENTATION_CONTEXT(2) 
PARAMETRIC_REPRESENTATION_CONTEXT() REPRESENTATION_CONTEXT('2D SPACE',''
  ) );
#11723 = ORIENTED_EDGE('',*,*,#9784,.F.);
#11724 = ORIENTED_EDGE('',*,*,#9108,.F.);
#11725 = ORIENTED_EDGE('',*,*,#11726,.F.);
#11726 = EDGE_CURVE('',#11702,#9086,#11727,.T.);
#11727 = SURFACE_CURVE('',#11728,(#11732,#11739),.PCURVE_S1.);
#11728 = LINE('',#11729,#11730);
#11729 = CARTESIAN_POINT('',(7.438,34.1835,4.45));
#11730 = VECTOR('',#11731,1.);
#11731 = DIRECTION('',(1.,0.,0.));
#11732 = PCURVE('',#9122,#11733);
#11733 = DEFINITIONAL_REPRESENTATION('',(#11734),#11738);
#11734 = LINE('',#11735,#11736);
#11735 = CARTESIAN_POINT('',(-19.0975,53.92325));
#11736 = VECTOR('',#11737,1.);
#11737 = DIRECTION('',(1.,0.));
#11738 = ( GEOMETRIC_REPRESENTATION_CONTEXT(2) 
PARAMETRIC_REPRESENTATION_CONTEXT() REPRESENTATION_CONTEXT('2D SPACE',''
  ) );
#11739 = PCURVE('',#11740,#11745);
#11740 = PLANE('',#11741);
#11741 = AXIS2_PLACEMENT_3D('',#11742,#11743,#11744);
#11742 = CARTESIAN_POINT('',(12.438,39.1835,4.45));
#11743 = DIRECTION('',(0.,0.,1.));
#11744 = DIRECTION('',(1.,0.,-0.));
#11745 = DEFINITIONAL_REPRESENTATION('',(#11746),#11750);
#11746 = LINE('',#11747,#11748);
#11747 = CARTESIAN_POINT('',(-5.,-5.));
#11748 = VECTOR('',#11749,1.);
#11749 = DIRECTION('',(1.,0.));
#11750 = ( GEOMETRIC_REPRESENTATION_CONTEXT(2) 
PARAMETRIC_REPRESENTATION_CONTEXT() REPRESENTATION_CONTEXT('2D SPACE',''
  ) );
#11751 = ADVANCED_FACE('',(#11752),#9073,.F.);
#11752 = FACE_BOUND('',#11753,.F.);
#11753 = EDGE_LOOP('',(#11754,#11755,#11783,#11804));
#11754 = ORIENTED_EDGE('',*,*,#9057,.T.);
#11755 = ORIENTED_EDGE('',*,*,#11756,.T.);
#11756 = EDGE_CURVE('',#9030,#11757,#11759,.T.);
#11757 = VERTEX_POINT('',#11758);
#11758 = CARTESIAN_POINT('',(15.5355,39.2705,4.45));
#11759 = SURFACE_CURVE('',#11760,(#11764,#11771),.PCURVE_S1.);
#11760 = LINE('',#11761,#11762);
#11761 = CARTESIAN_POINT('',(40.5355,39.2705,4.45));
#11762 = VECTOR('',#11763,1.);
#11763 = DIRECTION('',(-1.,0.,0.));
#11764 = PCURVE('',#9073,#11765);
#11765 = DEFINITIONAL_REPRESENTATION('',(#11766),#11770);
#11766 = LINE('',#11767,#11768);
#11767 = CARTESIAN_POINT('',(14.,53.2705));
#11768 = VECTOR('',#11769,1.);
#11769 = DIRECTION('',(-1.,0.));
#11770 = ( GEOMETRIC_REPRESENTATION_CONTEXT(2) 
PARAMETRIC_REPRESENTATION_CONTEXT() REPRESENTATION_CONTEXT('2D SPACE',''
  ) );
#11771 = PCURVE('',#11772,#11777);
#11772 = PLANE('',#11773);
#11773 = AXIS2_PLACEMENT_3D('',#11774,#11775,#11776);
#11774 = CARTESIAN_POINT('',(26.5355,-14.,4.45));
#11775 = DIRECTION('',(0.,0.,1.));
#11776 = DIRECTION('',(1.,0.,-0.));
#11777 = DEFINITIONAL_REPRESENTATION('',(#11778),#11782);
#11778 = LINE('',#11779,#11780);
#11779 = CARTESIAN_POINT('',(14.,53.2705));
#11780 = VECTOR('',#11781,1.);
#11781 = DIRECTION('',(-1.,0.));
#11782 = ( GEOMETRIC_REPRESENTATION_CONTEXT(2) 
PARAMETRIC_REPRESENTATION_CONTEXT() REPRESENTATION_CONTEXT('2D SPACE',''
  ) );
#11783 = ORIENTED_EDGE('',*,*,#11784,.T.);
#11784 = EDGE_CURVE('',#11757,#9086,#11785,.T.);
#11785 = SURFACE_CURVE('',#11786,(#11790,#11797),.PCURVE_S1.);
#11786 = LINE('',#11787,#11788);
#11787 = CARTESIAN_POINT('',(15.5355,44.2705,4.45));
#11788 = VECTOR('',#11789,1.);
#11789 = DIRECTION('',(0.,-1.,0.));
#11790 = PCURVE('',#9073,#11791);
#11791 = DEFINITIONAL_REPRESENTATION('',(#11792),#11796);
#11792 = LINE('',#11793,#11794);
#11793 = CARTESIAN_POINT('',(-11.,58.2705));
#11794 = VECTOR('',#11795,1.);
#11795 = DIRECTION('',(0.,-1.));
#11796 = ( GEOMETRIC_REPRESENTATION_CONTEXT(2) 
PARAMETRIC_REPRESENTATION_CONTEXT() REPRESENTATION_CONTEXT('2D SPACE',''
  ) );
#11797 = PCURVE('',#11740,#11798);
#11798 = DEFINITIONAL_REPRESENTATION('',(#11799),#11803);
#11799 = LINE('',#11800,#11801);
#11800 = CARTESIAN_POINT('',(3.0975,5.087));
#11801 = VECTOR('',#11802,1.);
#11802 = DIRECTION('',(0.,-1.));
#11803 = ( GEOMETRIC_REPRESENTATION_CONTEXT(2) 
PARAMETRIC_REPRESENTATION_CONTEXT() REPRESENTATION_CONTEXT('2D SPACE',''
  ) );
#11804 = ORIENTED_EDGE('',*,*,#9085,.T.);
#11805 = ADVANCED_FACE('',(#11806),#9045,.F.);
#11806 = FACE_BOUND('',#11807,.F.);
#11807 = EDGE_LOOP('',(#11808,#11831,#11859,#11887,#11915,#11938,#11959,
    #11960));
#11808 = ORIENTED_EDGE('',*,*,#11809,.F.);
#11809 = EDGE_CURVE('',#9232,#11810,#11812,.T.);
#11810 = VERTEX_POINT('',#11811);
#11811 = CARTESIAN_POINT('',(35.175,44.2345,4.45));
#11812 = SURFACE_CURVE('',#11813,(#11817,#11824),.PCURVE_S1.);
#11813 = LINE('',#11814,#11815);
#11814 = CARTESIAN_POINT('',(45.175,44.2345,4.45));
#11815 = VECTOR('',#11816,1.);
#11816 = DIRECTION('',(-1.,0.,0.));
#11817 = PCURVE('',#9045,#11818);
#11818 = DEFINITIONAL_REPRESENTATION('',(#11819),#11823);
#11819 = LINE('',#11820,#11821);
#11820 = CARTESIAN_POINT('',(18.6395,58.2345));
#11821 = VECTOR('',#11822,1.);
#11822 = DIRECTION('',(-1.,0.));
#11823 = ( GEOMETRIC_REPRESENTATION_CONTEXT(2) 
PARAMETRIC_REPRESENTATION_CONTEXT() REPRESENTATION_CONTEXT('2D SPACE',''
  ) );
#11824 = PCURVE('',#9247,#11825);
#11825 = DEFINITIONAL_REPRESENTATION('',(#11826),#11830);
#11826 = LINE('',#11827,#11828);
#11827 = CARTESIAN_POINT('',(18.6395,58.2345));
#11828 = VECTOR('',#11829,1.);
#11829 = DIRECTION('',(-1.,0.));
#11830 = ( GEOMETRIC_REPRESENTATION_CONTEXT(2) 
PARAMETRIC_REPRESENTATION_CONTEXT() REPRESENTATION_CONTEXT('2D SPACE',''
  ) );
#11831 = ORIENTED_EDGE('',*,*,#11832,.T.);
#11832 = EDGE_CURVE('',#9232,#11833,#11835,.T.);
#11833 = VERTEX_POINT('',#11834);
#11834 = CARTESIAN_POINT('',(37.5355,44.2705,4.45));
#11835 = SURFACE_CURVE('',#11836,(#11840,#11847),.PCURVE_S1.);
#11836 = LINE('',#11837,#11838);
#11837 = CARTESIAN_POINT('',(37.5355,-72.2705,4.45));
#11838 = VECTOR('',#11839,1.);
#11839 = DIRECTION('',(0.,1.,0.));
#11840 = PCURVE('',#9045,#11841);
#11841 = DEFINITIONAL_REPRESENTATION('',(#11842),#11846);
#11842 = LINE('',#11843,#11844);
#11843 = CARTESIAN_POINT('',(11.,-58.2705));
#11844 = VECTOR('',#11845,1.);
#11845 = DIRECTION('',(0.,1.));
#11846 = ( GEOMETRIC_REPRESENTATION_CONTEXT(2) 
PARAMETRIC_REPRESENTATION_CONTEXT() REPRESENTATION_CONTEXT('2D SPACE',''
  ) );
#11847 = PCURVE('',#11848,#11853);
#11848 = PLANE('',#11849);
#11849 = AXIS2_PLACEMENT_3D('',#11850,#11851,#11852);
#11850 = CARTESIAN_POINT('',(37.5355,-72.2705,4.45));
#11851 = DIRECTION('',(-1.,0.,0.));
#11852 = DIRECTION('',(0.,1.,0.));
#11853 = DEFINITIONAL_REPRESENTATION('',(#11854),#11858);
#11854 = LINE('',#11855,#11856);
#11855 = CARTESIAN_POINT('',(0.,0.));
#11856 = VECTOR('',#11857,1.);
#11857 = DIRECTION('',(1.,0.));
#11858 = ( GEOMETRIC_REPRESENTATION_CONTEXT(2) 
PARAMETRIC_REPRESENTATION_CONTEXT() REPRESENTATION_CONTEXT('2D SPACE',''
  ) );
#11859 = ORIENTED_EDGE('',*,*,#11860,.T.);
#11860 = EDGE_CURVE('',#11833,#11861,#11863,.T.);
#11861 = VERTEX_POINT('',#11862);
#11862 = CARTESIAN_POINT('',(15.5355,44.2705,4.45));
#11863 = SURFACE_CURVE('',#11864,(#11868,#11875),.PCURVE_S1.);
#11864 = LINE('',#11865,#11866);
#11865 = CARTESIAN_POINT('',(37.5355,44.2705,4.45));
#11866 = VECTOR('',#11867,1.);
#11867 = DIRECTION('',(-1.,0.,0.));
#11868 = PCURVE('',#9045,#11869);
#11869 = DEFINITIONAL_REPRESENTATION('',(#11870),#11874);
#11870 = LINE('',#11871,#11872);
#11871 = CARTESIAN_POINT('',(11.,58.2705));
#11872 = VECTOR('',#11873,1.);
#11873 = DIRECTION('',(-1.,0.));
#11874 = ( GEOMETRIC_REPRESENTATION_CONTEXT(2) 
PARAMETRIC_REPRESENTATION_CONTEXT() REPRESENTATION_CONTEXT('2D SPACE',''
  ) );
#11875 = PCURVE('',#11876,#11881);
#11876 = PLANE('',#11877);
#11877 = AXIS2_PLACEMENT_3D('',#11878,#11879,#11880);
#11878 = CARTESIAN_POINT('',(37.5355,44.2705,4.45));
#11879 = DIRECTION('',(0.,-1.,0.));
#11880 = DIRECTION('',(-1.,0.,0.));
#11881 = DEFINITIONAL_REPRESENTATION('',(#11882),#11886);
#11882 = LINE('',#11883,#11884);
#11883 = CARTESIAN_POINT('',(0.,-0.));
#11884 = VECTOR('',#11885,1.);
#11885 = DIRECTION('',(1.,0.));
#11886 = ( GEOMETRIC_REPRESENTATION_CONTEXT(2) 
PARAMETRIC_REPRESENTATION_CONTEXT() REPRESENTATION_CONTEXT('2D SPACE',''
  ) );
#11887 = ORIENTED_EDGE('',*,*,#11888,.T.);
#11888 = EDGE_CURVE('',#11861,#11889,#11891,.T.);
#11889 = VERTEX_POINT('',#11890);
#11890 = CARTESIAN_POINT('',(15.5355,44.1835,4.45));
#11891 = SURFACE_CURVE('',#11892,(#11896,#11903),.PCURVE_S1.);
#11892 = LINE('',#11893,#11894);
#11893 = CARTESIAN_POINT('',(15.5355,44.2705,4.45));
#11894 = VECTOR('',#11895,1.);
#11895 = DIRECTION('',(0.,-1.,0.));
#11896 = PCURVE('',#9045,#11897);
#11897 = DEFINITIONAL_REPRESENTATION('',(#11898),#11902);
#11898 = LINE('',#11899,#11900);
#11899 = CARTESIAN_POINT('',(-11.,58.2705));
#11900 = VECTOR('',#11901,1.);
#11901 = DIRECTION('',(0.,-1.));
#11902 = ( GEOMETRIC_REPRESENTATION_CONTEXT(2) 
PARAMETRIC_REPRESENTATION_CONTEXT() REPRESENTATION_CONTEXT('2D SPACE',''
  ) );
#11903 = PCURVE('',#11904,#11909);
#11904 = PLANE('',#11905);
#11905 = AXIS2_PLACEMENT_3D('',#11906,#11907,#11908);
#11906 = CARTESIAN_POINT('',(15.5355,44.2705,4.45));
#11907 = DIRECTION('',(1.,0.,-0.));
#11908 = DIRECTION('',(0.,-1.,0.));
#11909 = DEFINITIONAL_REPRESENTATION('',(#11910),#11914);
#11910 = LINE('',#11911,#11912);
#11911 = CARTESIAN_POINT('',(0.,0.));
#11912 = VECTOR('',#11913,1.);
#11913 = DIRECTION('',(1.,0.));
#11914 = ( GEOMETRIC_REPRESENTATION_CONTEXT(2) 
PARAMETRIC_REPRESENTATION_CONTEXT() REPRESENTATION_CONTEXT('2D SPACE',''
  ) );
#11915 = ORIENTED_EDGE('',*,*,#11916,.F.);
#11916 = EDGE_CURVE('',#11917,#11889,#11919,.T.);
#11917 = VERTEX_POINT('',#11918);
#11918 = CARTESIAN_POINT('',(17.438,44.1835,4.45));
#11919 = SURFACE_CURVE('',#11920,(#11924,#11931),.PCURVE_S1.);
#11920 = LINE('',#11921,#11922);
#11921 = CARTESIAN_POINT('',(17.438,44.1835,4.45));
#11922 = VECTOR('',#11923,1.);
#11923 = DIRECTION('',(-1.,0.,0.));
#11924 = PCURVE('',#9045,#11925);
#11925 = DEFINITIONAL_REPRESENTATION('',(#11926),#11930);
#11926 = LINE('',#11927,#11928);
#11927 = CARTESIAN_POINT('',(-9.0975,58.1835));
#11928 = VECTOR('',#11929,1.);
#11929 = DIRECTION('',(-1.,0.));
#11930 = ( GEOMETRIC_REPRESENTATION_CONTEXT(2) 
PARAMETRIC_REPRESENTATION_CONTEXT() REPRESENTATION_CONTEXT('2D SPACE',''
  ) );
#11931 = PCURVE('',#11772,#11932);
#11932 = DEFINITIONAL_REPRESENTATION('',(#11933),#11937);
#11933 = LINE('',#11934,#11935);
#11934 = CARTESIAN_POINT('',(-9.0975,58.1835));
#11935 = VECTOR('',#11936,1.);
#11936 = DIRECTION('',(-1.,0.));
#11937 = ( GEOMETRIC_REPRESENTATION_CONTEXT(2) 
PARAMETRIC_REPRESENTATION_CONTEXT() REPRESENTATION_CONTEXT('2D SPACE',''
  ) );
#11938 = ORIENTED_EDGE('',*,*,#11939,.F.);
#11939 = EDGE_CURVE('',#9030,#11917,#11940,.T.);
#11940 = SURFACE_CURVE('',#11941,(#11945,#11952),.PCURVE_S1.);
#11941 = LINE('',#11942,#11943);
#11942 = CARTESIAN_POINT('',(17.438,34.1835,4.45));
#11943 = VECTOR('',#11944,1.);
#11944 = DIRECTION('',(0.,1.,0.));
#11945 = PCURVE('',#9045,#11946);
#11946 = DEFINITIONAL_REPRESENTATION('',(#11947),#11951);
#11947 = LINE('',#11948,#11949);
#11948 = CARTESIAN_POINT('',(-9.0975,48.1835));
#11949 = VECTOR('',#11950,1.);
#11950 = DIRECTION('',(0.,1.));
#11951 = ( GEOMETRIC_REPRESENTATION_CONTEXT(2) 
PARAMETRIC_REPRESENTATION_CONTEXT() REPRESENTATION_CONTEXT('2D SPACE',''
  ) );
#11952 = PCURVE('',#11772,#11953);
#11953 = DEFINITIONAL_REPRESENTATION('',(#11954),#11958);
#11954 = LINE('',#11955,#11956);
#11955 = CARTESIAN_POINT('',(-9.0975,48.1835));
#11956 = VECTOR('',#11957,1.);
#11957 = DIRECTION('',(0.,1.));
#11958 = ( GEOMETRIC_REPRESENTATION_CONTEXT(2) 
PARAMETRIC_REPRESENTATION_CONTEXT() REPRESENTATION_CONTEXT('2D SPACE',''
  ) );
#11959 = ORIENTED_EDGE('',*,*,#9029,.F.);
#11960 = ORIENTED_EDGE('',*,*,#11961,.F.);
#11961 = EDGE_CURVE('',#11810,#9000,#11962,.T.);
#11962 = SURFACE_CURVE('',#11963,(#11967,#11974),.PCURVE_S1.);
#11963 = LINE('',#11964,#11965);
#11964 = CARTESIAN_POINT('',(35.175,44.2345,4.45));
#11965 = VECTOR('',#11966,1.);
#11966 = DIRECTION('',(0.,-1.,0.));
#11967 = PCURVE('',#9045,#11968);
#11968 = DEFINITIONAL_REPRESENTATION('',(#11969),#11973);
#11969 = LINE('',#11970,#11971);
#11970 = CARTESIAN_POINT('',(8.6395,58.2345));
#11971 = VECTOR('',#11972,1.);
#11972 = DIRECTION('',(0.,-1.));
#11973 = ( GEOMETRIC_REPRESENTATION_CONTEXT(2) 
PARAMETRIC_REPRESENTATION_CONTEXT() REPRESENTATION_CONTEXT('2D SPACE',''
  ) );
#11974 = PCURVE('',#9247,#11975);
#11975 = DEFINITIONAL_REPRESENTATION('',(#11976),#11980);
#11976 = LINE('',#11977,#11978);
#11977 = CARTESIAN_POINT('',(8.6395,58.2345));
#11978 = VECTOR('',#11979,1.);
#11979 = DIRECTION('',(0.,-1.));
#11980 = ( GEOMETRIC_REPRESENTATION_CONTEXT(2) 
PARAMETRIC_REPRESENTATION_CONTEXT() REPRESENTATION_CONTEXT('2D SPACE',''
  ) );
#11981 = ADVANCED_FACE('',(#11982),#9247,.F.);
#11982 = FACE_BOUND('',#11983,.F.);
#11983 = EDGE_LOOP('',(#11984,#11985,#11986,#11987));
#11984 = ORIENTED_EDGE('',*,*,#11676,.F.);
#11985 = ORIENTED_EDGE('',*,*,#9231,.T.);
#11986 = ORIENTED_EDGE('',*,*,#11809,.T.);
#11987 = ORIENTED_EDGE('',*,*,#11961,.T.);
#11988 = ADVANCED_FACE('',(#11989),#9299,.F.);
#11989 = FACE_BOUND('',#11990,.F.);
#11990 = EDGE_LOOP('',(#11991,#11992,#11993,#11994));
#11991 = ORIENTED_EDGE('',*,*,#9285,.F.);
#11992 = ORIENTED_EDGE('',*,*,#9338,.T.);
#11993 = ORIENTED_EDGE('',*,*,#9525,.T.);
#11994 = ORIENTED_EDGE('',*,*,#11995,.F.);
#11995 = EDGE_CURVE('',#9232,#9366,#11996,.T.);
#11996 = SURFACE_CURVE('',#11997,(#12001,#12007),.PCURVE_S1.);
#11997 = LINE('',#11998,#11999);
#11998 = CARTESIAN_POINT('',(37.5355,44.2345,4.45));
#11999 = VECTOR('',#12000,1.);
#12000 = DIRECTION('',(0.,0.,1.));
#12001 = PCURVE('',#9299,#12002);
#12002 = DEFINITIONAL_REPRESENTATION('',(#12003),#12006);
#12003 = B_SPLINE_CURVE_WITH_KNOTS('',1,(#12004,#12005),.UNSPECIFIED.,
  .F.,.F.,(2,2),(0.,0.6),.PIECEWISE_BEZIER_KNOTS.);
#12004 = CARTESIAN_POINT('',(7.6395,0.));
#12005 = CARTESIAN_POINT('',(7.6395,-0.6));
#12006 = ( GEOMETRIC_REPRESENTATION_CONTEXT(2) 
PARAMETRIC_REPRESENTATION_CONTEXT() REPRESENTATION_CONTEXT('2D SPACE',''
  ) );
#12007 = PCURVE('',#11848,#12008);
#12008 = DEFINITIONAL_REPRESENTATION('',(#12009),#12012);
#12009 = B_SPLINE_CURVE_WITH_KNOTS('',1,(#12010,#12011),.UNSPECIFIED.,
  .F.,.F.,(2,2),(0.,0.6),.PIECEWISE_BEZIER_KNOTS.);
#12010 = CARTESIAN_POINT('',(116.505,0.));
#12011 = CARTESIAN_POINT('',(116.505,-0.6));
#12012 = ( GEOMETRIC_REPRESENTATION_CONTEXT(2) 
PARAMETRIC_REPRESENTATION_CONTEXT() REPRESENTATION_CONTEXT('2D SPACE',''
  ) );
#12013 = ADVANCED_FACE('',(#12014),#9381,.T.);
#12014 = FACE_BOUND('',#12015,.T.);
#12015 = EDGE_LOOP('',(#12016,#12039,#12040,#12068));
#12016 = ORIENTED_EDGE('',*,*,#12017,.F.);
#12017 = EDGE_CURVE('',#9364,#12018,#12020,.T.);
#12018 = VERTEX_POINT('',#12019);
#12019 = CARTESIAN_POINT('',(35.175,41.6705,5.05));
#12020 = SURFACE_CURVE('',#12021,(#12025,#12032),.PCURVE_S1.);
#12021 = LINE('',#12022,#12023);
#12022 = CARTESIAN_POINT('',(40.5355,41.6705,5.05));
#12023 = VECTOR('',#12024,1.);
#12024 = DIRECTION('',(-1.,0.,0.));
#12025 = PCURVE('',#9381,#12026);
#12026 = DEFINITIONAL_REPRESENTATION('',(#12027),#12031);
#12027 = LINE('',#12028,#12029);
#12028 = CARTESIAN_POINT('',(14.,55.6705));
#12029 = VECTOR('',#12030,1.);
#12030 = DIRECTION('',(-1.,0.));
#12031 = ( GEOMETRIC_REPRESENTATION_CONTEXT(2) 
PARAMETRIC_REPRESENTATION_CONTEXT() REPRESENTATION_CONTEXT('2D SPACE',''
  ) );
#12032 = PCURVE('',#9409,#12033);
#12033 = DEFINITIONAL_REPRESENTATION('',(#12034),#12038);
#12034 = LINE('',#12035,#12036);
#12035 = CARTESIAN_POINT('',(0.,-0.));
#12036 = VECTOR('',#12037,1.);
#12037 = DIRECTION('',(1.,0.));
#12038 = ( GEOMETRIC_REPRESENTATION_CONTEXT(2) 
PARAMETRIC_REPRESENTATION_CONTEXT() REPRESENTATION_CONTEXT('2D SPACE',''
  ) );
#12039 = ORIENTED_EDGE('',*,*,#9363,.T.);
#12040 = ORIENTED_EDGE('',*,*,#12041,.T.);
#12041 = EDGE_CURVE('',#9366,#12042,#12044,.T.);
#12042 = VERTEX_POINT('',#12043);
#12043 = CARTESIAN_POINT('',(35.175,44.2345,5.05));
#12044 = SURFACE_CURVE('',#12045,(#12049,#12056),.PCURVE_S1.);
#12045 = LINE('',#12046,#12047);
#12046 = CARTESIAN_POINT('',(45.175,44.2345,5.05));
#12047 = VECTOR('',#12048,1.);
#12048 = DIRECTION('',(-1.,0.,0.));
#12049 = PCURVE('',#9381,#12050);
#12050 = DEFINITIONAL_REPRESENTATION('',(#12051),#12055);
#12051 = LINE('',#12052,#12053);
#12052 = CARTESIAN_POINT('',(18.6395,58.2345));
#12053 = VECTOR('',#12054,1.);
#12054 = DIRECTION('',(-1.,0.));
#12055 = ( GEOMETRIC_REPRESENTATION_CONTEXT(2) 
PARAMETRIC_REPRESENTATION_CONTEXT() REPRESENTATION_CONTEXT('2D SPACE',''
  ) );
#12056 = PCURVE('',#12057,#12062);
#12057 = PLANE('',#12058);
#12058 = AXIS2_PLACEMENT_3D('',#12059,#12060,#12061);
#12059 = CARTESIAN_POINT('',(26.5355,-14.,5.05));
#12060 = DIRECTION('',(0.,0.,1.));
#12061 = DIRECTION('',(1.,0.,-0.));
#12062 = DEFINITIONAL_REPRESENTATION('',(#12063),#12067);
#12063 = LINE('',#12064,#12065);
#12064 = CARTESIAN_POINT('',(18.6395,58.2345));
#12065 = VECTOR('',#12066,1.);
#12066 = DIRECTION('',(-1.,0.));
#12067 = ( GEOMETRIC_REPRESENTATION_CONTEXT(2) 
PARAMETRIC_REPRESENTATION_CONTEXT() REPRESENTATION_CONTEXT('2D SPACE',''
  ) );
#12068 = ORIENTED_EDGE('',*,*,#12069,.T.);
#12069 = EDGE_CURVE('',#12042,#12018,#12070,.T.);
#12070 = SURFACE_CURVE('',#12071,(#12075,#12082),.PCURVE_S1.);
#12071 = LINE('',#12072,#12073);
#12072 = CARTESIAN_POINT('',(35.175,44.2345,5.05));
#12073 = VECTOR('',#12074,1.);
#12074 = DIRECTION('',(0.,-1.,0.));
#12075 = PCURVE('',#9381,#12076);
#12076 = DEFINITIONAL_REPRESENTATION('',(#12077),#12081);
#12077 = LINE('',#12078,#12079);
#12078 = CARTESIAN_POINT('',(8.6395,58.2345));
#12079 = VECTOR('',#12080,1.);
#12080 = DIRECTION('',(0.,-1.));
#12081 = ( GEOMETRIC_REPRESENTATION_CONTEXT(2) 
PARAMETRIC_REPRESENTATION_CONTEXT() REPRESENTATION_CONTEXT('2D SPACE',''
  ) );
#12082 = PCURVE('',#12057,#12083);
#12083 = DEFINITIONAL_REPRESENTATION('',(#12084),#12088);
#12084 = LINE('',#12085,#12086);
#12085 = CARTESIAN_POINT('',(8.6395,58.2345));
#12086 = VECTOR('',#12087,1.);
#12087 = DIRECTION('',(0.,-1.));
#12088 = ( GEOMETRIC_REPRESENTATION_CONTEXT(2) 
PARAMETRIC_REPRESENTATION_CONTEXT() REPRESENTATION_CONTEXT('2D SPACE',''
  ) );
#12089 = ADVANCED_FACE('',(#12090),#9466,.T.);
#12090 = FACE_BOUND('',#12091,.F.);
#12091 = EDGE_LOOP('',(#12092,#12115,#12116,#12117,#12138,#12171,#12190,
    #12191,#12192));
#12092 = ORIENTED_EDGE('',*,*,#12093,.F.);
#12093 = EDGE_CURVE('',#9450,#12094,#12096,.T.);
#12094 = VERTEX_POINT('',#12095);
#12095 = CARTESIAN_POINT('',(40.8,39.2345,33.05));
#12096 = SEAM_CURVE('',#12097,(#12101,#12108),.PCURVE_S1.);
#12097 = LINE('',#12098,#12099);
#12098 = CARTESIAN_POINT('',(40.8,39.2345,5.05));
#12099 = VECTOR('',#12100,1.);
#12100 = DIRECTION('',(0.,0.,1.));
#12101 = PCURVE('',#9466,#12102);
#12102 = DEFINITIONAL_REPRESENTATION('',(#12103),#12107);
#12103 = LINE('',#12104,#12105);
#12104 = CARTESIAN_POINT('',(-6.28318530718,0.));
#12105 = VECTOR('',#12106,1.);
#12106 = DIRECTION('',(-0.,-1.));
#12107 = ( GEOMETRIC_REPRESENTATION_CONTEXT(2) 
PARAMETRIC_REPRESENTATION_CONTEXT() REPRESENTATION_CONTEXT('2D SPACE',''
  ) );
#12108 = PCURVE('',#9466,#12109);
#12109 = DEFINITIONAL_REPRESENTATION('',(#12110),#12114);
#12110 = LINE('',#12111,#12112);
#12111 = CARTESIAN_POINT('',(-0.,0.));
#12112 = VECTOR('',#12113,1.);
#12113 = DIRECTION('',(-0.,-1.));
#12114 = ( GEOMETRIC_REPRESENTATION_CONTEXT(2) 
PARAMETRIC_REPRESENTATION_CONTEXT() REPRESENTATION_CONTEXT('2D SPACE',''
  ) );
#12115 = ORIENTED_EDGE('',*,*,#9478,.F.);
#12116 = ORIENTED_EDGE('',*,*,#9703,.F.);
#12117 = ORIENTED_EDGE('',*,*,#12118,.F.);
#12118 = EDGE_CURVE('',#12119,#9704,#12121,.T.);
#12119 = VERTEX_POINT('',#12120);
#12120 = CARTESIAN_POINT('',(39.551037661393,39.2705,9.05));
#12121 = SURFACE_CURVE('',#12122,(#12126,#12132),.PCURVE_S1.);
#12122 = LINE('',#12123,#12124);
#12123 = CARTESIAN_POINT('',(39.551037661393,39.2705,5.05));
#12124 = VECTOR('',#12125,1.);
#12125 = DIRECTION('',(-0.,-0.,-1.));
#12126 = PCURVE('',#9466,#12127);
#12127 = DEFINITIONAL_REPRESENTATION('',(#12128),#12131);
#12128 = B_SPLINE_CURVE_WITH_KNOTS('',1,(#12129,#12130),.UNSPECIFIED.,
  .F.,.F.,(2,2),(-4.4,5.999999999062E-07),.PIECEWISE_BEZIER_KNOTS.);
#12129 = CARTESIAN_POINT('',(-3.083960755447,-4.4));
#12130 = CARTESIAN_POINT('',(-3.083960755447,5.999999999062E-07));
#12131 = ( GEOMETRIC_REPRESENTATION_CONTEXT(2) 
PARAMETRIC_REPRESENTATION_CONTEXT() REPRESENTATION_CONTEXT('2D SPACE',''
  ) );
#12132 = PCURVE('',#9616,#12133);
#12133 = DEFINITIONAL_REPRESENTATION('',(#12134),#12137);
#12134 = B_SPLINE_CURVE_WITH_KNOTS('',1,(#12135,#12136),.UNSPECIFIED.,
  .F.,.F.,(2,2),(-4.4,5.999999999062E-07),.PIECEWISE_BEZIER_KNOTS.);
#12135 = CARTESIAN_POINT('',(27.015537661393,-4.4));
#12136 = CARTESIAN_POINT('',(27.015537661393,5.999999999062E-07));
#12137 = ( GEOMETRIC_REPRESENTATION_CONTEXT(2) 
PARAMETRIC_REPRESENTATION_CONTEXT() REPRESENTATION_CONTEXT('2D SPACE',''
  ) );
#12138 = ORIENTED_EDGE('',*,*,#12139,.T.);
#12139 = EDGE_CURVE('',#12119,#12140,#12142,.T.);
#12140 = VERTEX_POINT('',#12141);
#12141 = CARTESIAN_POINT('',(40.5355,39.74505337625,9.05));
#12142 = SURFACE_CURVE('',#12143,(#12148,#12155),.PCURVE_S1.);
#12143 = CIRCLE('',#12144,0.625);
#12144 = AXIS2_PLACEMENT_3D('',#12145,#12146,#12147);
#12145 = CARTESIAN_POINT('',(40.175,39.2345,9.05));
#12146 = DIRECTION('',(0.,0.,-1.));
#12147 = DIRECTION('',(1.,0.,0.));
#12148 = PCURVE('',#9466,#12149);
#12149 = DEFINITIONAL_REPRESENTATION('',(#12150),#12154);
#12150 = LINE('',#12151,#12152);
#12151 = CARTESIAN_POINT('',(-6.28318530718,-4.));
#12152 = VECTOR('',#12153,1.);
#12153 = DIRECTION('',(1.,-0.));
#12154 = ( GEOMETRIC_REPRESENTATION_CONTEXT(2) 
PARAMETRIC_REPRESENTATION_CONTEXT() REPRESENTATION_CONTEXT('2D SPACE',''
  ) );
#12155 = PCURVE('',#12156,#12161);
#12156 = PLANE('',#12157);
#12157 = AXIS2_PLACEMENT_3D('',#12158,#12159,#12160);
#12158 = CARTESIAN_POINT('',(26.5355,40.4705,9.05));
#12159 = DIRECTION('',(0.,0.,1.));
#12160 = DIRECTION('',(1.,0.,-0.));
#12161 = DEFINITIONAL_REPRESENTATION('',(#12162),#12170);
#12162 = ( BOUNDED_CURVE() B_SPLINE_CURVE(2,(#12163,#12164,#12165,#12166
    ,#12167,#12168,#12169),.UNSPECIFIED.,.T.,.F.) 
B_SPLINE_CURVE_WITH_KNOTS((1,2,2,2,2,1),(-2.094395102393,0.,
    2.094395102393,4.188790204786,6.28318530718,8.377580409573),
.UNSPECIFIED.) CURVE() GEOMETRIC_REPRESENTATION_ITEM() 
RATIONAL_B_SPLINE_CURVE((1.,0.5,1.,0.5,1.,0.5,1.)) REPRESENTATION_ITEM(
  '') );
#12163 = CARTESIAN_POINT('',(14.2645,-1.236));
#12164 = CARTESIAN_POINT('',(14.2645,-2.318531754731));
#12165 = CARTESIAN_POINT('',(13.327,-1.777265877365));
#12166 = CARTESIAN_POINT('',(12.3895,-1.236));
#12167 = CARTESIAN_POINT('',(13.327,-0.694734122635));
#12168 = CARTESIAN_POINT('',(14.2645,-0.153468245269));
#12169 = CARTESIAN_POINT('',(14.2645,-1.236));
#12170 = ( GEOMETRIC_REPRESENTATION_CONTEXT(2) 
PARAMETRIC_REPRESENTATION_CONTEXT() REPRESENTATION_CONTEXT('2D SPACE',''
  ) );
#12171 = ORIENTED_EDGE('',*,*,#12172,.T.);
#12172 = EDGE_CURVE('',#12140,#9422,#12173,.T.);
#12173 = SURFACE_CURVE('',#12174,(#12178,#12184),.PCURVE_S1.);
#12174 = LINE('',#12175,#12176);
#12175 = CARTESIAN_POINT('',(40.5355,39.74505337625,5.05));
#12176 = VECTOR('',#12177,1.);
#12177 = DIRECTION('',(-0.,-0.,-1.));
#12178 = PCURVE('',#9466,#12179);
#12179 = DEFINITIONAL_REPRESENTATION('',(#12180),#12183);
#12180 = B_SPLINE_CURVE_WITH_KNOTS('',1,(#12181,#12182),.UNSPECIFIED.,
  .F.,.F.,(2,2),(-4.4,5.999999999062E-07),.PIECEWISE_BEZIER_KNOTS.);
#12181 = CARTESIAN_POINT('',(-0.955990397038,-4.4));
#12182 = CARTESIAN_POINT('',(-0.955990397038,5.999999999062E-07));
#12183 = ( GEOMETRIC_REPRESENTATION_CONTEXT(2) 
PARAMETRIC_REPRESENTATION_CONTEXT() REPRESENTATION_CONTEXT('2D SPACE',''
  ) );
#12184 = PCURVE('',#9437,#12185);
#12185 = DEFINITIONAL_REPRESENTATION('',(#12186),#12189);
#12186 = B_SPLINE_CURVE_WITH_KNOTS('',1,(#12187,#12188),.UNSPECIFIED.,
  .F.,.F.,(2,2),(-4.4,5.999999999062E-07),.PIECEWISE_BEZIER_KNOTS.);
#12187 = CARTESIAN_POINT('',(0.47455337625,-4.4));
#12188 = CARTESIAN_POINT('',(0.47455337625,5.999999999062E-07));
#12189 = ( GEOMETRIC_REPRESENTATION_CONTEXT(2) 
PARAMETRIC_REPRESENTATION_CONTEXT() REPRESENTATION_CONTEXT('2D SPACE',''
  ) );
#12190 = ORIENTED_EDGE('',*,*,#9449,.F.);
#12191 = ORIENTED_EDGE('',*,*,#12093,.T.);
#12192 = ORIENTED_EDGE('',*,*,#12193,.T.);
#12193 = EDGE_CURVE('',#12094,#12094,#12194,.T.);
#12194 = SURFACE_CURVE('',#12195,(#12200,#12207),.PCURVE_S1.);
#12195 = CIRCLE('',#12196,0.625);
#12196 = AXIS2_PLACEMENT_3D('',#12197,#12198,#12199);
#12197 = CARTESIAN_POINT('',(40.175,39.2345,33.05));
#12198 = DIRECTION('',(0.,0.,1.));
#12199 = DIRECTION('',(1.,0.,0.));
#12200 = PCURVE('',#9466,#12201);
#12201 = DEFINITIONAL_REPRESENTATION('',(#12202),#12206);
#12202 = LINE('',#12203,#12204);
#12203 = CARTESIAN_POINT('',(-0.,-28.));
#12204 = VECTOR('',#12205,1.);
#12205 = DIRECTION('',(-1.,0.));
#12206 = ( GEOMETRIC_REPRESENTATION_CONTEXT(2) 
PARAMETRIC_REPRESENTATION_CONTEXT() REPRESENTATION_CONTEXT('2D SPACE',''
  ) );
#12207 = PCURVE('',#12208,#12213);
#12208 = PLANE('',#12209);
#12209 = AXIS2_PLACEMENT_3D('',#12210,#12211,#12212);
#12210 = CARTESIAN_POINT('',(40.175,39.2345,33.05));
#12211 = DIRECTION('',(0.,0.,1.));
#12212 = DIRECTION('',(1.,0.,-0.));
#12213 = DEFINITIONAL_REPRESENTATION('',(#12214),#12218);
#12214 = CIRCLE('',#12215,0.625);
#12215 = AXIS2_PLACEMENT_2D('',#12216,#12217);
#12216 = CARTESIAN_POINT('',(0.,7.105427357601E-15));
#12217 = DIRECTION('',(1.,0.));
#12218 = ( GEOMETRIC_REPRESENTATION_CONTEXT(2) 
PARAMETRIC_REPRESENTATION_CONTEXT() REPRESENTATION_CONTEXT('2D SPACE',''
  ) );
#12219 = ADVANCED_FACE('',(#12220),#9437,.F.);
#12220 = FACE_BOUND('',#12221,.F.);
#12221 = EDGE_LOOP('',(#12222,#12223,#12224,#12247));
#12222 = ORIENTED_EDGE('',*,*,#9421,.F.);
#12223 = ORIENTED_EDGE('',*,*,#12172,.F.);
#12224 = ORIENTED_EDGE('',*,*,#12225,.T.);
#12225 = EDGE_CURVE('',#12140,#12226,#12228,.T.);
#12226 = VERTEX_POINT('',#12227);
#12227 = CARTESIAN_POINT('',(40.5355,41.6705,9.05));
#12228 = SURFACE_CURVE('',#12229,(#12233,#12240),.PCURVE_S1.);
#12229 = LINE('',#12230,#12231);
#12230 = CARTESIAN_POINT('',(40.5355,39.2705,9.05));
#12231 = VECTOR('',#12232,1.);
#12232 = DIRECTION('',(0.,1.,0.));
#12233 = PCURVE('',#9437,#12234);
#12234 = DEFINITIONAL_REPRESENTATION('',(#12235),#12239);
#12235 = LINE('',#12236,#12237);
#12236 = CARTESIAN_POINT('',(0.,-4.));
#12237 = VECTOR('',#12238,1.);
#12238 = DIRECTION('',(1.,0.));
#12239 = ( GEOMETRIC_REPRESENTATION_CONTEXT(2) 
PARAMETRIC_REPRESENTATION_CONTEXT() REPRESENTATION_CONTEXT('2D SPACE',''
  ) );
#12240 = PCURVE('',#12156,#12241);
#12241 = DEFINITIONAL_REPRESENTATION('',(#12242),#12246);
#12242 = LINE('',#12243,#12244);
#12243 = CARTESIAN_POINT('',(14.,-1.2));
#12244 = VECTOR('',#12245,1.);
#12245 = DIRECTION('',(0.,1.));
#12246 = ( GEOMETRIC_REPRESENTATION_CONTEXT(2) 
PARAMETRIC_REPRESENTATION_CONTEXT() REPRESENTATION_CONTEXT('2D SPACE',''
  ) );
#12247 = ORIENTED_EDGE('',*,*,#12248,.F.);
#12248 = EDGE_CURVE('',#9394,#12226,#12249,.T.);
#12249 = SURFACE_CURVE('',#12250,(#12254,#12261),.PCURVE_S1.);
#12250 = LINE('',#12251,#12252);
#12251 = CARTESIAN_POINT('',(40.5355,41.6705,5.05));
#12252 = VECTOR('',#12253,1.);
#12253 = DIRECTION('',(0.,0.,1.));
#12254 = PCURVE('',#9437,#12255);
#12255 = DEFINITIONAL_REPRESENTATION('',(#12256),#12260);
#12256 = LINE('',#12257,#12258);
#12257 = CARTESIAN_POINT('',(2.4,0.));
#12258 = VECTOR('',#12259,1.);
#12259 = DIRECTION('',(0.,-1.));
#12260 = ( GEOMETRIC_REPRESENTATION_CONTEXT(2) 
PARAMETRIC_REPRESENTATION_CONTEXT() REPRESENTATION_CONTEXT('2D SPACE',''
  ) );
#12261 = PCURVE('',#9409,#12262);
#12262 = DEFINITIONAL_REPRESENTATION('',(#12263),#12267);
#12263 = LINE('',#12264,#12265);
#12264 = CARTESIAN_POINT('',(0.,-0.));
#12265 = VECTOR('',#12266,1.);
#12266 = DIRECTION('',(0.,-1.));
#12267 = ( GEOMETRIC_REPRESENTATION_CONTEXT(2) 
PARAMETRIC_REPRESENTATION_CONTEXT() REPRESENTATION_CONTEXT('2D SPACE',''
  ) );
#12268 = ADVANCED_FACE('',(#12269),#9409,.F.);
#12269 = FACE_BOUND('',#12270,.F.);
#12270 = EDGE_LOOP('',(#12271,#12272,#12295,#12323,#12351,#12379,#12400,
    #12401));
#12271 = ORIENTED_EDGE('',*,*,#12248,.T.);
#12272 = ORIENTED_EDGE('',*,*,#12273,.T.);
#12273 = EDGE_CURVE('',#12226,#12274,#12276,.T.);
#12274 = VERTEX_POINT('',#12275);
#12275 = CARTESIAN_POINT('',(12.5355,41.6705,9.05));
#12276 = SURFACE_CURVE('',#12277,(#12281,#12288),.PCURVE_S1.);
#12277 = LINE('',#12278,#12279);
#12278 = CARTESIAN_POINT('',(40.5355,41.6705,9.05));
#12279 = VECTOR('',#12280,1.);
#12280 = DIRECTION('',(-1.,0.,0.));
#12281 = PCURVE('',#9409,#12282);
#12282 = DEFINITIONAL_REPRESENTATION('',(#12283),#12287);
#12283 = LINE('',#12284,#12285);
#12284 = CARTESIAN_POINT('',(0.,-4.));
#12285 = VECTOR('',#12286,1.);
#12286 = DIRECTION('',(1.,0.));
#12287 = ( GEOMETRIC_REPRESENTATION_CONTEXT(2) 
PARAMETRIC_REPRESENTATION_CONTEXT() REPRESENTATION_CONTEXT('2D SPACE',''
  ) );
#12288 = PCURVE('',#12156,#12289);
#12289 = DEFINITIONAL_REPRESENTATION('',(#12290),#12294);
#12290 = LINE('',#12291,#12292);
#12291 = CARTESIAN_POINT('',(14.,1.2));
#12292 = VECTOR('',#12293,1.);
#12293 = DIRECTION('',(-1.,0.));
#12294 = ( GEOMETRIC_REPRESENTATION_CONTEXT(2) 
PARAMETRIC_REPRESENTATION_CONTEXT() REPRESENTATION_CONTEXT('2D SPACE',''
  ) );
#12295 = ORIENTED_EDGE('',*,*,#12296,.F.);
#12296 = EDGE_CURVE('',#12297,#12274,#12299,.T.);
#12297 = VERTEX_POINT('',#12298);
#12298 = CARTESIAN_POINT('',(12.5355,41.6705,5.05));
#12299 = SURFACE_CURVE('',#12300,(#12304,#12311),.PCURVE_S1.);
#12300 = LINE('',#12301,#12302);
#12301 = CARTESIAN_POINT('',(12.5355,41.6705,5.05));
#12302 = VECTOR('',#12303,1.);
#12303 = DIRECTION('',(0.,0.,1.));
#12304 = PCURVE('',#9409,#12305);
#12305 = DEFINITIONAL_REPRESENTATION('',(#12306),#12310);
#12306 = LINE('',#12307,#12308);
#12307 = CARTESIAN_POINT('',(28.,0.));
#12308 = VECTOR('',#12309,1.);
#12309 = DIRECTION('',(0.,-1.));
#12310 = ( GEOMETRIC_REPRESENTATION_CONTEXT(2) 
PARAMETRIC_REPRESENTATION_CONTEXT() REPRESENTATION_CONTEXT('2D SPACE',''
  ) );
#12311 = PCURVE('',#12312,#12317);
#12312 = PLANE('',#12313);
#12313 = AXIS2_PLACEMENT_3D('',#12314,#12315,#12316);
#12314 = CARTESIAN_POINT('',(12.5355,41.6705,5.05));
#12315 = DIRECTION('',(1.,0.,-0.));
#12316 = DIRECTION('',(0.,-1.,0.));
#12317 = DEFINITIONAL_REPRESENTATION('',(#12318),#12322);
#12318 = LINE('',#12319,#12320);
#12319 = CARTESIAN_POINT('',(0.,0.));
#12320 = VECTOR('',#12321,1.);
#12321 = DIRECTION('',(0.,-1.));
#12322 = ( GEOMETRIC_REPRESENTATION_CONTEXT(2) 
PARAMETRIC_REPRESENTATION_CONTEXT() REPRESENTATION_CONTEXT('2D SPACE',''
  ) );
#12323 = ORIENTED_EDGE('',*,*,#12324,.F.);
#12324 = EDGE_CURVE('',#12325,#12297,#12327,.T.);
#12325 = VERTEX_POINT('',#12326);
#12326 = CARTESIAN_POINT('',(15.5355,41.6705,5.05));
#12327 = SURFACE_CURVE('',#12328,(#12332,#12339),.PCURVE_S1.);
#12328 = LINE('',#12329,#12330);
#12329 = CARTESIAN_POINT('',(40.5355,41.6705,5.05));
#12330 = VECTOR('',#12331,1.);
#12331 = DIRECTION('',(-1.,0.,0.));
#12332 = PCURVE('',#9409,#12333);
#12333 = DEFINITIONAL_REPRESENTATION('',(#12334),#12338);
#12334 = LINE('',#12335,#12336);
#12335 = CARTESIAN_POINT('',(0.,-0.));
#12336 = VECTOR('',#12337,1.);
#12337 = DIRECTION('',(1.,0.));
#12338 = ( GEOMETRIC_REPRESENTATION_CONTEXT(2) 
PARAMETRIC_REPRESENTATION_CONTEXT() REPRESENTATION_CONTEXT('2D SPACE',''
  ) );
#12339 = PCURVE('',#12340,#12345);
#12340 = PLANE('',#12341);
#12341 = AXIS2_PLACEMENT_3D('',#12342,#12343,#12344);
#12342 = CARTESIAN_POINT('',(12.438,39.1835,5.05));
#12343 = DIRECTION('',(0.,0.,1.));
#12344 = DIRECTION('',(1.,0.,-0.));
#12345 = DEFINITIONAL_REPRESENTATION('',(#12346),#12350);
#12346 = LINE('',#12347,#12348);
#12347 = CARTESIAN_POINT('',(28.0975,2.487));
#12348 = VECTOR('',#12349,1.);
#12349 = DIRECTION('',(-1.,0.));
#12350 = ( GEOMETRIC_REPRESENTATION_CONTEXT(2) 
PARAMETRIC_REPRESENTATION_CONTEXT() REPRESENTATION_CONTEXT('2D SPACE',''
  ) );
#12351 = ORIENTED_EDGE('',*,*,#12352,.F.);
#12352 = EDGE_CURVE('',#12353,#12325,#12355,.T.);
#12353 = VERTEX_POINT('',#12354);
#12354 = CARTESIAN_POINT('',(17.438,41.6705,5.05));
#12355 = SURFACE_CURVE('',#12356,(#12360,#12367),.PCURVE_S1.);
#12356 = LINE('',#12357,#12358);
#12357 = CARTESIAN_POINT('',(40.5355,41.6705,5.05));
#12358 = VECTOR('',#12359,1.);
#12359 = DIRECTION('',(-1.,0.,0.));
#12360 = PCURVE('',#9409,#12361);
#12361 = DEFINITIONAL_REPRESENTATION('',(#12362),#12366);
#12362 = LINE('',#12363,#12364);
#12363 = CARTESIAN_POINT('',(0.,-0.));
#12364 = VECTOR('',#12365,1.);
#12365 = DIRECTION('',(1.,0.));
#12366 = ( GEOMETRIC_REPRESENTATION_CONTEXT(2) 
PARAMETRIC_REPRESENTATION_CONTEXT() REPRESENTATION_CONTEXT('2D SPACE',''
  ) );
#12367 = PCURVE('',#12368,#12373);
#12368 = PLANE('',#12369);
#12369 = AXIS2_PLACEMENT_3D('',#12370,#12371,#12372);
#12370 = CARTESIAN_POINT('',(26.5355,-14.,5.05));
#12371 = DIRECTION('',(0.,0.,1.));
#12372 = DIRECTION('',(1.,0.,-0.));
#12373 = DEFINITIONAL_REPRESENTATION('',(#12374),#12378);
#12374 = LINE('',#12375,#12376);
#12375 = CARTESIAN_POINT('',(14.,55.6705));
#12376 = VECTOR('',#12377,1.);
#12377 = DIRECTION('',(-1.,0.));
#12378 = ( GEOMETRIC_REPRESENTATION_CONTEXT(2) 
PARAMETRIC_REPRESENTATION_CONTEXT() REPRESENTATION_CONTEXT('2D SPACE',''
  ) );
#12379 = ORIENTED_EDGE('',*,*,#12380,.F.);
#12380 = EDGE_CURVE('',#12018,#12353,#12381,.T.);
#12381 = SURFACE_CURVE('',#12382,(#12386,#12393),.PCURVE_S1.);
#12382 = LINE('',#12383,#12384);
#12383 = CARTESIAN_POINT('',(40.5355,41.6705,5.05));
#12384 = VECTOR('',#12385,1.);
#12385 = DIRECTION('',(-1.,0.,0.));
#12386 = PCURVE('',#9409,#12387);
#12387 = DEFINITIONAL_REPRESENTATION('',(#12388),#12392);
#12388 = LINE('',#12389,#12390);
#12389 = CARTESIAN_POINT('',(0.,-0.));
#12390 = VECTOR('',#12391,1.);
#12391 = DIRECTION('',(1.,0.));
#12392 = ( GEOMETRIC_REPRESENTATION_CONTEXT(2) 
PARAMETRIC_REPRESENTATION_CONTEXT() REPRESENTATION_CONTEXT('2D SPACE',''
  ) );
#12393 = PCURVE('',#12057,#12394);
#12394 = DEFINITIONAL_REPRESENTATION('',(#12395),#12399);
#12395 = LINE('',#12396,#12397);
#12396 = CARTESIAN_POINT('',(14.,55.6705));
#12397 = VECTOR('',#12398,1.);
#12398 = DIRECTION('',(-1.,0.));
#12399 = ( GEOMETRIC_REPRESENTATION_CONTEXT(2) 
PARAMETRIC_REPRESENTATION_CONTEXT() REPRESENTATION_CONTEXT('2D SPACE',''
  ) );
#12400 = ORIENTED_EDGE('',*,*,#12017,.F.);
#12401 = ORIENTED_EDGE('',*,*,#9393,.F.);
#12402 = ADVANCED_FACE('',(#12403),#9616,.F.);
#12403 = FACE_BOUND('',#12404,.F.);
#12404 = EDGE_LOOP('',(#12405,#12406,#12427,#12428));
#12405 = ORIENTED_EDGE('',*,*,#9600,.T.);
#12406 = ORIENTED_EDGE('',*,*,#12407,.T.);
#12407 = EDGE_CURVE('',#9573,#12119,#12408,.T.);
#12408 = SURFACE_CURVE('',#12409,(#12413,#12420),.PCURVE_S1.);
#12409 = LINE('',#12410,#12411);
#12410 = CARTESIAN_POINT('',(12.5355,39.2705,9.05));
#12411 = VECTOR('',#12412,1.);
#12412 = DIRECTION('',(1.,0.,0.));
#12413 = PCURVE('',#9616,#12414);
#12414 = DEFINITIONAL_REPRESENTATION('',(#12415),#12419);
#12415 = LINE('',#12416,#12417);
#12416 = CARTESIAN_POINT('',(0.,-4.));
#12417 = VECTOR('',#12418,1.);
#12418 = DIRECTION('',(1.,0.));
#12419 = ( GEOMETRIC_REPRESENTATION_CONTEXT(2) 
PARAMETRIC_REPRESENTATION_CONTEXT() REPRESENTATION_CONTEXT('2D SPACE',''
  ) );
#12420 = PCURVE('',#12156,#12421);
#12421 = DEFINITIONAL_REPRESENTATION('',(#12422),#12426);
#12422 = LINE('',#12423,#12424);
#12423 = CARTESIAN_POINT('',(-14.,-1.2));
#12424 = VECTOR('',#12425,1.);
#12425 = DIRECTION('',(1.,0.));
#12426 = ( GEOMETRIC_REPRESENTATION_CONTEXT(2) 
PARAMETRIC_REPRESENTATION_CONTEXT() REPRESENTATION_CONTEXT('2D SPACE',''
  ) );
#12427 = ORIENTED_EDGE('',*,*,#12118,.T.);
#12428 = ORIENTED_EDGE('',*,*,#9727,.T.);
#12429 = ADVANCED_FACE('',(#12430),#9588,.T.);
#12430 = FACE_BOUND('',#12431,.T.);
#12431 = EDGE_LOOP('',(#12432,#12462,#12490,#12511,#12512,#12513));
#12432 = ORIENTED_EDGE('',*,*,#12433,.T.);
#12433 = EDGE_CURVE('',#12434,#12436,#12438,.T.);
#12434 = VERTEX_POINT('',#12435);
#12435 = CARTESIAN_POINT('',(37.1355,39.2705,9.05));
#12436 = VERTEX_POINT('',#12437);
#12437 = CARTESIAN_POINT('',(37.1355,-78.75,9.05));
#12438 = SURFACE_CURVE('',#12439,(#12443,#12450),.PCURVE_S1.);
#12439 = LINE('',#12440,#12441);
#12440 = CARTESIAN_POINT('',(37.1355,39.2705,9.05));
#12441 = VECTOR('',#12442,1.);
#12442 = DIRECTION('',(0.,-1.,0.));
#12443 = PCURVE('',#9588,#12444);
#12444 = DEFINITIONAL_REPRESENTATION('',(#12445),#12449);
#12445 = LINE('',#12446,#12447);
#12446 = CARTESIAN_POINT('',(-1.2,59.01025));
#12447 = VECTOR('',#12448,1.);
#12448 = DIRECTION('',(0.,-1.));
#12449 = ( GEOMETRIC_REPRESENTATION_CONTEXT(2) 
PARAMETRIC_REPRESENTATION_CONTEXT() REPRESENTATION_CONTEXT('2D SPACE',''
  ) );
#12450 = PCURVE('',#12451,#12456);
#12451 = PLANE('',#12452);
#12452 = AXIS2_PLACEMENT_3D('',#12453,#12454,#12455);
#12453 = CARTESIAN_POINT('',(37.1355,39.2705,5.05));
#12454 = DIRECTION('',(1.,0.,-0.));
#12455 = DIRECTION('',(0.,-1.,0.));
#12456 = DEFINITIONAL_REPRESENTATION('',(#12457),#12461);
#12457 = LINE('',#12458,#12459);
#12458 = CARTESIAN_POINT('',(0.,-4.));
#12459 = VECTOR('',#12460,1.);
#12460 = DIRECTION('',(1.,0.));
#12461 = ( GEOMETRIC_REPRESENTATION_CONTEXT(2) 
PARAMETRIC_REPRESENTATION_CONTEXT() REPRESENTATION_CONTEXT('2D SPACE',''
  ) );
#12462 = ORIENTED_EDGE('',*,*,#12463,.T.);
#12463 = EDGE_CURVE('',#12436,#12464,#12466,.T.);
#12464 = VERTEX_POINT('',#12465);
#12465 = CARTESIAN_POINT('',(39.5355,-78.75,9.05));
#12466 = SURFACE_CURVE('',#12467,(#12471,#12478),.PCURVE_S1.);
#12467 = LINE('',#12468,#12469);
#12468 = CARTESIAN_POINT('',(37.1355,-78.75,9.05));
#12469 = VECTOR('',#12470,1.);
#12470 = DIRECTION('',(1.,0.,0.));
#12471 = PCURVE('',#9588,#12472);
#12472 = DEFINITIONAL_REPRESENTATION('',(#12473),#12477);
#12473 = LINE('',#12474,#12475);
#12474 = CARTESIAN_POINT('',(-1.2,-59.01025));
#12475 = VECTOR('',#12476,1.);
#12476 = DIRECTION('',(1.,0.));
#12477 = ( GEOMETRIC_REPRESENTATION_CONTEXT(2) 
PARAMETRIC_REPRESENTATION_CONTEXT() REPRESENTATION_CONTEXT('2D SPACE',''
  ) );
#12478 = PCURVE('',#12479,#12484);
#12479 = PLANE('',#12480);
#12480 = AXIS2_PLACEMENT_3D('',#12481,#12482,#12483);
#12481 = CARTESIAN_POINT('',(37.1355,-78.75,5.05));
#12482 = DIRECTION('',(0.,1.,0.));
#12483 = DIRECTION('',(1.,0.,0.));
#12484 = DEFINITIONAL_REPRESENTATION('',(#12485),#12489);
#12485 = LINE('',#12486,#12487);
#12486 = CARTESIAN_POINT('',(0.,-4.));
#12487 = VECTOR('',#12488,1.);
#12488 = DIRECTION('',(1.,0.));
#12489 = ( GEOMETRIC_REPRESENTATION_CONTEXT(2) 
PARAMETRIC_REPRESENTATION_CONTEXT() REPRESENTATION_CONTEXT('2D SPACE',''
  ) );
#12490 = ORIENTED_EDGE('',*,*,#12491,.T.);
#12491 = EDGE_CURVE('',#12464,#10318,#12492,.T.);
#12492 = SURFACE_CURVE('',#12493,(#12497,#12504),.PCURVE_S1.);
#12493 = LINE('',#12494,#12495);
#12494 = CARTESIAN_POINT('',(39.5355,-78.75,9.05));
#12495 = VECTOR('',#12496,1.);
#12496 = DIRECTION('',(0.,1.,0.));
#12497 = PCURVE('',#9588,#12498);
#12498 = DEFINITIONAL_REPRESENTATION('',(#12499),#12503);
#12499 = LINE('',#12500,#12501);
#12500 = CARTESIAN_POINT('',(1.2,-59.01025));
#12501 = VECTOR('',#12502,1.);
#12502 = DIRECTION('',(0.,1.));
#12503 = ( GEOMETRIC_REPRESENTATION_CONTEXT(2) 
PARAMETRIC_REPRESENTATION_CONTEXT() REPRESENTATION_CONTEXT('2D SPACE',''
  ) );
#12504 = PCURVE('',#10228,#12505);
#12505 = DEFINITIONAL_REPRESENTATION('',(#12506),#12510);
#12506 = LINE('',#12507,#12508);
#12507 = CARTESIAN_POINT('',(0.,-4.));
#12508 = VECTOR('',#12509,1.);
#12509 = DIRECTION('',(1.,0.));
#12510 = ( GEOMETRIC_REPRESENTATION_CONTEXT(2) 
PARAMETRIC_REPRESENTATION_CONTEXT() REPRESENTATION_CONTEXT('2D SPACE',''
  ) );
#12511 = ORIENTED_EDGE('',*,*,#10338,.T.);
#12512 = ORIENTED_EDGE('',*,*,#9572,.T.);
#12513 = ORIENTED_EDGE('',*,*,#12514,.T.);
#12514 = EDGE_CURVE('',#9573,#12434,#12515,.T.);
#12515 = SURFACE_CURVE('',#12516,(#12520,#12527),.PCURVE_S1.);
#12516 = LINE('',#12517,#12518);
#12517 = CARTESIAN_POINT('',(39.5355,39.2705,9.05));
#12518 = VECTOR('',#12519,1.);
#12519 = DIRECTION('',(-1.,0.,0.));
#12520 = PCURVE('',#9588,#12521);
#12521 = DEFINITIONAL_REPRESENTATION('',(#12522),#12526);
#12522 = LINE('',#12523,#12524);
#12523 = CARTESIAN_POINT('',(1.2,59.01025));
#12524 = VECTOR('',#12525,1.);
#12525 = DIRECTION('',(-1.,0.));
#12526 = ( GEOMETRIC_REPRESENTATION_CONTEXT(2) 
PARAMETRIC_REPRESENTATION_CONTEXT() REPRESENTATION_CONTEXT('2D SPACE',''
  ) );
#12527 = PCURVE('',#12156,#12528);
#12528 = DEFINITIONAL_REPRESENTATION('',(#12529),#12533);
#12529 = LINE('',#12530,#12531);
#12530 = CARTESIAN_POINT('',(13.,-1.2));
#12531 = VECTOR('',#12532,1.);
#12532 = DIRECTION('',(-1.,0.));
#12533 = ( GEOMETRIC_REPRESENTATION_CONTEXT(2) 
PARAMETRIC_REPRESENTATION_CONTEXT() REPRESENTATION_CONTEXT('2D SPACE',''
  ) );
#12534 = ADVANCED_FACE('',(#12535),#9765,.F.);
#12535 = FACE_BOUND('',#12536,.F.);
#12536 = EDGE_LOOP('',(#12537,#12558,#12559,#12560));
#12537 = ORIENTED_EDGE('',*,*,#12538,.T.);
#12538 = EDGE_CURVE('',#8791,#8149,#12539,.T.);
#12539 = SURFACE_CURVE('',#12540,(#12544,#12551),.PCURVE_S1.);
#12540 = LINE('',#12541,#12542);
#12541 = CARTESIAN_POINT('',(12.5355,39.2705,4.45));
#12542 = VECTOR('',#12543,1.);
#12543 = DIRECTION('',(0.,-1.,0.));
#12544 = PCURVE('',#9765,#12545);
#12545 = DEFINITIONAL_REPRESENTATION('',(#12546),#12550);
#12546 = LINE('',#12547,#12548);
#12547 = CARTESIAN_POINT('',(-14.,59.01025));
#12548 = VECTOR('',#12549,1.);
#12549 = DIRECTION('',(0.,-1.));
#12550 = ( GEOMETRIC_REPRESENTATION_CONTEXT(2) 
PARAMETRIC_REPRESENTATION_CONTEXT() REPRESENTATION_CONTEXT('2D SPACE',''
  ) );
#12551 = PCURVE('',#10752,#12552);
#12552 = DEFINITIONAL_REPRESENTATION('',(#12553),#12557);
#12553 = LINE('',#12554,#12555);
#12554 = CARTESIAN_POINT('',(0.,0.));
#12555 = VECTOR('',#12556,1.);
#12556 = DIRECTION('',(1.,0.));
#12557 = ( GEOMETRIC_REPRESENTATION_CONTEXT(2) 
PARAMETRIC_REPRESENTATION_CONTEXT() REPRESENTATION_CONTEXT('2D SPACE',''
  ) );
#12558 = ORIENTED_EDGE('',*,*,#10164,.F.);
#12559 = ORIENTED_EDGE('',*,*,#9751,.F.);
#12560 = ORIENTED_EDGE('',*,*,#9806,.F.);
#12561 = ADVANCED_FACE('',(#12562),#9873,.F.);
#12562 = FACE_BOUND('',#12563,.F.);
#12563 = EDGE_LOOP('',(#12564,#12565,#12566,#12567));
#12564 = ORIENTED_EDGE('',*,*,#9919,.F.);
#12565 = ORIENTED_EDGE('',*,*,#10085,.T.);
#12566 = ORIENTED_EDGE('',*,*,#10062,.T.);
#12567 = ORIENTED_EDGE('',*,*,#9857,.T.);
#12568 = ADVANCED_FACE('',(#12569),#9899,.F.);
#12569 = FACE_BOUND('',#12570,.F.);
#12570 = EDGE_LOOP('',(#12571,#12601,#12622,#12623,#12624,#12625,#12626,
    #12627));
#12571 = ORIENTED_EDGE('',*,*,#12572,.T.);
#12572 = EDGE_CURVE('',#12573,#12575,#12577,.T.);
#12573 = VERTEX_POINT('',#12574);
#12574 = CARTESIAN_POINT('',(12.5355,-71.3535,4.45));
#12575 = VERTEX_POINT('',#12576);
#12576 = CARTESIAN_POINT('',(12.5355,-78.75,4.45));
#12577 = SURFACE_CURVE('',#12578,(#12582,#12589),.PCURVE_S1.);
#12578 = LINE('',#12579,#12580);
#12579 = CARTESIAN_POINT('',(12.5355,39.2705,4.45));
#12580 = VECTOR('',#12581,1.);
#12581 = DIRECTION('',(0.,-1.,0.));
#12582 = PCURVE('',#9899,#12583);
#12583 = DEFINITIONAL_REPRESENTATION('',(#12584),#12588);
#12584 = LINE('',#12585,#12586);
#12585 = CARTESIAN_POINT('',(-14.,59.01025));
#12586 = VECTOR('',#12587,1.);
#12587 = DIRECTION('',(0.,-1.));
#12588 = ( GEOMETRIC_REPRESENTATION_CONTEXT(2) 
PARAMETRIC_REPRESENTATION_CONTEXT() REPRESENTATION_CONTEXT('2D SPACE',''
  ) );
#12589 = PCURVE('',#12590,#12595);
#12590 = PLANE('',#12591);
#12591 = AXIS2_PLACEMENT_3D('',#12592,#12593,#12594);
#12592 = CARTESIAN_POINT('',(12.5355,39.2705,4.45));
#12593 = DIRECTION('',(1.,0.,-0.));
#12594 = DIRECTION('',(0.,-1.,0.));
#12595 = DEFINITIONAL_REPRESENTATION('',(#12596),#12600);
#12596 = LINE('',#12597,#12598);
#12597 = CARTESIAN_POINT('',(0.,0.));
#12598 = VECTOR('',#12599,1.);
#12599 = DIRECTION('',(1.,0.));
#12600 = ( GEOMETRIC_REPRESENTATION_CONTEXT(2) 
PARAMETRIC_REPRESENTATION_CONTEXT() REPRESENTATION_CONTEXT('2D SPACE',''
  ) );
#12601 = ORIENTED_EDGE('',*,*,#12602,.T.);
#12602 = EDGE_CURVE('',#12575,#10427,#12603,.T.);
#12603 = SURFACE_CURVE('',#12604,(#12608,#12615),.PCURVE_S1.);
#12604 = LINE('',#12605,#12606);
#12605 = CARTESIAN_POINT('',(12.5355,-78.75,4.45));
#12606 = VECTOR('',#12607,1.);
#12607 = DIRECTION('',(1.,0.,0.));
#12608 = PCURVE('',#9899,#12609);
#12609 = DEFINITIONAL_REPRESENTATION('',(#12610),#12614);
#12610 = LINE('',#12611,#12612);
#12611 = CARTESIAN_POINT('',(-14.,-59.01025));
#12612 = VECTOR('',#12613,1.);
#12613 = DIRECTION('',(1.,0.));
#12614 = ( GEOMETRIC_REPRESENTATION_CONTEXT(2) 
PARAMETRIC_REPRESENTATION_CONTEXT() REPRESENTATION_CONTEXT('2D SPACE',''
  ) );
#12615 = PCURVE('',#10465,#12616);
#12616 = DEFINITIONAL_REPRESENTATION('',(#12617),#12621);
#12617 = LINE('',#12618,#12619);
#12618 = CARTESIAN_POINT('',(0.,0.));
#12619 = VECTOR('',#12620,1.);
#12620 = DIRECTION('',(1.,0.));
#12621 = ( GEOMETRIC_REPRESENTATION_CONTEXT(2) 
PARAMETRIC_REPRESENTATION_CONTEXT() REPRESENTATION_CONTEXT('2D SPACE',''
  ) );
#12622 = ORIENTED_EDGE('',*,*,#10426,.T.);
#12623 = ORIENTED_EDGE('',*,*,#9885,.F.);
#12624 = ORIENTED_EDGE('',*,*,#10041,.F.);
#12625 = ORIENTED_EDGE('',*,*,#10018,.F.);
#12626 = ORIENTED_EDGE('',*,*,#9995,.F.);
#12627 = ORIENTED_EDGE('',*,*,#12628,.F.);
#12628 = EDGE_CURVE('',#12573,#9973,#12629,.T.);
#12629 = SURFACE_CURVE('',#12630,(#12634,#12641),.PCURVE_S1.);
#12630 = LINE('',#12631,#12632);
#12631 = CARTESIAN_POINT('',(7.438,-71.3535,4.45));
#12632 = VECTOR('',#12633,1.);
#12633 = DIRECTION('',(1.,0.,0.));
#12634 = PCURVE('',#9899,#12635);
#12635 = DEFINITIONAL_REPRESENTATION('',(#12636),#12640);
#12636 = LINE('',#12637,#12638);
#12637 = CARTESIAN_POINT('',(-19.0975,-51.61375));
#12638 = VECTOR('',#12639,1.);
#12639 = DIRECTION('',(1.,0.));
#12640 = ( GEOMETRIC_REPRESENTATION_CONTEXT(2) 
PARAMETRIC_REPRESENTATION_CONTEXT() REPRESENTATION_CONTEXT('2D SPACE',''
  ) );
#12641 = PCURVE('',#12642,#12647);
#12642 = PLANE('',#12643);
#12643 = AXIS2_PLACEMENT_3D('',#12644,#12645,#12646);
#12644 = CARTESIAN_POINT('',(12.438,-66.3535,4.45));
#12645 = DIRECTION('',(0.,0.,1.));
#12646 = DIRECTION('',(1.,0.,-0.));
#12647 = DEFINITIONAL_REPRESENTATION('',(#12648),#12652);
#12648 = LINE('',#12649,#12650);
#12649 = CARTESIAN_POINT('',(-5.,-5.));
#12650 = VECTOR('',#12651,1.);
#12651 = DIRECTION('',(1.,0.));
#12652 = ( GEOMETRIC_REPRESENTATION_CONTEXT(2) 
PARAMETRIC_REPRESENTATION_CONTEXT() REPRESENTATION_CONTEXT('2D SPACE',''
  ) );
#12653 = ADVANCED_FACE('',(#12654),#9960,.F.);
#12654 = FACE_BOUND('',#12655,.F.);
#12655 = EDGE_LOOP('',(#12656,#12657,#12678,#12679));
#12656 = ORIENTED_EDGE('',*,*,#10138,.F.);
#12657 = ORIENTED_EDGE('',*,*,#12658,.T.);
#12658 = EDGE_CURVE('',#10111,#9973,#12659,.T.);
#12659 = SURFACE_CURVE('',#12660,(#12664,#12671),.PCURVE_S1.);
#12660 = LINE('',#12661,#12662);
#12661 = CARTESIAN_POINT('',(15.5355,44.2705,4.45));
#12662 = VECTOR('',#12663,1.);
#12663 = DIRECTION('',(0.,-1.,0.));
#12664 = PCURVE('',#9960,#12665);
#12665 = DEFINITIONAL_REPRESENTATION('',(#12666),#12670);
#12666 = LINE('',#12667,#12668);
#12667 = CARTESIAN_POINT('',(-11.,58.2705));
#12668 = VECTOR('',#12669,1.);
#12669 = DIRECTION('',(0.,-1.));
#12670 = ( GEOMETRIC_REPRESENTATION_CONTEXT(2) 
PARAMETRIC_REPRESENTATION_CONTEXT() REPRESENTATION_CONTEXT('2D SPACE',''
  ) );
#12671 = PCURVE('',#12642,#12672);
#12672 = DEFINITIONAL_REPRESENTATION('',(#12673),#12677);
#12673 = LINE('',#12674,#12675);
#12674 = CARTESIAN_POINT('',(3.0975,110.624));
#12675 = VECTOR('',#12676,1.);
#12676 = DIRECTION('',(0.,-1.));
#12677 = ( GEOMETRIC_REPRESENTATION_CONTEXT(2) 
PARAMETRIC_REPRESENTATION_CONTEXT() REPRESENTATION_CONTEXT('2D SPACE',''
  ) );
#12678 = ORIENTED_EDGE('',*,*,#9972,.T.);
#12679 = ORIENTED_EDGE('',*,*,#9944,.T.);
#12680 = ADVANCED_FACE('',(#12681),#10126,.F.);
#12681 = FACE_BOUND('',#12682,.F.);
#12682 = EDGE_LOOP('',(#12683,#12684,#12685,#12686));
#12683 = ORIENTED_EDGE('',*,*,#10110,.F.);
#12684 = ORIENTED_EDGE('',*,*,#10186,.T.);
#12685 = ORIENTED_EDGE('',*,*,#10654,.T.);
#12686 = ORIENTED_EDGE('',*,*,#12687,.T.);
#12687 = EDGE_CURVE('',#10655,#10111,#12688,.T.);
#12688 = SURFACE_CURVE('',#12689,(#12693,#12700),.PCURVE_S1.);
#12689 = LINE('',#12690,#12691);
#12690 = CARTESIAN_POINT('',(-60.75,-63.,4.45));
#12691 = VECTOR('',#12692,1.);
#12692 = DIRECTION('',(1.,0.,0.));
#12693 = PCURVE('',#10126,#12694);
#12694 = DEFINITIONAL_REPRESENTATION('',(#12695),#12699);
#12695 = LINE('',#12696,#12697);
#12696 = CARTESIAN_POINT('',(-60.75,-4.));
#12697 = VECTOR('',#12698,1.);
#12698 = DIRECTION('',(1.,0.));
#12699 = ( GEOMETRIC_REPRESENTATION_CONTEXT(2) 
PARAMETRIC_REPRESENTATION_CONTEXT() REPRESENTATION_CONTEXT('2D SPACE',''
  ) );
#12700 = PCURVE('',#12642,#12701);
#12701 = DEFINITIONAL_REPRESENTATION('',(#12702),#12706);
#12702 = LINE('',#12703,#12704);
#12703 = CARTESIAN_POINT('',(-73.188,3.3535));
#12704 = VECTOR('',#12705,1.);
#12705 = DIRECTION('',(1.,0.));
#12706 = ( GEOMETRIC_REPRESENTATION_CONTEXT(2) 
PARAMETRIC_REPRESENTATION_CONTEXT() REPRESENTATION_CONTEXT('2D SPACE',''
  ) );
#12707 = ADVANCED_FACE('',(#12708),#10228,.F.);
#12708 = FACE_BOUND('',#12709,.F.);
#12709 = EDGE_LOOP('',(#12710,#12733,#12754,#12755,#12756));
#12710 = ORIENTED_EDGE('',*,*,#12711,.F.);
#12711 = EDGE_CURVE('',#12712,#10211,#12714,.T.);
#12712 = VERTEX_POINT('',#12713);
#12713 = CARTESIAN_POINT('',(39.5355,-78.75,5.05));
#12714 = SURFACE_CURVE('',#12715,(#12719,#12726),.PCURVE_S1.);
#12715 = LINE('',#12716,#12717);
#12716 = CARTESIAN_POINT('',(39.5355,-78.75,5.05));
#12717 = VECTOR('',#12718,1.);
#12718 = DIRECTION('',(0.,1.,0.));
#12719 = PCURVE('',#10228,#12720);
#12720 = DEFINITIONAL_REPRESENTATION('',(#12721),#12725);
#12721 = LINE('',#12722,#12723);
#12722 = CARTESIAN_POINT('',(0.,0.));
#12723 = VECTOR('',#12724,1.);
#12724 = DIRECTION('',(1.,0.));
#12725 = ( GEOMETRIC_REPRESENTATION_CONTEXT(2) 
PARAMETRIC_REPRESENTATION_CONTEXT() REPRESENTATION_CONTEXT('2D SPACE',''
  ) );
#12726 = PCURVE('',#10254,#12727);
#12727 = DEFINITIONAL_REPRESENTATION('',(#12728),#12732);
#12728 = LINE('',#12729,#12730);
#12729 = CARTESIAN_POINT('',(13.,-59.01025));
#12730 = VECTOR('',#12731,1.);
#12731 = DIRECTION('',(0.,1.));
#12732 = ( GEOMETRIC_REPRESENTATION_CONTEXT(2) 
PARAMETRIC_REPRESENTATION_CONTEXT() REPRESENTATION_CONTEXT('2D SPACE',''
  ) );
#12733 = ORIENTED_EDGE('',*,*,#12734,.T.);
#12734 = EDGE_CURVE('',#12712,#12464,#12735,.T.);
#12735 = SURFACE_CURVE('',#12736,(#12740,#12747),.PCURVE_S1.);
#12736 = LINE('',#12737,#12738);
#12737 = CARTESIAN_POINT('',(39.5355,-78.75,5.05));
#12738 = VECTOR('',#12739,1.);
#12739 = DIRECTION('',(0.,0.,1.));
#12740 = PCURVE('',#10228,#12741);
#12741 = DEFINITIONAL_REPRESENTATION('',(#12742),#12746);
#12742 = LINE('',#12743,#12744);
#12743 = CARTESIAN_POINT('',(0.,0.));
#12744 = VECTOR('',#12745,1.);
#12745 = DIRECTION('',(0.,-1.));
#12746 = ( GEOMETRIC_REPRESENTATION_CONTEXT(2) 
PARAMETRIC_REPRESENTATION_CONTEXT() REPRESENTATION_CONTEXT('2D SPACE',''
  ) );
#12747 = PCURVE('',#12479,#12748);
#12748 = DEFINITIONAL_REPRESENTATION('',(#12749),#12753);
#12749 = LINE('',#12750,#12751);
#12750 = CARTESIAN_POINT('',(2.4,0.));
#12751 = VECTOR('',#12752,1.);
#12752 = DIRECTION('',(0.,-1.));
#12753 = ( GEOMETRIC_REPRESENTATION_CONTEXT(2) 
PARAMETRIC_REPRESENTATION_CONTEXT() REPRESENTATION_CONTEXT('2D SPACE',''
  ) );
#12754 = ORIENTED_EDGE('',*,*,#12491,.T.);
#12755 = ORIENTED_EDGE('',*,*,#10317,.T.);
#12756 = ORIENTED_EDGE('',*,*,#10210,.F.);
#12757 = ADVANCED_FACE('',(#12758),#10254,.T.);
#12758 = FACE_BOUND('',#12759,.T.);
#12759 = EDGE_LOOP('',(#12760,#12761,#12782,#12783));
#12760 = ORIENTED_EDGE('',*,*,#12711,.F.);
#12761 = ORIENTED_EDGE('',*,*,#12762,.T.);
#12762 = EDGE_CURVE('',#12712,#10450,#12763,.T.);
#12763 = SURFACE_CURVE('',#12764,(#12768,#12775),.PCURVE_S1.);
#12764 = LINE('',#12765,#12766);
#12765 = CARTESIAN_POINT('',(12.5355,-78.75,5.05));
#12766 = VECTOR('',#12767,1.);
#12767 = DIRECTION('',(1.,0.,0.));
#12768 = PCURVE('',#10254,#12769);
#12769 = DEFINITIONAL_REPRESENTATION('',(#12770),#12774);
#12770 = LINE('',#12771,#12772);
#12771 = CARTESIAN_POINT('',(-14.,-59.01025));
#12772 = VECTOR('',#12773,1.);
#12773 = DIRECTION('',(1.,0.));
#12774 = ( GEOMETRIC_REPRESENTATION_CONTEXT(2) 
PARAMETRIC_REPRESENTATION_CONTEXT() REPRESENTATION_CONTEXT('2D SPACE',''
  ) );
#12775 = PCURVE('',#10465,#12776);
#12776 = DEFINITIONAL_REPRESENTATION('',(#12777),#12781);
#12777 = LINE('',#12778,#12779);
#12778 = CARTESIAN_POINT('',(0.,-0.6));
#12779 = VECTOR('',#12780,1.);
#12780 = DIRECTION('',(1.,0.));
#12781 = ( GEOMETRIC_REPRESENTATION_CONTEXT(2) 
PARAMETRIC_REPRESENTATION_CONTEXT() REPRESENTATION_CONTEXT('2D SPACE',''
  ) );
#12782 = ORIENTED_EDGE('',*,*,#10477,.T.);
#12783 = ORIENTED_EDGE('',*,*,#10240,.F.);
#12784 = ADVANCED_FACE('',(#12785),#10404,.T.);
#12785 = FACE_BOUND('',#12786,.T.);
#12786 = EDGE_LOOP('',(#12787));
#12787 = ORIENTED_EDGE('',*,*,#10389,.T.);
#12788 = ADVANCED_FACE('',(#12789),#10465,.F.);
#12789 = FACE_BOUND('',#12790,.F.);
#12790 = EDGE_LOOP('',(#12791,#12814,#12842,#12870,#12898,#12919,#12920,
    #12921));
#12791 = ORIENTED_EDGE('',*,*,#12792,.T.);
#12792 = EDGE_CURVE('',#12575,#12793,#12795,.T.);
#12793 = VERTEX_POINT('',#12794);
#12794 = CARTESIAN_POINT('',(12.5355,-78.75,5.05));
#12795 = SURFACE_CURVE('',#12796,(#12800,#12807),.PCURVE_S1.);
#12796 = LINE('',#12797,#12798);
#12797 = CARTESIAN_POINT('',(12.5355,-78.75,4.45));
#12798 = VECTOR('',#12799,1.);
#12799 = DIRECTION('',(0.,0.,1.));
#12800 = PCURVE('',#10465,#12801);
#12801 = DEFINITIONAL_REPRESENTATION('',(#12802),#12806);
#12802 = LINE('',#12803,#12804);
#12803 = CARTESIAN_POINT('',(0.,0.));
#12804 = VECTOR('',#12805,1.);
#12805 = DIRECTION('',(0.,-1.));
#12806 = ( GEOMETRIC_REPRESENTATION_CONTEXT(2) 
PARAMETRIC_REPRESENTATION_CONTEXT() REPRESENTATION_CONTEXT('2D SPACE',''
  ) );
#12807 = PCURVE('',#12590,#12808);
#12808 = DEFINITIONAL_REPRESENTATION('',(#12809),#12813);
#12809 = LINE('',#12810,#12811);
#12810 = CARTESIAN_POINT('',(118.0205,0.));
#12811 = VECTOR('',#12812,1.);
#12812 = DIRECTION('',(0.,-1.));
#12813 = ( GEOMETRIC_REPRESENTATION_CONTEXT(2) 
PARAMETRIC_REPRESENTATION_CONTEXT() REPRESENTATION_CONTEXT('2D SPACE',''
  ) );
#12814 = ORIENTED_EDGE('',*,*,#12815,.T.);
#12815 = EDGE_CURVE('',#12793,#12816,#12818,.T.);
#12816 = VERTEX_POINT('',#12817);
#12817 = CARTESIAN_POINT('',(13.5355,-78.75,5.05));
#12818 = SURFACE_CURVE('',#12819,(#12823,#12830),.PCURVE_S1.);
#12819 = LINE('',#12820,#12821);
#12820 = CARTESIAN_POINT('',(12.5355,-78.75,5.05));
#12821 = VECTOR('',#12822,1.);
#12822 = DIRECTION('',(1.,0.,0.));
#12823 = PCURVE('',#10465,#12824);
#12824 = DEFINITIONAL_REPRESENTATION('',(#12825),#12829);
#12825 = LINE('',#12826,#12827);
#12826 = CARTESIAN_POINT('',(0.,-0.6));
#12827 = VECTOR('',#12828,1.);
#12828 = DIRECTION('',(1.,0.));
#12829 = ( GEOMETRIC_REPRESENTATION_CONTEXT(2) 
PARAMETRIC_REPRESENTATION_CONTEXT() REPRESENTATION_CONTEXT('2D SPACE',''
  ) );
#12830 = PCURVE('',#12831,#12836);
#12831 = PLANE('',#12832);
#12832 = AXIS2_PLACEMENT_3D('',#12833,#12834,#12835);
#12833 = CARTESIAN_POINT('',(26.5355,-19.73975,5.05));
#12834 = DIRECTION('',(0.,0.,1.));
#12835 = DIRECTION('',(1.,0.,-0.));
#12836 = DEFINITIONAL_REPRESENTATION('',(#12837),#12841);
#12837 = LINE('',#12838,#12839);
#12838 = CARTESIAN_POINT('',(-14.,-59.01025));
#12839 = VECTOR('',#12840,1.);
#12840 = DIRECTION('',(1.,0.));
#12841 = ( GEOMETRIC_REPRESENTATION_CONTEXT(2) 
PARAMETRIC_REPRESENTATION_CONTEXT() REPRESENTATION_CONTEXT('2D SPACE',''
  ) );
#12842 = ORIENTED_EDGE('',*,*,#12843,.T.);
#12843 = EDGE_CURVE('',#12816,#12844,#12846,.T.);
#12844 = VERTEX_POINT('',#12845);
#12845 = CARTESIAN_POINT('',(15.9355,-78.75,5.05));
#12846 = SURFACE_CURVE('',#12847,(#12851,#12858),.PCURVE_S1.);
#12847 = LINE('',#12848,#12849);
#12848 = CARTESIAN_POINT('',(13.5355,-78.75,5.05));
#12849 = VECTOR('',#12850,1.);
#12850 = DIRECTION('',(1.,0.,0.));
#12851 = PCURVE('',#10465,#12852);
#12852 = DEFINITIONAL_REPRESENTATION('',(#12853),#12857);
#12853 = LINE('',#12854,#12855);
#12854 = CARTESIAN_POINT('',(1.,-0.6));
#12855 = VECTOR('',#12856,1.);
#12856 = DIRECTION('',(1.,0.));
#12857 = ( GEOMETRIC_REPRESENTATION_CONTEXT(2) 
PARAMETRIC_REPRESENTATION_CONTEXT() REPRESENTATION_CONTEXT('2D SPACE',''
  ) );
#12858 = PCURVE('',#12859,#12864);
#12859 = PLANE('',#12860);
#12860 = AXIS2_PLACEMENT_3D('',#12861,#12862,#12863);
#12861 = CARTESIAN_POINT('',(13.5355,-78.75,5.05));
#12862 = DIRECTION('',(0.,1.,0.));
#12863 = DIRECTION('',(1.,0.,0.));
#12864 = DEFINITIONAL_REPRESENTATION('',(#12865),#12869);
#12865 = LINE('',#12866,#12867);
#12866 = CARTESIAN_POINT('',(0.,0.));
#12867 = VECTOR('',#12868,1.);
#12868 = DIRECTION('',(1.,0.));
#12869 = ( GEOMETRIC_REPRESENTATION_CONTEXT(2) 
PARAMETRIC_REPRESENTATION_CONTEXT() REPRESENTATION_CONTEXT('2D SPACE',''
  ) );
#12870 = ORIENTED_EDGE('',*,*,#12871,.T.);
#12871 = EDGE_CURVE('',#12844,#12872,#12874,.T.);
#12872 = VERTEX_POINT('',#12873);
#12873 = CARTESIAN_POINT('',(37.1355,-78.75,5.05));
#12874 = SURFACE_CURVE('',#12875,(#12879,#12886),.PCURVE_S1.);
#12875 = LINE('',#12876,#12877);
#12876 = CARTESIAN_POINT('',(12.5355,-78.75,5.05));
#12877 = VECTOR('',#12878,1.);
#12878 = DIRECTION('',(1.,0.,0.));
#12879 = PCURVE('',#10465,#12880);
#12880 = DEFINITIONAL_REPRESENTATION('',(#12881),#12885);
#12881 = LINE('',#12882,#12883);
#12882 = CARTESIAN_POINT('',(0.,-0.6));
#12883 = VECTOR('',#12884,1.);
#12884 = DIRECTION('',(1.,0.));
#12885 = ( GEOMETRIC_REPRESENTATION_CONTEXT(2) 
PARAMETRIC_REPRESENTATION_CONTEXT() REPRESENTATION_CONTEXT('2D SPACE',''
  ) );
#12886 = PCURVE('',#12887,#12892);
#12887 = PLANE('',#12888);
#12888 = AXIS2_PLACEMENT_3D('',#12889,#12890,#12891);
#12889 = CARTESIAN_POINT('',(26.5355,-19.73975,5.05));
#12890 = DIRECTION('',(0.,0.,1.));
#12891 = DIRECTION('',(1.,0.,-0.));
#12892 = DEFINITIONAL_REPRESENTATION('',(#12893),#12897);
#12893 = LINE('',#12894,#12895);
#12894 = CARTESIAN_POINT('',(-14.,-59.01025));
#12895 = VECTOR('',#12896,1.);
#12896 = DIRECTION('',(1.,0.));
#12897 = ( GEOMETRIC_REPRESENTATION_CONTEXT(2) 
PARAMETRIC_REPRESENTATION_CONTEXT() REPRESENTATION_CONTEXT('2D SPACE',''
  ) );
#12898 = ORIENTED_EDGE('',*,*,#12899,.T.);
#12899 = EDGE_CURVE('',#12872,#12712,#12900,.T.);
#12900 = SURFACE_CURVE('',#12901,(#12905,#12912),.PCURVE_S1.);
#12901 = LINE('',#12902,#12903);
#12902 = CARTESIAN_POINT('',(37.1355,-78.75,5.05));
#12903 = VECTOR('',#12904,1.);
#12904 = DIRECTION('',(1.,0.,0.));
#12905 = PCURVE('',#10465,#12906);
#12906 = DEFINITIONAL_REPRESENTATION('',(#12907),#12911);
#12907 = LINE('',#12908,#12909);
#12908 = CARTESIAN_POINT('',(24.6,-0.6));
#12909 = VECTOR('',#12910,1.);
#12910 = DIRECTION('',(1.,0.));
#12911 = ( GEOMETRIC_REPRESENTATION_CONTEXT(2) 
PARAMETRIC_REPRESENTATION_CONTEXT() REPRESENTATION_CONTEXT('2D SPACE',''
  ) );
#12912 = PCURVE('',#12479,#12913);
#12913 = DEFINITIONAL_REPRESENTATION('',(#12914),#12918);
#12914 = LINE('',#12915,#12916);
#12915 = CARTESIAN_POINT('',(0.,0.));
#12916 = VECTOR('',#12917,1.);
#12917 = DIRECTION('',(1.,0.));
#12918 = ( GEOMETRIC_REPRESENTATION_CONTEXT(2) 
PARAMETRIC_REPRESENTATION_CONTEXT() REPRESENTATION_CONTEXT('2D SPACE',''
  ) );
#12919 = ORIENTED_EDGE('',*,*,#12762,.T.);
#12920 = ORIENTED_EDGE('',*,*,#10449,.F.);
#12921 = ORIENTED_EDGE('',*,*,#12602,.F.);
#12922 = ADVANCED_FACE('',(#12923),#10545,.T.);
#12923 = FACE_BOUND('',#12924,.T.);
#12924 = EDGE_LOOP('',(#12925,#12955,#12981,#12982));
#12925 = ORIENTED_EDGE('',*,*,#12926,.F.);
#12926 = EDGE_CURVE('',#12927,#12929,#12931,.T.);
#12927 = VERTEX_POINT('',#12928);
#12928 = CARTESIAN_POINT('',(13.5355,-55.,5.05));
#12929 = VERTEX_POINT('',#12930);
#12930 = CARTESIAN_POINT('',(13.5355,-61.3535,5.05));
#12931 = SURFACE_CURVE('',#12932,(#12936,#12943),.PCURVE_S1.);
#12932 = LINE('',#12933,#12934);
#12933 = CARTESIAN_POINT('',(13.5355,39.2705,5.05));
#12934 = VECTOR('',#12935,1.);
#12935 = DIRECTION('',(0.,-1.,0.));
#12936 = PCURVE('',#10545,#12937);
#12937 = DEFINITIONAL_REPRESENTATION('',(#12938),#12942);
#12938 = LINE('',#12939,#12940);
#12939 = CARTESIAN_POINT('',(13.5355,98.2705));
#12940 = VECTOR('',#12941,1.);
#12941 = DIRECTION('',(0.,-1.));
#12942 = ( GEOMETRIC_REPRESENTATION_CONTEXT(2) 
PARAMETRIC_REPRESENTATION_CONTEXT() REPRESENTATION_CONTEXT('2D SPACE',''
  ) );
#12943 = PCURVE('',#12944,#12949);
#12944 = PLANE('',#12945);
#12945 = AXIS2_PLACEMENT_3D('',#12946,#12947,#12948);
#12946 = CARTESIAN_POINT('',(13.5355,39.2705,5.05));
#12947 = DIRECTION('',(1.,0.,-0.));
#12948 = DIRECTION('',(0.,-1.,0.));
#12949 = DEFINITIONAL_REPRESENTATION('',(#12950),#12954);
#12950 = LINE('',#12951,#12952);
#12951 = CARTESIAN_POINT('',(0.,0.));
#12952 = VECTOR('',#12953,1.);
#12953 = DIRECTION('',(1.,0.));
#12954 = ( GEOMETRIC_REPRESENTATION_CONTEXT(2) 
PARAMETRIC_REPRESENTATION_CONTEXT() REPRESENTATION_CONTEXT('2D SPACE',''
  ) );
#12955 = ORIENTED_EDGE('',*,*,#12956,.T.);
#12956 = EDGE_CURVE('',#12927,#10528,#12957,.T.);
#12957 = SURFACE_CURVE('',#12958,(#12962,#12969),.PCURVE_S1.);
#12958 = LINE('',#12959,#12960);
#12959 = CARTESIAN_POINT('',(60.75,-55.,5.05));
#12960 = VECTOR('',#12961,1.);
#12961 = DIRECTION('',(-1.,0.,0.));
#12962 = PCURVE('',#10545,#12963);
#12963 = DEFINITIONAL_REPRESENTATION('',(#12964),#12968);
#12964 = LINE('',#12965,#12966);
#12965 = CARTESIAN_POINT('',(60.75,4.));
#12966 = VECTOR('',#12967,1.);
#12967 = DIRECTION('',(-1.,0.));
#12968 = ( GEOMETRIC_REPRESENTATION_CONTEXT(2) 
PARAMETRIC_REPRESENTATION_CONTEXT() REPRESENTATION_CONTEXT('2D SPACE',''
  ) );
#12969 = PCURVE('',#12970,#12975);
#12970 = PLANE('',#12971);
#12971 = AXIS2_PLACEMENT_3D('',#12972,#12973,#12974);
#12972 = CARTESIAN_POINT('',(26.5355,-19.73975,5.05));
#12973 = DIRECTION('',(0.,0.,1.));
#12974 = DIRECTION('',(1.,0.,-0.));
#12975 = DEFINITIONAL_REPRESENTATION('',(#12976),#12980);
#12976 = LINE('',#12977,#12978);
#12977 = CARTESIAN_POINT('',(34.2145,-35.26025));
#12978 = VECTOR('',#12979,1.);
#12979 = DIRECTION('',(-1.,0.));
#12980 = ( GEOMETRIC_REPRESENTATION_CONTEXT(2) 
PARAMETRIC_REPRESENTATION_CONTEXT() REPRESENTATION_CONTEXT('2D SPACE',''
  ) );
#12981 = ORIENTED_EDGE('',*,*,#10527,.T.);
#12982 = ORIENTED_EDGE('',*,*,#12983,.F.);
#12983 = EDGE_CURVE('',#12929,#10530,#12984,.T.);
#12984 = SURFACE_CURVE('',#12985,(#12989,#12996),.PCURVE_S1.);
#12985 = LINE('',#12986,#12987);
#12986 = CARTESIAN_POINT('',(17.438,-61.3535,5.05));
#12987 = VECTOR('',#12988,1.);
#12988 = DIRECTION('',(-1.,0.,0.));
#12989 = PCURVE('',#10545,#12990);
#12990 = DEFINITIONAL_REPRESENTATION('',(#12991),#12995);
#12991 = LINE('',#12992,#12993);
#12992 = CARTESIAN_POINT('',(17.438,-2.3535));
#12993 = VECTOR('',#12994,1.);
#12994 = DIRECTION('',(-1.,0.));
#12995 = ( GEOMETRIC_REPRESENTATION_CONTEXT(2) 
PARAMETRIC_REPRESENTATION_CONTEXT() REPRESENTATION_CONTEXT('2D SPACE',''
  ) );
#12996 = PCURVE('',#12997,#13002);
#12997 = PLANE('',#12998);
#12998 = AXIS2_PLACEMENT_3D('',#12999,#13000,#13001);
#12999 = CARTESIAN_POINT('',(0.,-59.,5.05));
#13000 = DIRECTION('',(0.,0.,1.));
#13001 = DIRECTION('',(1.,0.,-0.));
#13002 = DEFINITIONAL_REPRESENTATION('',(#13003),#13007);
#13003 = LINE('',#13004,#13005);
#13004 = CARTESIAN_POINT('',(17.438,-2.3535));
#13005 = VECTOR('',#13006,1.);
#13006 = DIRECTION('',(-1.,0.));
#13007 = ( GEOMETRIC_REPRESENTATION_CONTEXT(2) 
PARAMETRIC_REPRESENTATION_CONTEXT() REPRESENTATION_CONTEXT('2D SPACE',''
  ) );
#13008 = ADVANCED_FACE('',(#13009),#10618,.T.);
#13009 = FACE_BOUND('',#13010,.T.);
#13010 = EDGE_LOOP('',(#13011,#13012,#13013,#13041));
#13011 = ORIENTED_EDGE('',*,*,#10630,.T.);
#13012 = ORIENTED_EDGE('',*,*,#10602,.T.);
#13013 = ORIENTED_EDGE('',*,*,#13014,.T.);
#13014 = EDGE_CURVE('',#10580,#13015,#13017,.T.);
#13015 = VERTEX_POINT('',#13016);
#13016 = CARTESIAN_POINT('',(12.5355,-63.,5.05));
#13017 = SURFACE_CURVE('',#13018,(#13022,#13029),.PCURVE_S1.);
#13018 = LINE('',#13019,#13020);
#13019 = CARTESIAN_POINT('',(-60.75,-63.,5.05));
#13020 = VECTOR('',#13021,1.);
#13021 = DIRECTION('',(1.,0.,0.));
#13022 = PCURVE('',#10618,#13023);
#13023 = DEFINITIONAL_REPRESENTATION('',(#13024),#13028);
#13024 = LINE('',#13025,#13026);
#13025 = CARTESIAN_POINT('',(-60.75,-4.));
#13026 = VECTOR('',#13027,1.);
#13027 = DIRECTION('',(1.,0.));
#13028 = ( GEOMETRIC_REPRESENTATION_CONTEXT(2) 
PARAMETRIC_REPRESENTATION_CONTEXT() REPRESENTATION_CONTEXT('2D SPACE',''
  ) );
#13029 = PCURVE('',#13030,#13035);
#13030 = PLANE('',#13031);
#13031 = AXIS2_PLACEMENT_3D('',#13032,#13033,#13034);
#13032 = CARTESIAN_POINT('',(12.438,-66.3535,5.05));
#13033 = DIRECTION('',(0.,0.,1.));
#13034 = DIRECTION('',(1.,0.,-0.));
#13035 = DEFINITIONAL_REPRESENTATION('',(#13036),#13040);
#13036 = LINE('',#13037,#13038);
#13037 = CARTESIAN_POINT('',(-73.188,3.3535));
#13038 = VECTOR('',#13039,1.);
#13039 = DIRECTION('',(1.,0.));
#13040 = ( GEOMETRIC_REPRESENTATION_CONTEXT(2) 
PARAMETRIC_REPRESENTATION_CONTEXT() REPRESENTATION_CONTEXT('2D SPACE',''
  ) );
#13041 = ORIENTED_EDGE('',*,*,#13042,.F.);
#13042 = EDGE_CURVE('',#10530,#13015,#13043,.T.);
#13043 = SURFACE_CURVE('',#13044,(#13048,#13055),.PCURVE_S1.);
#13044 = LINE('',#13045,#13046);
#13045 = CARTESIAN_POINT('',(12.5355,39.2705,5.05));
#13046 = VECTOR('',#13047,1.);
#13047 = DIRECTION('',(0.,-1.,0.));
#13048 = PCURVE('',#10618,#13049);
#13049 = DEFINITIONAL_REPRESENTATION('',(#13050),#13054);
#13050 = LINE('',#13051,#13052);
#13051 = CARTESIAN_POINT('',(12.5355,98.2705));
#13052 = VECTOR('',#13053,1.);
#13053 = DIRECTION('',(0.,-1.));
#13054 = ( GEOMETRIC_REPRESENTATION_CONTEXT(2) 
PARAMETRIC_REPRESENTATION_CONTEXT() REPRESENTATION_CONTEXT('2D SPACE',''
  ) );
#13055 = PCURVE('',#12997,#13056);
#13056 = DEFINITIONAL_REPRESENTATION('',(#13057),#13061);
#13057 = LINE('',#13058,#13059);
#13058 = CARTESIAN_POINT('',(12.5355,98.2705));
#13059 = VECTOR('',#13060,1.);
#13060 = DIRECTION('',(0.,-1.));
#13061 = ( GEOMETRIC_REPRESENTATION_CONTEXT(2) 
PARAMETRIC_REPRESENTATION_CONTEXT() REPRESENTATION_CONTEXT('2D SPACE',''
  ) );
#13062 = ADVANCED_FACE('',(#13063),#10693,.F.);
#13063 = FACE_BOUND('',#13064,.F.);
#13064 = EDGE_LOOP('',(#13065,#13066,#13089,#13115));
#13065 = ORIENTED_EDGE('',*,*,#10679,.F.);
#13066 = ORIENTED_EDGE('',*,*,#13067,.T.);
#13067 = EDGE_CURVE('',#8201,#13068,#13070,.T.);
#13068 = VERTEX_POINT('',#13069);
#13069 = CARTESIAN_POINT('',(7.438,-71.3535,4.45));
#13070 = SURFACE_CURVE('',#13071,(#13075,#13082),.PCURVE_S1.);
#13071 = LINE('',#13072,#13073);
#13072 = CARTESIAN_POINT('',(7.438,-61.3535,4.45));
#13073 = VECTOR('',#13074,1.);
#13074 = DIRECTION('',(0.,-1.,0.));
#13075 = PCURVE('',#10693,#13076);
#13076 = DEFINITIONAL_REPRESENTATION('',(#13077),#13081);
#13077 = LINE('',#13078,#13079);
#13078 = CARTESIAN_POINT('',(-5.,5.));
#13079 = VECTOR('',#13080,1.);
#13080 = DIRECTION('',(0.,-1.));
#13081 = ( GEOMETRIC_REPRESENTATION_CONTEXT(2) 
PARAMETRIC_REPRESENTATION_CONTEXT() REPRESENTATION_CONTEXT('2D SPACE',''
  ) );
#13082 = PCURVE('',#10724,#13083);
#13083 = DEFINITIONAL_REPRESENTATION('',(#13084),#13088);
#13084 = LINE('',#13085,#13086);
#13085 = CARTESIAN_POINT('',(0.,0.));
#13086 = VECTOR('',#13087,1.);
#13087 = DIRECTION('',(1.,0.));
#13088 = ( GEOMETRIC_REPRESENTATION_CONTEXT(2) 
PARAMETRIC_REPRESENTATION_CONTEXT() REPRESENTATION_CONTEXT('2D SPACE',''
  ) );
#13089 = ORIENTED_EDGE('',*,*,#13090,.T.);
#13090 = EDGE_CURVE('',#13068,#12573,#13091,.T.);
#13091 = SURFACE_CURVE('',#13092,(#13096,#13103),.PCURVE_S1.);
#13092 = LINE('',#13093,#13094);
#13093 = CARTESIAN_POINT('',(7.438,-71.3535,4.45));
#13094 = VECTOR('',#13095,1.);
#13095 = DIRECTION('',(1.,0.,0.));
#13096 = PCURVE('',#10693,#13097);
#13097 = DEFINITIONAL_REPRESENTATION('',(#13098),#13102);
#13098 = LINE('',#13099,#13100);
#13099 = CARTESIAN_POINT('',(-5.,-5.));
#13100 = VECTOR('',#13101,1.);
#13101 = DIRECTION('',(1.,0.));
#13102 = ( GEOMETRIC_REPRESENTATION_CONTEXT(2) 
PARAMETRIC_REPRESENTATION_CONTEXT() REPRESENTATION_CONTEXT('2D SPACE',''
  ) );
#13103 = PCURVE('',#13104,#13109);
#13104 = PLANE('',#13105);
#13105 = AXIS2_PLACEMENT_3D('',#13106,#13107,#13108);
#13106 = CARTESIAN_POINT('',(7.438,-71.3535,4.45));
#13107 = DIRECTION('',(0.,1.,0.));
#13108 = DIRECTION('',(1.,0.,0.));
#13109 = DEFINITIONAL_REPRESENTATION('',(#13110),#13114);
#13110 = LINE('',#13111,#13112);
#13111 = CARTESIAN_POINT('',(0.,0.));
#13112 = VECTOR('',#13113,1.);
#13113 = DIRECTION('',(1.,0.));
#13114 = ( GEOMETRIC_REPRESENTATION_CONTEXT(2) 
PARAMETRIC_REPRESENTATION_CONTEXT() REPRESENTATION_CONTEXT('2D SPACE',''
  ) );
#13115 = ORIENTED_EDGE('',*,*,#13116,.F.);
#13116 = EDGE_CURVE('',#10655,#12573,#13117,.T.);
#13117 = SURFACE_CURVE('',#13118,(#13122,#13129),.PCURVE_S1.);
#13118 = LINE('',#13119,#13120);
#13119 = CARTESIAN_POINT('',(12.5355,39.2705,4.45));
#13120 = VECTOR('',#13121,1.);
#13121 = DIRECTION('',(0.,-1.,0.));
#13122 = PCURVE('',#10693,#13123);
#13123 = DEFINITIONAL_REPRESENTATION('',(#13124),#13128);
#13124 = LINE('',#13125,#13126);
#13125 = CARTESIAN_POINT('',(9.75E-02,105.624));
#13126 = VECTOR('',#13127,1.);
#13127 = DIRECTION('',(0.,-1.));
#13128 = ( GEOMETRIC_REPRESENTATION_CONTEXT(2) 
PARAMETRIC_REPRESENTATION_CONTEXT() REPRESENTATION_CONTEXT('2D SPACE',''
  ) );
#13129 = PCURVE('',#12642,#13130);
#13130 = DEFINITIONAL_REPRESENTATION('',(#13131),#13135);
#13131 = LINE('',#13132,#13133);
#13132 = CARTESIAN_POINT('',(9.75E-02,105.624));
#13133 = VECTOR('',#13134,1.);
#13134 = DIRECTION('',(0.,-1.));
#13135 = ( GEOMETRIC_REPRESENTATION_CONTEXT(2) 
PARAMETRIC_REPRESENTATION_CONTEXT() REPRESENTATION_CONTEXT('2D SPACE',''
  ) );
#13136 = ADVANCED_FACE('',(#13137),#10724,.F.);
#13137 = FACE_BOUND('',#13138,.F.);
#13138 = EDGE_LOOP('',(#13139,#13140,#13141,#13164));
#13139 = ORIENTED_EDGE('',*,*,#13067,.F.);
#13140 = ORIENTED_EDGE('',*,*,#10711,.F.);
#13141 = ORIENTED_EDGE('',*,*,#13142,.T.);
#13142 = EDGE_CURVE('',#10580,#13143,#13145,.T.);
#13143 = VERTEX_POINT('',#13144);
#13144 = CARTESIAN_POINT('',(7.438,-71.3535,5.05));
#13145 = SURFACE_CURVE('',#13146,(#13150,#13157),.PCURVE_S1.);
#13146 = LINE('',#13147,#13148);
#13147 = CARTESIAN_POINT('',(7.438,-61.3535,5.05));
#13148 = VECTOR('',#13149,1.);
#13149 = DIRECTION('',(0.,-1.,0.));
#13150 = PCURVE('',#10724,#13151);
#13151 = DEFINITIONAL_REPRESENTATION('',(#13152),#13156);
#13152 = LINE('',#13153,#13154);
#13153 = CARTESIAN_POINT('',(0.,-0.6));
#13154 = VECTOR('',#13155,1.);
#13155 = DIRECTION('',(1.,0.));
#13156 = ( GEOMETRIC_REPRESENTATION_CONTEXT(2) 
PARAMETRIC_REPRESENTATION_CONTEXT() REPRESENTATION_CONTEXT('2D SPACE',''
  ) );
#13157 = PCURVE('',#13030,#13158);
#13158 = DEFINITIONAL_REPRESENTATION('',(#13159),#13163);
#13159 = LINE('',#13160,#13161);
#13160 = CARTESIAN_POINT('',(-5.,5.));
#13161 = VECTOR('',#13162,1.);
#13162 = DIRECTION('',(0.,-1.));
#13163 = ( GEOMETRIC_REPRESENTATION_CONTEXT(2) 
PARAMETRIC_REPRESENTATION_CONTEXT() REPRESENTATION_CONTEXT('2D SPACE',''
  ) );
#13164 = ORIENTED_EDGE('',*,*,#13165,.F.);
#13165 = EDGE_CURVE('',#13068,#13143,#13166,.T.);
#13166 = SURFACE_CURVE('',#13167,(#13171,#13178),.PCURVE_S1.);
#13167 = LINE('',#13168,#13169);
#13168 = CARTESIAN_POINT('',(7.438,-71.3535,4.45));
#13169 = VECTOR('',#13170,1.);
#13170 = DIRECTION('',(0.,0.,1.));
#13171 = PCURVE('',#10724,#13172);
#13172 = DEFINITIONAL_REPRESENTATION('',(#13173),#13177);
#13173 = LINE('',#13174,#13175);
#13174 = CARTESIAN_POINT('',(10.,0.));
#13175 = VECTOR('',#13176,1.);
#13176 = DIRECTION('',(0.,-1.));
#13177 = ( GEOMETRIC_REPRESENTATION_CONTEXT(2) 
PARAMETRIC_REPRESENTATION_CONTEXT() REPRESENTATION_CONTEXT('2D SPACE',''
  ) );
#13178 = PCURVE('',#13104,#13179);
#13179 = DEFINITIONAL_REPRESENTATION('',(#13180),#13184);
#13180 = LINE('',#13181,#13182);
#13181 = CARTESIAN_POINT('',(0.,0.));
#13182 = VECTOR('',#13183,1.);
#13183 = DIRECTION('',(0.,-1.));
#13184 = ( GEOMETRIC_REPRESENTATION_CONTEXT(2) 
PARAMETRIC_REPRESENTATION_CONTEXT() REPRESENTATION_CONTEXT('2D SPACE',''
  ) );
#13185 = ADVANCED_FACE('',(#13186),#10752,.F.);
#13186 = FACE_BOUND('',#13187,.F.);
#13187 = EDGE_LOOP('',(#13188,#13189,#13190,#13211));
#13188 = ORIENTED_EDGE('',*,*,#12538,.F.);
#13189 = ORIENTED_EDGE('',*,*,#11597,.F.);
#13190 = ORIENTED_EDGE('',*,*,#13191,.T.);
#13191 = EDGE_CURVE('',#11521,#10528,#13192,.T.);
#13192 = SURFACE_CURVE('',#13193,(#13197,#13204),.PCURVE_S1.);
#13193 = LINE('',#13194,#13195);
#13194 = CARTESIAN_POINT('',(12.5355,39.2705,5.05));
#13195 = VECTOR('',#13196,1.);
#13196 = DIRECTION('',(0.,-1.,0.));
#13197 = PCURVE('',#10752,#13198);
#13198 = DEFINITIONAL_REPRESENTATION('',(#13199),#13203);
#13199 = LINE('',#13200,#13201);
#13200 = CARTESIAN_POINT('',(0.,-0.6));
#13201 = VECTOR('',#13202,1.);
#13202 = DIRECTION('',(1.,0.));
#13203 = ( GEOMETRIC_REPRESENTATION_CONTEXT(2) 
PARAMETRIC_REPRESENTATION_CONTEXT() REPRESENTATION_CONTEXT('2D SPACE',''
  ) );
#13204 = PCURVE('',#12970,#13205);
#13205 = DEFINITIONAL_REPRESENTATION('',(#13206),#13210);
#13206 = LINE('',#13207,#13208);
#13207 = CARTESIAN_POINT('',(-14.,59.01025));
#13208 = VECTOR('',#13209,1.);
#13209 = DIRECTION('',(0.,-1.));
#13210 = ( GEOMETRIC_REPRESENTATION_CONTEXT(2) 
PARAMETRIC_REPRESENTATION_CONTEXT() REPRESENTATION_CONTEXT('2D SPACE',''
  ) );
#13211 = ORIENTED_EDGE('',*,*,#10739,.F.);
#13212 = ADVANCED_FACE('',(#13213),#10803,.F.);
#13213 = FACE_BOUND('',#13214,.F.);
#13214 = EDGE_LOOP('',(#13215,#13216,#13217,#13238));
#13215 = ORIENTED_EDGE('',*,*,#10789,.F.);
#13216 = ORIENTED_EDGE('',*,*,#11290,.T.);
#13217 = ORIENTED_EDGE('',*,*,#13218,.T.);
#13218 = EDGE_CURVE('',#11268,#11091,#13219,.T.);
#13219 = SURFACE_CURVE('',#13220,(#13224,#13231),.PCURVE_S1.);
#13220 = LINE('',#13221,#13222);
#13221 = CARTESIAN_POINT('',(-7.3,-46.6,5.05));
#13222 = VECTOR('',#13223,1.);
#13223 = DIRECTION('',(0.,1.,0.));
#13224 = PCURVE('',#10803,#13225);
#13225 = DEFINITIONAL_REPRESENTATION('',(#13226),#13230);
#13226 = LINE('',#13227,#13228);
#13227 = CARTESIAN_POINT('',(1.2,-6.));
#13228 = VECTOR('',#13229,1.);
#13229 = DIRECTION('',(0.,1.));
#13230 = ( GEOMETRIC_REPRESENTATION_CONTEXT(2) 
PARAMETRIC_REPRESENTATION_CONTEXT() REPRESENTATION_CONTEXT('2D SPACE',''
  ) );
#13231 = PCURVE('',#11108,#13232);
#13232 = DEFINITIONAL_REPRESENTATION('',(#13233),#13237);
#13233 = LINE('',#13234,#13235);
#13234 = CARTESIAN_POINT('',(0.,0.));
#13235 = VECTOR('',#13236,1.);
#13236 = DIRECTION('',(1.,0.));
#13237 = ( GEOMETRIC_REPRESENTATION_CONTEXT(2) 
PARAMETRIC_REPRESENTATION_CONTEXT() REPRESENTATION_CONTEXT('2D SPACE',''
  ) );
#13238 = ORIENTED_EDGE('',*,*,#11170,.T.);
#13239 = ADVANCED_FACE('',(#13240),#10830,.F.);
#13240 = FACE_BOUND('',#13241,.F.);
#13241 = EDGE_LOOP('',(#13242,#13243,#13244,#13265));
#13242 = ORIENTED_EDGE('',*,*,#10816,.F.);
#13243 = ORIENTED_EDGE('',*,*,#11065,.T.);
#13244 = ORIENTED_EDGE('',*,*,#13245,.T.);
#13245 = EDGE_CURVE('',#11043,#10866,#13246,.T.);
#13246 = SURFACE_CURVE('',#13247,(#13251,#13258),.PCURVE_S1.);
#13247 = LINE('',#13248,#13249);
#13248 = CARTESIAN_POINT('',(-7.3,11.4,5.05));
#13249 = VECTOR('',#13250,1.);
#13250 = DIRECTION('',(0.,1.,0.));
#13251 = PCURVE('',#10830,#13252);
#13252 = DEFINITIONAL_REPRESENTATION('',(#13253),#13257);
#13253 = LINE('',#13254,#13255);
#13254 = CARTESIAN_POINT('',(1.2,-6.));
#13255 = VECTOR('',#13256,1.);
#13256 = DIRECTION('',(0.,1.));
#13257 = ( GEOMETRIC_REPRESENTATION_CONTEXT(2) 
PARAMETRIC_REPRESENTATION_CONTEXT() REPRESENTATION_CONTEXT('2D SPACE',''
  ) );
#13258 = PCURVE('',#10883,#13259);
#13259 = DEFINITIONAL_REPRESENTATION('',(#13260),#13264);
#13260 = LINE('',#13261,#13262);
#13261 = CARTESIAN_POINT('',(0.,0.));
#13262 = VECTOR('',#13263,1.);
#13263 = DIRECTION('',(1.,0.));
#13264 = ( GEOMETRIC_REPRESENTATION_CONTEXT(2) 
PARAMETRIC_REPRESENTATION_CONTEXT() REPRESENTATION_CONTEXT('2D SPACE',''
  ) );
#13265 = ORIENTED_EDGE('',*,*,#10945,.T.);
#13266 = ADVANCED_FACE('',(#13267),#10883,.F.);
#13267 = FACE_BOUND('',#13268,.F.);
#13268 = EDGE_LOOP('',(#13269,#13270,#13291,#13292));
#13269 = ORIENTED_EDGE('',*,*,#11042,.T.);
#13270 = ORIENTED_EDGE('',*,*,#13271,.T.);
#13271 = EDGE_CURVE('',#11020,#10868,#13272,.T.);
#13272 = SURFACE_CURVE('',#13273,(#13277,#13284),.PCURVE_S1.);
#13273 = LINE('',#13274,#13275);
#13274 = CARTESIAN_POINT('',(-7.3,11.4,24.6));
#13275 = VECTOR('',#13276,1.);
#13276 = DIRECTION('',(0.,1.,0.));
#13277 = PCURVE('',#10883,#13278);
#13278 = DEFINITIONAL_REPRESENTATION('',(#13279),#13283);
#13279 = LINE('',#13280,#13281);
#13280 = CARTESIAN_POINT('',(0.,-19.55));
#13281 = VECTOR('',#13282,1.);
#13282 = DIRECTION('',(1.,0.));
#13283 = ( GEOMETRIC_REPRESENTATION_CONTEXT(2) 
PARAMETRIC_REPRESENTATION_CONTEXT() REPRESENTATION_CONTEXT('2D SPACE',''
  ) );
#13284 = PCURVE('',#10911,#13285);
#13285 = DEFINITIONAL_REPRESENTATION('',(#13286),#13290);
#13286 = LINE('',#13287,#13288);
#13287 = CARTESIAN_POINT('',(1.2,-6.));
#13288 = VECTOR('',#13289,1.);
#13289 = DIRECTION('',(0.,1.));
#13290 = ( GEOMETRIC_REPRESENTATION_CONTEXT(2) 
PARAMETRIC_REPRESENTATION_CONTEXT() REPRESENTATION_CONTEXT('2D SPACE',''
  ) );
#13291 = ORIENTED_EDGE('',*,*,#10865,.F.);
#13292 = ORIENTED_EDGE('',*,*,#13245,.F.);
#13293 = ADVANCED_FACE('',(#13294),#10911,.T.);
#13294 = FACE_BOUND('',#13295,.T.);
#13295 = EDGE_LOOP('',(#13296,#13297,#13298,#13299));
#13296 = ORIENTED_EDGE('',*,*,#11019,.T.);
#13297 = ORIENTED_EDGE('',*,*,#13271,.T.);
#13298 = ORIENTED_EDGE('',*,*,#10895,.T.);
#13299 = ORIENTED_EDGE('',*,*,#10970,.T.);
#13300 = ADVANCED_FACE('',(#13301),#11108,.F.);
#13301 = FACE_BOUND('',#13302,.F.);
#13302 = EDGE_LOOP('',(#13303,#13304,#13325,#13326));
#13303 = ORIENTED_EDGE('',*,*,#11267,.T.);
#13304 = ORIENTED_EDGE('',*,*,#13305,.T.);
#13305 = EDGE_CURVE('',#11245,#11093,#13306,.T.);
#13306 = SURFACE_CURVE('',#13307,(#13311,#13318),.PCURVE_S1.);
#13307 = LINE('',#13308,#13309);
#13308 = CARTESIAN_POINT('',(-7.3,-46.6,24.6));
#13309 = VECTOR('',#13310,1.);
#13310 = DIRECTION('',(0.,1.,0.));
#13311 = PCURVE('',#11108,#13312);
#13312 = DEFINITIONAL_REPRESENTATION('',(#13313),#13317);
#13313 = LINE('',#13314,#13315);
#13314 = CARTESIAN_POINT('',(0.,-19.55));
#13315 = VECTOR('',#13316,1.);
#13316 = DIRECTION('',(1.,0.));
#13317 = ( GEOMETRIC_REPRESENTATION_CONTEXT(2) 
PARAMETRIC_REPRESENTATION_CONTEXT() REPRESENTATION_CONTEXT('2D SPACE',''
  ) );
#13318 = PCURVE('',#11136,#13319);
#13319 = DEFINITIONAL_REPRESENTATION('',(#13320),#13324);
#13320 = LINE('',#13321,#13322);
#13321 = CARTESIAN_POINT('',(1.2,-6.));
#13322 = VECTOR('',#13323,1.);
#13323 = DIRECTION('',(0.,1.));
#13324 = ( GEOMETRIC_REPRESENTATION_CONTEXT(2) 
PARAMETRIC_REPRESENTATION_CONTEXT() REPRESENTATION_CONTEXT('2D SPACE',''
  ) );
#13325 = ORIENTED_EDGE('',*,*,#11090,.F.);
#13326 = ORIENTED_EDGE('',*,*,#13218,.F.);
#13327 = ADVANCED_FACE('',(#13328),#11136,.T.);
#13328 = FACE_BOUND('',#13329,.T.);
#13329 = EDGE_LOOP('',(#13330,#13331,#13332,#13333));
#13330 = ORIENTED_EDGE('',*,*,#11244,.T.);
#13331 = ORIENTED_EDGE('',*,*,#13305,.T.);
#13332 = ORIENTED_EDGE('',*,*,#11120,.T.);
#13333 = ORIENTED_EDGE('',*,*,#11195,.T.);
#13334 = ADVANCED_FACE('',(#13335),#11354,.T.);
#13335 = FACE_BOUND('',#13336,.T.);
#13336 = EDGE_LOOP('',(#13337,#13338,#13339,#13340));
#13337 = ORIENTED_EDGE('',*,*,#11338,.T.);
#13338 = ORIENTED_EDGE('',*,*,#11393,.T.);
#13339 = ORIENTED_EDGE('',*,*,#11442,.T.);
#13340 = ORIENTED_EDGE('',*,*,#11492,.T.);
#13341 = ADVANCED_FACE('',(#13342),#11536,.T.);
#13342 = FACE_BOUND('',#13343,.T.);
#13343 = EDGE_LOOP('',(#13344,#13369,#13395,#13396));
#13344 = ORIENTED_EDGE('',*,*,#13345,.F.);
#13345 = EDGE_CURVE('',#13346,#13348,#13350,.T.);
#13346 = VERTEX_POINT('',#13347);
#13347 = CARTESIAN_POINT('',(13.5355,34.,5.05));
#13348 = VERTEX_POINT('',#13349);
#13349 = CARTESIAN_POINT('',(13.5355,26.,5.05));
#13350 = SURFACE_CURVE('',#13351,(#13355,#13362),.PCURVE_S1.);
#13351 = LINE('',#13352,#13353);
#13352 = CARTESIAN_POINT('',(13.5355,39.2705,5.05));
#13353 = VECTOR('',#13354,1.);
#13354 = DIRECTION('',(0.,-1.,0.));
#13355 = PCURVE('',#11536,#13356);
#13356 = DEFINITIONAL_REPRESENTATION('',(#13357),#13361);
#13357 = LINE('',#13358,#13359);
#13358 = CARTESIAN_POINT('',(13.5355,9.2705));
#13359 = VECTOR('',#13360,1.);
#13360 = DIRECTION('',(0.,-1.));
#13361 = ( GEOMETRIC_REPRESENTATION_CONTEXT(2) 
PARAMETRIC_REPRESENTATION_CONTEXT() REPRESENTATION_CONTEXT('2D SPACE',''
  ) );
#13362 = PCURVE('',#12944,#13363);
#13363 = DEFINITIONAL_REPRESENTATION('',(#13364),#13368);
#13364 = LINE('',#13365,#13366);
#13365 = CARTESIAN_POINT('',(0.,0.));
#13366 = VECTOR('',#13367,1.);
#13367 = DIRECTION('',(1.,0.));
#13368 = ( GEOMETRIC_REPRESENTATION_CONTEXT(2) 
PARAMETRIC_REPRESENTATION_CONTEXT() REPRESENTATION_CONTEXT('2D SPACE',''
  ) );
#13369 = ORIENTED_EDGE('',*,*,#13370,.T.);
#13370 = EDGE_CURVE('',#13346,#11519,#13371,.T.);
#13371 = SURFACE_CURVE('',#13372,(#13376,#13383),.PCURVE_S1.);
#13372 = LINE('',#13373,#13374);
#13373 = CARTESIAN_POINT('',(60.75,34.,5.05));
#13374 = VECTOR('',#13375,1.);
#13375 = DIRECTION('',(-1.,0.,0.));
#13376 = PCURVE('',#11536,#13377);
#13377 = DEFINITIONAL_REPRESENTATION('',(#13378),#13382);
#13378 = LINE('',#13379,#13380);
#13379 = CARTESIAN_POINT('',(60.75,4.));
#13380 = VECTOR('',#13381,1.);
#13381 = DIRECTION('',(-1.,0.));
#13382 = ( GEOMETRIC_REPRESENTATION_CONTEXT(2) 
PARAMETRIC_REPRESENTATION_CONTEXT() REPRESENTATION_CONTEXT('2D SPACE',''
  ) );
#13383 = PCURVE('',#13384,#13389);
#13384 = PLANE('',#13385);
#13385 = AXIS2_PLACEMENT_3D('',#13386,#13387,#13388);
#13386 = CARTESIAN_POINT('',(26.5355,-19.73975,5.05));
#13387 = DIRECTION('',(0.,0.,1.));
#13388 = DIRECTION('',(1.,0.,-0.));
#13389 = DEFINITIONAL_REPRESENTATION('',(#13390),#13394);
#13390 = LINE('',#13391,#13392);
#13391 = CARTESIAN_POINT('',(34.2145,53.73975));
#13392 = VECTOR('',#13393,1.);
#13393 = DIRECTION('',(-1.,0.));
#13394 = ( GEOMETRIC_REPRESENTATION_CONTEXT(2) 
PARAMETRIC_REPRESENTATION_CONTEXT() REPRESENTATION_CONTEXT('2D SPACE',''
  ) );
#13395 = ORIENTED_EDGE('',*,*,#11518,.T.);
#13396 = ORIENTED_EDGE('',*,*,#13397,.T.);
#13397 = EDGE_CURVE('',#11521,#13348,#13398,.T.);
#13398 = SURFACE_CURVE('',#13399,(#13403,#13410),.PCURVE_S1.);
#13399 = LINE('',#13400,#13401);
#13400 = CARTESIAN_POINT('',(-60.75,26.,5.05));
#13401 = VECTOR('',#13402,1.);
#13402 = DIRECTION('',(1.,0.,0.));
#13403 = PCURVE('',#11536,#13404);
#13404 = DEFINITIONAL_REPRESENTATION('',(#13405),#13409);
#13405 = LINE('',#13406,#13407);
#13406 = CARTESIAN_POINT('',(-60.75,-4.));
#13407 = VECTOR('',#13408,1.);
#13408 = DIRECTION('',(1.,0.));
#13409 = ( GEOMETRIC_REPRESENTATION_CONTEXT(2) 
PARAMETRIC_REPRESENTATION_CONTEXT() REPRESENTATION_CONTEXT('2D SPACE',''
  ) );
#13410 = PCURVE('',#12970,#13411);
#13411 = DEFINITIONAL_REPRESENTATION('',(#13412),#13416);
#13412 = LINE('',#13413,#13414);
#13413 = CARTESIAN_POINT('',(-87.2855,45.73975));
#13414 = VECTOR('',#13415,1.);
#13415 = DIRECTION('',(1.,0.));
#13416 = ( GEOMETRIC_REPRESENTATION_CONTEXT(2) 
PARAMETRIC_REPRESENTATION_CONTEXT() REPRESENTATION_CONTEXT('2D SPACE',''
  ) );
#13417 = ADVANCED_FACE('',(#13418),#11633,.F.);
#13418 = FACE_BOUND('',#13419,.F.);
#13419 = EDGE_LOOP('',(#13420,#13421,#13447,#13468));
#13420 = ORIENTED_EDGE('',*,*,#11701,.F.);
#13421 = ORIENTED_EDGE('',*,*,#13422,.F.);
#13422 = EDGE_CURVE('',#13423,#11702,#13425,.T.);
#13423 = VERTEX_POINT('',#13424);
#13424 = CARTESIAN_POINT('',(12.5355,34.1835,5.05));
#13425 = SURFACE_CURVE('',#13426,(#13430,#13436),.PCURVE_S1.);
#13426 = LINE('',#13427,#13428);
#13427 = CARTESIAN_POINT('',(12.5355,34.1835,4.45));
#13428 = VECTOR('',#13429,1.);
#13429 = DIRECTION('',(-0.,0.,-1.));
#13430 = PCURVE('',#11633,#13431);
#13431 = DEFINITIONAL_REPRESENTATION('',(#13432),#13435);
#13432 = B_SPLINE_CURVE_WITH_KNOTS('',1,(#13433,#13434),.UNSPECIFIED.,
  .F.,.F.,(2,2),(-0.6,0.),.PIECEWISE_BEZIER_KNOTS.);
#13433 = CARTESIAN_POINT('',(5.087,-0.6));
#13434 = CARTESIAN_POINT('',(5.087,0.));
#13435 = ( GEOMETRIC_REPRESENTATION_CONTEXT(2) 
PARAMETRIC_REPRESENTATION_CONTEXT() REPRESENTATION_CONTEXT('2D SPACE',''
  ) );
#13436 = PCURVE('',#13437,#13442);
#13437 = PLANE('',#13438);
#13438 = AXIS2_PLACEMENT_3D('',#13439,#13440,#13441);
#13439 = CARTESIAN_POINT('',(7.438,34.1835,4.45));
#13440 = DIRECTION('',(0.,1.,0.));
#13441 = DIRECTION('',(1.,0.,0.));
#13442 = DEFINITIONAL_REPRESENTATION('',(#13443),#13446);
#13443 = B_SPLINE_CURVE_WITH_KNOTS('',1,(#13444,#13445),.UNSPECIFIED.,
  .F.,.F.,(2,2),(-0.6,0.),.PIECEWISE_BEZIER_KNOTS.);
#13444 = CARTESIAN_POINT('',(5.0975,-0.6));
#13445 = CARTESIAN_POINT('',(5.0975,0.));
#13446 = ( GEOMETRIC_REPRESENTATION_CONTEXT(2) 
PARAMETRIC_REPRESENTATION_CONTEXT() REPRESENTATION_CONTEXT('2D SPACE',''
  ) );
#13447 = ORIENTED_EDGE('',*,*,#13448,.T.);
#13448 = EDGE_CURVE('',#13423,#11519,#13449,.T.);
#13449 = SURFACE_CURVE('',#13450,(#13454,#13461),.PCURVE_S1.);
#13450 = LINE('',#13451,#13452);
#13451 = CARTESIAN_POINT('',(12.5355,39.2705,5.05));
#13452 = VECTOR('',#13453,1.);
#13453 = DIRECTION('',(0.,-1.,0.));
#13454 = PCURVE('',#11633,#13455);
#13455 = DEFINITIONAL_REPRESENTATION('',(#13456),#13460);
#13456 = LINE('',#13457,#13458);
#13457 = CARTESIAN_POINT('',(0.,-0.6));
#13458 = VECTOR('',#13459,1.);
#13459 = DIRECTION('',(1.,0.));
#13460 = ( GEOMETRIC_REPRESENTATION_CONTEXT(2) 
PARAMETRIC_REPRESENTATION_CONTEXT() REPRESENTATION_CONTEXT('2D SPACE',''
  ) );
#13461 = PCURVE('',#13384,#13462);
#13462 = DEFINITIONAL_REPRESENTATION('',(#13463),#13467);
#13463 = LINE('',#13464,#13465);
#13464 = CARTESIAN_POINT('',(-14.,59.01025));
#13465 = VECTOR('',#13466,1.);
#13466 = DIRECTION('',(0.,-1.));
#13467 = ( GEOMETRIC_REPRESENTATION_CONTEXT(2) 
PARAMETRIC_REPRESENTATION_CONTEXT() REPRESENTATION_CONTEXT('2D SPACE',''
  ) );
#13468 = ORIENTED_EDGE('',*,*,#11620,.F.);
#13469 = ADVANCED_FACE('',(#13470),#11740,.F.);
#13470 = FACE_BOUND('',#13471,.F.);
#13471 = EDGE_LOOP('',(#13472,#13500,#13501,#13502));
#13472 = ORIENTED_EDGE('',*,*,#13473,.T.);
#13473 = EDGE_CURVE('',#13474,#11702,#13476,.T.);
#13474 = VERTEX_POINT('',#13475);
#13475 = CARTESIAN_POINT('',(12.5355,39.2705,4.45));
#13476 = SURFACE_CURVE('',#13477,(#13481,#13488),.PCURVE_S1.);
#13477 = LINE('',#13478,#13479);
#13478 = CARTESIAN_POINT('',(12.5355,39.2705,4.45));
#13479 = VECTOR('',#13480,1.);
#13480 = DIRECTION('',(0.,-1.,0.));
#13481 = PCURVE('',#11740,#13482);
#13482 = DEFINITIONAL_REPRESENTATION('',(#13483),#13487);
#13483 = LINE('',#13484,#13485);
#13484 = CARTESIAN_POINT('',(9.75E-02,8.7E-02));
#13485 = VECTOR('',#13486,1.);
#13486 = DIRECTION('',(0.,-1.));
#13487 = ( GEOMETRIC_REPRESENTATION_CONTEXT(2) 
PARAMETRIC_REPRESENTATION_CONTEXT() REPRESENTATION_CONTEXT('2D SPACE',''
  ) );
#13488 = PCURVE('',#13489,#13494);
#13489 = PLANE('',#13490);
#13490 = AXIS2_PLACEMENT_3D('',#13491,#13492,#13493);
#13491 = CARTESIAN_POINT('',(12.438,39.1835,4.45));
#13492 = DIRECTION('',(0.,0.,1.));
#13493 = DIRECTION('',(1.,0.,-0.));
#13494 = DEFINITIONAL_REPRESENTATION('',(#13495),#13499);
#13495 = LINE('',#13496,#13497);
#13496 = CARTESIAN_POINT('',(9.75E-02,8.7E-02));
#13497 = VECTOR('',#13498,1.);
#13498 = DIRECTION('',(0.,-1.));
#13499 = ( GEOMETRIC_REPRESENTATION_CONTEXT(2) 
PARAMETRIC_REPRESENTATION_CONTEXT() REPRESENTATION_CONTEXT('2D SPACE',''
  ) );
#13500 = ORIENTED_EDGE('',*,*,#11726,.T.);
#13501 = ORIENTED_EDGE('',*,*,#11784,.F.);
#13502 = ORIENTED_EDGE('',*,*,#13503,.T.);
#13503 = EDGE_CURVE('',#11757,#13474,#13504,.T.);
#13504 = SURFACE_CURVE('',#13505,(#13509,#13516),.PCURVE_S1.);
#13505 = LINE('',#13506,#13507);
#13506 = CARTESIAN_POINT('',(40.5355,39.2705,4.45));
#13507 = VECTOR('',#13508,1.);
#13508 = DIRECTION('',(-1.,0.,0.));
#13509 = PCURVE('',#11740,#13510);
#13510 = DEFINITIONAL_REPRESENTATION('',(#13511),#13515);
#13511 = LINE('',#13512,#13513);
#13512 = CARTESIAN_POINT('',(28.0975,8.7E-02));
#13513 = VECTOR('',#13514,1.);
#13514 = DIRECTION('',(-1.,0.));
#13515 = ( GEOMETRIC_REPRESENTATION_CONTEXT(2) 
PARAMETRIC_REPRESENTATION_CONTEXT() REPRESENTATION_CONTEXT('2D SPACE',''
  ) );
#13516 = PCURVE('',#13489,#13517);
#13517 = DEFINITIONAL_REPRESENTATION('',(#13518),#13522);
#13518 = LINE('',#13519,#13520);
#13519 = CARTESIAN_POINT('',(28.0975,8.7E-02));
#13520 = VECTOR('',#13521,1.);
#13521 = DIRECTION('',(-1.,0.));
#13522 = ( GEOMETRIC_REPRESENTATION_CONTEXT(2) 
PARAMETRIC_REPRESENTATION_CONTEXT() REPRESENTATION_CONTEXT('2D SPACE',''
  ) );
#13523 = ADVANCED_FACE('',(#13524),#11772,.F.);
#13524 = FACE_BOUND('',#13525,.F.);
#13525 = EDGE_LOOP('',(#13526,#13527,#13528,#13549));
#13526 = ORIENTED_EDGE('',*,*,#11939,.T.);
#13527 = ORIENTED_EDGE('',*,*,#11916,.T.);
#13528 = ORIENTED_EDGE('',*,*,#13529,.T.);
#13529 = EDGE_CURVE('',#11889,#11757,#13530,.T.);
#13530 = SURFACE_CURVE('',#13531,(#13535,#13542),.PCURVE_S1.);
#13531 = LINE('',#13532,#13533);
#13532 = CARTESIAN_POINT('',(15.5355,44.2705,4.45));
#13533 = VECTOR('',#13534,1.);
#13534 = DIRECTION('',(0.,-1.,0.));
#13535 = PCURVE('',#11772,#13536);
#13536 = DEFINITIONAL_REPRESENTATION('',(#13537),#13541);
#13537 = LINE('',#13538,#13539);
#13538 = CARTESIAN_POINT('',(-11.,58.2705));
#13539 = VECTOR('',#13540,1.);
#13540 = DIRECTION('',(0.,-1.));
#13541 = ( GEOMETRIC_REPRESENTATION_CONTEXT(2) 
PARAMETRIC_REPRESENTATION_CONTEXT() REPRESENTATION_CONTEXT('2D SPACE',''
  ) );
#13542 = PCURVE('',#13489,#13543);
#13543 = DEFINITIONAL_REPRESENTATION('',(#13544),#13548);
#13544 = LINE('',#13545,#13546);
#13545 = CARTESIAN_POINT('',(3.0975,5.087));
#13546 = VECTOR('',#13547,1.);
#13547 = DIRECTION('',(0.,-1.));
#13548 = ( GEOMETRIC_REPRESENTATION_CONTEXT(2) 
PARAMETRIC_REPRESENTATION_CONTEXT() REPRESENTATION_CONTEXT('2D SPACE',''
  ) );
#13549 = ORIENTED_EDGE('',*,*,#11756,.F.);
#13550 = ADVANCED_FACE('',(#13551),#11904,.F.);
#13551 = FACE_BOUND('',#13552,.F.);
#13552 = EDGE_LOOP('',(#13553,#13554,#13577,#13600));
#13553 = ORIENTED_EDGE('',*,*,#11888,.F.);
#13554 = ORIENTED_EDGE('',*,*,#13555,.T.);
#13555 = EDGE_CURVE('',#11861,#13556,#13558,.T.);
#13556 = VERTEX_POINT('',#13557);
#13557 = CARTESIAN_POINT('',(15.5355,44.2705,5.05));
#13558 = SURFACE_CURVE('',#13559,(#13563,#13570),.PCURVE_S1.);
#13559 = LINE('',#13560,#13561);
#13560 = CARTESIAN_POINT('',(15.5355,44.2705,4.45));
#13561 = VECTOR('',#13562,1.);
#13562 = DIRECTION('',(0.,0.,1.));
#13563 = PCURVE('',#11904,#13564);
#13564 = DEFINITIONAL_REPRESENTATION('',(#13565),#13569);
#13565 = LINE('',#13566,#13567);
#13566 = CARTESIAN_POINT('',(0.,0.));
#13567 = VECTOR('',#13568,1.);
#13568 = DIRECTION('',(0.,-1.));
#13569 = ( GEOMETRIC_REPRESENTATION_CONTEXT(2) 
PARAMETRIC_REPRESENTATION_CONTEXT() REPRESENTATION_CONTEXT('2D SPACE',''
  ) );
#13570 = PCURVE('',#11876,#13571);
#13571 = DEFINITIONAL_REPRESENTATION('',(#13572),#13576);
#13572 = LINE('',#13573,#13574);
#13573 = CARTESIAN_POINT('',(22.,0.));
#13574 = VECTOR('',#13575,1.);
#13575 = DIRECTION('',(0.,-1.));
#13576 = ( GEOMETRIC_REPRESENTATION_CONTEXT(2) 
PARAMETRIC_REPRESENTATION_CONTEXT() REPRESENTATION_CONTEXT('2D SPACE',''
  ) );
#13577 = ORIENTED_EDGE('',*,*,#13578,.T.);
#13578 = EDGE_CURVE('',#13556,#13579,#13581,.T.);
#13579 = VERTEX_POINT('',#13580);
#13580 = CARTESIAN_POINT('',(15.5355,44.1835,5.05));
#13581 = SURFACE_CURVE('',#13582,(#13586,#13593),.PCURVE_S1.);
#13582 = LINE('',#13583,#13584);
#13583 = CARTESIAN_POINT('',(15.5355,44.2705,5.05));
#13584 = VECTOR('',#13585,1.);
#13585 = DIRECTION('',(0.,-1.,0.));
#13586 = PCURVE('',#11904,#13587);
#13587 = DEFINITIONAL_REPRESENTATION('',(#13588),#13592);
#13588 = LINE('',#13589,#13590);
#13589 = CARTESIAN_POINT('',(0.,-0.6));
#13590 = VECTOR('',#13591,1.);
#13591 = DIRECTION('',(1.,0.));
#13592 = ( GEOMETRIC_REPRESENTATION_CONTEXT(2) 
PARAMETRIC_REPRESENTATION_CONTEXT() REPRESENTATION_CONTEXT('2D SPACE',''
  ) );
#13593 = PCURVE('',#12057,#13594);
#13594 = DEFINITIONAL_REPRESENTATION('',(#13595),#13599);
#13595 = LINE('',#13596,#13597);
#13596 = CARTESIAN_POINT('',(-11.,58.2705));
#13597 = VECTOR('',#13598,1.);
#13598 = DIRECTION('',(0.,-1.));
#13599 = ( GEOMETRIC_REPRESENTATION_CONTEXT(2) 
PARAMETRIC_REPRESENTATION_CONTEXT() REPRESENTATION_CONTEXT('2D SPACE',''
  ) );
#13600 = ORIENTED_EDGE('',*,*,#13601,.T.);
#13601 = EDGE_CURVE('',#13579,#11889,#13602,.T.);
#13602 = SURFACE_CURVE('',#13603,(#13607,#13613),.PCURVE_S1.);
#13603 = LINE('',#13604,#13605);
#13604 = CARTESIAN_POINT('',(15.5355,44.1835,4.45));
#13605 = VECTOR('',#13606,1.);
#13606 = DIRECTION('',(0.,-0.,-1.));
#13607 = PCURVE('',#11904,#13608);
#13608 = DEFINITIONAL_REPRESENTATION('',(#13609),#13612);
#13609 = B_SPLINE_CURVE_WITH_KNOTS('',1,(#13610,#13611),.UNSPECIFIED.,
  .F.,.F.,(2,2),(-0.6,0.),.PIECEWISE_BEZIER_KNOTS.);
#13610 = CARTESIAN_POINT('',(8.7E-02,-0.6));
#13611 = CARTESIAN_POINT('',(8.7E-02,0.));
#13612 = ( GEOMETRIC_REPRESENTATION_CONTEXT(2) 
PARAMETRIC_REPRESENTATION_CONTEXT() REPRESENTATION_CONTEXT('2D SPACE',''
  ) );
#13613 = PCURVE('',#13614,#13619);
#13614 = PLANE('',#13615);
#13615 = AXIS2_PLACEMENT_3D('',#13616,#13617,#13618);
#13616 = CARTESIAN_POINT('',(17.438,44.1835,4.45));
#13617 = DIRECTION('',(0.,-1.,0.));
#13618 = DIRECTION('',(-1.,0.,0.));
#13619 = DEFINITIONAL_REPRESENTATION('',(#13620),#13623);
#13620 = B_SPLINE_CURVE_WITH_KNOTS('',1,(#13621,#13622),.UNSPECIFIED.,
  .F.,.F.,(2,2),(-0.6,0.),.PIECEWISE_BEZIER_KNOTS.);
#13621 = CARTESIAN_POINT('',(1.9025,-0.6));
#13622 = CARTESIAN_POINT('',(1.9025,0.));
#13623 = ( GEOMETRIC_REPRESENTATION_CONTEXT(2) 
PARAMETRIC_REPRESENTATION_CONTEXT() REPRESENTATION_CONTEXT('2D SPACE',''
  ) );
#13624 = ADVANCED_FACE('',(#13625),#11876,.F.);
#13625 = FACE_BOUND('',#13626,.F.);
#13626 = EDGE_LOOP('',(#13627,#13650,#13671,#13672));
#13627 = ORIENTED_EDGE('',*,*,#13628,.T.);
#13628 = EDGE_CURVE('',#11833,#13629,#13631,.T.);
#13629 = VERTEX_POINT('',#13630);
#13630 = CARTESIAN_POINT('',(37.5355,44.2705,5.05));
#13631 = SURFACE_CURVE('',#13632,(#13636,#13643),.PCURVE_S1.);
#13632 = LINE('',#13633,#13634);
#13633 = CARTESIAN_POINT('',(37.5355,44.2705,4.45));
#13634 = VECTOR('',#13635,1.);
#13635 = DIRECTION('',(0.,0.,1.));
#13636 = PCURVE('',#11876,#13637);
#13637 = DEFINITIONAL_REPRESENTATION('',(#13638),#13642);
#13638 = LINE('',#13639,#13640);
#13639 = CARTESIAN_POINT('',(0.,-0.));
#13640 = VECTOR('',#13641,1.);
#13641 = DIRECTION('',(0.,-1.));
#13642 = ( GEOMETRIC_REPRESENTATION_CONTEXT(2) 
PARAMETRIC_REPRESENTATION_CONTEXT() REPRESENTATION_CONTEXT('2D SPACE',''
  ) );
#13643 = PCURVE('',#11848,#13644);
#13644 = DEFINITIONAL_REPRESENTATION('',(#13645),#13649);
#13645 = LINE('',#13646,#13647);
#13646 = CARTESIAN_POINT('',(116.541,0.));
#13647 = VECTOR('',#13648,1.);
#13648 = DIRECTION('',(0.,-1.));
#13649 = ( GEOMETRIC_REPRESENTATION_CONTEXT(2) 
PARAMETRIC_REPRESENTATION_CONTEXT() REPRESENTATION_CONTEXT('2D SPACE',''
  ) );
#13650 = ORIENTED_EDGE('',*,*,#13651,.T.);
#13651 = EDGE_CURVE('',#13629,#13556,#13652,.T.);
#13652 = SURFACE_CURVE('',#13653,(#13657,#13664),.PCURVE_S1.);
#13653 = LINE('',#13654,#13655);
#13654 = CARTESIAN_POINT('',(37.5355,44.2705,5.05));
#13655 = VECTOR('',#13656,1.);
#13656 = DIRECTION('',(-1.,0.,0.));
#13657 = PCURVE('',#11876,#13658);
#13658 = DEFINITIONAL_REPRESENTATION('',(#13659),#13663);
#13659 = LINE('',#13660,#13661);
#13660 = CARTESIAN_POINT('',(0.,-0.6));
#13661 = VECTOR('',#13662,1.);
#13662 = DIRECTION('',(1.,0.));
#13663 = ( GEOMETRIC_REPRESENTATION_CONTEXT(2) 
PARAMETRIC_REPRESENTATION_CONTEXT() REPRESENTATION_CONTEXT('2D SPACE',''
  ) );
#13664 = PCURVE('',#12057,#13665);
#13665 = DEFINITIONAL_REPRESENTATION('',(#13666),#13670);
#13666 = LINE('',#13667,#13668);
#13667 = CARTESIAN_POINT('',(11.,58.2705));
#13668 = VECTOR('',#13669,1.);
#13669 = DIRECTION('',(-1.,0.));
#13670 = ( GEOMETRIC_REPRESENTATION_CONTEXT(2) 
PARAMETRIC_REPRESENTATION_CONTEXT() REPRESENTATION_CONTEXT('2D SPACE',''
  ) );
#13671 = ORIENTED_EDGE('',*,*,#13555,.F.);
#13672 = ORIENTED_EDGE('',*,*,#11860,.F.);
#13673 = ADVANCED_FACE('',(#13674),#11848,.F.);
#13674 = FACE_BOUND('',#13675,.F.);
#13675 = EDGE_LOOP('',(#13676,#13677,#13678,#13699));
#13676 = ORIENTED_EDGE('',*,*,#11832,.F.);
#13677 = ORIENTED_EDGE('',*,*,#11995,.T.);
#13678 = ORIENTED_EDGE('',*,*,#13679,.T.);
#13679 = EDGE_CURVE('',#9366,#13629,#13680,.T.);
#13680 = SURFACE_CURVE('',#13681,(#13685,#13692),.PCURVE_S1.);
#13681 = LINE('',#13682,#13683);
#13682 = CARTESIAN_POINT('',(37.5355,-72.2705,5.05));
#13683 = VECTOR('',#13684,1.);
#13684 = DIRECTION('',(0.,1.,0.));
#13685 = PCURVE('',#11848,#13686);
#13686 = DEFINITIONAL_REPRESENTATION('',(#13687),#13691);
#13687 = LINE('',#13688,#13689);
#13688 = CARTESIAN_POINT('',(0.,-0.6));
#13689 = VECTOR('',#13690,1.);
#13690 = DIRECTION('',(1.,0.));
#13691 = ( GEOMETRIC_REPRESENTATION_CONTEXT(2) 
PARAMETRIC_REPRESENTATION_CONTEXT() REPRESENTATION_CONTEXT('2D SPACE',''
  ) );
#13692 = PCURVE('',#12057,#13693);
#13693 = DEFINITIONAL_REPRESENTATION('',(#13694),#13698);
#13694 = LINE('',#13695,#13696);
#13695 = CARTESIAN_POINT('',(11.,-58.2705));
#13696 = VECTOR('',#13697,1.);
#13697 = DIRECTION('',(0.,1.));
#13698 = ( GEOMETRIC_REPRESENTATION_CONTEXT(2) 
PARAMETRIC_REPRESENTATION_CONTEXT() REPRESENTATION_CONTEXT('2D SPACE',''
  ) );
#13699 = ORIENTED_EDGE('',*,*,#13628,.F.);
#13700 = ADVANCED_FACE('',(#13701),#12057,.T.);
#13701 = FACE_BOUND('',#13702,.T.);
#13702 = EDGE_LOOP('',(#13703,#13704,#13705,#13706,#13707,#13730,#13751,
    #13752));
#13703 = ORIENTED_EDGE('',*,*,#12041,.F.);
#13704 = ORIENTED_EDGE('',*,*,#13679,.T.);
#13705 = ORIENTED_EDGE('',*,*,#13651,.T.);
#13706 = ORIENTED_EDGE('',*,*,#13578,.T.);
#13707 = ORIENTED_EDGE('',*,*,#13708,.F.);
#13708 = EDGE_CURVE('',#13709,#13579,#13711,.T.);
#13709 = VERTEX_POINT('',#13710);
#13710 = CARTESIAN_POINT('',(17.438,44.1835,5.05));
#13711 = SURFACE_CURVE('',#13712,(#13716,#13723),.PCURVE_S1.);
#13712 = LINE('',#13713,#13714);
#13713 = CARTESIAN_POINT('',(17.438,44.1835,5.05));
#13714 = VECTOR('',#13715,1.);
#13715 = DIRECTION('',(-1.,0.,0.));
#13716 = PCURVE('',#12057,#13717);
#13717 = DEFINITIONAL_REPRESENTATION('',(#13718),#13722);
#13718 = LINE('',#13719,#13720);
#13719 = CARTESIAN_POINT('',(-9.0975,58.1835));
#13720 = VECTOR('',#13721,1.);
#13721 = DIRECTION('',(-1.,0.));
#13722 = ( GEOMETRIC_REPRESENTATION_CONTEXT(2) 
PARAMETRIC_REPRESENTATION_CONTEXT() REPRESENTATION_CONTEXT('2D SPACE',''
  ) );
#13723 = PCURVE('',#12368,#13724);
#13724 = DEFINITIONAL_REPRESENTATION('',(#13725),#13729);
#13725 = LINE('',#13726,#13727);
#13726 = CARTESIAN_POINT('',(-9.0975,58.1835));
#13727 = VECTOR('',#13728,1.);
#13728 = DIRECTION('',(-1.,0.));
#13729 = ( GEOMETRIC_REPRESENTATION_CONTEXT(2) 
PARAMETRIC_REPRESENTATION_CONTEXT() REPRESENTATION_CONTEXT('2D SPACE',''
  ) );
#13730 = ORIENTED_EDGE('',*,*,#13731,.F.);
#13731 = EDGE_CURVE('',#12353,#13709,#13732,.T.);
#13732 = SURFACE_CURVE('',#13733,(#13737,#13744),.PCURVE_S1.);
#13733 = LINE('',#13734,#13735);
#13734 = CARTESIAN_POINT('',(17.438,34.1835,5.05));
#13735 = VECTOR('',#13736,1.);
#13736 = DIRECTION('',(0.,1.,0.));
#13737 = PCURVE('',#12057,#13738);
#13738 = DEFINITIONAL_REPRESENTATION('',(#13739),#13743);
#13739 = LINE('',#13740,#13741);
#13740 = CARTESIAN_POINT('',(-9.0975,48.1835));
#13741 = VECTOR('',#13742,1.);
#13742 = DIRECTION('',(0.,1.));
#13743 = ( GEOMETRIC_REPRESENTATION_CONTEXT(2) 
PARAMETRIC_REPRESENTATION_CONTEXT() REPRESENTATION_CONTEXT('2D SPACE',''
  ) );
#13744 = PCURVE('',#12368,#13745);
#13745 = DEFINITIONAL_REPRESENTATION('',(#13746),#13750);
#13746 = LINE('',#13747,#13748);
#13747 = CARTESIAN_POINT('',(-9.0975,48.1835));
#13748 = VECTOR('',#13749,1.);
#13749 = DIRECTION('',(0.,1.));
#13750 = ( GEOMETRIC_REPRESENTATION_CONTEXT(2) 
PARAMETRIC_REPRESENTATION_CONTEXT() REPRESENTATION_CONTEXT('2D SPACE',''
  ) );
#13751 = ORIENTED_EDGE('',*,*,#12380,.F.);
#13752 = ORIENTED_EDGE('',*,*,#12069,.F.);
#13753 = ADVANCED_FACE('',(#13754),#12208,.T.);
#13754 = FACE_BOUND('',#13755,.T.);
#13755 = EDGE_LOOP('',(#13756));
#13756 = ORIENTED_EDGE('',*,*,#12193,.T.);
#13757 = ADVANCED_FACE('',(#13758),#12156,.T.);
#13758 = FACE_BOUND('',#13759,.T.);
#13759 = EDGE_LOOP('',(#13760,#13790,#13816,#13817,#13818,#13819,#13820,
    #13821,#13844,#13877));
#13760 = ORIENTED_EDGE('',*,*,#13761,.F.);
#13761 = EDGE_CURVE('',#13762,#13764,#13766,.T.);
#13762 = VERTEX_POINT('',#13763);
#13763 = CARTESIAN_POINT('',(15.9355,39.2705,9.05));
#13764 = VERTEX_POINT('',#13765);
#13765 = CARTESIAN_POINT('',(13.5355,39.2705,9.05));
#13766 = SURFACE_CURVE('',#13767,(#13771,#13778),.PCURVE_S1.);
#13767 = LINE('',#13768,#13769);
#13768 = CARTESIAN_POINT('',(15.9355,39.2705,9.05));
#13769 = VECTOR('',#13770,1.);
#13770 = DIRECTION('',(-1.,0.,0.));
#13771 = PCURVE('',#12156,#13772);
#13772 = DEFINITIONAL_REPRESENTATION('',(#13773),#13777);
#13773 = LINE('',#13774,#13775);
#13774 = CARTESIAN_POINT('',(-10.6,-1.2));
#13775 = VECTOR('',#13776,1.);
#13776 = DIRECTION('',(-1.,0.));
#13777 = ( GEOMETRIC_REPRESENTATION_CONTEXT(2) 
PARAMETRIC_REPRESENTATION_CONTEXT() REPRESENTATION_CONTEXT('2D SPACE',''
  ) );
#13778 = PCURVE('',#13779,#13784);
#13779 = PLANE('',#13780);
#13780 = AXIS2_PLACEMENT_3D('',#13781,#13782,#13783);
#13781 = CARTESIAN_POINT('',(14.7355,-19.73975,9.05));
#13782 = DIRECTION('',(0.,0.,1.));
#13783 = DIRECTION('',(1.,0.,-0.));
#13784 = DEFINITIONAL_REPRESENTATION('',(#13785),#13789);
#13785 = LINE('',#13786,#13787);
#13786 = CARTESIAN_POINT('',(1.2,59.01025));
#13787 = VECTOR('',#13788,1.);
#13788 = DIRECTION('',(-1.,0.));
#13789 = ( GEOMETRIC_REPRESENTATION_CONTEXT(2) 
PARAMETRIC_REPRESENTATION_CONTEXT() REPRESENTATION_CONTEXT('2D SPACE',''
  ) );
#13790 = ORIENTED_EDGE('',*,*,#13791,.T.);
#13791 = EDGE_CURVE('',#13762,#12434,#13792,.T.);
#13792 = SURFACE_CURVE('',#13793,(#13797,#13804),.PCURVE_S1.);
#13793 = LINE('',#13794,#13795);
#13794 = CARTESIAN_POINT('',(12.5355,39.2705,9.05));
#13795 = VECTOR('',#13796,1.);
#13796 = DIRECTION('',(1.,0.,0.));
#13797 = PCURVE('',#12156,#13798);
#13798 = DEFINITIONAL_REPRESENTATION('',(#13799),#13803);
#13799 = LINE('',#13800,#13801);
#13800 = CARTESIAN_POINT('',(-14.,-1.2));
#13801 = VECTOR('',#13802,1.);
#13802 = DIRECTION('',(1.,0.));
#13803 = ( GEOMETRIC_REPRESENTATION_CONTEXT(2) 
PARAMETRIC_REPRESENTATION_CONTEXT() REPRESENTATION_CONTEXT('2D SPACE',''
  ) );
#13804 = PCURVE('',#13805,#13810);
#13805 = PLANE('',#13806);
#13806 = AXIS2_PLACEMENT_3D('',#13807,#13808,#13809);
#13807 = CARTESIAN_POINT('',(12.5355,39.2705,5.05));
#13808 = DIRECTION('',(0.,1.,0.));
#13809 = DIRECTION('',(1.,0.,0.));
#13810 = DEFINITIONAL_REPRESENTATION('',(#13811),#13815);
#13811 = LINE('',#13812,#13813);
#13812 = CARTESIAN_POINT('',(0.,-4.));
#13813 = VECTOR('',#13814,1.);
#13814 = DIRECTION('',(1.,0.));
#13815 = ( GEOMETRIC_REPRESENTATION_CONTEXT(2) 
PARAMETRIC_REPRESENTATION_CONTEXT() REPRESENTATION_CONTEXT('2D SPACE',''
  ) );
#13816 = ORIENTED_EDGE('',*,*,#12514,.F.);
#13817 = ORIENTED_EDGE('',*,*,#12407,.T.);
#13818 = ORIENTED_EDGE('',*,*,#12139,.T.);
#13819 = ORIENTED_EDGE('',*,*,#12225,.T.);
#13820 = ORIENTED_EDGE('',*,*,#12273,.T.);
#13821 = ORIENTED_EDGE('',*,*,#13822,.T.);
#13822 = EDGE_CURVE('',#12274,#13823,#13825,.T.);
#13823 = VERTEX_POINT('',#13824);
#13824 = CARTESIAN_POINT('',(12.5355,39.800848159469,9.05));
#13825 = SURFACE_CURVE('',#13826,(#13830,#13837),.PCURVE_S1.);
#13826 = LINE('',#13827,#13828);
#13827 = CARTESIAN_POINT('',(12.5355,41.6705,9.05));
#13828 = VECTOR('',#13829,1.);
#13829 = DIRECTION('',(0.,-1.,0.));
#13830 = PCURVE('',#12156,#13831);
#13831 = DEFINITIONAL_REPRESENTATION('',(#13832),#13836);
#13832 = LINE('',#13833,#13834);
#13833 = CARTESIAN_POINT('',(-14.,1.2));
#13834 = VECTOR('',#13835,1.);
#13835 = DIRECTION('',(0.,-1.));
#13836 = ( GEOMETRIC_REPRESENTATION_CONTEXT(2) 
PARAMETRIC_REPRESENTATION_CONTEXT() REPRESENTATION_CONTEXT('2D SPACE',''
  ) );
#13837 = PCURVE('',#12312,#13838);
#13838 = DEFINITIONAL_REPRESENTATION('',(#13839),#13843);
#13839 = LINE('',#13840,#13841);
#13840 = CARTESIAN_POINT('',(0.,-4.));
#13841 = VECTOR('',#13842,1.);
#13842 = DIRECTION('',(1.,0.));
#13843 = ( GEOMETRIC_REPRESENTATION_CONTEXT(2) 
PARAMETRIC_REPRESENTATION_CONTEXT() REPRESENTATION_CONTEXT('2D SPACE',''
  ) );
#13844 = ORIENTED_EDGE('',*,*,#13845,.T.);
#13845 = EDGE_CURVE('',#13823,#13846,#13848,.T.);
#13846 = VERTEX_POINT('',#13847);
#13847 = CARTESIAN_POINT('',(13.056915179972,39.2705,9.05));
#13848 = SURFACE_CURVE('',#13849,(#13854,#13865),.PCURVE_S1.);
#13849 = CIRCLE('',#13850,0.625);
#13850 = AXIS2_PLACEMENT_3D('',#13851,#13852,#13853);
#13851 = CARTESIAN_POINT('',(12.438,39.1835,9.05));
#13852 = DIRECTION('',(0.,0.,-1.));
#13853 = DIRECTION('',(1.,0.,0.));
#13854 = PCURVE('',#12156,#13855);
#13855 = DEFINITIONAL_REPRESENTATION('',(#13856),#13864);
#13856 = ( BOUNDED_CURVE() B_SPLINE_CURVE(2,(#13857,#13858,#13859,#13860
    ,#13861,#13862,#13863),.UNSPECIFIED.,.T.,.F.) 
B_SPLINE_CURVE_WITH_KNOTS((1,2,2,2,2,1),(-2.094395102393,0.,
    2.094395102393,4.188790204786,6.28318530718,8.377580409573),
.UNSPECIFIED.) CURVE() GEOMETRIC_REPRESENTATION_ITEM() 
RATIONAL_B_SPLINE_CURVE((1.,0.5,1.,0.5,1.,0.5,1.)) REPRESENTATION_ITEM(
  '') );
#13857 = CARTESIAN_POINT('',(-13.4725,-1.287));
#13858 = CARTESIAN_POINT('',(-13.4725,-2.369531754731));
#13859 = CARTESIAN_POINT('',(-14.41,-1.828265877365));
#13860 = CARTESIAN_POINT('',(-15.3475,-1.287));
#13861 = CARTESIAN_POINT('',(-14.41,-0.745734122635));
#13862 = CARTESIAN_POINT('',(-13.4725,-0.204468245269));
#13863 = CARTESIAN_POINT('',(-13.4725,-1.287));
#13864 = ( GEOMETRIC_REPRESENTATION_CONTEXT(2) 
PARAMETRIC_REPRESENTATION_CONTEXT() REPRESENTATION_CONTEXT('2D SPACE',''
  ) );
#13865 = PCURVE('',#13866,#13871);
#13866 = CYLINDRICAL_SURFACE('',#13867,0.625);
#13867 = AXIS2_PLACEMENT_3D('',#13868,#13869,#13870);
#13868 = CARTESIAN_POINT('',(12.438,39.1835,5.05));
#13869 = DIRECTION('',(-0.,-0.,-1.));
#13870 = DIRECTION('',(1.,0.,0.));
#13871 = DEFINITIONAL_REPRESENTATION('',(#13872),#13876);
#13872 = LINE('',#13873,#13874);
#13873 = CARTESIAN_POINT('',(-6.28318530718,-4.));
#13874 = VECTOR('',#13875,1.);
#13875 = DIRECTION('',(1.,-0.));
#13876 = ( GEOMETRIC_REPRESENTATION_CONTEXT(2) 
PARAMETRIC_REPRESENTATION_CONTEXT() REPRESENTATION_CONTEXT('2D SPACE',''
  ) );
#13877 = ORIENTED_EDGE('',*,*,#13878,.T.);
#13878 = EDGE_CURVE('',#13846,#13764,#13879,.T.);
#13879 = SURFACE_CURVE('',#13880,(#13884,#13891),.PCURVE_S1.);
#13880 = LINE('',#13881,#13882);
#13881 = CARTESIAN_POINT('',(12.5355,39.2705,9.05));
#13882 = VECTOR('',#13883,1.);
#13883 = DIRECTION('',(1.,0.,0.));
#13884 = PCURVE('',#12156,#13885);
#13885 = DEFINITIONAL_REPRESENTATION('',(#13886),#13890);
#13886 = LINE('',#13887,#13888);
#13887 = CARTESIAN_POINT('',(-14.,-1.2));
#13888 = VECTOR('',#13889,1.);
#13889 = DIRECTION('',(1.,0.));
#13890 = ( GEOMETRIC_REPRESENTATION_CONTEXT(2) 
PARAMETRIC_REPRESENTATION_CONTEXT() REPRESENTATION_CONTEXT('2D SPACE',''
  ) );
#13891 = PCURVE('',#13892,#13897);
#13892 = PLANE('',#13893);
#13893 = AXIS2_PLACEMENT_3D('',#13894,#13895,#13896);
#13894 = CARTESIAN_POINT('',(12.5355,39.2705,5.05));
#13895 = DIRECTION('',(0.,1.,0.));
#13896 = DIRECTION('',(1.,0.,0.));
#13897 = DEFINITIONAL_REPRESENTATION('',(#13898),#13902);
#13898 = LINE('',#13899,#13900);
#13899 = CARTESIAN_POINT('',(0.,-4.));
#13900 = VECTOR('',#13901,1.);
#13901 = DIRECTION('',(1.,0.));
#13902 = ( GEOMETRIC_REPRESENTATION_CONTEXT(2) 
PARAMETRIC_REPRESENTATION_CONTEXT() REPRESENTATION_CONTEXT('2D SPACE',''
  ) );
#13903 = ADVANCED_FACE('',(#13904),#12312,.F.);
#13904 = FACE_BOUND('',#13905,.F.);
#13905 = EDGE_LOOP('',(#13906,#13929,#13930,#13931));
#13906 = ORIENTED_EDGE('',*,*,#13907,.F.);
#13907 = EDGE_CURVE('',#12297,#13908,#13910,.T.);
#13908 = VERTEX_POINT('',#13909);
#13909 = CARTESIAN_POINT('',(12.5355,39.800848159469,5.05));
#13910 = SURFACE_CURVE('',#13911,(#13915,#13922),.PCURVE_S1.);
#13911 = LINE('',#13912,#13913);
#13912 = CARTESIAN_POINT('',(12.5355,41.6705,5.05));
#13913 = VECTOR('',#13914,1.);
#13914 = DIRECTION('',(0.,-1.,0.));
#13915 = PCURVE('',#12312,#13916);
#13916 = DEFINITIONAL_REPRESENTATION('',(#13917),#13921);
#13917 = LINE('',#13918,#13919);
#13918 = CARTESIAN_POINT('',(0.,0.));
#13919 = VECTOR('',#13920,1.);
#13920 = DIRECTION('',(1.,0.));
#13921 = ( GEOMETRIC_REPRESENTATION_CONTEXT(2) 
PARAMETRIC_REPRESENTATION_CONTEXT() REPRESENTATION_CONTEXT('2D SPACE',''
  ) );
#13922 = PCURVE('',#12340,#13923);
#13923 = DEFINITIONAL_REPRESENTATION('',(#13924),#13928);
#13924 = LINE('',#13925,#13926);
#13925 = CARTESIAN_POINT('',(9.75E-02,2.487));
#13926 = VECTOR('',#13927,1.);
#13927 = DIRECTION('',(0.,-1.));
#13928 = ( GEOMETRIC_REPRESENTATION_CONTEXT(2) 
PARAMETRIC_REPRESENTATION_CONTEXT() REPRESENTATION_CONTEXT('2D SPACE',''
  ) );
#13929 = ORIENTED_EDGE('',*,*,#12296,.T.);
#13930 = ORIENTED_EDGE('',*,*,#13822,.T.);
#13931 = ORIENTED_EDGE('',*,*,#13932,.T.);
#13932 = EDGE_CURVE('',#13823,#13908,#13933,.T.);
#13933 = SURFACE_CURVE('',#13934,(#13938,#13944),.PCURVE_S1.);
#13934 = LINE('',#13935,#13936);
#13935 = CARTESIAN_POINT('',(12.5355,39.800848159469,5.05));
#13936 = VECTOR('',#13937,1.);
#13937 = DIRECTION('',(-0.,-0.,-1.));
#13938 = PCURVE('',#12312,#13939);
#13939 = DEFINITIONAL_REPRESENTATION('',(#13940),#13943);
#13940 = B_SPLINE_CURVE_WITH_KNOTS('',1,(#13941,#13942),.UNSPECIFIED.,
  .F.,.F.,(2,2),(-4.4,5.999999999062E-07),.PIECEWISE_BEZIER_KNOTS.);
#13941 = CARTESIAN_POINT('',(1.869651840531,-4.4));
#13942 = CARTESIAN_POINT('',(1.869651840531,5.999999999062E-07));
#13943 = ( GEOMETRIC_REPRESENTATION_CONTEXT(2) 
PARAMETRIC_REPRESENTATION_CONTEXT() REPRESENTATION_CONTEXT('2D SPACE',''
  ) );
#13944 = PCURVE('',#13866,#13945);
#13945 = DEFINITIONAL_REPRESENTATION('',(#13946),#13949);
#13946 = B_SPLINE_CURVE_WITH_KNOTS('',1,(#13947,#13948),.UNSPECIFIED.,
  .F.,.F.,(2,2),(-4.4,5.999999999062E-07),.PIECEWISE_BEZIER_KNOTS.);
#13947 = CARTESIAN_POINT('',(-1.414156559509,-4.4));
#13948 = CARTESIAN_POINT('',(-1.414156559509,5.999999999062E-07));
#13949 = ( GEOMETRIC_REPRESENTATION_CONTEXT(2) 
PARAMETRIC_REPRESENTATION_CONTEXT() REPRESENTATION_CONTEXT('2D SPACE',''
  ) );
#13950 = ADVANCED_FACE('',(#13951),#12368,.T.);
#13951 = FACE_BOUND('',#13952,.T.);
#13952 = EDGE_LOOP('',(#13953,#13954,#13955,#13956));
#13953 = ORIENTED_EDGE('',*,*,#12352,.F.);
#13954 = ORIENTED_EDGE('',*,*,#13731,.T.);
#13955 = ORIENTED_EDGE('',*,*,#13708,.T.);
#13956 = ORIENTED_EDGE('',*,*,#13957,.T.);
#13957 = EDGE_CURVE('',#13579,#12325,#13958,.T.);
#13958 = SURFACE_CURVE('',#13959,(#13963,#13970),.PCURVE_S1.);
#13959 = LINE('',#13960,#13961);
#13960 = CARTESIAN_POINT('',(15.5355,44.2705,5.05));
#13961 = VECTOR('',#13962,1.);
#13962 = DIRECTION('',(0.,-1.,0.));
#13963 = PCURVE('',#12368,#13964);
#13964 = DEFINITIONAL_REPRESENTATION('',(#13965),#13969);
#13965 = LINE('',#13966,#13967);
#13966 = CARTESIAN_POINT('',(-11.,58.2705));
#13967 = VECTOR('',#13968,1.);
#13968 = DIRECTION('',(0.,-1.));
#13969 = ( GEOMETRIC_REPRESENTATION_CONTEXT(2) 
PARAMETRIC_REPRESENTATION_CONTEXT() REPRESENTATION_CONTEXT('2D SPACE',''
  ) );
#13970 = PCURVE('',#12340,#13971);
#13971 = DEFINITIONAL_REPRESENTATION('',(#13972),#13976);
#13972 = LINE('',#13973,#13974);
#13973 = CARTESIAN_POINT('',(3.0975,5.087));
#13974 = VECTOR('',#13975,1.);
#13975 = DIRECTION('',(0.,-1.));
#13976 = ( GEOMETRIC_REPRESENTATION_CONTEXT(2) 
PARAMETRIC_REPRESENTATION_CONTEXT() REPRESENTATION_CONTEXT('2D SPACE',''
  ) );
#13977 = ADVANCED_FACE('',(#13978),#12340,.T.);
#13978 = FACE_BOUND('',#13979,.T.);
#13979 = EDGE_LOOP('',(#13980,#13981,#14004,#14032,#14053,#14081,#14103,
    #14104));
#13980 = ORIENTED_EDGE('',*,*,#13957,.F.);
#13981 = ORIENTED_EDGE('',*,*,#13982,.T.);
#13982 = EDGE_CURVE('',#13579,#13983,#13985,.T.);
#13983 = VERTEX_POINT('',#13984);
#13984 = CARTESIAN_POINT('',(7.438,44.1835,5.05));
#13985 = SURFACE_CURVE('',#13986,(#13990,#13997),.PCURVE_S1.);
#13986 = LINE('',#13987,#13988);
#13987 = CARTESIAN_POINT('',(17.438,44.1835,5.05));
#13988 = VECTOR('',#13989,1.);
#13989 = DIRECTION('',(-1.,0.,0.));
#13990 = PCURVE('',#12340,#13991);
#13991 = DEFINITIONAL_REPRESENTATION('',(#13992),#13996);
#13992 = LINE('',#13993,#13994);
#13993 = CARTESIAN_POINT('',(5.,5.));
#13994 = VECTOR('',#13995,1.);
#13995 = DIRECTION('',(-1.,0.));
#13996 = ( GEOMETRIC_REPRESENTATION_CONTEXT(2) 
PARAMETRIC_REPRESENTATION_CONTEXT() REPRESENTATION_CONTEXT('2D SPACE',''
  ) );
#13997 = PCURVE('',#13614,#13998);
#13998 = DEFINITIONAL_REPRESENTATION('',(#13999),#14003);
#13999 = LINE('',#14000,#14001);
#14000 = CARTESIAN_POINT('',(0.,-0.6));
#14001 = VECTOR('',#14002,1.);
#14002 = DIRECTION('',(1.,0.));
#14003 = ( GEOMETRIC_REPRESENTATION_CONTEXT(2) 
PARAMETRIC_REPRESENTATION_CONTEXT() REPRESENTATION_CONTEXT('2D SPACE',''
  ) );
#14004 = ORIENTED_EDGE('',*,*,#14005,.T.);
#14005 = EDGE_CURVE('',#13983,#14006,#14008,.T.);
#14006 = VERTEX_POINT('',#14007);
#14007 = CARTESIAN_POINT('',(7.438,34.1835,5.05));
#14008 = SURFACE_CURVE('',#14009,(#14013,#14020),.PCURVE_S1.);
#14009 = LINE('',#14010,#14011);
#14010 = CARTESIAN_POINT('',(7.438,44.1835,5.05));
#14011 = VECTOR('',#14012,1.);
#14012 = DIRECTION('',(0.,-1.,0.));
#14013 = PCURVE('',#12340,#14014);
#14014 = DEFINITIONAL_REPRESENTATION('',(#14015),#14019);
#14015 = LINE('',#14016,#14017);
#14016 = CARTESIAN_POINT('',(-5.,5.));
#14017 = VECTOR('',#14018,1.);
#14018 = DIRECTION('',(0.,-1.));
#14019 = ( GEOMETRIC_REPRESENTATION_CONTEXT(2) 
PARAMETRIC_REPRESENTATION_CONTEXT() REPRESENTATION_CONTEXT('2D SPACE',''
  ) );
#14020 = PCURVE('',#14021,#14026);
#14021 = PLANE('',#14022);
#14022 = AXIS2_PLACEMENT_3D('',#14023,#14024,#14025);
#14023 = CARTESIAN_POINT('',(7.438,44.1835,4.45));
#14024 = DIRECTION('',(1.,0.,-0.));
#14025 = DIRECTION('',(0.,-1.,0.));
#14026 = DEFINITIONAL_REPRESENTATION('',(#14027),#14031);
#14027 = LINE('',#14028,#14029);
#14028 = CARTESIAN_POINT('',(0.,-0.6));
#14029 = VECTOR('',#14030,1.);
#14030 = DIRECTION('',(1.,0.));
#14031 = ( GEOMETRIC_REPRESENTATION_CONTEXT(2) 
PARAMETRIC_REPRESENTATION_CONTEXT() REPRESENTATION_CONTEXT('2D SPACE',''
  ) );
#14032 = ORIENTED_EDGE('',*,*,#14033,.T.);
#14033 = EDGE_CURVE('',#14006,#13423,#14034,.T.);
#14034 = SURFACE_CURVE('',#14035,(#14039,#14046),.PCURVE_S1.);
#14035 = LINE('',#14036,#14037);
#14036 = CARTESIAN_POINT('',(7.438,34.1835,5.05));
#14037 = VECTOR('',#14038,1.);
#14038 = DIRECTION('',(1.,0.,0.));
#14039 = PCURVE('',#12340,#14040);
#14040 = DEFINITIONAL_REPRESENTATION('',(#14041),#14045);
#14041 = LINE('',#14042,#14043);
#14042 = CARTESIAN_POINT('',(-5.,-5.));
#14043 = VECTOR('',#14044,1.);
#14044 = DIRECTION('',(1.,0.));
#14045 = ( GEOMETRIC_REPRESENTATION_CONTEXT(2) 
PARAMETRIC_REPRESENTATION_CONTEXT() REPRESENTATION_CONTEXT('2D SPACE',''
  ) );
#14046 = PCURVE('',#13437,#14047);
#14047 = DEFINITIONAL_REPRESENTATION('',(#14048),#14052);
#14048 = LINE('',#14049,#14050);
#14049 = CARTESIAN_POINT('',(0.,-0.6));
#14050 = VECTOR('',#14051,1.);
#14051 = DIRECTION('',(1.,0.));
#14052 = ( GEOMETRIC_REPRESENTATION_CONTEXT(2) 
PARAMETRIC_REPRESENTATION_CONTEXT() REPRESENTATION_CONTEXT('2D SPACE',''
  ) );
#14053 = ORIENTED_EDGE('',*,*,#14054,.F.);
#14054 = EDGE_CURVE('',#14055,#13423,#14057,.T.);
#14055 = VERTEX_POINT('',#14056);
#14056 = CARTESIAN_POINT('',(12.5355,38.566151840531,5.05));
#14057 = SURFACE_CURVE('',#14058,(#14062,#14069),.PCURVE_S1.);
#14058 = LINE('',#14059,#14060);
#14059 = CARTESIAN_POINT('',(12.5355,39.2705,5.05));
#14060 = VECTOR('',#14061,1.);
#14061 = DIRECTION('',(0.,-1.,0.));
#14062 = PCURVE('',#12340,#14063);
#14063 = DEFINITIONAL_REPRESENTATION('',(#14064),#14068);
#14064 = LINE('',#14065,#14066);
#14065 = CARTESIAN_POINT('',(9.75E-02,8.7E-02));
#14066 = VECTOR('',#14067,1.);
#14067 = DIRECTION('',(0.,-1.));
#14068 = ( GEOMETRIC_REPRESENTATION_CONTEXT(2) 
PARAMETRIC_REPRESENTATION_CONTEXT() REPRESENTATION_CONTEXT('2D SPACE',''
  ) );
#14069 = PCURVE('',#14070,#14075);
#14070 = PLANE('',#14071);
#14071 = AXIS2_PLACEMENT_3D('',#14072,#14073,#14074);
#14072 = CARTESIAN_POINT('',(12.438,39.1835,5.05));
#14073 = DIRECTION('',(0.,0.,1.));
#14074 = DIRECTION('',(1.,0.,-0.));
#14075 = DEFINITIONAL_REPRESENTATION('',(#14076),#14080);
#14076 = LINE('',#14077,#14078);
#14077 = CARTESIAN_POINT('',(9.75E-02,8.7E-02));
#14078 = VECTOR('',#14079,1.);
#14079 = DIRECTION('',(0.,-1.));
#14080 = ( GEOMETRIC_REPRESENTATION_CONTEXT(2) 
PARAMETRIC_REPRESENTATION_CONTEXT() REPRESENTATION_CONTEXT('2D SPACE',''
  ) );
#14081 = ORIENTED_EDGE('',*,*,#14082,.F.);
#14082 = EDGE_CURVE('',#13908,#14055,#14083,.T.);
#14083 = SURFACE_CURVE('',#14084,(#14089,#14096),.PCURVE_S1.);
#14084 = CIRCLE('',#14085,0.625);
#14085 = AXIS2_PLACEMENT_3D('',#14086,#14087,#14088);
#14086 = CARTESIAN_POINT('',(12.438,39.1835,5.05));
#14087 = DIRECTION('',(0.,0.,1.));
#14088 = DIRECTION('',(1.,0.,0.));
#14089 = PCURVE('',#12340,#14090);
#14090 = DEFINITIONAL_REPRESENTATION('',(#14091),#14095);
#14091 = CIRCLE('',#14092,0.625);
#14092 = AXIS2_PLACEMENT_2D('',#14093,#14094);
#14093 = CARTESIAN_POINT('',(0.,0.));
#14094 = DIRECTION('',(1.,0.));
#14095 = ( GEOMETRIC_REPRESENTATION_CONTEXT(2) 
PARAMETRIC_REPRESENTATION_CONTEXT() REPRESENTATION_CONTEXT('2D SPACE',''
  ) );
#14096 = PCURVE('',#13866,#14097);
#14097 = DEFINITIONAL_REPRESENTATION('',(#14098),#14102);
#14098 = LINE('',#14099,#14100);
#14099 = CARTESIAN_POINT('',(-0.,0.));
#14100 = VECTOR('',#14101,1.);
#14101 = DIRECTION('',(-1.,0.));
#14102 = ( GEOMETRIC_REPRESENTATION_CONTEXT(2) 
PARAMETRIC_REPRESENTATION_CONTEXT() REPRESENTATION_CONTEXT('2D SPACE',''
  ) );
#14103 = ORIENTED_EDGE('',*,*,#13907,.F.);
#14104 = ORIENTED_EDGE('',*,*,#12324,.F.);
#14105 = ADVANCED_FACE('',(#14106),#12451,.F.);
#14106 = FACE_BOUND('',#14107,.F.);
#14107 = EDGE_LOOP('',(#14108,#14131,#14132,#14153,#14176,#14204,#14232,
    #14260,#14288,#14316,#14344,#14372));
#14108 = ORIENTED_EDGE('',*,*,#14109,.T.);
#14109 = EDGE_CURVE('',#14110,#12434,#14112,.T.);
#14110 = VERTEX_POINT('',#14111);
#14111 = CARTESIAN_POINT('',(37.1355,39.2705,5.05));
#14112 = SURFACE_CURVE('',#14113,(#14117,#14124),.PCURVE_S1.);
#14113 = LINE('',#14114,#14115);
#14114 = CARTESIAN_POINT('',(37.1355,39.2705,5.05));
#14115 = VECTOR('',#14116,1.);
#14116 = DIRECTION('',(0.,0.,1.));
#14117 = PCURVE('',#12451,#14118);
#14118 = DEFINITIONAL_REPRESENTATION('',(#14119),#14123);
#14119 = LINE('',#14120,#14121);
#14120 = CARTESIAN_POINT('',(0.,0.));
#14121 = VECTOR('',#14122,1.);
#14122 = DIRECTION('',(0.,-1.));
#14123 = ( GEOMETRIC_REPRESENTATION_CONTEXT(2) 
PARAMETRIC_REPRESENTATION_CONTEXT() REPRESENTATION_CONTEXT('2D SPACE',''
  ) );
#14124 = PCURVE('',#13805,#14125);
#14125 = DEFINITIONAL_REPRESENTATION('',(#14126),#14130);
#14126 = LINE('',#14127,#14128);
#14127 = CARTESIAN_POINT('',(24.6,0.));
#14128 = VECTOR('',#14129,1.);
#14129 = DIRECTION('',(0.,-1.));
#14130 = ( GEOMETRIC_REPRESENTATION_CONTEXT(2) 
PARAMETRIC_REPRESENTATION_CONTEXT() REPRESENTATION_CONTEXT('2D SPACE',''
  ) );
#14131 = ORIENTED_EDGE('',*,*,#12433,.T.);
#14132 = ORIENTED_EDGE('',*,*,#14133,.F.);
#14133 = EDGE_CURVE('',#12872,#12436,#14134,.T.);
#14134 = SURFACE_CURVE('',#14135,(#14139,#14146),.PCURVE_S1.);
#14135 = LINE('',#14136,#14137);
#14136 = CARTESIAN_POINT('',(37.1355,-78.75,5.05));
#14137 = VECTOR('',#14138,1.);
#14138 = DIRECTION('',(0.,0.,1.));
#14139 = PCURVE('',#12451,#14140);
#14140 = DEFINITIONAL_REPRESENTATION('',(#14141),#14145);
#14141 = LINE('',#14142,#14143);
#14142 = CARTESIAN_POINT('',(118.0205,0.));
#14143 = VECTOR('',#14144,1.);
#14144 = DIRECTION('',(0.,-1.));
#14145 = ( GEOMETRIC_REPRESENTATION_CONTEXT(2) 
PARAMETRIC_REPRESENTATION_CONTEXT() REPRESENTATION_CONTEXT('2D SPACE',''
  ) );
#14146 = PCURVE('',#12479,#14147);
#14147 = DEFINITIONAL_REPRESENTATION('',(#14148),#14152);
#14148 = LINE('',#14149,#14150);
#14149 = CARTESIAN_POINT('',(0.,0.));
#14150 = VECTOR('',#14151,1.);
#14151 = DIRECTION('',(0.,-1.));
#14152 = ( GEOMETRIC_REPRESENTATION_CONTEXT(2) 
PARAMETRIC_REPRESENTATION_CONTEXT() REPRESENTATION_CONTEXT('2D SPACE',''
  ) );
#14153 = ORIENTED_EDGE('',*,*,#14154,.F.);
#14154 = EDGE_CURVE('',#14155,#12872,#14157,.T.);
#14155 = VERTEX_POINT('',#14156);
#14156 = CARTESIAN_POINT('',(37.1355,-72.2705,5.05));
#14157 = SURFACE_CURVE('',#14158,(#14162,#14169),.PCURVE_S1.);
#14158 = LINE('',#14159,#14160);
#14159 = CARTESIAN_POINT('',(37.1355,39.2705,5.05));
#14160 = VECTOR('',#14161,1.);
#14161 = DIRECTION('',(0.,-1.,0.));
#14162 = PCURVE('',#12451,#14163);
#14163 = DEFINITIONAL_REPRESENTATION('',(#14164),#14168);
#14164 = LINE('',#14165,#14166);
#14165 = CARTESIAN_POINT('',(0.,0.));
#14166 = VECTOR('',#14167,1.);
#14167 = DIRECTION('',(1.,0.));
#14168 = ( GEOMETRIC_REPRESENTATION_CONTEXT(2) 
PARAMETRIC_REPRESENTATION_CONTEXT() REPRESENTATION_CONTEXT('2D SPACE',''
  ) );
#14169 = PCURVE('',#12887,#14170);
#14170 = DEFINITIONAL_REPRESENTATION('',(#14171),#14175);
#14171 = LINE('',#14172,#14173);
#14172 = CARTESIAN_POINT('',(10.6,59.01025));
#14173 = VECTOR('',#14174,1.);
#14174 = DIRECTION('',(0.,-1.));
#14175 = ( GEOMETRIC_REPRESENTATION_CONTEXT(2) 
PARAMETRIC_REPRESENTATION_CONTEXT() REPRESENTATION_CONTEXT('2D SPACE',''
  ) );
#14176 = ORIENTED_EDGE('',*,*,#14177,.F.);
#14177 = EDGE_CURVE('',#14178,#14155,#14180,.T.);
#14178 = VERTEX_POINT('',#14179);
#14179 = CARTESIAN_POINT('',(37.1355,-71.3535,5.05));
#14180 = SURFACE_CURVE('',#14181,(#14185,#14192),.PCURVE_S1.);
#14181 = LINE('',#14182,#14183);
#14182 = CARTESIAN_POINT('',(37.1355,39.2705,5.05));
#14183 = VECTOR('',#14184,1.);
#14184 = DIRECTION('',(0.,-1.,0.));
#14185 = PCURVE('',#12451,#14186);
#14186 = DEFINITIONAL_REPRESENTATION('',(#14187),#14191);
#14187 = LINE('',#14188,#14189);
#14188 = CARTESIAN_POINT('',(0.,0.));
#14189 = VECTOR('',#14190,1.);
#14190 = DIRECTION('',(1.,0.));
#14191 = ( GEOMETRIC_REPRESENTATION_CONTEXT(2) 
PARAMETRIC_REPRESENTATION_CONTEXT() REPRESENTATION_CONTEXT('2D SPACE',''
  ) );
#14192 = PCURVE('',#14193,#14198);
#14193 = PLANE('',#14194);
#14194 = AXIS2_PLACEMENT_3D('',#14195,#14196,#14197);
#14195 = CARTESIAN_POINT('',(26.5355,-14.,5.05));
#14196 = DIRECTION('',(0.,0.,1.));
#14197 = DIRECTION('',(1.,0.,-0.));
#14198 = DEFINITIONAL_REPRESENTATION('',(#14199),#14203);
#14199 = LINE('',#14200,#14201);
#14200 = CARTESIAN_POINT('',(10.6,53.2705));
#14201 = VECTOR('',#14202,1.);
#14202 = DIRECTION('',(0.,-1.));
#14203 = ( GEOMETRIC_REPRESENTATION_CONTEXT(2) 
PARAMETRIC_REPRESENTATION_CONTEXT() REPRESENTATION_CONTEXT('2D SPACE',''
  ) );
#14204 = ORIENTED_EDGE('',*,*,#14205,.F.);
#14205 = EDGE_CURVE('',#14206,#14178,#14208,.T.);
#14206 = VERTEX_POINT('',#14207);
#14207 = CARTESIAN_POINT('',(37.1355,-63.,5.05));
#14208 = SURFACE_CURVE('',#14209,(#14213,#14220),.PCURVE_S1.);
#14209 = LINE('',#14210,#14211);
#14210 = CARTESIAN_POINT('',(37.1355,39.2705,5.05));
#14211 = VECTOR('',#14212,1.);
#14212 = DIRECTION('',(0.,-1.,0.));
#14213 = PCURVE('',#12451,#14214);
#14214 = DEFINITIONAL_REPRESENTATION('',(#14215),#14219);
#14215 = LINE('',#14216,#14217);
#14216 = CARTESIAN_POINT('',(0.,0.));
#14217 = VECTOR('',#14218,1.);
#14218 = DIRECTION('',(1.,0.));
#14219 = ( GEOMETRIC_REPRESENTATION_CONTEXT(2) 
PARAMETRIC_REPRESENTATION_CONTEXT() REPRESENTATION_CONTEXT('2D SPACE',''
  ) );
#14220 = PCURVE('',#14221,#14226);
#14221 = PLANE('',#14222);
#14222 = AXIS2_PLACEMENT_3D('',#14223,#14224,#14225);
#14223 = CARTESIAN_POINT('',(26.5355,-14.,5.05));
#14224 = DIRECTION('',(0.,0.,1.));
#14225 = DIRECTION('',(1.,0.,-0.));
#14226 = DEFINITIONAL_REPRESENTATION('',(#14227),#14231);
#14227 = LINE('',#14228,#14229);
#14228 = CARTESIAN_POINT('',(10.6,53.2705));
#14229 = VECTOR('',#14230,1.);
#14230 = DIRECTION('',(0.,-1.));
#14231 = ( GEOMETRIC_REPRESENTATION_CONTEXT(2) 
PARAMETRIC_REPRESENTATION_CONTEXT() REPRESENTATION_CONTEXT('2D SPACE',''
  ) );
#14232 = ORIENTED_EDGE('',*,*,#14233,.F.);
#14233 = EDGE_CURVE('',#14234,#14206,#14236,.T.);
#14234 = VERTEX_POINT('',#14235);
#14235 = CARTESIAN_POINT('',(37.1355,-61.3535,5.05));
#14236 = SURFACE_CURVE('',#14237,(#14241,#14248),.PCURVE_S1.);
#14237 = LINE('',#14238,#14239);
#14238 = CARTESIAN_POINT('',(37.1355,39.2705,5.05));
#14239 = VECTOR('',#14240,1.);
#14240 = DIRECTION('',(0.,-1.,0.));
#14241 = PCURVE('',#12451,#14242);
#14242 = DEFINITIONAL_REPRESENTATION('',(#14243),#14247);
#14243 = LINE('',#14244,#14245);
#14244 = CARTESIAN_POINT('',(0.,0.));
#14245 = VECTOR('',#14246,1.);
#14246 = DIRECTION('',(1.,0.));
#14247 = ( GEOMETRIC_REPRESENTATION_CONTEXT(2) 
PARAMETRIC_REPRESENTATION_CONTEXT() REPRESENTATION_CONTEXT('2D SPACE',''
  ) );
#14248 = PCURVE('',#14249,#14254);
#14249 = PLANE('',#14250);
#14250 = AXIS2_PLACEMENT_3D('',#14251,#14252,#14253);
#14251 = CARTESIAN_POINT('',(0.,-59.,5.05));
#14252 = DIRECTION('',(0.,0.,1.));
#14253 = DIRECTION('',(1.,0.,-0.));
#14254 = DEFINITIONAL_REPRESENTATION('',(#14255),#14259);
#14255 = LINE('',#14256,#14257);
#14256 = CARTESIAN_POINT('',(37.1355,98.2705));
#14257 = VECTOR('',#14258,1.);
#14258 = DIRECTION('',(0.,-1.));
#14259 = ( GEOMETRIC_REPRESENTATION_CONTEXT(2) 
PARAMETRIC_REPRESENTATION_CONTEXT() REPRESENTATION_CONTEXT('2D SPACE',''
  ) );
#14260 = ORIENTED_EDGE('',*,*,#14261,.F.);
#14261 = EDGE_CURVE('',#14262,#14234,#14264,.T.);
#14262 = VERTEX_POINT('',#14263);
#14263 = CARTESIAN_POINT('',(37.1355,-55.,5.05));
#14264 = SURFACE_CURVE('',#14265,(#14269,#14276),.PCURVE_S1.);
#14265 = LINE('',#14266,#14267);
#14266 = CARTESIAN_POINT('',(37.1355,39.2705,5.05));
#14267 = VECTOR('',#14268,1.);
#14268 = DIRECTION('',(0.,-1.,0.));
#14269 = PCURVE('',#12451,#14270);
#14270 = DEFINITIONAL_REPRESENTATION('',(#14271),#14275);
#14271 = LINE('',#14272,#14273);
#14272 = CARTESIAN_POINT('',(0.,0.));
#14273 = VECTOR('',#14274,1.);
#14274 = DIRECTION('',(1.,0.));
#14275 = ( GEOMETRIC_REPRESENTATION_CONTEXT(2) 
PARAMETRIC_REPRESENTATION_CONTEXT() REPRESENTATION_CONTEXT('2D SPACE',''
  ) );
#14276 = PCURVE('',#14277,#14282);
#14277 = PLANE('',#14278);
#14278 = AXIS2_PLACEMENT_3D('',#14279,#14280,#14281);
#14279 = CARTESIAN_POINT('',(0.,-59.,5.05));
#14280 = DIRECTION('',(0.,0.,1.));
#14281 = DIRECTION('',(1.,0.,-0.));
#14282 = DEFINITIONAL_REPRESENTATION('',(#14283),#14287);
#14283 = LINE('',#14284,#14285);
#14284 = CARTESIAN_POINT('',(37.1355,98.2705));
#14285 = VECTOR('',#14286,1.);
#14286 = DIRECTION('',(0.,-1.));
#14287 = ( GEOMETRIC_REPRESENTATION_CONTEXT(2) 
PARAMETRIC_REPRESENTATION_CONTEXT() REPRESENTATION_CONTEXT('2D SPACE',''
  ) );
#14288 = ORIENTED_EDGE('',*,*,#14289,.F.);
#14289 = EDGE_CURVE('',#14290,#14262,#14292,.T.);
#14290 = VERTEX_POINT('',#14291);
#14291 = CARTESIAN_POINT('',(37.1355,26.,5.05));
#14292 = SURFACE_CURVE('',#14293,(#14297,#14304),.PCURVE_S1.);
#14293 = LINE('',#14294,#14295);
#14294 = CARTESIAN_POINT('',(37.1355,39.2705,5.05));
#14295 = VECTOR('',#14296,1.);
#14296 = DIRECTION('',(0.,-1.,0.));
#14297 = PCURVE('',#12451,#14298);
#14298 = DEFINITIONAL_REPRESENTATION('',(#14299),#14303);
#14299 = LINE('',#14300,#14301);
#14300 = CARTESIAN_POINT('',(0.,0.));
#14301 = VECTOR('',#14302,1.);
#14302 = DIRECTION('',(1.,0.));
#14303 = ( GEOMETRIC_REPRESENTATION_CONTEXT(2) 
PARAMETRIC_REPRESENTATION_CONTEXT() REPRESENTATION_CONTEXT('2D SPACE',''
  ) );
#14304 = PCURVE('',#14305,#14310);
#14305 = PLANE('',#14306);
#14306 = AXIS2_PLACEMENT_3D('',#14307,#14308,#14309);
#14307 = CARTESIAN_POINT('',(26.5355,-14.,5.05));
#14308 = DIRECTION('',(0.,0.,1.));
#14309 = DIRECTION('',(1.,0.,-0.));
#14310 = DEFINITIONAL_REPRESENTATION('',(#14311),#14315);
#14311 = LINE('',#14312,#14313);
#14312 = CARTESIAN_POINT('',(10.6,53.2705));
#14313 = VECTOR('',#14314,1.);
#14314 = DIRECTION('',(0.,-1.));
#14315 = ( GEOMETRIC_REPRESENTATION_CONTEXT(2) 
PARAMETRIC_REPRESENTATION_CONTEXT() REPRESENTATION_CONTEXT('2D SPACE',''
  ) );
#14316 = ORIENTED_EDGE('',*,*,#14317,.F.);
#14317 = EDGE_CURVE('',#14318,#14290,#14320,.T.);
#14318 = VERTEX_POINT('',#14319);
#14319 = CARTESIAN_POINT('',(37.1355,34.,5.05));
#14320 = SURFACE_CURVE('',#14321,(#14325,#14332),.PCURVE_S1.);
#14321 = LINE('',#14322,#14323);
#14322 = CARTESIAN_POINT('',(37.1355,39.2705,5.05));
#14323 = VECTOR('',#14324,1.);
#14324 = DIRECTION('',(0.,-1.,0.));
#14325 = PCURVE('',#12451,#14326);
#14326 = DEFINITIONAL_REPRESENTATION('',(#14327),#14331);
#14327 = LINE('',#14328,#14329);
#14328 = CARTESIAN_POINT('',(0.,0.));
#14329 = VECTOR('',#14330,1.);
#14330 = DIRECTION('',(1.,0.));
#14331 = ( GEOMETRIC_REPRESENTATION_CONTEXT(2) 
PARAMETRIC_REPRESENTATION_CONTEXT() REPRESENTATION_CONTEXT('2D SPACE',''
  ) );
#14332 = PCURVE('',#14333,#14338);
#14333 = PLANE('',#14334);
#14334 = AXIS2_PLACEMENT_3D('',#14335,#14336,#14337);
#14335 = CARTESIAN_POINT('',(0.,30.,5.05));
#14336 = DIRECTION('',(0.,0.,1.));
#14337 = DIRECTION('',(1.,0.,-0.));
#14338 = DEFINITIONAL_REPRESENTATION('',(#14339),#14343);
#14339 = LINE('',#14340,#14341);
#14340 = CARTESIAN_POINT('',(37.1355,9.2705));
#14341 = VECTOR('',#14342,1.);
#14342 = DIRECTION('',(0.,-1.));
#14343 = ( GEOMETRIC_REPRESENTATION_CONTEXT(2) 
PARAMETRIC_REPRESENTATION_CONTEXT() REPRESENTATION_CONTEXT('2D SPACE',''
  ) );
#14344 = ORIENTED_EDGE('',*,*,#14345,.F.);
#14345 = EDGE_CURVE('',#14346,#14318,#14348,.T.);
#14346 = VERTEX_POINT('',#14347);
#14347 = CARTESIAN_POINT('',(37.1355,34.2345,5.05));
#14348 = SURFACE_CURVE('',#14349,(#14353,#14360),.PCURVE_S1.);
#14349 = LINE('',#14350,#14351);
#14350 = CARTESIAN_POINT('',(37.1355,39.2705,5.05));
#14351 = VECTOR('',#14352,1.);
#14352 = DIRECTION('',(0.,-1.,0.));
#14353 = PCURVE('',#12451,#14354);
#14354 = DEFINITIONAL_REPRESENTATION('',(#14355),#14359);
#14355 = LINE('',#14356,#14357);
#14356 = CARTESIAN_POINT('',(0.,0.));
#14357 = VECTOR('',#14358,1.);
#14358 = DIRECTION('',(1.,0.));
#14359 = ( GEOMETRIC_REPRESENTATION_CONTEXT(2) 
PARAMETRIC_REPRESENTATION_CONTEXT() REPRESENTATION_CONTEXT('2D SPACE',''
  ) );
#14360 = PCURVE('',#14361,#14366);
#14361 = PLANE('',#14362);
#14362 = AXIS2_PLACEMENT_3D('',#14363,#14364,#14365);
#14363 = CARTESIAN_POINT('',(26.5355,-14.,5.05));
#14364 = DIRECTION('',(0.,0.,1.));
#14365 = DIRECTION('',(1.,0.,-0.));
#14366 = DEFINITIONAL_REPRESENTATION('',(#14367),#14371);
#14367 = LINE('',#14368,#14369);
#14368 = CARTESIAN_POINT('',(10.6,53.2705));
#14369 = VECTOR('',#14370,1.);
#14370 = DIRECTION('',(0.,-1.));
#14371 = ( GEOMETRIC_REPRESENTATION_CONTEXT(2) 
PARAMETRIC_REPRESENTATION_CONTEXT() REPRESENTATION_CONTEXT('2D SPACE',''
  ) );
#14372 = ORIENTED_EDGE('',*,*,#14373,.F.);
#14373 = EDGE_CURVE('',#14110,#14346,#14374,.T.);
#14374 = SURFACE_CURVE('',#14375,(#14379,#14386),.PCURVE_S1.);
#14375 = LINE('',#14376,#14377);
#14376 = CARTESIAN_POINT('',(37.1355,39.2705,5.05));
#14377 = VECTOR('',#14378,1.);
#14378 = DIRECTION('',(0.,-1.,0.));
#14379 = PCURVE('',#12451,#14380);
#14380 = DEFINITIONAL_REPRESENTATION('',(#14381),#14385);
#14381 = LINE('',#14382,#14383);
#14382 = CARTESIAN_POINT('',(0.,0.));
#14383 = VECTOR('',#14384,1.);
#14384 = DIRECTION('',(1.,0.));
#14385 = ( GEOMETRIC_REPRESENTATION_CONTEXT(2) 
PARAMETRIC_REPRESENTATION_CONTEXT() REPRESENTATION_CONTEXT('2D SPACE',''
  ) );
#14386 = PCURVE('',#14387,#14392);
#14387 = PLANE('',#14388);
#14388 = AXIS2_PLACEMENT_3D('',#14389,#14390,#14391);
#14389 = CARTESIAN_POINT('',(26.5355,-14.,5.05));
#14390 = DIRECTION('',(0.,0.,1.));
#14391 = DIRECTION('',(1.,0.,-0.));
#14392 = DEFINITIONAL_REPRESENTATION('',(#14393),#14397);
#14393 = LINE('',#14394,#14395);
#14394 = CARTESIAN_POINT('',(10.6,53.2705));
#14395 = VECTOR('',#14396,1.);
#14396 = DIRECTION('',(0.,-1.));
#14397 = ( GEOMETRIC_REPRESENTATION_CONTEXT(2) 
PARAMETRIC_REPRESENTATION_CONTEXT() REPRESENTATION_CONTEXT('2D SPACE',''
  ) );
#14398 = ADVANCED_FACE('',(#14399),#12479,.F.);
#14399 = FACE_BOUND('',#14400,.F.);
#14400 = EDGE_LOOP('',(#14401,#14402,#14403,#14404));
#14401 = ORIENTED_EDGE('',*,*,#14133,.T.);
#14402 = ORIENTED_EDGE('',*,*,#12463,.T.);
#14403 = ORIENTED_EDGE('',*,*,#12734,.F.);
#14404 = ORIENTED_EDGE('',*,*,#12899,.F.);
#14405 = ADVANCED_FACE('',(#14406),#12590,.F.);
#14406 = FACE_BOUND('',#14407,.F.);
#14407 = EDGE_LOOP('',(#14408,#14409,#14430,#14451));
#14408 = ORIENTED_EDGE('',*,*,#12572,.F.);
#14409 = ORIENTED_EDGE('',*,*,#14410,.F.);
#14410 = EDGE_CURVE('',#14411,#12573,#14413,.T.);
#14411 = VERTEX_POINT('',#14412);
#14412 = CARTESIAN_POINT('',(12.5355,-71.3535,5.05));
#14413 = SURFACE_CURVE('',#14414,(#14418,#14424),.PCURVE_S1.);
#14414 = LINE('',#14415,#14416);
#14415 = CARTESIAN_POINT('',(12.5355,-71.3535,4.45));
#14416 = VECTOR('',#14417,1.);
#14417 = DIRECTION('',(-0.,0.,-1.));
#14418 = PCURVE('',#12590,#14419);
#14419 = DEFINITIONAL_REPRESENTATION('',(#14420),#14423);
#14420 = B_SPLINE_CURVE_WITH_KNOTS('',1,(#14421,#14422),.UNSPECIFIED.,
  .F.,.F.,(2,2),(-0.6,0.),.PIECEWISE_BEZIER_KNOTS.);
#14421 = CARTESIAN_POINT('',(110.624,-0.6));
#14422 = CARTESIAN_POINT('',(110.624,0.));
#14423 = ( GEOMETRIC_REPRESENTATION_CONTEXT(2) 
PARAMETRIC_REPRESENTATION_CONTEXT() REPRESENTATION_CONTEXT('2D SPACE',''
  ) );
#14424 = PCURVE('',#13104,#14425);
#14425 = DEFINITIONAL_REPRESENTATION('',(#14426),#14429);
#14426 = B_SPLINE_CURVE_WITH_KNOTS('',1,(#14427,#14428),.UNSPECIFIED.,
  .F.,.F.,(2,2),(-0.6,0.),.PIECEWISE_BEZIER_KNOTS.);
#14427 = CARTESIAN_POINT('',(5.0975,-0.6));
#14428 = CARTESIAN_POINT('',(5.0975,0.));
#14429 = ( GEOMETRIC_REPRESENTATION_CONTEXT(2) 
PARAMETRIC_REPRESENTATION_CONTEXT() REPRESENTATION_CONTEXT('2D SPACE',''
  ) );
#14430 = ORIENTED_EDGE('',*,*,#14431,.T.);
#14431 = EDGE_CURVE('',#14411,#12793,#14432,.T.);
#14432 = SURFACE_CURVE('',#14433,(#14437,#14444),.PCURVE_S1.);
#14433 = LINE('',#14434,#14435);
#14434 = CARTESIAN_POINT('',(12.5355,39.2705,5.05));
#14435 = VECTOR('',#14436,1.);
#14436 = DIRECTION('',(0.,-1.,0.));
#14437 = PCURVE('',#12590,#14438);
#14438 = DEFINITIONAL_REPRESENTATION('',(#14439),#14443);
#14439 = LINE('',#14440,#14441);
#14440 = CARTESIAN_POINT('',(0.,-0.6));
#14441 = VECTOR('',#14442,1.);
#14442 = DIRECTION('',(1.,0.));
#14443 = ( GEOMETRIC_REPRESENTATION_CONTEXT(2) 
PARAMETRIC_REPRESENTATION_CONTEXT() REPRESENTATION_CONTEXT('2D SPACE',''
  ) );
#14444 = PCURVE('',#12831,#14445);
#14445 = DEFINITIONAL_REPRESENTATION('',(#14446),#14450);
#14446 = LINE('',#14447,#14448);
#14447 = CARTESIAN_POINT('',(-14.,59.01025));
#14448 = VECTOR('',#14449,1.);
#14449 = DIRECTION('',(0.,-1.));
#14450 = ( GEOMETRIC_REPRESENTATION_CONTEXT(2) 
PARAMETRIC_REPRESENTATION_CONTEXT() REPRESENTATION_CONTEXT('2D SPACE',''
  ) );
#14451 = ORIENTED_EDGE('',*,*,#12792,.F.);
#14452 = ADVANCED_FACE('',(#14453),#12642,.F.);
#14453 = FACE_BOUND('',#14454,.F.);
#14454 = EDGE_LOOP('',(#14455,#14456,#14457,#14458));
#14455 = ORIENTED_EDGE('',*,*,#12687,.F.);
#14456 = ORIENTED_EDGE('',*,*,#13116,.T.);
#14457 = ORIENTED_EDGE('',*,*,#12628,.T.);
#14458 = ORIENTED_EDGE('',*,*,#12658,.F.);
#14459 = ADVANCED_FACE('',(#14460),#12831,.T.);
#14460 = FACE_BOUND('',#14461,.T.);
#14461 = EDGE_LOOP('',(#14462,#14490,#14491,#14492));
#14462 = ORIENTED_EDGE('',*,*,#14463,.F.);
#14463 = EDGE_CURVE('',#14411,#14464,#14466,.T.);
#14464 = VERTEX_POINT('',#14465);
#14465 = CARTESIAN_POINT('',(13.5355,-71.3535,5.05));
#14466 = SURFACE_CURVE('',#14467,(#14471,#14478),.PCURVE_S1.);
#14467 = LINE('',#14468,#14469);
#14468 = CARTESIAN_POINT('',(7.438,-71.3535,5.05));
#14469 = VECTOR('',#14470,1.);
#14470 = DIRECTION('',(1.,0.,0.));
#14471 = PCURVE('',#12831,#14472);
#14472 = DEFINITIONAL_REPRESENTATION('',(#14473),#14477);
#14473 = LINE('',#14474,#14475);
#14474 = CARTESIAN_POINT('',(-19.0975,-51.61375));
#14475 = VECTOR('',#14476,1.);
#14476 = DIRECTION('',(1.,0.));
#14477 = ( GEOMETRIC_REPRESENTATION_CONTEXT(2) 
PARAMETRIC_REPRESENTATION_CONTEXT() REPRESENTATION_CONTEXT('2D SPACE',''
  ) );
#14478 = PCURVE('',#14479,#14484);
#14479 = PLANE('',#14480);
#14480 = AXIS2_PLACEMENT_3D('',#14481,#14482,#14483);
#14481 = CARTESIAN_POINT('',(12.438,-66.3535,5.05));
#14482 = DIRECTION('',(0.,0.,1.));
#14483 = DIRECTION('',(1.,0.,-0.));
#14484 = DEFINITIONAL_REPRESENTATION('',(#14485),#14489);
#14485 = LINE('',#14486,#14487);
#14486 = CARTESIAN_POINT('',(-5.,-5.));
#14487 = VECTOR('',#14488,1.);
#14488 = DIRECTION('',(1.,0.));
#14489 = ( GEOMETRIC_REPRESENTATION_CONTEXT(2) 
PARAMETRIC_REPRESENTATION_CONTEXT() REPRESENTATION_CONTEXT('2D SPACE',''
  ) );
#14490 = ORIENTED_EDGE('',*,*,#14431,.T.);
#14491 = ORIENTED_EDGE('',*,*,#12815,.T.);
#14492 = ORIENTED_EDGE('',*,*,#14493,.F.);
#14493 = EDGE_CURVE('',#14464,#12816,#14494,.T.);
#14494 = SURFACE_CURVE('',#14495,(#14499,#14506),.PCURVE_S1.);
#14495 = LINE('',#14496,#14497);
#14496 = CARTESIAN_POINT('',(13.5355,39.2705,5.05));
#14497 = VECTOR('',#14498,1.);
#14498 = DIRECTION('',(0.,-1.,0.));
#14499 = PCURVE('',#12831,#14500);
#14500 = DEFINITIONAL_REPRESENTATION('',(#14501),#14505);
#14501 = LINE('',#14502,#14503);
#14502 = CARTESIAN_POINT('',(-13.,59.01025));
#14503 = VECTOR('',#14504,1.);
#14504 = DIRECTION('',(0.,-1.));
#14505 = ( GEOMETRIC_REPRESENTATION_CONTEXT(2) 
PARAMETRIC_REPRESENTATION_CONTEXT() REPRESENTATION_CONTEXT('2D SPACE',''
  ) );
#14506 = PCURVE('',#12944,#14507);
#14507 = DEFINITIONAL_REPRESENTATION('',(#14508),#14512);
#14508 = LINE('',#14509,#14510);
#14509 = CARTESIAN_POINT('',(0.,0.));
#14510 = VECTOR('',#14511,1.);
#14511 = DIRECTION('',(1.,0.));
#14512 = ( GEOMETRIC_REPRESENTATION_CONTEXT(2) 
PARAMETRIC_REPRESENTATION_CONTEXT() REPRESENTATION_CONTEXT('2D SPACE',''
  ) );
#14513 = ADVANCED_FACE('',(#14514),#12859,.F.);
#14514 = FACE_BOUND('',#14515,.F.);
#14515 = EDGE_LOOP('',(#14516,#14539,#14562,#14588));
#14516 = ORIENTED_EDGE('',*,*,#14517,.T.);
#14517 = EDGE_CURVE('',#12816,#14518,#14520,.T.);
#14518 = VERTEX_POINT('',#14519);
#14519 = CARTESIAN_POINT('',(13.5355,-78.75,9.05));
#14520 = SURFACE_CURVE('',#14521,(#14525,#14532),.PCURVE_S1.);
#14521 = LINE('',#14522,#14523);
#14522 = CARTESIAN_POINT('',(13.5355,-78.75,5.05));
#14523 = VECTOR('',#14524,1.);
#14524 = DIRECTION('',(0.,0.,1.));
#14525 = PCURVE('',#12859,#14526);
#14526 = DEFINITIONAL_REPRESENTATION('',(#14527),#14531);
#14527 = LINE('',#14528,#14529);
#14528 = CARTESIAN_POINT('',(0.,0.));
#14529 = VECTOR('',#14530,1.);
#14530 = DIRECTION('',(0.,-1.));
#14531 = ( GEOMETRIC_REPRESENTATION_CONTEXT(2) 
PARAMETRIC_REPRESENTATION_CONTEXT() REPRESENTATION_CONTEXT('2D SPACE',''
  ) );
#14532 = PCURVE('',#12944,#14533);
#14533 = DEFINITIONAL_REPRESENTATION('',(#14534),#14538);
#14534 = LINE('',#14535,#14536);
#14535 = CARTESIAN_POINT('',(118.0205,0.));
#14536 = VECTOR('',#14537,1.);
#14537 = DIRECTION('',(0.,-1.));
#14538 = ( GEOMETRIC_REPRESENTATION_CONTEXT(2) 
PARAMETRIC_REPRESENTATION_CONTEXT() REPRESENTATION_CONTEXT('2D SPACE',''
  ) );
#14539 = ORIENTED_EDGE('',*,*,#14540,.T.);
#14540 = EDGE_CURVE('',#14518,#14541,#14543,.T.);
#14541 = VERTEX_POINT('',#14542);
#14542 = CARTESIAN_POINT('',(15.9355,-78.75,9.05));
#14543 = SURFACE_CURVE('',#14544,(#14548,#14555),.PCURVE_S1.);
#14544 = LINE('',#14545,#14546);
#14545 = CARTESIAN_POINT('',(13.5355,-78.75,9.05));
#14546 = VECTOR('',#14547,1.);
#14547 = DIRECTION('',(1.,0.,0.));
#14548 = PCURVE('',#12859,#14549);
#14549 = DEFINITIONAL_REPRESENTATION('',(#14550),#14554);
#14550 = LINE('',#14551,#14552);
#14551 = CARTESIAN_POINT('',(0.,-4.));
#14552 = VECTOR('',#14553,1.);
#14553 = DIRECTION('',(1.,0.));
#14554 = ( GEOMETRIC_REPRESENTATION_CONTEXT(2) 
PARAMETRIC_REPRESENTATION_CONTEXT() REPRESENTATION_CONTEXT('2D SPACE',''
  ) );
#14555 = PCURVE('',#13779,#14556);
#14556 = DEFINITIONAL_REPRESENTATION('',(#14557),#14561);
#14557 = LINE('',#14558,#14559);
#14558 = CARTESIAN_POINT('',(-1.2,-59.01025));
#14559 = VECTOR('',#14560,1.);
#14560 = DIRECTION('',(1.,0.));
#14561 = ( GEOMETRIC_REPRESENTATION_CONTEXT(2) 
PARAMETRIC_REPRESENTATION_CONTEXT() REPRESENTATION_CONTEXT('2D SPACE',''
  ) );
#14562 = ORIENTED_EDGE('',*,*,#14563,.F.);
#14563 = EDGE_CURVE('',#12844,#14541,#14564,.T.);
#14564 = SURFACE_CURVE('',#14565,(#14569,#14576),.PCURVE_S1.);
#14565 = LINE('',#14566,#14567);
#14566 = CARTESIAN_POINT('',(15.9355,-78.75,5.05));
#14567 = VECTOR('',#14568,1.);
#14568 = DIRECTION('',(0.,0.,1.));
#14569 = PCURVE('',#12859,#14570);
#14570 = DEFINITIONAL_REPRESENTATION('',(#14571),#14575);
#14571 = LINE('',#14572,#14573);
#14572 = CARTESIAN_POINT('',(2.4,0.));
#14573 = VECTOR('',#14574,1.);
#14574 = DIRECTION('',(0.,-1.));
#14575 = ( GEOMETRIC_REPRESENTATION_CONTEXT(2) 
PARAMETRIC_REPRESENTATION_CONTEXT() REPRESENTATION_CONTEXT('2D SPACE',''
  ) );
#14576 = PCURVE('',#14577,#14582);
#14577 = PLANE('',#14578);
#14578 = AXIS2_PLACEMENT_3D('',#14579,#14580,#14581);
#14579 = CARTESIAN_POINT('',(15.9355,-78.75,5.05));
#14580 = DIRECTION('',(-1.,0.,0.));
#14581 = DIRECTION('',(0.,1.,0.));
#14582 = DEFINITIONAL_REPRESENTATION('',(#14583),#14587);
#14583 = LINE('',#14584,#14585);
#14584 = CARTESIAN_POINT('',(0.,0.));
#14585 = VECTOR('',#14586,1.);
#14586 = DIRECTION('',(0.,-1.));
#14587 = ( GEOMETRIC_REPRESENTATION_CONTEXT(2) 
PARAMETRIC_REPRESENTATION_CONTEXT() REPRESENTATION_CONTEXT('2D SPACE',''
  ) );
#14588 = ORIENTED_EDGE('',*,*,#12843,.F.);
#14589 = ADVANCED_FACE('',(#14590),#12887,.T.);
#14590 = FACE_BOUND('',#14591,.T.);
#14591 = EDGE_LOOP('',(#14592,#14615,#14616,#14617));
#14592 = ORIENTED_EDGE('',*,*,#14593,.F.);
#14593 = EDGE_CURVE('',#12844,#14594,#14596,.T.);
#14594 = VERTEX_POINT('',#14595);
#14595 = CARTESIAN_POINT('',(15.9355,-72.2705,5.05));
#14596 = SURFACE_CURVE('',#14597,(#14601,#14608),.PCURVE_S1.);
#14597 = LINE('',#14598,#14599);
#14598 = CARTESIAN_POINT('',(15.9355,-78.75,5.05));
#14599 = VECTOR('',#14600,1.);
#14600 = DIRECTION('',(0.,1.,0.));
#14601 = PCURVE('',#12887,#14602);
#14602 = DEFINITIONAL_REPRESENTATION('',(#14603),#14607);
#14603 = LINE('',#14604,#14605);
#14604 = CARTESIAN_POINT('',(-10.6,-59.01025));
#14605 = VECTOR('',#14606,1.);
#14606 = DIRECTION('',(0.,1.));
#14607 = ( GEOMETRIC_REPRESENTATION_CONTEXT(2) 
PARAMETRIC_REPRESENTATION_CONTEXT() REPRESENTATION_CONTEXT('2D SPACE',''
  ) );
#14608 = PCURVE('',#14577,#14609);
#14609 = DEFINITIONAL_REPRESENTATION('',(#14610),#14614);
#14610 = LINE('',#14611,#14612);
#14611 = CARTESIAN_POINT('',(0.,0.));
#14612 = VECTOR('',#14613,1.);
#14613 = DIRECTION('',(1.,0.));
#14614 = ( GEOMETRIC_REPRESENTATION_CONTEXT(2) 
PARAMETRIC_REPRESENTATION_CONTEXT() REPRESENTATION_CONTEXT('2D SPACE',''
  ) );
#14615 = ORIENTED_EDGE('',*,*,#12871,.T.);
#14616 = ORIENTED_EDGE('',*,*,#14154,.F.);
#14617 = ORIENTED_EDGE('',*,*,#14618,.F.);
#14618 = EDGE_CURVE('',#14594,#14155,#14619,.T.);
#14619 = SURFACE_CURVE('',#14620,(#14624,#14631),.PCURVE_S1.);
#14620 = LINE('',#14621,#14622);
#14621 = CARTESIAN_POINT('',(15.5355,-72.2705,5.05));
#14622 = VECTOR('',#14623,1.);
#14623 = DIRECTION('',(1.,0.,0.));
#14624 = PCURVE('',#12887,#14625);
#14625 = DEFINITIONAL_REPRESENTATION('',(#14626),#14630);
#14626 = LINE('',#14627,#14628);
#14627 = CARTESIAN_POINT('',(-11.,-52.53075));
#14628 = VECTOR('',#14629,1.);
#14629 = DIRECTION('',(1.,0.));
#14630 = ( GEOMETRIC_REPRESENTATION_CONTEXT(2) 
PARAMETRIC_REPRESENTATION_CONTEXT() REPRESENTATION_CONTEXT('2D SPACE',''
  ) );
#14631 = PCURVE('',#14193,#14632);
#14632 = DEFINITIONAL_REPRESENTATION('',(#14633),#14637);
#14633 = LINE('',#14634,#14635);
#14634 = CARTESIAN_POINT('',(-11.,-58.2705));
#14635 = VECTOR('',#14636,1.);
#14636 = DIRECTION('',(1.,0.));
#14637 = ( GEOMETRIC_REPRESENTATION_CONTEXT(2) 
PARAMETRIC_REPRESENTATION_CONTEXT() REPRESENTATION_CONTEXT('2D SPACE',''
  ) );
#14638 = ADVANCED_FACE('',(#14639),#12944,.F.);
#14639 = FACE_BOUND('',#14640,.F.);
#14640 = EDGE_LOOP('',(#14641,#14664,#14685,#14686,#14687,#14710,#14731,
    #14732,#14753,#14754,#14777));
#14641 = ORIENTED_EDGE('',*,*,#14642,.T.);
#14642 = EDGE_CURVE('',#14643,#13764,#14645,.T.);
#14643 = VERTEX_POINT('',#14644);
#14644 = CARTESIAN_POINT('',(13.5355,39.2705,5.05));
#14645 = SURFACE_CURVE('',#14646,(#14650,#14657),.PCURVE_S1.);
#14646 = LINE('',#14647,#14648);
#14647 = CARTESIAN_POINT('',(13.5355,39.2705,5.05));
#14648 = VECTOR('',#14649,1.);
#14649 = DIRECTION('',(0.,0.,1.));
#14650 = PCURVE('',#12944,#14651);
#14651 = DEFINITIONAL_REPRESENTATION('',(#14652),#14656);
#14652 = LINE('',#14653,#14654);
#14653 = CARTESIAN_POINT('',(0.,0.));
#14654 = VECTOR('',#14655,1.);
#14655 = DIRECTION('',(0.,-1.));
#14656 = ( GEOMETRIC_REPRESENTATION_CONTEXT(2) 
PARAMETRIC_REPRESENTATION_CONTEXT() REPRESENTATION_CONTEXT('2D SPACE',''
  ) );
#14657 = PCURVE('',#13892,#14658);
#14658 = DEFINITIONAL_REPRESENTATION('',(#14659),#14663);
#14659 = LINE('',#14660,#14661);
#14660 = CARTESIAN_POINT('',(1.,0.));
#14661 = VECTOR('',#14662,1.);
#14662 = DIRECTION('',(0.,-1.));
#14663 = ( GEOMETRIC_REPRESENTATION_CONTEXT(2) 
PARAMETRIC_REPRESENTATION_CONTEXT() REPRESENTATION_CONTEXT('2D SPACE',''
  ) );
#14664 = ORIENTED_EDGE('',*,*,#14665,.T.);
#14665 = EDGE_CURVE('',#13764,#14518,#14666,.T.);
#14666 = SURFACE_CURVE('',#14667,(#14671,#14678),.PCURVE_S1.);
#14667 = LINE('',#14668,#14669);
#14668 = CARTESIAN_POINT('',(13.5355,39.2705,9.05));
#14669 = VECTOR('',#14670,1.);
#14670 = DIRECTION('',(0.,-1.,0.));
#14671 = PCURVE('',#12944,#14672);
#14672 = DEFINITIONAL_REPRESENTATION('',(#14673),#14677);
#14673 = LINE('',#14674,#14675);
#14674 = CARTESIAN_POINT('',(0.,-4.));
#14675 = VECTOR('',#14676,1.);
#14676 = DIRECTION('',(1.,0.));
#14677 = ( GEOMETRIC_REPRESENTATION_CONTEXT(2) 
PARAMETRIC_REPRESENTATION_CONTEXT() REPRESENTATION_CONTEXT('2D SPACE',''
  ) );
#14678 = PCURVE('',#13779,#14679);
#14679 = DEFINITIONAL_REPRESENTATION('',(#14680),#14684);
#14680 = LINE('',#14681,#14682);
#14681 = CARTESIAN_POINT('',(-1.2,59.01025));
#14682 = VECTOR('',#14683,1.);
#14683 = DIRECTION('',(0.,-1.));
#14684 = ( GEOMETRIC_REPRESENTATION_CONTEXT(2) 
PARAMETRIC_REPRESENTATION_CONTEXT() REPRESENTATION_CONTEXT('2D SPACE',''
  ) );
#14685 = ORIENTED_EDGE('',*,*,#14517,.F.);
#14686 = ORIENTED_EDGE('',*,*,#14493,.F.);
#14687 = ORIENTED_EDGE('',*,*,#14688,.F.);
#14688 = EDGE_CURVE('',#14689,#14464,#14691,.T.);
#14689 = VERTEX_POINT('',#14690);
#14690 = CARTESIAN_POINT('',(13.5355,-63.,5.05));
#14691 = SURFACE_CURVE('',#14692,(#14696,#14703),.PCURVE_S1.);
#14692 = LINE('',#14693,#14694);
#14693 = CARTESIAN_POINT('',(13.5355,39.2705,5.05));
#14694 = VECTOR('',#14695,1.);
#14695 = DIRECTION('',(0.,-1.,0.));
#14696 = PCURVE('',#12944,#14697);
#14697 = DEFINITIONAL_REPRESENTATION('',(#14698),#14702);
#14698 = LINE('',#14699,#14700);
#14699 = CARTESIAN_POINT('',(0.,0.));
#14700 = VECTOR('',#14701,1.);
#14701 = DIRECTION('',(1.,0.));
#14702 = ( GEOMETRIC_REPRESENTATION_CONTEXT(2) 
PARAMETRIC_REPRESENTATION_CONTEXT() REPRESENTATION_CONTEXT('2D SPACE',''
  ) );
#14703 = PCURVE('',#14479,#14704);
#14704 = DEFINITIONAL_REPRESENTATION('',(#14705),#14709);
#14705 = LINE('',#14706,#14707);
#14706 = CARTESIAN_POINT('',(1.0975,105.624));
#14707 = VECTOR('',#14708,1.);
#14708 = DIRECTION('',(0.,-1.));
#14709 = ( GEOMETRIC_REPRESENTATION_CONTEXT(2) 
PARAMETRIC_REPRESENTATION_CONTEXT() REPRESENTATION_CONTEXT('2D SPACE',''
  ) );
#14710 = ORIENTED_EDGE('',*,*,#14711,.F.);
#14711 = EDGE_CURVE('',#12929,#14689,#14712,.T.);
#14712 = SURFACE_CURVE('',#14713,(#14717,#14724),.PCURVE_S1.);
#14713 = LINE('',#14714,#14715);
#14714 = CARTESIAN_POINT('',(13.5355,39.2705,5.05));
#14715 = VECTOR('',#14716,1.);
#14716 = DIRECTION('',(0.,-1.,0.));
#14717 = PCURVE('',#12944,#14718);
#14718 = DEFINITIONAL_REPRESENTATION('',(#14719),#14723);
#14719 = LINE('',#14720,#14721);
#14720 = CARTESIAN_POINT('',(0.,0.));
#14721 = VECTOR('',#14722,1.);
#14722 = DIRECTION('',(1.,0.));
#14723 = ( GEOMETRIC_REPRESENTATION_CONTEXT(2) 
PARAMETRIC_REPRESENTATION_CONTEXT() REPRESENTATION_CONTEXT('2D SPACE',''
  ) );
#14724 = PCURVE('',#12997,#14725);
#14725 = DEFINITIONAL_REPRESENTATION('',(#14726),#14730);
#14726 = LINE('',#14727,#14728);
#14727 = CARTESIAN_POINT('',(13.5355,98.2705));
#14728 = VECTOR('',#14729,1.);
#14729 = DIRECTION('',(0.,-1.));
#14730 = ( GEOMETRIC_REPRESENTATION_CONTEXT(2) 
PARAMETRIC_REPRESENTATION_CONTEXT() REPRESENTATION_CONTEXT('2D SPACE',''
  ) );
#14731 = ORIENTED_EDGE('',*,*,#12926,.F.);
#14732 = ORIENTED_EDGE('',*,*,#14733,.F.);
#14733 = EDGE_CURVE('',#13348,#12927,#14734,.T.);
#14734 = SURFACE_CURVE('',#14735,(#14739,#14746),.PCURVE_S1.);
#14735 = LINE('',#14736,#14737);
#14736 = CARTESIAN_POINT('',(13.5355,39.2705,5.05));
#14737 = VECTOR('',#14738,1.);
#14738 = DIRECTION('',(0.,-1.,0.));
#14739 = PCURVE('',#12944,#14740);
#14740 = DEFINITIONAL_REPRESENTATION('',(#14741),#14745);
#14741 = LINE('',#14742,#14743);
#14742 = CARTESIAN_POINT('',(0.,0.));
#14743 = VECTOR('',#14744,1.);
#14744 = DIRECTION('',(1.,0.));
#14745 = ( GEOMETRIC_REPRESENTATION_CONTEXT(2) 
PARAMETRIC_REPRESENTATION_CONTEXT() REPRESENTATION_CONTEXT('2D SPACE',''
  ) );
#14746 = PCURVE('',#12970,#14747);
#14747 = DEFINITIONAL_REPRESENTATION('',(#14748),#14752);
#14748 = LINE('',#14749,#14750);
#14749 = CARTESIAN_POINT('',(-13.,59.01025));
#14750 = VECTOR('',#14751,1.);
#14751 = DIRECTION('',(0.,-1.));
#14752 = ( GEOMETRIC_REPRESENTATION_CONTEXT(2) 
PARAMETRIC_REPRESENTATION_CONTEXT() REPRESENTATION_CONTEXT('2D SPACE',''
  ) );
#14753 = ORIENTED_EDGE('',*,*,#13345,.F.);
#14754 = ORIENTED_EDGE('',*,*,#14755,.F.);
#14755 = EDGE_CURVE('',#14756,#13346,#14758,.T.);
#14756 = VERTEX_POINT('',#14757);
#14757 = CARTESIAN_POINT('',(13.5355,34.1835,5.05));
#14758 = SURFACE_CURVE('',#14759,(#14763,#14770),.PCURVE_S1.);
#14759 = LINE('',#14760,#14761);
#14760 = CARTESIAN_POINT('',(13.5355,39.2705,5.05));
#14761 = VECTOR('',#14762,1.);
#14762 = DIRECTION('',(0.,-1.,0.));
#14763 = PCURVE('',#12944,#14764);
#14764 = DEFINITIONAL_REPRESENTATION('',(#14765),#14769);
#14765 = LINE('',#14766,#14767);
#14766 = CARTESIAN_POINT('',(0.,0.));
#14767 = VECTOR('',#14768,1.);
#14768 = DIRECTION('',(1.,0.));
#14769 = ( GEOMETRIC_REPRESENTATION_CONTEXT(2) 
PARAMETRIC_REPRESENTATION_CONTEXT() REPRESENTATION_CONTEXT('2D SPACE',''
  ) );
#14770 = PCURVE('',#13384,#14771);
#14771 = DEFINITIONAL_REPRESENTATION('',(#14772),#14776);
#14772 = LINE('',#14773,#14774);
#14773 = CARTESIAN_POINT('',(-13.,59.01025));
#14774 = VECTOR('',#14775,1.);
#14775 = DIRECTION('',(0.,-1.));
#14776 = ( GEOMETRIC_REPRESENTATION_CONTEXT(2) 
PARAMETRIC_REPRESENTATION_CONTEXT() REPRESENTATION_CONTEXT('2D SPACE',''
  ) );
#14777 = ORIENTED_EDGE('',*,*,#14778,.F.);
#14778 = EDGE_CURVE('',#14643,#14756,#14779,.T.);
#14779 = SURFACE_CURVE('',#14780,(#14784,#14791),.PCURVE_S1.);
#14780 = LINE('',#14781,#14782);
#14781 = CARTESIAN_POINT('',(13.5355,39.2705,5.05));
#14782 = VECTOR('',#14783,1.);
#14783 = DIRECTION('',(0.,-1.,0.));
#14784 = PCURVE('',#12944,#14785);
#14785 = DEFINITIONAL_REPRESENTATION('',(#14786),#14790);
#14786 = LINE('',#14787,#14788);
#14787 = CARTESIAN_POINT('',(0.,0.));
#14788 = VECTOR('',#14789,1.);
#14789 = DIRECTION('',(1.,0.));
#14790 = ( GEOMETRIC_REPRESENTATION_CONTEXT(2) 
PARAMETRIC_REPRESENTATION_CONTEXT() REPRESENTATION_CONTEXT('2D SPACE',''
  ) );
#14791 = PCURVE('',#14070,#14792);
#14792 = DEFINITIONAL_REPRESENTATION('',(#14793),#14797);
#14793 = LINE('',#14794,#14795);
#14794 = CARTESIAN_POINT('',(1.0975,8.7E-02));
#14795 = VECTOR('',#14796,1.);
#14796 = DIRECTION('',(0.,-1.));
#14797 = ( GEOMETRIC_REPRESENTATION_CONTEXT(2) 
PARAMETRIC_REPRESENTATION_CONTEXT() REPRESENTATION_CONTEXT('2D SPACE',''
  ) );
#14798 = ADVANCED_FACE('',(#14799),#12997,.T.);
#14799 = FACE_BOUND('',#14800,.T.);
#14800 = EDGE_LOOP('',(#14801,#14802,#14803,#14804));
#14801 = ORIENTED_EDGE('',*,*,#14711,.F.);
#14802 = ORIENTED_EDGE('',*,*,#12983,.T.);
#14803 = ORIENTED_EDGE('',*,*,#13042,.T.);
#14804 = ORIENTED_EDGE('',*,*,#14805,.T.);
#14805 = EDGE_CURVE('',#13015,#14689,#14806,.T.);
#14806 = SURFACE_CURVE('',#14807,(#14811,#14818),.PCURVE_S1.);
#14807 = LINE('',#14808,#14809);
#14808 = CARTESIAN_POINT('',(-60.75,-63.,5.05));
#14809 = VECTOR('',#14810,1.);
#14810 = DIRECTION('',(1.,0.,0.));
#14811 = PCURVE('',#12997,#14812);
#14812 = DEFINITIONAL_REPRESENTATION('',(#14813),#14817);
#14813 = LINE('',#14814,#14815);
#14814 = CARTESIAN_POINT('',(-60.75,-4.));
#14815 = VECTOR('',#14816,1.);
#14816 = DIRECTION('',(1.,0.));
#14817 = ( GEOMETRIC_REPRESENTATION_CONTEXT(2) 
PARAMETRIC_REPRESENTATION_CONTEXT() REPRESENTATION_CONTEXT('2D SPACE',''
  ) );
#14818 = PCURVE('',#14479,#14819);
#14819 = DEFINITIONAL_REPRESENTATION('',(#14820),#14824);
#14820 = LINE('',#14821,#14822);
#14821 = CARTESIAN_POINT('',(-73.188,3.3535));
#14822 = VECTOR('',#14823,1.);
#14823 = DIRECTION('',(1.,0.));
#14824 = ( GEOMETRIC_REPRESENTATION_CONTEXT(2) 
PARAMETRIC_REPRESENTATION_CONTEXT() REPRESENTATION_CONTEXT('2D SPACE',''
  ) );
#14825 = ADVANCED_FACE('',(#14826),#12970,.T.);
#14826 = FACE_BOUND('',#14827,.T.);
#14827 = EDGE_LOOP('',(#14828,#14829,#14830,#14831));
#14828 = ORIENTED_EDGE('',*,*,#12956,.F.);
#14829 = ORIENTED_EDGE('',*,*,#14733,.F.);
#14830 = ORIENTED_EDGE('',*,*,#13397,.F.);
#14831 = ORIENTED_EDGE('',*,*,#13191,.T.);
#14832 = ADVANCED_FACE('',(#14833),#13030,.T.);
#14833 = FACE_BOUND('',#14834,.T.);
#14834 = EDGE_LOOP('',(#14835,#14836,#14837,#14858,#14881,#14910));
#14835 = ORIENTED_EDGE('',*,*,#13014,.F.);
#14836 = ORIENTED_EDGE('',*,*,#13142,.T.);
#14837 = ORIENTED_EDGE('',*,*,#14838,.T.);
#14838 = EDGE_CURVE('',#13143,#14411,#14839,.T.);
#14839 = SURFACE_CURVE('',#14840,(#14844,#14851),.PCURVE_S1.);
#14840 = LINE('',#14841,#14842);
#14841 = CARTESIAN_POINT('',(7.438,-71.3535,5.05));
#14842 = VECTOR('',#14843,1.);
#14843 = DIRECTION('',(1.,0.,0.));
#14844 = PCURVE('',#13030,#14845);
#14845 = DEFINITIONAL_REPRESENTATION('',(#14846),#14850);
#14846 = LINE('',#14847,#14848);
#14847 = CARTESIAN_POINT('',(-5.,-5.));
#14848 = VECTOR('',#14849,1.);
#14849 = DIRECTION('',(1.,0.));
#14850 = ( GEOMETRIC_REPRESENTATION_CONTEXT(2) 
PARAMETRIC_REPRESENTATION_CONTEXT() REPRESENTATION_CONTEXT('2D SPACE',''
  ) );
#14851 = PCURVE('',#13104,#14852);
#14852 = DEFINITIONAL_REPRESENTATION('',(#14853),#14857);
#14853 = LINE('',#14854,#14855);
#14854 = CARTESIAN_POINT('',(0.,-0.6));
#14855 = VECTOR('',#14856,1.);
#14856 = DIRECTION('',(1.,0.));
#14857 = ( GEOMETRIC_REPRESENTATION_CONTEXT(2) 
PARAMETRIC_REPRESENTATION_CONTEXT() REPRESENTATION_CONTEXT('2D SPACE',''
  ) );
#14858 = ORIENTED_EDGE('',*,*,#14859,.F.);
#14859 = EDGE_CURVE('',#14860,#14411,#14862,.T.);
#14860 = VERTEX_POINT('',#14861);
#14861 = CARTESIAN_POINT('',(12.5355,-66.97084815946,5.05));
#14862 = SURFACE_CURVE('',#14863,(#14867,#14874),.PCURVE_S1.);
#14863 = LINE('',#14864,#14865);
#14864 = CARTESIAN_POINT('',(12.5355,39.2705,5.05));
#14865 = VECTOR('',#14866,1.);
#14866 = DIRECTION('',(0.,-1.,0.));
#14867 = PCURVE('',#13030,#14868);
#14868 = DEFINITIONAL_REPRESENTATION('',(#14869),#14873);
#14869 = LINE('',#14870,#14871);
#14870 = CARTESIAN_POINT('',(9.75E-02,105.624));
#14871 = VECTOR('',#14872,1.);
#14872 = DIRECTION('',(0.,-1.));
#14873 = ( GEOMETRIC_REPRESENTATION_CONTEXT(2) 
PARAMETRIC_REPRESENTATION_CONTEXT() REPRESENTATION_CONTEXT('2D SPACE',''
  ) );
#14874 = PCURVE('',#14479,#14875);
#14875 = DEFINITIONAL_REPRESENTATION('',(#14876),#14880);
#14876 = LINE('',#14877,#14878);
#14877 = CARTESIAN_POINT('',(9.75E-02,105.624));
#14878 = VECTOR('',#14879,1.);
#14879 = DIRECTION('',(0.,-1.));
#14880 = ( GEOMETRIC_REPRESENTATION_CONTEXT(2) 
PARAMETRIC_REPRESENTATION_CONTEXT() REPRESENTATION_CONTEXT('2D SPACE',''
  ) );
#14881 = ORIENTED_EDGE('',*,*,#14882,.F.);
#14882 = EDGE_CURVE('',#14883,#14860,#14885,.T.);
#14883 = VERTEX_POINT('',#14884);
#14884 = CARTESIAN_POINT('',(12.5355,-65.73615184053,5.05));
#14885 = SURFACE_CURVE('',#14886,(#14891,#14898),.PCURVE_S1.);
#14886 = CIRCLE('',#14887,0.625);
#14887 = AXIS2_PLACEMENT_3D('',#14888,#14889,#14890);
#14888 = CARTESIAN_POINT('',(12.438,-66.3535,5.05));
#14889 = DIRECTION('',(0.,0.,1.));
#14890 = DIRECTION('',(1.,0.,0.));
#14891 = PCURVE('',#13030,#14892);
#14892 = DEFINITIONAL_REPRESENTATION('',(#14893),#14897);
#14893 = CIRCLE('',#14894,0.625);
#14894 = AXIS2_PLACEMENT_2D('',#14895,#14896);
#14895 = CARTESIAN_POINT('',(0.,0.));
#14896 = DIRECTION('',(1.,0.));
#14897 = ( GEOMETRIC_REPRESENTATION_CONTEXT(2) 
PARAMETRIC_REPRESENTATION_CONTEXT() REPRESENTATION_CONTEXT('2D SPACE',''
  ) );
#14898 = PCURVE('',#14899,#14904);
#14899 = CYLINDRICAL_SURFACE('',#14900,0.625);
#14900 = AXIS2_PLACEMENT_3D('',#14901,#14902,#14903);
#14901 = CARTESIAN_POINT('',(12.438,-66.3535,5.05));
#14902 = DIRECTION('',(-0.,-0.,-1.));
#14903 = DIRECTION('',(1.,0.,0.));
#14904 = DEFINITIONAL_REPRESENTATION('',(#14905),#14909);
#14905 = LINE('',#14906,#14907);
#14906 = CARTESIAN_POINT('',(-0.,0.));
#14907 = VECTOR('',#14908,1.);
#14908 = DIRECTION('',(-1.,0.));
#14909 = ( GEOMETRIC_REPRESENTATION_CONTEXT(2) 
PARAMETRIC_REPRESENTATION_CONTEXT() REPRESENTATION_CONTEXT('2D SPACE',''
  ) );
#14910 = ORIENTED_EDGE('',*,*,#14911,.F.);
#14911 = EDGE_CURVE('',#13015,#14883,#14912,.T.);
#14912 = SURFACE_CURVE('',#14913,(#14917,#14924),.PCURVE_S1.);
#14913 = LINE('',#14914,#14915);
#14914 = CARTESIAN_POINT('',(12.5355,39.2705,5.05));
#14915 = VECTOR('',#14916,1.);
#14916 = DIRECTION('',(0.,-1.,0.));
#14917 = PCURVE('',#13030,#14918);
#14918 = DEFINITIONAL_REPRESENTATION('',(#14919),#14923);
#14919 = LINE('',#14920,#14921);
#14920 = CARTESIAN_POINT('',(9.75E-02,105.624));
#14921 = VECTOR('',#14922,1.);
#14922 = DIRECTION('',(0.,-1.));
#14923 = ( GEOMETRIC_REPRESENTATION_CONTEXT(2) 
PARAMETRIC_REPRESENTATION_CONTEXT() REPRESENTATION_CONTEXT('2D SPACE',''
  ) );
#14924 = PCURVE('',#14479,#14925);
#14925 = DEFINITIONAL_REPRESENTATION('',(#14926),#14930);
#14926 = LINE('',#14927,#14928);
#14927 = CARTESIAN_POINT('',(9.75E-02,105.624));
#14928 = VECTOR('',#14929,1.);
#14929 = DIRECTION('',(0.,-1.));
#14930 = ( GEOMETRIC_REPRESENTATION_CONTEXT(2) 
PARAMETRIC_REPRESENTATION_CONTEXT() REPRESENTATION_CONTEXT('2D SPACE',''
  ) );
#14931 = ADVANCED_FACE('',(#14932),#13104,.F.);
#14932 = FACE_BOUND('',#14933,.F.);
#14933 = EDGE_LOOP('',(#14934,#14935,#14936,#14937));
#14934 = ORIENTED_EDGE('',*,*,#13090,.F.);
#14935 = ORIENTED_EDGE('',*,*,#13165,.T.);
#14936 = ORIENTED_EDGE('',*,*,#14838,.T.);
#14937 = ORIENTED_EDGE('',*,*,#14410,.T.);
#14938 = ADVANCED_FACE('',(#14939),#13384,.T.);
#14939 = FACE_BOUND('',#14940,.T.);
#14940 = EDGE_LOOP('',(#14941,#14942,#14943,#14964));
#14941 = ORIENTED_EDGE('',*,*,#13370,.F.);
#14942 = ORIENTED_EDGE('',*,*,#14755,.F.);
#14943 = ORIENTED_EDGE('',*,*,#14944,.F.);
#14944 = EDGE_CURVE('',#13423,#14756,#14945,.T.);
#14945 = SURFACE_CURVE('',#14946,(#14950,#14957),.PCURVE_S1.);
#14946 = LINE('',#14947,#14948);
#14947 = CARTESIAN_POINT('',(7.438,34.1835,5.05));
#14948 = VECTOR('',#14949,1.);
#14949 = DIRECTION('',(1.,0.,0.));
#14950 = PCURVE('',#13384,#14951);
#14951 = DEFINITIONAL_REPRESENTATION('',(#14952),#14956);
#14952 = LINE('',#14953,#14954);
#14953 = CARTESIAN_POINT('',(-19.0975,53.92325));
#14954 = VECTOR('',#14955,1.);
#14955 = DIRECTION('',(1.,0.));
#14956 = ( GEOMETRIC_REPRESENTATION_CONTEXT(2) 
PARAMETRIC_REPRESENTATION_CONTEXT() REPRESENTATION_CONTEXT('2D SPACE',''
  ) );
#14957 = PCURVE('',#14070,#14958);
#14958 = DEFINITIONAL_REPRESENTATION('',(#14959),#14963);
#14959 = LINE('',#14960,#14961);
#14960 = CARTESIAN_POINT('',(-5.,-5.));
#14961 = VECTOR('',#14962,1.);
#14962 = DIRECTION('',(1.,0.));
#14963 = ( GEOMETRIC_REPRESENTATION_CONTEXT(2) 
PARAMETRIC_REPRESENTATION_CONTEXT() REPRESENTATION_CONTEXT('2D SPACE',''
  ) );
#14964 = ORIENTED_EDGE('',*,*,#13448,.T.);
#14965 = ADVANCED_FACE('',(#14966),#13437,.F.);
#14966 = FACE_BOUND('',#14967,.F.);
#14967 = EDGE_LOOP('',(#14968,#14991,#15012,#15013));
#14968 = ORIENTED_EDGE('',*,*,#14969,.F.);
#14969 = EDGE_CURVE('',#14970,#11702,#14972,.T.);
#14970 = VERTEX_POINT('',#14971);
#14971 = CARTESIAN_POINT('',(7.438,34.1835,4.45));
#14972 = SURFACE_CURVE('',#14973,(#14977,#14984),.PCURVE_S1.);
#14973 = LINE('',#14974,#14975);
#14974 = CARTESIAN_POINT('',(7.438,34.1835,4.45));
#14975 = VECTOR('',#14976,1.);
#14976 = DIRECTION('',(1.,0.,0.));
#14977 = PCURVE('',#13437,#14978);
#14978 = DEFINITIONAL_REPRESENTATION('',(#14979),#14983);
#14979 = LINE('',#14980,#14981);
#14980 = CARTESIAN_POINT('',(0.,0.));
#14981 = VECTOR('',#14982,1.);
#14982 = DIRECTION('',(1.,0.));
#14983 = ( GEOMETRIC_REPRESENTATION_CONTEXT(2) 
PARAMETRIC_REPRESENTATION_CONTEXT() REPRESENTATION_CONTEXT('2D SPACE',''
  ) );
#14984 = PCURVE('',#13489,#14985);
#14985 = DEFINITIONAL_REPRESENTATION('',(#14986),#14990);
#14986 = LINE('',#14987,#14988);
#14987 = CARTESIAN_POINT('',(-5.,-5.));
#14988 = VECTOR('',#14989,1.);
#14989 = DIRECTION('',(1.,0.));
#14990 = ( GEOMETRIC_REPRESENTATION_CONTEXT(2) 
PARAMETRIC_REPRESENTATION_CONTEXT() REPRESENTATION_CONTEXT('2D SPACE',''
  ) );
#14991 = ORIENTED_EDGE('',*,*,#14992,.T.);
#14992 = EDGE_CURVE('',#14970,#14006,#14993,.T.);
#14993 = SURFACE_CURVE('',#14994,(#14998,#15005),.PCURVE_S1.);
#14994 = LINE('',#14995,#14996);
#14995 = CARTESIAN_POINT('',(7.438,34.1835,4.45));
#14996 = VECTOR('',#14997,1.);
#14997 = DIRECTION('',(0.,0.,1.));
#14998 = PCURVE('',#13437,#14999);
#14999 = DEFINITIONAL_REPRESENTATION('',(#15000),#15004);
#15000 = LINE('',#15001,#15002);
#15001 = CARTESIAN_POINT('',(0.,0.));
#15002 = VECTOR('',#15003,1.);
#15003 = DIRECTION('',(0.,-1.));
#15004 = ( GEOMETRIC_REPRESENTATION_CONTEXT(2) 
PARAMETRIC_REPRESENTATION_CONTEXT() REPRESENTATION_CONTEXT('2D SPACE',''
  ) );
#15005 = PCURVE('',#14021,#15006);
#15006 = DEFINITIONAL_REPRESENTATION('',(#15007),#15011);
#15007 = LINE('',#15008,#15009);
#15008 = CARTESIAN_POINT('',(10.,0.));
#15009 = VECTOR('',#15010,1.);
#15010 = DIRECTION('',(0.,-1.));
#15011 = ( GEOMETRIC_REPRESENTATION_CONTEXT(2) 
PARAMETRIC_REPRESENTATION_CONTEXT() REPRESENTATION_CONTEXT('2D SPACE',''
  ) );
#15012 = ORIENTED_EDGE('',*,*,#14033,.T.);
#15013 = ORIENTED_EDGE('',*,*,#13422,.T.);
#15014 = ADVANCED_FACE('',(#15015),#13489,.F.);
#15015 = FACE_BOUND('',#15016,.F.);
#15016 = EDGE_LOOP('',(#15017,#15040,#15061,#15062,#15063,#15064));
#15017 = ORIENTED_EDGE('',*,*,#15018,.T.);
#15018 = EDGE_CURVE('',#11889,#15019,#15021,.T.);
#15019 = VERTEX_POINT('',#15020);
#15020 = CARTESIAN_POINT('',(7.438,44.1835,4.45));
#15021 = SURFACE_CURVE('',#15022,(#15026,#15033),.PCURVE_S1.);
#15022 = LINE('',#15023,#15024);
#15023 = CARTESIAN_POINT('',(17.438,44.1835,4.45));
#15024 = VECTOR('',#15025,1.);
#15025 = DIRECTION('',(-1.,0.,0.));
#15026 = PCURVE('',#13489,#15027);
#15027 = DEFINITIONAL_REPRESENTATION('',(#15028),#15032);
#15028 = LINE('',#15029,#15030);
#15029 = CARTESIAN_POINT('',(5.,5.));
#15030 = VECTOR('',#15031,1.);
#15031 = DIRECTION('',(-1.,0.));
#15032 = ( GEOMETRIC_REPRESENTATION_CONTEXT(2) 
PARAMETRIC_REPRESENTATION_CONTEXT() REPRESENTATION_CONTEXT('2D SPACE',''
  ) );
#15033 = PCURVE('',#13614,#15034);
#15034 = DEFINITIONAL_REPRESENTATION('',(#15035),#15039);
#15035 = LINE('',#15036,#15037);
#15036 = CARTESIAN_POINT('',(0.,-0.));
#15037 = VECTOR('',#15038,1.);
#15038 = DIRECTION('',(1.,0.));
#15039 = ( GEOMETRIC_REPRESENTATION_CONTEXT(2) 
PARAMETRIC_REPRESENTATION_CONTEXT() REPRESENTATION_CONTEXT('2D SPACE',''
  ) );
#15040 = ORIENTED_EDGE('',*,*,#15041,.T.);
#15041 = EDGE_CURVE('',#15019,#14970,#15042,.T.);
#15042 = SURFACE_CURVE('',#15043,(#15047,#15054),.PCURVE_S1.);
#15043 = LINE('',#15044,#15045);
#15044 = CARTESIAN_POINT('',(7.438,44.1835,4.45));
#15045 = VECTOR('',#15046,1.);
#15046 = DIRECTION('',(0.,-1.,0.));
#15047 = PCURVE('',#13489,#15048);
#15048 = DEFINITIONAL_REPRESENTATION('',(#15049),#15053);
#15049 = LINE('',#15050,#15051);
#15050 = CARTESIAN_POINT('',(-5.,5.));
#15051 = VECTOR('',#15052,1.);
#15052 = DIRECTION('',(0.,-1.));
#15053 = ( GEOMETRIC_REPRESENTATION_CONTEXT(2) 
PARAMETRIC_REPRESENTATION_CONTEXT() REPRESENTATION_CONTEXT('2D SPACE',''
  ) );
#15054 = PCURVE('',#14021,#15055);
#15055 = DEFINITIONAL_REPRESENTATION('',(#15056),#15060);
#15056 = LINE('',#15057,#15058);
#15057 = CARTESIAN_POINT('',(0.,0.));
#15058 = VECTOR('',#15059,1.);
#15059 = DIRECTION('',(1.,0.));
#15060 = ( GEOMETRIC_REPRESENTATION_CONTEXT(2) 
PARAMETRIC_REPRESENTATION_CONTEXT() REPRESENTATION_CONTEXT('2D SPACE',''
  ) );
#15061 = ORIENTED_EDGE('',*,*,#14969,.T.);
#15062 = ORIENTED_EDGE('',*,*,#13473,.F.);
#15063 = ORIENTED_EDGE('',*,*,#13503,.F.);
#15064 = ORIENTED_EDGE('',*,*,#13529,.F.);
#15065 = ADVANCED_FACE('',(#15066),#13614,.F.);
#15066 = FACE_BOUND('',#15067,.F.);
#15067 = EDGE_LOOP('',(#15068,#15069,#15070,#15071));
#15068 = ORIENTED_EDGE('',*,*,#15018,.F.);
#15069 = ORIENTED_EDGE('',*,*,#13601,.F.);
#15070 = ORIENTED_EDGE('',*,*,#13982,.T.);
#15071 = ORIENTED_EDGE('',*,*,#15072,.F.);
#15072 = EDGE_CURVE('',#15019,#13983,#15073,.T.);
#15073 = SURFACE_CURVE('',#15074,(#15078,#15085),.PCURVE_S1.);
#15074 = LINE('',#15075,#15076);
#15075 = CARTESIAN_POINT('',(7.438,44.1835,4.45));
#15076 = VECTOR('',#15077,1.);
#15077 = DIRECTION('',(0.,0.,1.));
#15078 = PCURVE('',#13614,#15079);
#15079 = DEFINITIONAL_REPRESENTATION('',(#15080),#15084);
#15080 = LINE('',#15081,#15082);
#15081 = CARTESIAN_POINT('',(10.,0.));
#15082 = VECTOR('',#15083,1.);
#15083 = DIRECTION('',(0.,-1.));
#15084 = ( GEOMETRIC_REPRESENTATION_CONTEXT(2) 
PARAMETRIC_REPRESENTATION_CONTEXT() REPRESENTATION_CONTEXT('2D SPACE',''
  ) );
#15085 = PCURVE('',#14021,#15086);
#15086 = DEFINITIONAL_REPRESENTATION('',(#15087),#15091);
#15087 = LINE('',#15088,#15089);
#15088 = CARTESIAN_POINT('',(0.,0.));
#15089 = VECTOR('',#15090,1.);
#15090 = DIRECTION('',(0.,-1.));
#15091 = ( GEOMETRIC_REPRESENTATION_CONTEXT(2) 
PARAMETRIC_REPRESENTATION_CONTEXT() REPRESENTATION_CONTEXT('2D SPACE',''
  ) );
#15092 = ADVANCED_FACE('',(#15093),#13779,.T.);
#15093 = FACE_BOUND('',#15094,.T.);
#15094 = EDGE_LOOP('',(#15095,#15096,#15117,#15118));
#15095 = ORIENTED_EDGE('',*,*,#14540,.T.);
#15096 = ORIENTED_EDGE('',*,*,#15097,.T.);
#15097 = EDGE_CURVE('',#14541,#13762,#15098,.T.);
#15098 = SURFACE_CURVE('',#15099,(#15103,#15110),.PCURVE_S1.);
#15099 = LINE('',#15100,#15101);
#15100 = CARTESIAN_POINT('',(15.9355,-78.75,9.05));
#15101 = VECTOR('',#15102,1.);
#15102 = DIRECTION('',(0.,1.,0.));
#15103 = PCURVE('',#13779,#15104);
#15104 = DEFINITIONAL_REPRESENTATION('',(#15105),#15109);
#15105 = LINE('',#15106,#15107);
#15106 = CARTESIAN_POINT('',(1.2,-59.01025));
#15107 = VECTOR('',#15108,1.);
#15108 = DIRECTION('',(0.,1.));
#15109 = ( GEOMETRIC_REPRESENTATION_CONTEXT(2) 
PARAMETRIC_REPRESENTATION_CONTEXT() REPRESENTATION_CONTEXT('2D SPACE',''
  ) );
#15110 = PCURVE('',#14577,#15111);
#15111 = DEFINITIONAL_REPRESENTATION('',(#15112),#15116);
#15112 = LINE('',#15113,#15114);
#15113 = CARTESIAN_POINT('',(0.,-4.));
#15114 = VECTOR('',#15115,1.);
#15115 = DIRECTION('',(1.,0.));
#15116 = ( GEOMETRIC_REPRESENTATION_CONTEXT(2) 
PARAMETRIC_REPRESENTATION_CONTEXT() REPRESENTATION_CONTEXT('2D SPACE',''
  ) );
#15117 = ORIENTED_EDGE('',*,*,#13761,.T.);
#15118 = ORIENTED_EDGE('',*,*,#14665,.T.);
#15119 = ADVANCED_FACE('',(#15120),#13892,.F.);
#15120 = FACE_BOUND('',#15121,.F.);
#15121 = EDGE_LOOP('',(#15122,#15145,#15164,#15165));
#15122 = ORIENTED_EDGE('',*,*,#15123,.T.);
#15123 = EDGE_CURVE('',#14643,#15124,#15126,.T.);
#15124 = VERTEX_POINT('',#15125);
#15125 = CARTESIAN_POINT('',(13.056915179972,39.2705,5.05));
#15126 = SURFACE_CURVE('',#15127,(#15131,#15138),.PCURVE_S1.);
#15127 = LINE('',#15128,#15129);
#15128 = CARTESIAN_POINT('',(40.5355,39.2705,5.05));
#15129 = VECTOR('',#15130,1.);
#15130 = DIRECTION('',(-1.,0.,0.));
#15131 = PCURVE('',#13892,#15132);
#15132 = DEFINITIONAL_REPRESENTATION('',(#15133),#15137);
#15133 = LINE('',#15134,#15135);
#15134 = CARTESIAN_POINT('',(28.,0.));
#15135 = VECTOR('',#15136,1.);
#15136 = DIRECTION('',(-1.,0.));
#15137 = ( GEOMETRIC_REPRESENTATION_CONTEXT(2) 
PARAMETRIC_REPRESENTATION_CONTEXT() REPRESENTATION_CONTEXT('2D SPACE',''
  ) );
#15138 = PCURVE('',#14070,#15139);
#15139 = DEFINITIONAL_REPRESENTATION('',(#15140),#15144);
#15140 = LINE('',#15141,#15142);
#15141 = CARTESIAN_POINT('',(28.0975,8.7E-02));
#15142 = VECTOR('',#15143,1.);
#15143 = DIRECTION('',(-1.,0.));
#15144 = ( GEOMETRIC_REPRESENTATION_CONTEXT(2) 
PARAMETRIC_REPRESENTATION_CONTEXT() REPRESENTATION_CONTEXT('2D SPACE',''
  ) );
#15145 = ORIENTED_EDGE('',*,*,#15146,.F.);
#15146 = EDGE_CURVE('',#13846,#15124,#15147,.T.);
#15147 = SURFACE_CURVE('',#15148,(#15152,#15158),.PCURVE_S1.);
#15148 = LINE('',#15149,#15150);
#15149 = CARTESIAN_POINT('',(13.056915179972,39.2705,5.05));
#15150 = VECTOR('',#15151,1.);
#15151 = DIRECTION('',(-0.,-0.,-1.));
#15152 = PCURVE('',#13892,#15153);
#15153 = DEFINITIONAL_REPRESENTATION('',(#15154),#15157);
#15154 = B_SPLINE_CURVE_WITH_KNOTS('',1,(#15155,#15156),.UNSPECIFIED.,
  .F.,.F.,(2,2),(-4.4,5.999999999062E-07),.PIECEWISE_BEZIER_KNOTS.);
#15155 = CARTESIAN_POINT('',(0.521415179972,-4.4));
#15156 = CARTESIAN_POINT('',(0.521415179972,5.999999999062E-07));
#15157 = ( GEOMETRIC_REPRESENTATION_CONTEXT(2) 
PARAMETRIC_REPRESENTATION_CONTEXT() REPRESENTATION_CONTEXT('2D SPACE',''
  ) );
#15158 = PCURVE('',#13866,#15159);
#15159 = DEFINITIONAL_REPRESENTATION('',(#15160),#15163);
#15160 = B_SPLINE_CURVE_WITH_KNOTS('',1,(#15161,#15162),.UNSPECIFIED.,
  .F.,.F.,(2,2),(-4.4,5.999999999062E-07),.PIECEWISE_BEZIER_KNOTS.);
#15161 = CARTESIAN_POINT('',(-0.139653503604,-4.4));
#15162 = CARTESIAN_POINT('',(-0.139653503604,5.999999999062E-07));
#15163 = ( GEOMETRIC_REPRESENTATION_CONTEXT(2) 
PARAMETRIC_REPRESENTATION_CONTEXT() REPRESENTATION_CONTEXT('2D SPACE',''
  ) );
#15164 = ORIENTED_EDGE('',*,*,#13878,.T.);
#15165 = ORIENTED_EDGE('',*,*,#14642,.F.);
#15166 = ADVANCED_FACE('',(#15167),#13866,.T.);
#15167 = FACE_BOUND('',#15168,.F.);
#15168 = EDGE_LOOP('',(#15169,#15194,#15216,#15217,#15218,#15219,#15220,
    #15242,#15243));
#15169 = ORIENTED_EDGE('',*,*,#15170,.F.);
#15170 = EDGE_CURVE('',#15171,#15173,#15175,.T.);
#15171 = VERTEX_POINT('',#15172);
#15172 = CARTESIAN_POINT('',(13.063,39.1835,5.05));
#15173 = VERTEX_POINT('',#15174);
#15174 = CARTESIAN_POINT('',(13.063,39.1835,33.05));
#15175 = SEAM_CURVE('',#15176,(#15180,#15187),.PCURVE_S1.);
#15176 = LINE('',#15177,#15178);
#15177 = CARTESIAN_POINT('',(13.063,39.1835,5.05));
#15178 = VECTOR('',#15179,1.);
#15179 = DIRECTION('',(0.,0.,1.));
#15180 = PCURVE('',#13866,#15181);
#15181 = DEFINITIONAL_REPRESENTATION('',(#15182),#15186);
#15182 = LINE('',#15183,#15184);
#15183 = CARTESIAN_POINT('',(-6.28318530718,0.));
#15184 = VECTOR('',#15185,1.);
#15185 = DIRECTION('',(-0.,-1.));
#15186 = ( GEOMETRIC_REPRESENTATION_CONTEXT(2) 
PARAMETRIC_REPRESENTATION_CONTEXT() REPRESENTATION_CONTEXT('2D SPACE',''
  ) );
#15187 = PCURVE('',#13866,#15188);
#15188 = DEFINITIONAL_REPRESENTATION('',(#15189),#15193);
#15189 = LINE('',#15190,#15191);
#15190 = CARTESIAN_POINT('',(-0.,0.));
#15191 = VECTOR('',#15192,1.);
#15192 = DIRECTION('',(-0.,-1.));
#15193 = ( GEOMETRIC_REPRESENTATION_CONTEXT(2) 
PARAMETRIC_REPRESENTATION_CONTEXT() REPRESENTATION_CONTEXT('2D SPACE',''
  ) );
#15194 = ORIENTED_EDGE('',*,*,#15195,.F.);
#15195 = EDGE_CURVE('',#14055,#15171,#15196,.T.);
#15196 = SURFACE_CURVE('',#15197,(#15202,#15209),.PCURVE_S1.);
#15197 = CIRCLE('',#15198,0.625);
#15198 = AXIS2_PLACEMENT_3D('',#15199,#15200,#15201);
#15199 = CARTESIAN_POINT('',(12.438,39.1835,5.05));
#15200 = DIRECTION('',(0.,0.,1.));
#15201 = DIRECTION('',(1.,0.,0.));
#15202 = PCURVE('',#13866,#15203);
#15203 = DEFINITIONAL_REPRESENTATION('',(#15204),#15208);
#15204 = LINE('',#15205,#15206);
#15205 = CARTESIAN_POINT('',(-0.,0.));
#15206 = VECTOR('',#15207,1.);
#15207 = DIRECTION('',(-1.,0.));
#15208 = ( GEOMETRIC_REPRESENTATION_CONTEXT(2) 
PARAMETRIC_REPRESENTATION_CONTEXT() REPRESENTATION_CONTEXT('2D SPACE',''
  ) );
#15209 = PCURVE('',#14070,#15210);
#15210 = DEFINITIONAL_REPRESENTATION('',(#15211),#15215);
#15211 = CIRCLE('',#15212,0.625);
#15212 = AXIS2_PLACEMENT_2D('',#15213,#15214);
#15213 = CARTESIAN_POINT('',(0.,0.));
#15214 = DIRECTION('',(1.,0.));
#15215 = ( GEOMETRIC_REPRESENTATION_CONTEXT(2) 
PARAMETRIC_REPRESENTATION_CONTEXT() REPRESENTATION_CONTEXT('2D SPACE',''
  ) );
#15216 = ORIENTED_EDGE('',*,*,#14082,.F.);
#15217 = ORIENTED_EDGE('',*,*,#13932,.F.);
#15218 = ORIENTED_EDGE('',*,*,#13845,.T.);
#15219 = ORIENTED_EDGE('',*,*,#15146,.T.);
#15220 = ORIENTED_EDGE('',*,*,#15221,.F.);
#15221 = EDGE_CURVE('',#15171,#15124,#15222,.T.);
#15222 = SURFACE_CURVE('',#15223,(#15228,#15235),.PCURVE_S1.);
#15223 = CIRCLE('',#15224,0.625);
#15224 = AXIS2_PLACEMENT_3D('',#15225,#15226,#15227);
#15225 = CARTESIAN_POINT('',(12.438,39.1835,5.05));
#15226 = DIRECTION('',(0.,0.,1.));
#15227 = DIRECTION('',(1.,0.,0.));
#15228 = PCURVE('',#13866,#15229);
#15229 = DEFINITIONAL_REPRESENTATION('',(#15230),#15234);
#15230 = LINE('',#15231,#15232);
#15231 = CARTESIAN_POINT('',(-0.,0.));
#15232 = VECTOR('',#15233,1.);
#15233 = DIRECTION('',(-1.,0.));
#15234 = ( GEOMETRIC_REPRESENTATION_CONTEXT(2) 
PARAMETRIC_REPRESENTATION_CONTEXT() REPRESENTATION_CONTEXT('2D SPACE',''
  ) );
#15235 = PCURVE('',#14070,#15236);
#15236 = DEFINITIONAL_REPRESENTATION('',(#15237),#15241);
#15237 = CIRCLE('',#15238,0.625);
#15238 = AXIS2_PLACEMENT_2D('',#15239,#15240);
#15239 = CARTESIAN_POINT('',(0.,0.));
#15240 = DIRECTION('',(1.,0.));
#15241 = ( GEOMETRIC_REPRESENTATION_CONTEXT(2) 
PARAMETRIC_REPRESENTATION_CONTEXT() REPRESENTATION_CONTEXT('2D SPACE',''
  ) );
#15242 = ORIENTED_EDGE('',*,*,#15170,.T.);
#15243 = ORIENTED_EDGE('',*,*,#15244,.T.);
#15244 = EDGE_CURVE('',#15173,#15173,#15245,.T.);
#15245 = SURFACE_CURVE('',#15246,(#15251,#15258),.PCURVE_S1.);
#15246 = CIRCLE('',#15247,0.625);
#15247 = AXIS2_PLACEMENT_3D('',#15248,#15249,#15250);
#15248 = CARTESIAN_POINT('',(12.438,39.1835,33.05));
#15249 = DIRECTION('',(0.,0.,1.));
#15250 = DIRECTION('',(1.,0.,0.));
#15251 = PCURVE('',#13866,#15252);
#15252 = DEFINITIONAL_REPRESENTATION('',(#15253),#15257);
#15253 = LINE('',#15254,#15255);
#15254 = CARTESIAN_POINT('',(-0.,-28.));
#15255 = VECTOR('',#15256,1.);
#15256 = DIRECTION('',(-1.,0.));
#15257 = ( GEOMETRIC_REPRESENTATION_CONTEXT(2) 
PARAMETRIC_REPRESENTATION_CONTEXT() REPRESENTATION_CONTEXT('2D SPACE',''
  ) );
#15258 = PCURVE('',#15259,#15264);
#15259 = PLANE('',#15260);
#15260 = AXIS2_PLACEMENT_3D('',#15261,#15262,#15263);
#15261 = CARTESIAN_POINT('',(12.438,39.1835,33.05));
#15262 = DIRECTION('',(0.,0.,1.));
#15263 = DIRECTION('',(1.,0.,-0.));
#15264 = DEFINITIONAL_REPRESENTATION('',(#15265),#15269);
#15265 = CIRCLE('',#15266,0.625);
#15266 = AXIS2_PLACEMENT_2D('',#15267,#15268);
#15267 = CARTESIAN_POINT('',(1.7763568394E-15,0.));
#15268 = DIRECTION('',(1.,0.));
#15269 = ( GEOMETRIC_REPRESENTATION_CONTEXT(2) 
PARAMETRIC_REPRESENTATION_CONTEXT() REPRESENTATION_CONTEXT('2D SPACE',''
  ) );
#15270 = ADVANCED_FACE('',(#15271),#13805,.F.);
#15271 = FACE_BOUND('',#15272,.F.);
#15272 = EDGE_LOOP('',(#15273,#15296,#15297,#15298,#15321,#15344));
#15273 = ORIENTED_EDGE('',*,*,#15274,.T.);
#15274 = EDGE_CURVE('',#15275,#13762,#15277,.T.);
#15275 = VERTEX_POINT('',#15276);
#15276 = CARTESIAN_POINT('',(15.9355,39.2705,5.05));
#15277 = SURFACE_CURVE('',#15278,(#15282,#15289),.PCURVE_S1.);
#15278 = LINE('',#15279,#15280);
#15279 = CARTESIAN_POINT('',(15.9355,39.2705,5.05));
#15280 = VECTOR('',#15281,1.);
#15281 = DIRECTION('',(0.,0.,1.));
#15282 = PCURVE('',#13805,#15283);
#15283 = DEFINITIONAL_REPRESENTATION('',(#15284),#15288);
#15284 = LINE('',#15285,#15286);
#15285 = CARTESIAN_POINT('',(3.4,0.));
#15286 = VECTOR('',#15287,1.);
#15287 = DIRECTION('',(0.,-1.));
#15288 = ( GEOMETRIC_REPRESENTATION_CONTEXT(2) 
PARAMETRIC_REPRESENTATION_CONTEXT() REPRESENTATION_CONTEXT('2D SPACE',''
  ) );
#15289 = PCURVE('',#14577,#15290);
#15290 = DEFINITIONAL_REPRESENTATION('',(#15291),#15295);
#15291 = LINE('',#15292,#15293);
#15292 = CARTESIAN_POINT('',(118.0205,0.));
#15293 = VECTOR('',#15294,1.);
#15294 = DIRECTION('',(0.,-1.));
#15295 = ( GEOMETRIC_REPRESENTATION_CONTEXT(2) 
PARAMETRIC_REPRESENTATION_CONTEXT() REPRESENTATION_CONTEXT('2D SPACE',''
  ) );
#15296 = ORIENTED_EDGE('',*,*,#13791,.T.);
#15297 = ORIENTED_EDGE('',*,*,#14109,.F.);
#15298 = ORIENTED_EDGE('',*,*,#15299,.T.);
#15299 = EDGE_CURVE('',#14110,#15300,#15302,.T.);
#15300 = VERTEX_POINT('',#15301);
#15301 = CARTESIAN_POINT('',(35.175,39.2705,5.05));
#15302 = SURFACE_CURVE('',#15303,(#15307,#15314),.PCURVE_S1.);
#15303 = LINE('',#15304,#15305);
#15304 = CARTESIAN_POINT('',(40.5355,39.2705,5.05));
#15305 = VECTOR('',#15306,1.);
#15306 = DIRECTION('',(-1.,0.,0.));
#15307 = PCURVE('',#13805,#15308);
#15308 = DEFINITIONAL_REPRESENTATION('',(#15309),#15313);
#15309 = LINE('',#15310,#15311);
#15310 = CARTESIAN_POINT('',(28.,0.));
#15311 = VECTOR('',#15312,1.);
#15312 = DIRECTION('',(-1.,0.));
#15313 = ( GEOMETRIC_REPRESENTATION_CONTEXT(2) 
PARAMETRIC_REPRESENTATION_CONTEXT() REPRESENTATION_CONTEXT('2D SPACE',''
  ) );
#15314 = PCURVE('',#14387,#15315);
#15315 = DEFINITIONAL_REPRESENTATION('',(#15316),#15320);
#15316 = LINE('',#15317,#15318);
#15317 = CARTESIAN_POINT('',(14.,53.2705));
#15318 = VECTOR('',#15319,1.);
#15319 = DIRECTION('',(-1.,0.));
#15320 = ( GEOMETRIC_REPRESENTATION_CONTEXT(2) 
PARAMETRIC_REPRESENTATION_CONTEXT() REPRESENTATION_CONTEXT('2D SPACE',''
  ) );
#15321 = ORIENTED_EDGE('',*,*,#15322,.T.);
#15322 = EDGE_CURVE('',#15300,#15323,#15325,.T.);
#15323 = VERTEX_POINT('',#15324);
#15324 = CARTESIAN_POINT('',(17.438,39.2705,5.05));
#15325 = SURFACE_CURVE('',#15326,(#15330,#15337),.PCURVE_S1.);
#15326 = LINE('',#15327,#15328);
#15327 = CARTESIAN_POINT('',(40.5355,39.2705,5.05));
#15328 = VECTOR('',#15329,1.);
#15329 = DIRECTION('',(-1.,0.,0.));
#15330 = PCURVE('',#13805,#15331);
#15331 = DEFINITIONAL_REPRESENTATION('',(#15332),#15336);
#15332 = LINE('',#15333,#15334);
#15333 = CARTESIAN_POINT('',(28.,0.));
#15334 = VECTOR('',#15335,1.);
#15335 = DIRECTION('',(-1.,0.));
#15336 = ( GEOMETRIC_REPRESENTATION_CONTEXT(2) 
PARAMETRIC_REPRESENTATION_CONTEXT() REPRESENTATION_CONTEXT('2D SPACE',''
  ) );
#15337 = PCURVE('',#14361,#15338);
#15338 = DEFINITIONAL_REPRESENTATION('',(#15339),#15343);
#15339 = LINE('',#15340,#15341);
#15340 = CARTESIAN_POINT('',(14.,53.2705));
#15341 = VECTOR('',#15342,1.);
#15342 = DIRECTION('',(-1.,0.));
#15343 = ( GEOMETRIC_REPRESENTATION_CONTEXT(2) 
PARAMETRIC_REPRESENTATION_CONTEXT() REPRESENTATION_CONTEXT('2D SPACE',''
  ) );
#15344 = ORIENTED_EDGE('',*,*,#15345,.T.);
#15345 = EDGE_CURVE('',#15323,#15275,#15346,.T.);
#15346 = SURFACE_CURVE('',#15347,(#15351,#15358),.PCURVE_S1.);
#15347 = LINE('',#15348,#15349);
#15348 = CARTESIAN_POINT('',(40.5355,39.2705,5.05));
#15349 = VECTOR('',#15350,1.);
#15350 = DIRECTION('',(-1.,0.,0.));
#15351 = PCURVE('',#13805,#15352);
#15352 = DEFINITIONAL_REPRESENTATION('',(#15353),#15357);
#15353 = LINE('',#15354,#15355);
#15354 = CARTESIAN_POINT('',(28.,0.));
#15355 = VECTOR('',#15356,1.);
#15356 = DIRECTION('',(-1.,0.));
#15357 = ( GEOMETRIC_REPRESENTATION_CONTEXT(2) 
PARAMETRIC_REPRESENTATION_CONTEXT() REPRESENTATION_CONTEXT('2D SPACE',''
  ) );
#15358 = PCURVE('',#15359,#15364);
#15359 = PLANE('',#15360);
#15360 = AXIS2_PLACEMENT_3D('',#15361,#15362,#15363);
#15361 = CARTESIAN_POINT('',(26.5355,-14.,5.05));
#15362 = DIRECTION('',(0.,0.,1.));
#15363 = DIRECTION('',(1.,0.,-0.));
#15364 = DEFINITIONAL_REPRESENTATION('',(#15365),#15369);
#15365 = LINE('',#15366,#15367);
#15366 = CARTESIAN_POINT('',(14.,53.2705));
#15367 = VECTOR('',#15368,1.);
#15368 = DIRECTION('',(-1.,0.));
#15369 = ( GEOMETRIC_REPRESENTATION_CONTEXT(2) 
PARAMETRIC_REPRESENTATION_CONTEXT() REPRESENTATION_CONTEXT('2D SPACE',''
  ) );
#15370 = ADVANCED_FACE('',(#15371),#14070,.T.);
#15371 = FACE_BOUND('',#15372,.T.);
#15372 = EDGE_LOOP('',(#15373,#15374,#15375,#15376,#15377,#15378));
#15373 = ORIENTED_EDGE('',*,*,#15195,.F.);
#15374 = ORIENTED_EDGE('',*,*,#14054,.T.);
#15375 = ORIENTED_EDGE('',*,*,#14944,.T.);
#15376 = ORIENTED_EDGE('',*,*,#14778,.F.);
#15377 = ORIENTED_EDGE('',*,*,#15123,.T.);
#15378 = ORIENTED_EDGE('',*,*,#15221,.F.);
#15379 = ADVANCED_FACE('',(#15380),#14021,.F.);
#15380 = FACE_BOUND('',#15381,.F.);
#15381 = EDGE_LOOP('',(#15382,#15383,#15384,#15385));
#15382 = ORIENTED_EDGE('',*,*,#15072,.T.);
#15383 = ORIENTED_EDGE('',*,*,#14005,.T.);
#15384 = ORIENTED_EDGE('',*,*,#14992,.F.);
#15385 = ORIENTED_EDGE('',*,*,#15041,.F.);
#15386 = ADVANCED_FACE('',(#15387),#14387,.T.);
#15387 = FACE_BOUND('',#15388,.T.);
#15388 = EDGE_LOOP('',(#15389,#15412,#15433,#15434));
#15389 = ORIENTED_EDGE('',*,*,#15390,.T.);
#15390 = EDGE_CURVE('',#15300,#15391,#15393,.T.);
#15391 = VERTEX_POINT('',#15392);
#15392 = CARTESIAN_POINT('',(35.175,34.2345,5.05));
#15393 = SURFACE_CURVE('',#15394,(#15398,#15405),.PCURVE_S1.);
#15394 = LINE('',#15395,#15396);
#15395 = CARTESIAN_POINT('',(35.175,44.2345,5.05));
#15396 = VECTOR('',#15397,1.);
#15397 = DIRECTION('',(0.,-1.,0.));
#15398 = PCURVE('',#14387,#15399);
#15399 = DEFINITIONAL_REPRESENTATION('',(#15400),#15404);
#15400 = LINE('',#15401,#15402);
#15401 = CARTESIAN_POINT('',(8.6395,58.2345));
#15402 = VECTOR('',#15403,1.);
#15403 = DIRECTION('',(0.,-1.));
#15404 = ( GEOMETRIC_REPRESENTATION_CONTEXT(2) 
PARAMETRIC_REPRESENTATION_CONTEXT() REPRESENTATION_CONTEXT('2D SPACE',''
  ) );
#15405 = PCURVE('',#14361,#15406);
#15406 = DEFINITIONAL_REPRESENTATION('',(#15407),#15411);
#15407 = LINE('',#15408,#15409);
#15408 = CARTESIAN_POINT('',(8.6395,58.2345));
#15409 = VECTOR('',#15410,1.);
#15410 = DIRECTION('',(0.,-1.));
#15411 = ( GEOMETRIC_REPRESENTATION_CONTEXT(2) 
PARAMETRIC_REPRESENTATION_CONTEXT() REPRESENTATION_CONTEXT('2D SPACE',''
  ) );
#15412 = ORIENTED_EDGE('',*,*,#15413,.T.);
#15413 = EDGE_CURVE('',#15391,#14346,#15414,.T.);
#15414 = SURFACE_CURVE('',#15415,(#15419,#15426),.PCURVE_S1.);
#15415 = LINE('',#15416,#15417);
#15416 = CARTESIAN_POINT('',(35.175,34.2345,5.05));
#15417 = VECTOR('',#15418,1.);
#15418 = DIRECTION('',(1.,0.,0.));
#15419 = PCURVE('',#14387,#15420);
#15420 = DEFINITIONAL_REPRESENTATION('',(#15421),#15425);
#15421 = LINE('',#15422,#15423);
#15422 = CARTESIAN_POINT('',(8.6395,48.2345));
#15423 = VECTOR('',#15424,1.);
#15424 = DIRECTION('',(1.,0.));
#15425 = ( GEOMETRIC_REPRESENTATION_CONTEXT(2) 
PARAMETRIC_REPRESENTATION_CONTEXT() REPRESENTATION_CONTEXT('2D SPACE',''
  ) );
#15426 = PCURVE('',#14361,#15427);
#15427 = DEFINITIONAL_REPRESENTATION('',(#15428),#15432);
#15428 = LINE('',#15429,#15430);
#15429 = CARTESIAN_POINT('',(8.6395,48.2345));
#15430 = VECTOR('',#15431,1.);
#15431 = DIRECTION('',(1.,0.));
#15432 = ( GEOMETRIC_REPRESENTATION_CONTEXT(2) 
PARAMETRIC_REPRESENTATION_CONTEXT() REPRESENTATION_CONTEXT('2D SPACE',''
  ) );
#15433 = ORIENTED_EDGE('',*,*,#14373,.F.);
#15434 = ORIENTED_EDGE('',*,*,#15299,.T.);
#15435 = ADVANCED_FACE('',(#15436),#14361,.T.);
#15436 = FACE_BOUND('',#15437,.T.);
#15437 = EDGE_LOOP('',(#15438,#15439,#15440,#15463,#15486,#15509,#15530,
    #15531));
#15438 = ORIENTED_EDGE('',*,*,#15390,.F.);
#15439 = ORIENTED_EDGE('',*,*,#15322,.T.);
#15440 = ORIENTED_EDGE('',*,*,#15441,.F.);
#15441 = EDGE_CURVE('',#15442,#15323,#15444,.T.);
#15442 = VERTEX_POINT('',#15443);
#15443 = CARTESIAN_POINT('',(17.438,34.1835,5.05));
#15444 = SURFACE_CURVE('',#15445,(#15449,#15456),.PCURVE_S1.);
#15445 = LINE('',#15446,#15447);
#15446 = CARTESIAN_POINT('',(17.438,34.1835,5.05));
#15447 = VECTOR('',#15448,1.);
#15448 = DIRECTION('',(0.,1.,0.));
#15449 = PCURVE('',#14361,#15450);
#15450 = DEFINITIONAL_REPRESENTATION('',(#15451),#15455);
#15451 = LINE('',#15452,#15453);
#15452 = CARTESIAN_POINT('',(-9.0975,48.1835));
#15453 = VECTOR('',#15454,1.);
#15454 = DIRECTION('',(0.,1.));
#15455 = ( GEOMETRIC_REPRESENTATION_CONTEXT(2) 
PARAMETRIC_REPRESENTATION_CONTEXT() REPRESENTATION_CONTEXT('2D SPACE',''
  ) );
#15456 = PCURVE('',#15359,#15457);
#15457 = DEFINITIONAL_REPRESENTATION('',(#15458),#15462);
#15458 = LINE('',#15459,#15460);
#15459 = CARTESIAN_POINT('',(-9.0975,48.1835));
#15460 = VECTOR('',#15461,1.);
#15461 = DIRECTION('',(0.,1.));
#15462 = ( GEOMETRIC_REPRESENTATION_CONTEXT(2) 
PARAMETRIC_REPRESENTATION_CONTEXT() REPRESENTATION_CONTEXT('2D SPACE',''
  ) );
#15463 = ORIENTED_EDGE('',*,*,#15464,.F.);
#15464 = EDGE_CURVE('',#15465,#15442,#15467,.T.);
#15465 = VERTEX_POINT('',#15466);
#15466 = CARTESIAN_POINT('',(15.9355,34.1835,5.05));
#15467 = SURFACE_CURVE('',#15468,(#15472,#15479),.PCURVE_S1.);
#15468 = LINE('',#15469,#15470);
#15469 = CARTESIAN_POINT('',(7.438,34.1835,5.05));
#15470 = VECTOR('',#15471,1.);
#15471 = DIRECTION('',(1.,0.,0.));
#15472 = PCURVE('',#14361,#15473);
#15473 = DEFINITIONAL_REPRESENTATION('',(#15474),#15478);
#15474 = LINE('',#15475,#15476);
#15475 = CARTESIAN_POINT('',(-19.0975,48.1835));
#15476 = VECTOR('',#15477,1.);
#15477 = DIRECTION('',(1.,0.));
#15478 = ( GEOMETRIC_REPRESENTATION_CONTEXT(2) 
PARAMETRIC_REPRESENTATION_CONTEXT() REPRESENTATION_CONTEXT('2D SPACE',''
  ) );
#15479 = PCURVE('',#15359,#15480);
#15480 = DEFINITIONAL_REPRESENTATION('',(#15481),#15485);
#15481 = LINE('',#15482,#15483);
#15482 = CARTESIAN_POINT('',(-19.0975,48.1835));
#15483 = VECTOR('',#15484,1.);
#15484 = DIRECTION('',(1.,0.));
#15485 = ( GEOMETRIC_REPRESENTATION_CONTEXT(2) 
PARAMETRIC_REPRESENTATION_CONTEXT() REPRESENTATION_CONTEXT('2D SPACE',''
  ) );
#15486 = ORIENTED_EDGE('',*,*,#15487,.F.);
#15487 = EDGE_CURVE('',#15488,#15465,#15490,.T.);
#15488 = VERTEX_POINT('',#15489);
#15489 = CARTESIAN_POINT('',(15.9355,34.,5.05));
#15490 = SURFACE_CURVE('',#15491,(#15495,#15502),.PCURVE_S1.);
#15491 = LINE('',#15492,#15493);
#15492 = CARTESIAN_POINT('',(15.9355,-78.75,5.05));
#15493 = VECTOR('',#15494,1.);
#15494 = DIRECTION('',(0.,1.,0.));
#15495 = PCURVE('',#14361,#15496);
#15496 = DEFINITIONAL_REPRESENTATION('',(#15497),#15501);
#15497 = LINE('',#15498,#15499);
#15498 = CARTESIAN_POINT('',(-10.6,-64.75));
#15499 = VECTOR('',#15500,1.);
#15500 = DIRECTION('',(0.,1.));
#15501 = ( GEOMETRIC_REPRESENTATION_CONTEXT(2) 
PARAMETRIC_REPRESENTATION_CONTEXT() REPRESENTATION_CONTEXT('2D SPACE',''
  ) );
#15502 = PCURVE('',#14577,#15503);
#15503 = DEFINITIONAL_REPRESENTATION('',(#15504),#15508);
#15504 = LINE('',#15505,#15506);
#15505 = CARTESIAN_POINT('',(0.,0.));
#15506 = VECTOR('',#15507,1.);
#15507 = DIRECTION('',(1.,0.));
#15508 = ( GEOMETRIC_REPRESENTATION_CONTEXT(2) 
PARAMETRIC_REPRESENTATION_CONTEXT() REPRESENTATION_CONTEXT('2D SPACE',''
  ) );
#15509 = ORIENTED_EDGE('',*,*,#15510,.F.);
#15510 = EDGE_CURVE('',#14318,#15488,#15511,.T.);
#15511 = SURFACE_CURVE('',#15512,(#15516,#15523),.PCURVE_S1.);
#15512 = LINE('',#15513,#15514);
#15513 = CARTESIAN_POINT('',(60.75,34.,5.05));
#15514 = VECTOR('',#15515,1.);
#15515 = DIRECTION('',(-1.,0.,0.));
#15516 = PCURVE('',#14361,#15517);
#15517 = DEFINITIONAL_REPRESENTATION('',(#15518),#15522);
#15518 = LINE('',#15519,#15520);
#15519 = CARTESIAN_POINT('',(34.2145,48.));
#15520 = VECTOR('',#15521,1.);
#15521 = DIRECTION('',(-1.,0.));
#15522 = ( GEOMETRIC_REPRESENTATION_CONTEXT(2) 
PARAMETRIC_REPRESENTATION_CONTEXT() REPRESENTATION_CONTEXT('2D SPACE',''
  ) );
#15523 = PCURVE('',#14333,#15524);
#15524 = DEFINITIONAL_REPRESENTATION('',(#15525),#15529);
#15525 = LINE('',#15526,#15527);
#15526 = CARTESIAN_POINT('',(60.75,4.));
#15527 = VECTOR('',#15528,1.);
#15528 = DIRECTION('',(-1.,0.));
#15529 = ( GEOMETRIC_REPRESENTATION_CONTEXT(2) 
PARAMETRIC_REPRESENTATION_CONTEXT() REPRESENTATION_CONTEXT('2D SPACE',''
  ) );
#15530 = ORIENTED_EDGE('',*,*,#14345,.F.);
#15531 = ORIENTED_EDGE('',*,*,#15413,.F.);
#15532 = ADVANCED_FACE('',(#15533),#14333,.T.);
#15533 = FACE_BOUND('',#15534,.T.);
#15534 = EDGE_LOOP('',(#15535,#15536,#15537,#15560));
#15535 = ORIENTED_EDGE('',*,*,#14317,.F.);
#15536 = ORIENTED_EDGE('',*,*,#15510,.T.);
#15537 = ORIENTED_EDGE('',*,*,#15538,.F.);
#15538 = EDGE_CURVE('',#15539,#15488,#15541,.T.);
#15539 = VERTEX_POINT('',#15540);
#15540 = CARTESIAN_POINT('',(15.9355,26.,5.05));
#15541 = SURFACE_CURVE('',#15542,(#15546,#15553),.PCURVE_S1.);
#15542 = LINE('',#15543,#15544);
#15543 = CARTESIAN_POINT('',(15.9355,-78.75,5.05));
#15544 = VECTOR('',#15545,1.);
#15545 = DIRECTION('',(0.,1.,0.));
#15546 = PCURVE('',#14333,#15547);
#15547 = DEFINITIONAL_REPRESENTATION('',(#15548),#15552);
#15548 = LINE('',#15549,#15550);
#15549 = CARTESIAN_POINT('',(15.9355,-108.75));
#15550 = VECTOR('',#15551,1.);
#15551 = DIRECTION('',(0.,1.));
#15552 = ( GEOMETRIC_REPRESENTATION_CONTEXT(2) 
PARAMETRIC_REPRESENTATION_CONTEXT() REPRESENTATION_CONTEXT('2D SPACE',''
  ) );
#15553 = PCURVE('',#14577,#15554);
#15554 = DEFINITIONAL_REPRESENTATION('',(#15555),#15559);
#15555 = LINE('',#15556,#15557);
#15556 = CARTESIAN_POINT('',(0.,0.));
#15557 = VECTOR('',#15558,1.);
#15558 = DIRECTION('',(1.,0.));
#15559 = ( GEOMETRIC_REPRESENTATION_CONTEXT(2) 
PARAMETRIC_REPRESENTATION_CONTEXT() REPRESENTATION_CONTEXT('2D SPACE',''
  ) );
#15560 = ORIENTED_EDGE('',*,*,#15561,.T.);
#15561 = EDGE_CURVE('',#15539,#14290,#15562,.T.);
#15562 = SURFACE_CURVE('',#15563,(#15567,#15574),.PCURVE_S1.);
#15563 = LINE('',#15564,#15565);
#15564 = CARTESIAN_POINT('',(-60.75,26.,5.05));
#15565 = VECTOR('',#15566,1.);
#15566 = DIRECTION('',(1.,0.,0.));
#15567 = PCURVE('',#14333,#15568);
#15568 = DEFINITIONAL_REPRESENTATION('',(#15569),#15573);
#15569 = LINE('',#15570,#15571);
#15570 = CARTESIAN_POINT('',(-60.75,-4.));
#15571 = VECTOR('',#15572,1.);
#15572 = DIRECTION('',(1.,0.));
#15573 = ( GEOMETRIC_REPRESENTATION_CONTEXT(2) 
PARAMETRIC_REPRESENTATION_CONTEXT() REPRESENTATION_CONTEXT('2D SPACE',''
  ) );
#15574 = PCURVE('',#14305,#15575);
#15575 = DEFINITIONAL_REPRESENTATION('',(#15576),#15580);
#15576 = LINE('',#15577,#15578);
#15577 = CARTESIAN_POINT('',(-87.2855,40.));
#15578 = VECTOR('',#15579,1.);
#15579 = DIRECTION('',(1.,0.));
#15580 = ( GEOMETRIC_REPRESENTATION_CONTEXT(2) 
PARAMETRIC_REPRESENTATION_CONTEXT() REPRESENTATION_CONTEXT('2D SPACE',''
  ) );
#15581 = ADVANCED_FACE('',(#15582),#14305,.T.);
#15582 = FACE_BOUND('',#15583,.T.);
#15583 = EDGE_LOOP('',(#15584,#15585,#15608,#15629));
#15584 = ORIENTED_EDGE('',*,*,#15561,.F.);
#15585 = ORIENTED_EDGE('',*,*,#15586,.F.);
#15586 = EDGE_CURVE('',#15587,#15539,#15589,.T.);
#15587 = VERTEX_POINT('',#15588);
#15588 = CARTESIAN_POINT('',(15.9355,-55.,5.05));
#15589 = SURFACE_CURVE('',#15590,(#15594,#15601),.PCURVE_S1.);
#15590 = LINE('',#15591,#15592);
#15591 = CARTESIAN_POINT('',(15.9355,-78.75,5.05));
#15592 = VECTOR('',#15593,1.);
#15593 = DIRECTION('',(0.,1.,0.));
#15594 = PCURVE('',#14305,#15595);
#15595 = DEFINITIONAL_REPRESENTATION('',(#15596),#15600);
#15596 = LINE('',#15597,#15598);
#15597 = CARTESIAN_POINT('',(-10.6,-64.75));
#15598 = VECTOR('',#15599,1.);
#15599 = DIRECTION('',(0.,1.));
#15600 = ( GEOMETRIC_REPRESENTATION_CONTEXT(2) 
PARAMETRIC_REPRESENTATION_CONTEXT() REPRESENTATION_CONTEXT('2D SPACE',''
  ) );
#15601 = PCURVE('',#14577,#15602);
#15602 = DEFINITIONAL_REPRESENTATION('',(#15603),#15607);
#15603 = LINE('',#15604,#15605);
#15604 = CARTESIAN_POINT('',(0.,0.));
#15605 = VECTOR('',#15606,1.);
#15606 = DIRECTION('',(1.,0.));
#15607 = ( GEOMETRIC_REPRESENTATION_CONTEXT(2) 
PARAMETRIC_REPRESENTATION_CONTEXT() REPRESENTATION_CONTEXT('2D SPACE',''
  ) );
#15608 = ORIENTED_EDGE('',*,*,#15609,.F.);
#15609 = EDGE_CURVE('',#14262,#15587,#15610,.T.);
#15610 = SURFACE_CURVE('',#15611,(#15615,#15622),.PCURVE_S1.);
#15611 = LINE('',#15612,#15613);
#15612 = CARTESIAN_POINT('',(60.75,-55.,5.05));
#15613 = VECTOR('',#15614,1.);
#15614 = DIRECTION('',(-1.,0.,0.));
#15615 = PCURVE('',#14305,#15616);
#15616 = DEFINITIONAL_REPRESENTATION('',(#15617),#15621);
#15617 = LINE('',#15618,#15619);
#15618 = CARTESIAN_POINT('',(34.2145,-41.));
#15619 = VECTOR('',#15620,1.);
#15620 = DIRECTION('',(-1.,0.));
#15621 = ( GEOMETRIC_REPRESENTATION_CONTEXT(2) 
PARAMETRIC_REPRESENTATION_CONTEXT() REPRESENTATION_CONTEXT('2D SPACE',''
  ) );
#15622 = PCURVE('',#14277,#15623);
#15623 = DEFINITIONAL_REPRESENTATION('',(#15624),#15628);
#15624 = LINE('',#15625,#15626);
#15625 = CARTESIAN_POINT('',(60.75,4.));
#15626 = VECTOR('',#15627,1.);
#15627 = DIRECTION('',(-1.,0.));
#15628 = ( GEOMETRIC_REPRESENTATION_CONTEXT(2) 
PARAMETRIC_REPRESENTATION_CONTEXT() REPRESENTATION_CONTEXT('2D SPACE',''
  ) );
#15629 = ORIENTED_EDGE('',*,*,#14289,.F.);
#15630 = ADVANCED_FACE('',(#15631),#14277,.T.);
#15631 = FACE_BOUND('',#15632,.T.);
#15632 = EDGE_LOOP('',(#15633,#15656,#15657,#15658,#15681,#15709,#15732,
    #15755));
#15633 = ORIENTED_EDGE('',*,*,#15634,.F.);
#15634 = EDGE_CURVE('',#14234,#15635,#15637,.T.);
#15635 = VERTEX_POINT('',#15636);
#15636 = CARTESIAN_POINT('',(35.149,-61.3535,5.05));
#15637 = SURFACE_CURVE('',#15638,(#15642,#15649),.PCURVE_S1.);
#15638 = LINE('',#15639,#15640);
#15639 = CARTESIAN_POINT('',(45.149,-61.3535,5.05));
#15640 = VECTOR('',#15641,1.);
#15641 = DIRECTION('',(-1.,0.,0.));
#15642 = PCURVE('',#14277,#15643);
#15643 = DEFINITIONAL_REPRESENTATION('',(#15644),#15648);
#15644 = LINE('',#15645,#15646);
#15645 = CARTESIAN_POINT('',(45.149,-2.3535));
#15646 = VECTOR('',#15647,1.);
#15647 = DIRECTION('',(-1.,0.));
#15648 = ( GEOMETRIC_REPRESENTATION_CONTEXT(2) 
PARAMETRIC_REPRESENTATION_CONTEXT() REPRESENTATION_CONTEXT('2D SPACE',''
  ) );
#15649 = PCURVE('',#14249,#15650);
#15650 = DEFINITIONAL_REPRESENTATION('',(#15651),#15655);
#15651 = LINE('',#15652,#15653);
#15652 = CARTESIAN_POINT('',(45.149,-2.3535));
#15653 = VECTOR('',#15654,1.);
#15654 = DIRECTION('',(-1.,0.));
#15655 = ( GEOMETRIC_REPRESENTATION_CONTEXT(2) 
PARAMETRIC_REPRESENTATION_CONTEXT() REPRESENTATION_CONTEXT('2D SPACE',''
  ) );
#15656 = ORIENTED_EDGE('',*,*,#14261,.F.);
#15657 = ORIENTED_EDGE('',*,*,#15609,.T.);
#15658 = ORIENTED_EDGE('',*,*,#15659,.F.);
#15659 = EDGE_CURVE('',#15660,#15587,#15662,.T.);
#15660 = VERTEX_POINT('',#15661);
#15661 = CARTESIAN_POINT('',(15.9355,-61.3535,5.05));
#15662 = SURFACE_CURVE('',#15663,(#15667,#15674),.PCURVE_S1.);
#15663 = LINE('',#15664,#15665);
#15664 = CARTESIAN_POINT('',(15.9355,-78.75,5.05));
#15665 = VECTOR('',#15666,1.);
#15666 = DIRECTION('',(0.,1.,0.));
#15667 = PCURVE('',#14277,#15668);
#15668 = DEFINITIONAL_REPRESENTATION('',(#15669),#15673);
#15669 = LINE('',#15670,#15671);
#15670 = CARTESIAN_POINT('',(15.9355,-19.75));
#15671 = VECTOR('',#15672,1.);
#15672 = DIRECTION('',(0.,1.));
#15673 = ( GEOMETRIC_REPRESENTATION_CONTEXT(2) 
PARAMETRIC_REPRESENTATION_CONTEXT() REPRESENTATION_CONTEXT('2D SPACE',''
  ) );
#15674 = PCURVE('',#14577,#15675);
#15675 = DEFINITIONAL_REPRESENTATION('',(#15676),#15680);
#15676 = LINE('',#15677,#15678);
#15677 = CARTESIAN_POINT('',(0.,0.));
#15678 = VECTOR('',#15679,1.);
#15679 = DIRECTION('',(1.,0.));
#15680 = ( GEOMETRIC_REPRESENTATION_CONTEXT(2) 
PARAMETRIC_REPRESENTATION_CONTEXT() REPRESENTATION_CONTEXT('2D SPACE',''
  ) );
#15681 = ORIENTED_EDGE('',*,*,#15682,.F.);
#15682 = EDGE_CURVE('',#15683,#15660,#15685,.T.);
#15683 = VERTEX_POINT('',#15684);
#15684 = CARTESIAN_POINT('',(17.438,-61.3535,5.05));
#15685 = SURFACE_CURVE('',#15686,(#15690,#15697),.PCURVE_S1.);
#15686 = LINE('',#15687,#15688);
#15687 = CARTESIAN_POINT('',(17.438,-61.3535,5.05));
#15688 = VECTOR('',#15689,1.);
#15689 = DIRECTION('',(-1.,0.,0.));
#15690 = PCURVE('',#14277,#15691);
#15691 = DEFINITIONAL_REPRESENTATION('',(#15692),#15696);
#15692 = LINE('',#15693,#15694);
#15693 = CARTESIAN_POINT('',(17.438,-2.3535));
#15694 = VECTOR('',#15695,1.);
#15695 = DIRECTION('',(-1.,0.));
#15696 = ( GEOMETRIC_REPRESENTATION_CONTEXT(2) 
PARAMETRIC_REPRESENTATION_CONTEXT() REPRESENTATION_CONTEXT('2D SPACE',''
  ) );
#15697 = PCURVE('',#15698,#15703);
#15698 = PLANE('',#15699);
#15699 = AXIS2_PLACEMENT_3D('',#15700,#15701,#15702);
#15700 = CARTESIAN_POINT('',(0.,-59.,5.05));
#15701 = DIRECTION('',(0.,0.,1.));
#15702 = DIRECTION('',(1.,0.,-0.));
#15703 = DEFINITIONAL_REPRESENTATION('',(#15704),#15708);
#15704 = LINE('',#15705,#15706);
#15705 = CARTESIAN_POINT('',(17.438,-2.3535));
#15706 = VECTOR('',#15707,1.);
#15707 = DIRECTION('',(-1.,0.));
#15708 = ( GEOMETRIC_REPRESENTATION_CONTEXT(2) 
PARAMETRIC_REPRESENTATION_CONTEXT() REPRESENTATION_CONTEXT('2D SPACE',''
  ) );
#15709 = ORIENTED_EDGE('',*,*,#15710,.F.);
#15710 = EDGE_CURVE('',#15711,#15683,#15713,.T.);
#15711 = VERTEX_POINT('',#15712);
#15712 = CARTESIAN_POINT('',(17.438,-63.,5.05));
#15713 = SURFACE_CURVE('',#15714,(#15718,#15725),.PCURVE_S1.);
#15714 = LINE('',#15715,#15716);
#15715 = CARTESIAN_POINT('',(17.438,-71.3535,5.05));
#15716 = VECTOR('',#15717,1.);
#15717 = DIRECTION('',(0.,1.,0.));
#15718 = PCURVE('',#14277,#15719);
#15719 = DEFINITIONAL_REPRESENTATION('',(#15720),#15724);
#15720 = LINE('',#15721,#15722);
#15721 = CARTESIAN_POINT('',(17.438,-12.3535));
#15722 = VECTOR('',#15723,1.);
#15723 = DIRECTION('',(0.,1.));
#15724 = ( GEOMETRIC_REPRESENTATION_CONTEXT(2) 
PARAMETRIC_REPRESENTATION_CONTEXT() REPRESENTATION_CONTEXT('2D SPACE',''
  ) );
#15725 = PCURVE('',#15698,#15726);
#15726 = DEFINITIONAL_REPRESENTATION('',(#15727),#15731);
#15727 = LINE('',#15728,#15729);
#15728 = CARTESIAN_POINT('',(17.438,-12.3535));
#15729 = VECTOR('',#15730,1.);
#15730 = DIRECTION('',(0.,1.));
#15731 = ( GEOMETRIC_REPRESENTATION_CONTEXT(2) 
PARAMETRIC_REPRESENTATION_CONTEXT() REPRESENTATION_CONTEXT('2D SPACE',''
  ) );
#15732 = ORIENTED_EDGE('',*,*,#15733,.T.);
#15733 = EDGE_CURVE('',#15711,#15734,#15736,.T.);
#15734 = VERTEX_POINT('',#15735);
#15735 = CARTESIAN_POINT('',(35.149,-63.,5.05));
#15736 = SURFACE_CURVE('',#15737,(#15741,#15748),.PCURVE_S1.);
#15737 = LINE('',#15738,#15739);
#15738 = CARTESIAN_POINT('',(-60.75,-63.,5.05));
#15739 = VECTOR('',#15740,1.);
#15740 = DIRECTION('',(1.,0.,0.));
#15741 = PCURVE('',#14277,#15742);
#15742 = DEFINITIONAL_REPRESENTATION('',(#15743),#15747);
#15743 = LINE('',#15744,#15745);
#15744 = CARTESIAN_POINT('',(-60.75,-4.));
#15745 = VECTOR('',#15746,1.);
#15746 = DIRECTION('',(1.,0.));
#15747 = ( GEOMETRIC_REPRESENTATION_CONTEXT(2) 
PARAMETRIC_REPRESENTATION_CONTEXT() REPRESENTATION_CONTEXT('2D SPACE',''
  ) );
#15748 = PCURVE('',#14193,#15749);
#15749 = DEFINITIONAL_REPRESENTATION('',(#15750),#15754);
#15750 = LINE('',#15751,#15752);
#15751 = CARTESIAN_POINT('',(-87.2855,-49.));
#15752 = VECTOR('',#15753,1.);
#15753 = DIRECTION('',(1.,0.));
#15754 = ( GEOMETRIC_REPRESENTATION_CONTEXT(2) 
PARAMETRIC_REPRESENTATION_CONTEXT() REPRESENTATION_CONTEXT('2D SPACE',''
  ) );
#15755 = ORIENTED_EDGE('',*,*,#15756,.F.);
#15756 = EDGE_CURVE('',#15635,#15734,#15757,.T.);
#15757 = SURFACE_CURVE('',#15758,(#15762,#15769),.PCURVE_S1.);
#15758 = LINE('',#15759,#15760);
#15759 = CARTESIAN_POINT('',(35.149,-61.3535,5.05));
#15760 = VECTOR('',#15761,1.);
#15761 = DIRECTION('',(0.,-1.,0.));
#15762 = PCURVE('',#14277,#15763);
#15763 = DEFINITIONAL_REPRESENTATION('',(#15764),#15768);
#15764 = LINE('',#15765,#15766);
#15765 = CARTESIAN_POINT('',(35.149,-2.3535));
#15766 = VECTOR('',#15767,1.);
#15767 = DIRECTION('',(0.,-1.));
#15768 = ( GEOMETRIC_REPRESENTATION_CONTEXT(2) 
PARAMETRIC_REPRESENTATION_CONTEXT() REPRESENTATION_CONTEXT('2D SPACE',''
  ) );
#15769 = PCURVE('',#14249,#15770);
#15770 = DEFINITIONAL_REPRESENTATION('',(#15771),#15775);
#15771 = LINE('',#15772,#15773);
#15772 = CARTESIAN_POINT('',(35.149,-2.3535));
#15773 = VECTOR('',#15774,1.);
#15774 = DIRECTION('',(0.,-1.));
#15775 = ( GEOMETRIC_REPRESENTATION_CONTEXT(2) 
PARAMETRIC_REPRESENTATION_CONTEXT() REPRESENTATION_CONTEXT('2D SPACE',''
  ) );
#15776 = ADVANCED_FACE('',(#15777),#14249,.T.);
#15777 = FACE_BOUND('',#15778,.T.);
#15778 = EDGE_LOOP('',(#15779,#15780,#15781,#15802));
#15779 = ORIENTED_EDGE('',*,*,#15634,.T.);
#15780 = ORIENTED_EDGE('',*,*,#15756,.T.);
#15781 = ORIENTED_EDGE('',*,*,#15782,.T.);
#15782 = EDGE_CURVE('',#15734,#14206,#15783,.T.);
#15783 = SURFACE_CURVE('',#15784,(#15788,#15795),.PCURVE_S1.);
#15784 = LINE('',#15785,#15786);
#15785 = CARTESIAN_POINT('',(-60.75,-63.,5.05));
#15786 = VECTOR('',#15787,1.);
#15787 = DIRECTION('',(1.,0.,0.));
#15788 = PCURVE('',#14249,#15789);
#15789 = DEFINITIONAL_REPRESENTATION('',(#15790),#15794);
#15790 = LINE('',#15791,#15792);
#15791 = CARTESIAN_POINT('',(-60.75,-4.));
#15792 = VECTOR('',#15793,1.);
#15793 = DIRECTION('',(1.,0.));
#15794 = ( GEOMETRIC_REPRESENTATION_CONTEXT(2) 
PARAMETRIC_REPRESENTATION_CONTEXT() REPRESENTATION_CONTEXT('2D SPACE',''
  ) );
#15795 = PCURVE('',#14221,#15796);
#15796 = DEFINITIONAL_REPRESENTATION('',(#15797),#15801);
#15797 = LINE('',#15798,#15799);
#15798 = CARTESIAN_POINT('',(-87.2855,-49.));
#15799 = VECTOR('',#15800,1.);
#15800 = DIRECTION('',(1.,0.));
#15801 = ( GEOMETRIC_REPRESENTATION_CONTEXT(2) 
PARAMETRIC_REPRESENTATION_CONTEXT() REPRESENTATION_CONTEXT('2D SPACE',''
  ) );
#15802 = ORIENTED_EDGE('',*,*,#14233,.F.);
#15803 = ADVANCED_FACE('',(#15804),#14221,.T.);
#15804 = FACE_BOUND('',#15805,.T.);
#15805 = EDGE_LOOP('',(#15806,#15807,#15830,#15851));
#15806 = ORIENTED_EDGE('',*,*,#15782,.F.);
#15807 = ORIENTED_EDGE('',*,*,#15808,.T.);
#15808 = EDGE_CURVE('',#15734,#15809,#15811,.T.);
#15809 = VERTEX_POINT('',#15810);
#15810 = CARTESIAN_POINT('',(35.149,-71.3535,5.05));
#15811 = SURFACE_CURVE('',#15812,(#15816,#15823),.PCURVE_S1.);
#15812 = LINE('',#15813,#15814);
#15813 = CARTESIAN_POINT('',(35.149,-61.3535,5.05));
#15814 = VECTOR('',#15815,1.);
#15815 = DIRECTION('',(0.,-1.,0.));
#15816 = PCURVE('',#14221,#15817);
#15817 = DEFINITIONAL_REPRESENTATION('',(#15818),#15822);
#15818 = LINE('',#15819,#15820);
#15819 = CARTESIAN_POINT('',(8.6135,-47.3535));
#15820 = VECTOR('',#15821,1.);
#15821 = DIRECTION('',(0.,-1.));
#15822 = ( GEOMETRIC_REPRESENTATION_CONTEXT(2) 
PARAMETRIC_REPRESENTATION_CONTEXT() REPRESENTATION_CONTEXT('2D SPACE',''
  ) );
#15823 = PCURVE('',#14193,#15824);
#15824 = DEFINITIONAL_REPRESENTATION('',(#15825),#15829);
#15825 = LINE('',#15826,#15827);
#15826 = CARTESIAN_POINT('',(8.6135,-47.3535));
#15827 = VECTOR('',#15828,1.);
#15828 = DIRECTION('',(0.,-1.));
#15829 = ( GEOMETRIC_REPRESENTATION_CONTEXT(2) 
PARAMETRIC_REPRESENTATION_CONTEXT() REPRESENTATION_CONTEXT('2D SPACE',''
  ) );
#15830 = ORIENTED_EDGE('',*,*,#15831,.T.);
#15831 = EDGE_CURVE('',#15809,#14178,#15832,.T.);
#15832 = SURFACE_CURVE('',#15833,(#15837,#15844),.PCURVE_S1.);
#15833 = LINE('',#15834,#15835);
#15834 = CARTESIAN_POINT('',(35.149,-71.3535,5.05));
#15835 = VECTOR('',#15836,1.);
#15836 = DIRECTION('',(1.,0.,0.));
#15837 = PCURVE('',#14221,#15838);
#15838 = DEFINITIONAL_REPRESENTATION('',(#15839),#15843);
#15839 = LINE('',#15840,#15841);
#15840 = CARTESIAN_POINT('',(8.6135,-57.3535));
#15841 = VECTOR('',#15842,1.);
#15842 = DIRECTION('',(1.,0.));
#15843 = ( GEOMETRIC_REPRESENTATION_CONTEXT(2) 
PARAMETRIC_REPRESENTATION_CONTEXT() REPRESENTATION_CONTEXT('2D SPACE',''
  ) );
#15844 = PCURVE('',#14193,#15845);
#15845 = DEFINITIONAL_REPRESENTATION('',(#15846),#15850);
#15846 = LINE('',#15847,#15848);
#15847 = CARTESIAN_POINT('',(8.6135,-57.3535));
#15848 = VECTOR('',#15849,1.);
#15849 = DIRECTION('',(1.,0.));
#15850 = ( GEOMETRIC_REPRESENTATION_CONTEXT(2) 
PARAMETRIC_REPRESENTATION_CONTEXT() REPRESENTATION_CONTEXT('2D SPACE',''
  ) );
#15851 = ORIENTED_EDGE('',*,*,#14205,.F.);
#15852 = ADVANCED_FACE('',(#15853),#14193,.T.);
#15853 = FACE_BOUND('',#15854,.T.);
#15854 = EDGE_LOOP('',(#15855,#15856,#15884,#15907,#15928,#15929,#15930,
    #15931));
#15855 = ORIENTED_EDGE('',*,*,#15733,.F.);
#15856 = ORIENTED_EDGE('',*,*,#15857,.F.);
#15857 = EDGE_CURVE('',#15858,#15711,#15860,.T.);
#15858 = VERTEX_POINT('',#15859);
#15859 = CARTESIAN_POINT('',(17.438,-71.3535,5.05));
#15860 = SURFACE_CURVE('',#15861,(#15865,#15872),.PCURVE_S1.);
#15861 = LINE('',#15862,#15863);
#15862 = CARTESIAN_POINT('',(17.438,-71.3535,5.05));
#15863 = VECTOR('',#15864,1.);
#15864 = DIRECTION('',(0.,1.,0.));
#15865 = PCURVE('',#14193,#15866);
#15866 = DEFINITIONAL_REPRESENTATION('',(#15867),#15871);
#15867 = LINE('',#15868,#15869);
#15868 = CARTESIAN_POINT('',(-9.0975,-57.3535));
#15869 = VECTOR('',#15870,1.);
#15870 = DIRECTION('',(0.,1.));
#15871 = ( GEOMETRIC_REPRESENTATION_CONTEXT(2) 
PARAMETRIC_REPRESENTATION_CONTEXT() REPRESENTATION_CONTEXT('2D SPACE',''
  ) );
#15872 = PCURVE('',#15873,#15878);
#15873 = PLANE('',#15874);
#15874 = AXIS2_PLACEMENT_3D('',#15875,#15876,#15877);
#15875 = CARTESIAN_POINT('',(26.5355,-14.,5.05));
#15876 = DIRECTION('',(0.,0.,1.));
#15877 = DIRECTION('',(1.,0.,-0.));
#15878 = DEFINITIONAL_REPRESENTATION('',(#15879),#15883);
#15879 = LINE('',#15880,#15881);
#15880 = CARTESIAN_POINT('',(-9.0975,-57.3535));
#15881 = VECTOR('',#15882,1.);
#15882 = DIRECTION('',(0.,1.));
#15883 = ( GEOMETRIC_REPRESENTATION_CONTEXT(2) 
PARAMETRIC_REPRESENTATION_CONTEXT() REPRESENTATION_CONTEXT('2D SPACE',''
  ) );
#15884 = ORIENTED_EDGE('',*,*,#15885,.F.);
#15885 = EDGE_CURVE('',#15886,#15858,#15888,.T.);
#15886 = VERTEX_POINT('',#15887);
#15887 = CARTESIAN_POINT('',(15.9355,-71.3535,5.05));
#15888 = SURFACE_CURVE('',#15889,(#15893,#15900),.PCURVE_S1.);
#15889 = LINE('',#15890,#15891);
#15890 = CARTESIAN_POINT('',(7.438,-71.3535,5.05));
#15891 = VECTOR('',#15892,1.);
#15892 = DIRECTION('',(1.,0.,0.));
#15893 = PCURVE('',#14193,#15894);
#15894 = DEFINITIONAL_REPRESENTATION('',(#15895),#15899);
#15895 = LINE('',#15896,#15897);
#15896 = CARTESIAN_POINT('',(-19.0975,-57.3535));
#15897 = VECTOR('',#15898,1.);
#15898 = DIRECTION('',(1.,0.));
#15899 = ( GEOMETRIC_REPRESENTATION_CONTEXT(2) 
PARAMETRIC_REPRESENTATION_CONTEXT() REPRESENTATION_CONTEXT('2D SPACE',''
  ) );
#15900 = PCURVE('',#15873,#15901);
#15901 = DEFINITIONAL_REPRESENTATION('',(#15902),#15906);
#15902 = LINE('',#15903,#15904);
#15903 = CARTESIAN_POINT('',(-19.0975,-57.3535));
#15904 = VECTOR('',#15905,1.);
#15905 = DIRECTION('',(1.,0.));
#15906 = ( GEOMETRIC_REPRESENTATION_CONTEXT(2) 
PARAMETRIC_REPRESENTATION_CONTEXT() REPRESENTATION_CONTEXT('2D SPACE',''
  ) );
#15907 = ORIENTED_EDGE('',*,*,#15908,.F.);
#15908 = EDGE_CURVE('',#14594,#15886,#15909,.T.);
#15909 = SURFACE_CURVE('',#15910,(#15914,#15921),.PCURVE_S1.);
#15910 = LINE('',#15911,#15912);
#15911 = CARTESIAN_POINT('',(15.9355,-78.75,5.05));
#15912 = VECTOR('',#15913,1.);
#15913 = DIRECTION('',(0.,1.,0.));
#15914 = PCURVE('',#14193,#15915);
#15915 = DEFINITIONAL_REPRESENTATION('',(#15916),#15920);
#15916 = LINE('',#15917,#15918);
#15917 = CARTESIAN_POINT('',(-10.6,-64.75));
#15918 = VECTOR('',#15919,1.);
#15919 = DIRECTION('',(0.,1.));
#15920 = ( GEOMETRIC_REPRESENTATION_CONTEXT(2) 
PARAMETRIC_REPRESENTATION_CONTEXT() REPRESENTATION_CONTEXT('2D SPACE',''
  ) );
#15921 = PCURVE('',#14577,#15922);
#15922 = DEFINITIONAL_REPRESENTATION('',(#15923),#15927);
#15923 = LINE('',#15924,#15925);
#15924 = CARTESIAN_POINT('',(0.,0.));
#15925 = VECTOR('',#15926,1.);
#15926 = DIRECTION('',(1.,0.));
#15927 = ( GEOMETRIC_REPRESENTATION_CONTEXT(2) 
PARAMETRIC_REPRESENTATION_CONTEXT() REPRESENTATION_CONTEXT('2D SPACE',''
  ) );
#15928 = ORIENTED_EDGE('',*,*,#14618,.T.);
#15929 = ORIENTED_EDGE('',*,*,#14177,.F.);
#15930 = ORIENTED_EDGE('',*,*,#15831,.F.);
#15931 = ORIENTED_EDGE('',*,*,#15808,.F.);
#15932 = ADVANCED_FACE('',(#15933),#14479,.T.);
#15933 = FACE_BOUND('',#15934,.T.);
#15934 = EDGE_LOOP('',(#15935,#15936,#15937,#15961,#15983,#15984,#15985)
  );
#15935 = ORIENTED_EDGE('',*,*,#14805,.F.);
#15936 = ORIENTED_EDGE('',*,*,#14911,.T.);
#15937 = ORIENTED_EDGE('',*,*,#15938,.F.);
#15938 = EDGE_CURVE('',#15939,#14883,#15941,.T.);
#15939 = VERTEX_POINT('',#15940);
#15940 = CARTESIAN_POINT('',(13.063,-66.3535,5.05));
#15941 = SURFACE_CURVE('',#15942,(#15947,#15954),.PCURVE_S1.);
#15942 = CIRCLE('',#15943,0.625);
#15943 = AXIS2_PLACEMENT_3D('',#15944,#15945,#15946);
#15944 = CARTESIAN_POINT('',(12.438,-66.3535,5.05));
#15945 = DIRECTION('',(0.,0.,1.));
#15946 = DIRECTION('',(1.,0.,0.));
#15947 = PCURVE('',#14479,#15948);
#15948 = DEFINITIONAL_REPRESENTATION('',(#15949),#15953);
#15949 = CIRCLE('',#15950,0.625);
#15950 = AXIS2_PLACEMENT_2D('',#15951,#15952);
#15951 = CARTESIAN_POINT('',(0.,0.));
#15952 = DIRECTION('',(1.,0.));
#15953 = ( GEOMETRIC_REPRESENTATION_CONTEXT(2) 
PARAMETRIC_REPRESENTATION_CONTEXT() REPRESENTATION_CONTEXT('2D SPACE',''
  ) );
#15954 = PCURVE('',#14899,#15955);
#15955 = DEFINITIONAL_REPRESENTATION('',(#15956),#15960);
#15956 = LINE('',#15957,#15958);
#15957 = CARTESIAN_POINT('',(-0.,0.));
#15958 = VECTOR('',#15959,1.);
#15959 = DIRECTION('',(-1.,0.));
#15960 = ( GEOMETRIC_REPRESENTATION_CONTEXT(2) 
PARAMETRIC_REPRESENTATION_CONTEXT() REPRESENTATION_CONTEXT('2D SPACE',''
  ) );
#15961 = ORIENTED_EDGE('',*,*,#15962,.F.);
#15962 = EDGE_CURVE('',#14860,#15939,#15963,.T.);
#15963 = SURFACE_CURVE('',#15964,(#15969,#15976),.PCURVE_S1.);
#15964 = CIRCLE('',#15965,0.625);
#15965 = AXIS2_PLACEMENT_3D('',#15966,#15967,#15968);
#15966 = CARTESIAN_POINT('',(12.438,-66.3535,5.05));
#15967 = DIRECTION('',(0.,0.,1.));
#15968 = DIRECTION('',(1.,0.,0.));
#15969 = PCURVE('',#14479,#15970);
#15970 = DEFINITIONAL_REPRESENTATION('',(#15971),#15975);
#15971 = CIRCLE('',#15972,0.625);
#15972 = AXIS2_PLACEMENT_2D('',#15973,#15974);
#15973 = CARTESIAN_POINT('',(0.,0.));
#15974 = DIRECTION('',(1.,0.));
#15975 = ( GEOMETRIC_REPRESENTATION_CONTEXT(2) 
PARAMETRIC_REPRESENTATION_CONTEXT() REPRESENTATION_CONTEXT('2D SPACE',''
  ) );
#15976 = PCURVE('',#14899,#15977);
#15977 = DEFINITIONAL_REPRESENTATION('',(#15978),#15982);
#15978 = LINE('',#15979,#15980);
#15979 = CARTESIAN_POINT('',(-0.,0.));
#15980 = VECTOR('',#15981,1.);
#15981 = DIRECTION('',(-1.,0.));
#15982 = ( GEOMETRIC_REPRESENTATION_CONTEXT(2) 
PARAMETRIC_REPRESENTATION_CONTEXT() REPRESENTATION_CONTEXT('2D SPACE',''
  ) );
#15983 = ORIENTED_EDGE('',*,*,#14859,.T.);
#15984 = ORIENTED_EDGE('',*,*,#14463,.T.);
#15985 = ORIENTED_EDGE('',*,*,#14688,.F.);
#15986 = ADVANCED_FACE('',(#15987),#14577,.F.);
#15987 = FACE_BOUND('',#15988,.F.);
#15988 = EDGE_LOOP('',(#15989,#15990,#15991,#15992,#16013,#16014,#16015,
    #16016,#16017,#16040,#16061,#16062));
#15989 = ORIENTED_EDGE('',*,*,#14563,.T.);
#15990 = ORIENTED_EDGE('',*,*,#15097,.T.);
#15991 = ORIENTED_EDGE('',*,*,#15274,.F.);
#15992 = ORIENTED_EDGE('',*,*,#15993,.F.);
#15993 = EDGE_CURVE('',#15465,#15275,#15994,.T.);
#15994 = SURFACE_CURVE('',#15995,(#15999,#16006),.PCURVE_S1.);
#15995 = LINE('',#15996,#15997);
#15996 = CARTESIAN_POINT('',(15.9355,-78.75,5.05));
#15997 = VECTOR('',#15998,1.);
#15998 = DIRECTION('',(0.,1.,0.));
#15999 = PCURVE('',#14577,#16000);
#16000 = DEFINITIONAL_REPRESENTATION('',(#16001),#16005);
#16001 = LINE('',#16002,#16003);
#16002 = CARTESIAN_POINT('',(0.,0.));
#16003 = VECTOR('',#16004,1.);
#16004 = DIRECTION('',(1.,0.));
#16005 = ( GEOMETRIC_REPRESENTATION_CONTEXT(2) 
PARAMETRIC_REPRESENTATION_CONTEXT() REPRESENTATION_CONTEXT('2D SPACE',''
  ) );
#16006 = PCURVE('',#15359,#16007);
#16007 = DEFINITIONAL_REPRESENTATION('',(#16008),#16012);
#16008 = LINE('',#16009,#16010);
#16009 = CARTESIAN_POINT('',(-10.6,-64.75));
#16010 = VECTOR('',#16011,1.);
#16011 = DIRECTION('',(0.,1.));
#16012 = ( GEOMETRIC_REPRESENTATION_CONTEXT(2) 
PARAMETRIC_REPRESENTATION_CONTEXT() REPRESENTATION_CONTEXT('2D SPACE',''
  ) );
#16013 = ORIENTED_EDGE('',*,*,#15487,.F.);
#16014 = ORIENTED_EDGE('',*,*,#15538,.F.);
#16015 = ORIENTED_EDGE('',*,*,#15586,.F.);
#16016 = ORIENTED_EDGE('',*,*,#15659,.F.);
#16017 = ORIENTED_EDGE('',*,*,#16018,.F.);
#16018 = EDGE_CURVE('',#16019,#15660,#16021,.T.);
#16019 = VERTEX_POINT('',#16020);
#16020 = CARTESIAN_POINT('',(15.9355,-63.,5.05));
#16021 = SURFACE_CURVE('',#16022,(#16026,#16033),.PCURVE_S1.);
#16022 = LINE('',#16023,#16024);
#16023 = CARTESIAN_POINT('',(15.9355,-78.75,5.05));
#16024 = VECTOR('',#16025,1.);
#16025 = DIRECTION('',(0.,1.,0.));
#16026 = PCURVE('',#14577,#16027);
#16027 = DEFINITIONAL_REPRESENTATION('',(#16028),#16032);
#16028 = LINE('',#16029,#16030);
#16029 = CARTESIAN_POINT('',(0.,0.));
#16030 = VECTOR('',#16031,1.);
#16031 = DIRECTION('',(1.,0.));
#16032 = ( GEOMETRIC_REPRESENTATION_CONTEXT(2) 
PARAMETRIC_REPRESENTATION_CONTEXT() REPRESENTATION_CONTEXT('2D SPACE',''
  ) );
#16033 = PCURVE('',#15698,#16034);
#16034 = DEFINITIONAL_REPRESENTATION('',(#16035),#16039);
#16035 = LINE('',#16036,#16037);
#16036 = CARTESIAN_POINT('',(15.9355,-19.75));
#16037 = VECTOR('',#16038,1.);
#16038 = DIRECTION('',(0.,1.));
#16039 = ( GEOMETRIC_REPRESENTATION_CONTEXT(2) 
PARAMETRIC_REPRESENTATION_CONTEXT() REPRESENTATION_CONTEXT('2D SPACE',''
  ) );
#16040 = ORIENTED_EDGE('',*,*,#16041,.F.);
#16041 = EDGE_CURVE('',#15886,#16019,#16042,.T.);
#16042 = SURFACE_CURVE('',#16043,(#16047,#16054),.PCURVE_S1.);
#16043 = LINE('',#16044,#16045);
#16044 = CARTESIAN_POINT('',(15.9355,-78.75,5.05));
#16045 = VECTOR('',#16046,1.);
#16046 = DIRECTION('',(0.,1.,0.));
#16047 = PCURVE('',#14577,#16048);
#16048 = DEFINITIONAL_REPRESENTATION('',(#16049),#16053);
#16049 = LINE('',#16050,#16051);
#16050 = CARTESIAN_POINT('',(0.,0.));
#16051 = VECTOR('',#16052,1.);
#16052 = DIRECTION('',(1.,0.));
#16053 = ( GEOMETRIC_REPRESENTATION_CONTEXT(2) 
PARAMETRIC_REPRESENTATION_CONTEXT() REPRESENTATION_CONTEXT('2D SPACE',''
  ) );
#16054 = PCURVE('',#15873,#16055);
#16055 = DEFINITIONAL_REPRESENTATION('',(#16056),#16060);
#16056 = LINE('',#16057,#16058);
#16057 = CARTESIAN_POINT('',(-10.6,-64.75));
#16058 = VECTOR('',#16059,1.);
#16059 = DIRECTION('',(0.,1.));
#16060 = ( GEOMETRIC_REPRESENTATION_CONTEXT(2) 
PARAMETRIC_REPRESENTATION_CONTEXT() REPRESENTATION_CONTEXT('2D SPACE',''
  ) );
#16061 = ORIENTED_EDGE('',*,*,#15908,.F.);
#16062 = ORIENTED_EDGE('',*,*,#14593,.F.);
#16063 = ADVANCED_FACE('',(#16064),#14899,.T.);
#16064 = FACE_BOUND('',#16065,.F.);
#16065 = EDGE_LOOP('',(#16066,#16067,#16090,#16117,#16118,#16119));
#16066 = ORIENTED_EDGE('',*,*,#15938,.F.);
#16067 = ORIENTED_EDGE('',*,*,#16068,.T.);
#16068 = EDGE_CURVE('',#15939,#16069,#16071,.T.);
#16069 = VERTEX_POINT('',#16070);
#16070 = CARTESIAN_POINT('',(13.063,-66.3535,33.05));
#16071 = SEAM_CURVE('',#16072,(#16076,#16083),.PCURVE_S1.);
#16072 = LINE('',#16073,#16074);
#16073 = CARTESIAN_POINT('',(13.063,-66.3535,5.05));
#16074 = VECTOR('',#16075,1.);
#16075 = DIRECTION('',(0.,0.,1.));
#16076 = PCURVE('',#14899,#16077);
#16077 = DEFINITIONAL_REPRESENTATION('',(#16078),#16082);
#16078 = LINE('',#16079,#16080);
#16079 = CARTESIAN_POINT('',(-6.28318530718,0.));
#16080 = VECTOR('',#16081,1.);
#16081 = DIRECTION('',(-0.,-1.));
#16082 = ( GEOMETRIC_REPRESENTATION_CONTEXT(2) 
PARAMETRIC_REPRESENTATION_CONTEXT() REPRESENTATION_CONTEXT('2D SPACE',''
  ) );
#16083 = PCURVE('',#14899,#16084);
#16084 = DEFINITIONAL_REPRESENTATION('',(#16085),#16089);
#16085 = LINE('',#16086,#16087);
#16086 = CARTESIAN_POINT('',(-0.,0.));
#16087 = VECTOR('',#16088,1.);
#16088 = DIRECTION('',(-0.,-1.));
#16089 = ( GEOMETRIC_REPRESENTATION_CONTEXT(2) 
PARAMETRIC_REPRESENTATION_CONTEXT() REPRESENTATION_CONTEXT('2D SPACE',''
  ) );
#16090 = ORIENTED_EDGE('',*,*,#16091,.T.);
#16091 = EDGE_CURVE('',#16069,#16069,#16092,.T.);
#16092 = SURFACE_CURVE('',#16093,(#16098,#16105),.PCURVE_S1.);
#16093 = CIRCLE('',#16094,0.625);
#16094 = AXIS2_PLACEMENT_3D('',#16095,#16096,#16097);
#16095 = CARTESIAN_POINT('',(12.438,-66.3535,33.05));
#16096 = DIRECTION('',(0.,0.,1.));
#16097 = DIRECTION('',(1.,0.,0.));
#16098 = PCURVE('',#14899,#16099);
#16099 = DEFINITIONAL_REPRESENTATION('',(#16100),#16104);
#16100 = LINE('',#16101,#16102);
#16101 = CARTESIAN_POINT('',(-0.,-28.));
#16102 = VECTOR('',#16103,1.);
#16103 = DIRECTION('',(-1.,0.));
#16104 = ( GEOMETRIC_REPRESENTATION_CONTEXT(2) 
PARAMETRIC_REPRESENTATION_CONTEXT() REPRESENTATION_CONTEXT('2D SPACE',''
  ) );
#16105 = PCURVE('',#16106,#16111);
#16106 = PLANE('',#16107);
#16107 = AXIS2_PLACEMENT_3D('',#16108,#16109,#16110);
#16108 = CARTESIAN_POINT('',(12.438,-66.3535,33.05));
#16109 = DIRECTION('',(0.,0.,1.));
#16110 = DIRECTION('',(1.,0.,-0.));
#16111 = DEFINITIONAL_REPRESENTATION('',(#16112),#16116);
#16112 = CIRCLE('',#16113,0.625);
#16113 = AXIS2_PLACEMENT_2D('',#16114,#16115);
#16114 = CARTESIAN_POINT('',(1.7763568394E-15,0.));
#16115 = DIRECTION('',(1.,0.));
#16116 = ( GEOMETRIC_REPRESENTATION_CONTEXT(2) 
PARAMETRIC_REPRESENTATION_CONTEXT() REPRESENTATION_CONTEXT('2D SPACE',''
  ) );
#16117 = ORIENTED_EDGE('',*,*,#16068,.F.);
#16118 = ORIENTED_EDGE('',*,*,#15962,.F.);
#16119 = ORIENTED_EDGE('',*,*,#14882,.F.);
#16120 = ADVANCED_FACE('',(#16121),#15259,.T.);
#16121 = FACE_BOUND('',#16122,.T.);
#16122 = EDGE_LOOP('',(#16123));
#16123 = ORIENTED_EDGE('',*,*,#15244,.T.);
#16124 = ADVANCED_FACE('',(#16125),#15359,.T.);
#16125 = FACE_BOUND('',#16126,.T.);
#16126 = EDGE_LOOP('',(#16127,#16128,#16129,#16130));
#16127 = ORIENTED_EDGE('',*,*,#15464,.T.);
#16128 = ORIENTED_EDGE('',*,*,#15441,.T.);
#16129 = ORIENTED_EDGE('',*,*,#15345,.T.);
#16130 = ORIENTED_EDGE('',*,*,#15993,.F.);
#16131 = ADVANCED_FACE('',(#16132),#15698,.T.);
#16132 = FACE_BOUND('',#16133,.T.);
#16133 = EDGE_LOOP('',(#16134,#16135,#16136,#16137));
#16134 = ORIENTED_EDGE('',*,*,#15710,.T.);
#16135 = ORIENTED_EDGE('',*,*,#15682,.T.);
#16136 = ORIENTED_EDGE('',*,*,#16018,.F.);
#16137 = ORIENTED_EDGE('',*,*,#16138,.T.);
#16138 = EDGE_CURVE('',#16019,#15711,#16139,.T.);
#16139 = SURFACE_CURVE('',#16140,(#16144,#16151),.PCURVE_S1.);
#16140 = LINE('',#16141,#16142);
#16141 = CARTESIAN_POINT('',(-60.75,-63.,5.05));
#16142 = VECTOR('',#16143,1.);
#16143 = DIRECTION('',(1.,0.,0.));
#16144 = PCURVE('',#15698,#16145);
#16145 = DEFINITIONAL_REPRESENTATION('',(#16146),#16150);
#16146 = LINE('',#16147,#16148);
#16147 = CARTESIAN_POINT('',(-60.75,-4.));
#16148 = VECTOR('',#16149,1.);
#16149 = DIRECTION('',(1.,0.));
#16150 = ( GEOMETRIC_REPRESENTATION_CONTEXT(2) 
PARAMETRIC_REPRESENTATION_CONTEXT() REPRESENTATION_CONTEXT('2D SPACE',''
  ) );
#16151 = PCURVE('',#15873,#16152);
#16152 = DEFINITIONAL_REPRESENTATION('',(#16153),#16157);
#16153 = LINE('',#16154,#16155);
#16154 = CARTESIAN_POINT('',(-87.2855,-49.));
#16155 = VECTOR('',#16156,1.);
#16156 = DIRECTION('',(1.,0.));
#16157 = ( GEOMETRIC_REPRESENTATION_CONTEXT(2) 
PARAMETRIC_REPRESENTATION_CONTEXT() REPRESENTATION_CONTEXT('2D SPACE',''
  ) );
#16158 = ADVANCED_FACE('',(#16159),#15873,.T.);
#16159 = FACE_BOUND('',#16160,.T.);
#16160 = EDGE_LOOP('',(#16161,#16162,#16163,#16164));
#16161 = ORIENTED_EDGE('',*,*,#16138,.F.);
#16162 = ORIENTED_EDGE('',*,*,#16041,.F.);
#16163 = ORIENTED_EDGE('',*,*,#15885,.T.);
#16164 = ORIENTED_EDGE('',*,*,#15857,.T.);
#16165 = ADVANCED_FACE('',(#16166),#16106,.T.);
#16166 = FACE_BOUND('',#16167,.T.);
#16167 = EDGE_LOOP('',(#16168));
#16168 = ORIENTED_EDGE('',*,*,#16091,.T.);
#16169 = ( GEOMETRIC_REPRESENTATION_CONTEXT(3) 
GLOBAL_UNCERTAINTY_ASSIGNED_CONTEXT((#16173)) 
GLOBAL_UNIT_ASSIGNED_CONTEXT((#16170,#16171,#16172)) 
REPRESENTATION_CONTEXT('Context #1',
  '3D Context with UNIT and UNCERTAINTY') );
#16170 = ( LENGTH_UNIT() NAMED_UNIT(*) SI_UNIT(.MILLI.,.METRE.) );
#16171 = ( NAMED_UNIT(*) PLANE_ANGLE_UNIT() SI_UNIT($,.RADIAN.) );
#16172 = ( NAMED_UNIT(*) SI_UNIT($,.STERADIAN.) SOLID_ANGLE_UNIT() );
#16173 = UNCERTAINTY_MEASURE_WITH_UNIT(LENGTH_MEASURE(1.E-07),#16170,
  'distance_accuracy_value','confusion accuracy');
#16174 = PRODUCT_RELATED_PRODUCT_CATEGORY('part',$,(#7));
ENDSEC;
END-ISO-10303-21;
