ISO-10303-21;
HEADER;
FILE_DESCRIPTION(('Open CASCADE Model'),'2;1');
FILE_NAME('Open CASCADE Shape Model','2026-08-17T16:07:15',('Author'),(
    'Open CASCADE'),'Open CASCADE STEP processor 7.9','Open CASCADE 7.9'
  ,'Unknown');
FILE_SCHEMA(('AUTOMOTIVE_DESIGN { 1 0 10303 214 1 1 1 1 }'));
ENDSEC;
DATA;
#1 = APPLICATION_PROTOCOL_DEFINITION('international standard',
  'automotive_design',2000,#2);
#2 = APPLICATION_CONTEXT(
  'core data for automotive mechanical design processes');
#3 = SHAPE_DEFINITION_REPRESENTATION(#4,#10);
#4 = PRODUCT_DEFINITION_SHAPE('','',#5);
#5 = PRODUCT_DEFINITION('design','',#6,#9);
#6 = PRODUCT_DEFINITION_FORMATION('','',#7);
#7 = PRODUCT('Open CASCADE STEP translator 7.9 1',
  'Open CASCADE STEP translator 7.9 1','',(#8));
#8 = PRODUCT_CONTEXT('',#2,'mechanical');
#9 = PRODUCT_DEFINITION_CONTEXT('part definition',#2,'design');
#10 = ADVANCED_BREP_SHAPE_REPRESENTATION('',(#11,#15),#11677);
#11 = AXIS2_PLACEMENT_3D('',#12,#13,#14);
#12 = CARTESIAN_POINT('',(0.,0.,0.));
#13 = DIRECTION('',(0.,0.,1.));
#14 = DIRECTION('',(1.,0.,-0.));
#15 = BREP_WITH_VOIDS('',#16,(#7855,#8401,#8947,#9493,#10039,#10585,
    #11131));
#16 = CLOSED_SHELL('',(#17,#135,#1285,#1420,#2788,#2815,#2842,#2869,
    #2896,#2921,#2928,#2935,#2942,#2949,#2956,#2963,#2970,#2977,#3004,
    #3031,#3058,#3085,#3112,#3161,#3210,#3259,#3286,#3295,#3371,#3420,
    #3469,#3496,#3572,#3621,#3670,#3697,#3773,#3822,#3871,#3898,#3974,
    #4023,#4072,#4099,#4175,#4224,#4273,#4300,#4376,#4477,#4526,#4600,
    #4728,#4777,#4826,#4900,#4976,#5025,#5074,#5101,#5177,#5226,#5275,
    #5302,#5378,#5427,#5476,#5503,#5510,#5517,#5524,#5531,#5538,#5706,
    #5837,#5891,#5968,#6136,#6217,#6321,#6398,#6405,#6412,#6419,#6489,
    #6566,#6615,#6664,#6691,#6740,#6792,#6868,#6976,#7003,#7073,#7149,
    #7198,#7247,#7275,#7376,#7484,#7533,#7560,#7587,#7594,#7660,#7687,
    #7714,#7721,#7728,#7794,#7821,#7848));
#17 = ADVANCED_FACE('',(#18),#32,.F.);
#18 = FACE_BOUND('',#19,.F.);
#19 = EDGE_LOOP('',(#20,#55,#83,#111));
#20 = ORIENTED_EDGE('',*,*,#21,.F.);
#21 = EDGE_CURVE('',#22,#24,#26,.T.);
#22 = VERTEX_POINT('',#23);
#23 = CARTESIAN_POINT('',(-46.,-32.,0.));
#24 = VERTEX_POINT('',#25);
#25 = CARTESIAN_POINT('',(-45.4,-32.,0.));
#26 = SURFACE_CURVE('',#27,(#31,#43),.PCURVE_S1.);
#27 = LINE('',#28,#29);
#28 = CARTESIAN_POINT('',(-46.,-32.,0.));
#29 = VECTOR('',#30,1.);
#30 = DIRECTION('',(1.,0.,0.));
#31 = PCURVE('',#32,#37);
#32 = PLANE('',#33);
#33 = AXIS2_PLACEMENT_3D('',#34,#35,#36);
#34 = CARTESIAN_POINT('',(-46.,-32.,0.));
#35 = DIRECTION('',(0.,1.,0.));
#36 = DIRECTION('',(1.,0.,0.));
#37 = DEFINITIONAL_REPRESENTATION('',(#38),#42);
#38 = LINE('',#39,#40);
#39 = CARTESIAN_POINT('',(0.,0.));
#40 = VECTOR('',#41,1.);
#41 = DIRECTION('',(1.,0.));
#42 = ( GEOMETRIC_REPRESENTATION_CONTEXT(2) 
PARAMETRIC_REPRESENTATION_CONTEXT() REPRESENTATION_CONTEXT('2D SPACE',''
  ) );
#43 = PCURVE('',#44,#49);
#44 = PLANE('',#45);
#45 = AXIS2_PLACEMENT_3D('',#46,#47,#48);
#46 = CARTESIAN_POINT('',(0.,0.,0.));
#47 = DIRECTION('',(0.,0.,1.));
#48 = DIRECTION('',(1.,0.,-0.));
#49 = DEFINITIONAL_REPRESENTATION('',(#50),#54);
#50 = LINE('',#51,#52);
#51 = CARTESIAN_POINT('',(-46.,-32.));
#52 = VECTOR('',#53,1.);
#53 = DIRECTION('',(1.,0.));
#54 = ( GEOMETRIC_REPRESENTATION_CONTEXT(2) 
PARAMETRIC_REPRESENTATION_CONTEXT() REPRESENTATION_CONTEXT('2D SPACE',''
  ) );
#55 = ORIENTED_EDGE('',*,*,#56,.T.);
#56 = EDGE_CURVE('',#22,#57,#59,.T.);
#57 = VERTEX_POINT('',#58);
#58 = CARTESIAN_POINT('',(-46.,-32.,1.6));
#59 = SURFACE_CURVE('',#60,(#64,#71),.PCURVE_S1.);
#60 = LINE('',#61,#62);
#61 = CARTESIAN_POINT('',(-46.,-32.,0.));
#62 = VECTOR('',#63,1.);
#63 = DIRECTION('',(0.,0.,1.));
#64 = PCURVE('',#32,#65);
#65 = DEFINITIONAL_REPRESENTATION('',(#66),#70);
#66 = LINE('',#67,#68);
#67 = CARTESIAN_POINT('',(0.,0.));
#68 = VECTOR('',#69,1.);
#69 = DIRECTION('',(0.,-1.));
#70 = ( GEOMETRIC_REPRESENTATION_CONTEXT(2) 
PARAMETRIC_REPRESENTATION_CONTEXT() REPRESENTATION_CONTEXT('2D SPACE',''
  ) );
#71 = PCURVE('',#72,#77);
#72 = PLANE('',#73);
#73 = AXIS2_PLACEMENT_3D('',#74,#75,#76);
#74 = CARTESIAN_POINT('',(-46.,32.,0.));
#75 = DIRECTION('',(1.,0.,-0.));
#76 = DIRECTION('',(0.,-1.,0.));
#77 = DEFINITIONAL_REPRESENTATION('',(#78),#82);
#78 = LINE('',#79,#80);
#79 = CARTESIAN_POINT('',(64.,0.));
#80 = VECTOR('',#81,1.);
#81 = DIRECTION('',(0.,-1.));
#82 = ( GEOMETRIC_REPRESENTATION_CONTEXT(2) 
PARAMETRIC_REPRESENTATION_CONTEXT() REPRESENTATION_CONTEXT('2D SPACE',''
  ) );
#83 = ORIENTED_EDGE('',*,*,#84,.T.);
#84 = EDGE_CURVE('',#57,#85,#87,.T.);
#85 = VERTEX_POINT('',#86);
#86 = CARTESIAN_POINT('',(-45.4,-32.,1.6));
#87 = SURFACE_CURVE('',#88,(#92,#99),.PCURVE_S1.);
#88 = LINE('',#89,#90);
#89 = CARTESIAN_POINT('',(-46.,-32.,1.6));
#90 = VECTOR('',#91,1.);
#91 = DIRECTION('',(1.,0.,0.));
#92 = PCURVE('',#32,#93);
#93 = DEFINITIONAL_REPRESENTATION('',(#94),#98);
#94 = LINE('',#95,#96);
#95 = CARTESIAN_POINT('',(0.,-1.6));
#96 = VECTOR('',#97,1.);
#97 = DIRECTION('',(1.,0.));
#98 = ( GEOMETRIC_REPRESENTATION_CONTEXT(2) 
PARAMETRIC_REPRESENTATION_CONTEXT() REPRESENTATION_CONTEXT('2D SPACE',''
  ) );
#99 = PCURVE('',#100,#105);
#100 = PLANE('',#101);
#101 = AXIS2_PLACEMENT_3D('',#102,#103,#104);
#102 = CARTESIAN_POINT('',(0.,0.,1.6));
#103 = DIRECTION('',(0.,0.,1.));
#104 = DIRECTION('',(1.,0.,-0.));
#105 = DEFINITIONAL_REPRESENTATION('',(#106),#110);
#106 = LINE('',#107,#108);
#107 = CARTESIAN_POINT('',(-46.,-32.));
#108 = VECTOR('',#109,1.);
#109 = DIRECTION('',(1.,0.));
#110 = ( GEOMETRIC_REPRESENTATION_CONTEXT(2) 
PARAMETRIC_REPRESENTATION_CONTEXT() REPRESENTATION_CONTEXT('2D SPACE',''
  ) );
#111 = ORIENTED_EDGE('',*,*,#112,.T.);
#112 = EDGE_CURVE('',#85,#24,#113,.T.);
#113 = SURFACE_CURVE('',#114,(#118,#124),.PCURVE_S1.);
#114 = LINE('',#115,#116);
#115 = CARTESIAN_POINT('',(-45.4,-32.,0.));
#116 = VECTOR('',#117,1.);
#117 = DIRECTION('',(-0.,0.,-1.));
#118 = PCURVE('',#32,#119);
#119 = DEFINITIONAL_REPRESENTATION('',(#120),#123);
#120 = B_SPLINE_CURVE_WITH_KNOTS('',1,(#121,#122),.UNSPECIFIED.,.F.,.F.,
  (2,2),(-1.6,0.),.PIECEWISE_BEZIER_KNOTS.);
#121 = CARTESIAN_POINT('',(0.6,-1.6));
#122 = CARTESIAN_POINT('',(0.6,0.));
#123 = ( GEOMETRIC_REPRESENTATION_CONTEXT(2) 
PARAMETRIC_REPRESENTATION_CONTEXT() REPRESENTATION_CONTEXT('2D SPACE',''
  ) );
#124 = PCURVE('',#125,#130);
#125 = PLANE('',#126);
#126 = AXIS2_PLACEMENT_3D('',#127,#128,#129);
#127 = CARTESIAN_POINT('',(-45.4,-24.3,0.));
#128 = DIRECTION('',(1.,0.,-0.));
#129 = DIRECTION('',(0.,-1.,0.));
#130 = DEFINITIONAL_REPRESENTATION('',(#131),#134);
#131 = B_SPLINE_CURVE_WITH_KNOTS('',1,(#132,#133),.UNSPECIFIED.,.F.,.F.,
  (2,2),(-1.6,0.),.PIECEWISE_BEZIER_KNOTS.);
#132 = CARTESIAN_POINT('',(7.7,-1.6));
#133 = CARTESIAN_POINT('',(7.7,0.));
#134 = ( GEOMETRIC_REPRESENTATION_CONTEXT(2) 
PARAMETRIC_REPRESENTATION_CONTEXT() REPRESENTATION_CONTEXT('2D SPACE',''
  ) );
#135 = ADVANCED_FACE('',(#136,#318,#417,#516,#615,#714,#813,#912,#1011,
    #1110,#1145,#1180,#1215,#1250),#44,.F.);
#136 = FACE_BOUND('',#137,.F.);
#137 = EDGE_LOOP('',(#138,#161,#162,#190,#213,#236,#264,#292));
#138 = ORIENTED_EDGE('',*,*,#139,.T.);
#139 = EDGE_CURVE('',#140,#22,#142,.T.);
#140 = VERTEX_POINT('',#141);
#141 = CARTESIAN_POINT('',(-46.,32.,0.));
#142 = SURFACE_CURVE('',#143,(#147,#154),.PCURVE_S1.);
#143 = LINE('',#144,#145);
#144 = CARTESIAN_POINT('',(-46.,32.,0.));
#145 = VECTOR('',#146,1.);
#146 = DIRECTION('',(0.,-1.,0.));
#147 = PCURVE('',#44,#148);
#148 = DEFINITIONAL_REPRESENTATION('',(#149),#153);
#149 = LINE('',#150,#151);
#150 = CARTESIAN_POINT('',(-46.,32.));
#151 = VECTOR('',#152,1.);
#152 = DIRECTION('',(0.,-1.));
#153 = ( GEOMETRIC_REPRESENTATION_CONTEXT(2) 
PARAMETRIC_REPRESENTATION_CONTEXT() REPRESENTATION_CONTEXT('2D SPACE',''
  ) );
#154 = PCURVE('',#72,#155);
#155 = DEFINITIONAL_REPRESENTATION('',(#156),#160);
#156 = LINE('',#157,#158);
#157 = CARTESIAN_POINT('',(0.,0.));
#158 = VECTOR('',#159,1.);
#159 = DIRECTION('',(1.,0.));
#160 = ( GEOMETRIC_REPRESENTATION_CONTEXT(2) 
PARAMETRIC_REPRESENTATION_CONTEXT() REPRESENTATION_CONTEXT('2D SPACE',''
  ) );
#161 = ORIENTED_EDGE('',*,*,#21,.T.);
#162 = ORIENTED_EDGE('',*,*,#163,.F.);
#163 = EDGE_CURVE('',#164,#24,#166,.T.);
#164 = VERTEX_POINT('',#165);
#165 = CARTESIAN_POINT('',(-45.4,-24.3,0.));
#166 = SURFACE_CURVE('',#167,(#171,#178),.PCURVE_S1.);
#167 = LINE('',#168,#169);
#168 = CARTESIAN_POINT('',(-45.4,-24.3,0.));
#169 = VECTOR('',#170,1.);
#170 = DIRECTION('',(0.,-1.,0.));
#171 = PCURVE('',#44,#172);
#172 = DEFINITIONAL_REPRESENTATION('',(#173),#177);
#173 = LINE('',#174,#175);
#174 = CARTESIAN_POINT('',(-45.4,-24.3));
#175 = VECTOR('',#176,1.);
#176 = DIRECTION('',(0.,-1.));
#177 = ( GEOMETRIC_REPRESENTATION_CONTEXT(2) 
PARAMETRIC_REPRESENTATION_CONTEXT() REPRESENTATION_CONTEXT('2D SPACE',''
  ) );
#178 = PCURVE('',#179,#184);
#179 = PLANE('',#180);
#180 = AXIS2_PLACEMENT_3D('',#181,#182,#183);
#181 = CARTESIAN_POINT('',(0.,0.,0.));
#182 = DIRECTION('',(0.,0.,1.));
#183 = DIRECTION('',(1.,0.,-0.));
#184 = DEFINITIONAL_REPRESENTATION('',(#185),#189);
#185 = LINE('',#186,#187);
#186 = CARTESIAN_POINT('',(-45.4,-24.3));
#187 = VECTOR('',#188,1.);
#188 = DIRECTION('',(0.,-1.));
#189 = ( GEOMETRIC_REPRESENTATION_CONTEXT(2) 
PARAMETRIC_REPRESENTATION_CONTEXT() REPRESENTATION_CONTEXT('2D SPACE',''
  ) );
#190 = ORIENTED_EDGE('',*,*,#191,.F.);
#191 = EDGE_CURVE('',#192,#164,#194,.T.);
#192 = VERTEX_POINT('',#193);
#193 = CARTESIAN_POINT('',(-33.6,-24.3,0.));
#194 = SURFACE_CURVE('',#195,(#199,#206),.PCURVE_S1.);
#195 = LINE('',#196,#197);
#196 = CARTESIAN_POINT('',(-33.6,-24.3,0.));
#197 = VECTOR('',#198,1.);
#198 = DIRECTION('',(-1.,0.,0.));
#199 = PCURVE('',#44,#200);
#200 = DEFINITIONAL_REPRESENTATION('',(#201),#205);
#201 = LINE('',#202,#203);
#202 = CARTESIAN_POINT('',(-33.6,-24.3));
#203 = VECTOR('',#204,1.);
#204 = DIRECTION('',(-1.,0.));
#205 = ( GEOMETRIC_REPRESENTATION_CONTEXT(2) 
PARAMETRIC_REPRESENTATION_CONTEXT() REPRESENTATION_CONTEXT('2D SPACE',''
  ) );
#206 = PCURVE('',#179,#207);
#207 = DEFINITIONAL_REPRESENTATION('',(#208),#212);
#208 = LINE('',#209,#210);
#209 = CARTESIAN_POINT('',(-33.6,-24.3));
#210 = VECTOR('',#211,1.);
#211 = DIRECTION('',(-1.,0.));
#212 = ( GEOMETRIC_REPRESENTATION_CONTEXT(2) 
PARAMETRIC_REPRESENTATION_CONTEXT() REPRESENTATION_CONTEXT('2D SPACE',''
  ) );
#213 = ORIENTED_EDGE('',*,*,#214,.F.);
#214 = EDGE_CURVE('',#215,#192,#217,.T.);
#215 = VERTEX_POINT('',#216);
#216 = CARTESIAN_POINT('',(-33.6,-32.,0.));
#217 = SURFACE_CURVE('',#218,(#222,#229),.PCURVE_S1.);
#218 = LINE('',#219,#220);
#219 = CARTESIAN_POINT('',(-33.6,-33.7,0.));
#220 = VECTOR('',#221,1.);
#221 = DIRECTION('',(0.,1.,0.));
#222 = PCURVE('',#44,#223);
#223 = DEFINITIONAL_REPRESENTATION('',(#224),#228);
#224 = LINE('',#225,#226);
#225 = CARTESIAN_POINT('',(-33.6,-33.7));
#226 = VECTOR('',#227,1.);
#227 = DIRECTION('',(0.,1.));
#228 = ( GEOMETRIC_REPRESENTATION_CONTEXT(2) 
PARAMETRIC_REPRESENTATION_CONTEXT() REPRESENTATION_CONTEXT('2D SPACE',''
  ) );
#229 = PCURVE('',#179,#230);
#230 = DEFINITIONAL_REPRESENTATION('',(#231),#235);
#231 = LINE('',#232,#233);
#232 = CARTESIAN_POINT('',(-33.6,-33.7));
#233 = VECTOR('',#234,1.);
#234 = DIRECTION('',(0.,1.));
#235 = ( GEOMETRIC_REPRESENTATION_CONTEXT(2) 
PARAMETRIC_REPRESENTATION_CONTEXT() REPRESENTATION_CONTEXT('2D SPACE',''
  ) );
#236 = ORIENTED_EDGE('',*,*,#237,.T.);
#237 = EDGE_CURVE('',#215,#238,#240,.T.);
#238 = VERTEX_POINT('',#239);
#239 = CARTESIAN_POINT('',(46.,-32.,0.));
#240 = SURFACE_CURVE('',#241,(#245,#252),.PCURVE_S1.);
#241 = LINE('',#242,#243);
#242 = CARTESIAN_POINT('',(-46.,-32.,0.));
#243 = VECTOR('',#244,1.);
#244 = DIRECTION('',(1.,0.,0.));
#245 = PCURVE('',#44,#246);
#246 = DEFINITIONAL_REPRESENTATION('',(#247),#251);
#247 = LINE('',#248,#249);
#248 = CARTESIAN_POINT('',(-46.,-32.));
#249 = VECTOR('',#250,1.);
#250 = DIRECTION('',(1.,0.));
#251 = ( GEOMETRIC_REPRESENTATION_CONTEXT(2) 
PARAMETRIC_REPRESENTATION_CONTEXT() REPRESENTATION_CONTEXT('2D SPACE',''
  ) );
#252 = PCURVE('',#253,#258);
#253 = PLANE('',#254);
#254 = AXIS2_PLACEMENT_3D('',#255,#256,#257);
#255 = CARTESIAN_POINT('',(-46.,-32.,0.));
#256 = DIRECTION('',(0.,1.,0.));
#257 = DIRECTION('',(1.,0.,0.));
#258 = DEFINITIONAL_REPRESENTATION('',(#259),#263);
#259 = LINE('',#260,#261);
#260 = CARTESIAN_POINT('',(0.,0.));
#261 = VECTOR('',#262,1.);
#262 = DIRECTION('',(1.,0.));
#263 = ( GEOMETRIC_REPRESENTATION_CONTEXT(2) 
PARAMETRIC_REPRESENTATION_CONTEXT() REPRESENTATION_CONTEXT('2D SPACE',''
  ) );
#264 = ORIENTED_EDGE('',*,*,#265,.T.);
#265 = EDGE_CURVE('',#238,#266,#268,.T.);
#266 = VERTEX_POINT('',#267);
#267 = CARTESIAN_POINT('',(46.,32.,0.));
#268 = SURFACE_CURVE('',#269,(#273,#280),.PCURVE_S1.);
#269 = LINE('',#270,#271);
#270 = CARTESIAN_POINT('',(46.,-32.,0.));
#271 = VECTOR('',#272,1.);
#272 = DIRECTION('',(0.,1.,0.));
#273 = PCURVE('',#44,#274);
#274 = DEFINITIONAL_REPRESENTATION('',(#275),#279);
#275 = LINE('',#276,#277);
#276 = CARTESIAN_POINT('',(46.,-32.));
#277 = VECTOR('',#278,1.);
#278 = DIRECTION('',(0.,1.));
#279 = ( GEOMETRIC_REPRESENTATION_CONTEXT(2) 
PARAMETRIC_REPRESENTATION_CONTEXT() REPRESENTATION_CONTEXT('2D SPACE',''
  ) );
#280 = PCURVE('',#281,#286);
#281 = PLANE('',#282);
#282 = AXIS2_PLACEMENT_3D('',#283,#284,#285);
#283 = CARTESIAN_POINT('',(46.,-32.,0.));
#284 = DIRECTION('',(-1.,0.,0.));
#285 = DIRECTION('',(0.,1.,0.));
#286 = DEFINITIONAL_REPRESENTATION('',(#287),#291);
#287 = LINE('',#288,#289);
#288 = CARTESIAN_POINT('',(0.,0.));
#289 = VECTOR('',#290,1.);
#290 = DIRECTION('',(1.,0.));
#291 = ( GEOMETRIC_REPRESENTATION_CONTEXT(2) 
PARAMETRIC_REPRESENTATION_CONTEXT() REPRESENTATION_CONTEXT('2D SPACE',''
  ) );
#292 = ORIENTED_EDGE('',*,*,#293,.T.);
#293 = EDGE_CURVE('',#266,#140,#294,.T.);
#294 = SURFACE_CURVE('',#295,(#299,#306),.PCURVE_S1.);
#295 = LINE('',#296,#297);
#296 = CARTESIAN_POINT('',(46.,32.,0.));
#297 = VECTOR('',#298,1.);
#298 = DIRECTION('',(-1.,0.,0.));
#299 = PCURVE('',#44,#300);
#300 = DEFINITIONAL_REPRESENTATION('',(#301),#305);
#301 = LINE('',#302,#303);
#302 = CARTESIAN_POINT('',(46.,32.));
#303 = VECTOR('',#304,1.);
#304 = DIRECTION('',(-1.,0.));
#305 = ( GEOMETRIC_REPRESENTATION_CONTEXT(2) 
PARAMETRIC_REPRESENTATION_CONTEXT() REPRESENTATION_CONTEXT('2D SPACE',''
  ) );
#306 = PCURVE('',#307,#312);
#307 = PLANE('',#308);
#308 = AXIS2_PLACEMENT_3D('',#309,#310,#311);
#309 = CARTESIAN_POINT('',(46.,32.,0.));
#310 = DIRECTION('',(0.,-1.,0.));
#311 = DIRECTION('',(-1.,0.,0.));
#312 = DEFINITIONAL_REPRESENTATION('',(#313),#317);
#313 = LINE('',#314,#315);
#314 = CARTESIAN_POINT('',(0.,-0.));
#315 = VECTOR('',#316,1.);
#316 = DIRECTION('',(1.,0.));
#317 = ( GEOMETRIC_REPRESENTATION_CONTEXT(2) 
PARAMETRIC_REPRESENTATION_CONTEXT() REPRESENTATION_CONTEXT('2D SPACE',''
  ) );
#318 = FACE_BOUND('',#319,.F.);
#319 = EDGE_LOOP('',(#320,#350,#373,#396));
#320 = ORIENTED_EDGE('',*,*,#321,.F.);
#321 = EDGE_CURVE('',#322,#324,#326,.T.);
#322 = VERTEX_POINT('',#323);
#323 = CARTESIAN_POINT('',(-45.4,-24.2,0.));
#324 = VERTEX_POINT('',#325);
#325 = CARTESIAN_POINT('',(-33.6,-24.2,0.));
#326 = SURFACE_CURVE('',#327,(#331,#338),.PCURVE_S1.);
#327 = LINE('',#328,#329);
#328 = CARTESIAN_POINT('',(-45.4,-24.2,0.));
#329 = VECTOR('',#330,1.);
#330 = DIRECTION('',(1.,0.,0.));
#331 = PCURVE('',#44,#332);
#332 = DEFINITIONAL_REPRESENTATION('',(#333),#337);
#333 = LINE('',#334,#335);
#334 = CARTESIAN_POINT('',(-45.4,-24.2));
#335 = VECTOR('',#336,1.);
#336 = DIRECTION('',(1.,0.));
#337 = ( GEOMETRIC_REPRESENTATION_CONTEXT(2) 
PARAMETRIC_REPRESENTATION_CONTEXT() REPRESENTATION_CONTEXT('2D SPACE',''
  ) );
#338 = PCURVE('',#339,#344);
#339 = PLANE('',#340);
#340 = AXIS2_PLACEMENT_3D('',#341,#342,#343);
#341 = CARTESIAN_POINT('',(-39.5,-19.5,0.));
#342 = DIRECTION('',(0.,0.,1.));
#343 = DIRECTION('',(1.,0.,-0.));
#344 = DEFINITIONAL_REPRESENTATION('',(#345),#349);
#345 = LINE('',#346,#347);
#346 = CARTESIAN_POINT('',(-5.9,-4.7));
#347 = VECTOR('',#348,1.);
#348 = DIRECTION('',(1.,0.));
#349 = ( GEOMETRIC_REPRESENTATION_CONTEXT(2) 
PARAMETRIC_REPRESENTATION_CONTEXT() REPRESENTATION_CONTEXT('2D SPACE',''
  ) );
#350 = ORIENTED_EDGE('',*,*,#351,.F.);
#351 = EDGE_CURVE('',#352,#322,#354,.T.);
#352 = VERTEX_POINT('',#353);
#353 = CARTESIAN_POINT('',(-45.4,-14.8,0.));
#354 = SURFACE_CURVE('',#355,(#359,#366),.PCURVE_S1.);
#355 = LINE('',#356,#357);
#356 = CARTESIAN_POINT('',(-45.4,-14.8,0.));
#357 = VECTOR('',#358,1.);
#358 = DIRECTION('',(0.,-1.,0.));
#359 = PCURVE('',#44,#360);
#360 = DEFINITIONAL_REPRESENTATION('',(#361),#365);
#361 = LINE('',#362,#363);
#362 = CARTESIAN_POINT('',(-45.4,-14.8));
#363 = VECTOR('',#364,1.);
#364 = DIRECTION('',(0.,-1.));
#365 = ( GEOMETRIC_REPRESENTATION_CONTEXT(2) 
PARAMETRIC_REPRESENTATION_CONTEXT() REPRESENTATION_CONTEXT('2D SPACE',''
  ) );
#366 = PCURVE('',#339,#367);
#367 = DEFINITIONAL_REPRESENTATION('',(#368),#372);
#368 = LINE('',#369,#370);
#369 = CARTESIAN_POINT('',(-5.9,4.7));
#370 = VECTOR('',#371,1.);
#371 = DIRECTION('',(0.,-1.));
#372 = ( GEOMETRIC_REPRESENTATION_CONTEXT(2) 
PARAMETRIC_REPRESENTATION_CONTEXT() REPRESENTATION_CONTEXT('2D SPACE',''
  ) );
#373 = ORIENTED_EDGE('',*,*,#374,.F.);
#374 = EDGE_CURVE('',#375,#352,#377,.T.);
#375 = VERTEX_POINT('',#376);
#376 = CARTESIAN_POINT('',(-33.6,-14.8,0.));
#377 = SURFACE_CURVE('',#378,(#382,#389),.PCURVE_S1.);
#378 = LINE('',#379,#380);
#379 = CARTESIAN_POINT('',(-33.6,-14.8,0.));
#380 = VECTOR('',#381,1.);
#381 = DIRECTION('',(-1.,0.,0.));
#382 = PCURVE('',#44,#383);
#383 = DEFINITIONAL_REPRESENTATION('',(#384),#388);
#384 = LINE('',#385,#386);
#385 = CARTESIAN_POINT('',(-33.6,-14.8));
#386 = VECTOR('',#387,1.);
#387 = DIRECTION('',(-1.,0.));
#388 = ( GEOMETRIC_REPRESENTATION_CONTEXT(2) 
PARAMETRIC_REPRESENTATION_CONTEXT() REPRESENTATION_CONTEXT('2D SPACE',''
  ) );
#389 = PCURVE('',#339,#390);
#390 = DEFINITIONAL_REPRESENTATION('',(#391),#395);
#391 = LINE('',#392,#393);
#392 = CARTESIAN_POINT('',(5.9,4.7));
#393 = VECTOR('',#394,1.);
#394 = DIRECTION('',(-1.,0.));
#395 = ( GEOMETRIC_REPRESENTATION_CONTEXT(2) 
PARAMETRIC_REPRESENTATION_CONTEXT() REPRESENTATION_CONTEXT('2D SPACE',''
  ) );
#396 = ORIENTED_EDGE('',*,*,#397,.F.);
#397 = EDGE_CURVE('',#324,#375,#398,.T.);
#398 = SURFACE_CURVE('',#399,(#403,#410),.PCURVE_S1.);
#399 = LINE('',#400,#401);
#400 = CARTESIAN_POINT('',(-33.6,-24.2,0.));
#401 = VECTOR('',#402,1.);
#402 = DIRECTION('',(0.,1.,0.));
#403 = PCURVE('',#44,#404);
#404 = DEFINITIONAL_REPRESENTATION('',(#405),#409);
#405 = LINE('',#406,#407);
#406 = CARTESIAN_POINT('',(-33.6,-24.2));
#407 = VECTOR('',#408,1.);
#408 = DIRECTION('',(0.,1.));
#409 = ( GEOMETRIC_REPRESENTATION_CONTEXT(2) 
PARAMETRIC_REPRESENTATION_CONTEXT() REPRESENTATION_CONTEXT('2D SPACE',''
  ) );
#410 = PCURVE('',#339,#411);
#411 = DEFINITIONAL_REPRESENTATION('',(#412),#416);
#412 = LINE('',#413,#414);
#413 = CARTESIAN_POINT('',(5.9,-4.7));
#414 = VECTOR('',#415,1.);
#415 = DIRECTION('',(0.,1.));
#416 = ( GEOMETRIC_REPRESENTATION_CONTEXT(2) 
PARAMETRIC_REPRESENTATION_CONTEXT() REPRESENTATION_CONTEXT('2D SPACE',''
  ) );
#417 = FACE_BOUND('',#418,.F.);
#418 = EDGE_LOOP('',(#419,#449,#472,#495));
#419 = ORIENTED_EDGE('',*,*,#420,.F.);
#420 = EDGE_CURVE('',#421,#423,#425,.T.);
#421 = VERTEX_POINT('',#422);
#422 = CARTESIAN_POINT('',(-45.4,-14.7,0.));
#423 = VERTEX_POINT('',#424);
#424 = CARTESIAN_POINT('',(-33.6,-14.7,0.));
#425 = SURFACE_CURVE('',#426,(#430,#437),.PCURVE_S1.);
#426 = LINE('',#427,#428);
#427 = CARTESIAN_POINT('',(-45.4,-14.7,0.));
#428 = VECTOR('',#429,1.);
#429 = DIRECTION('',(1.,0.,0.));
#430 = PCURVE('',#44,#431);
#431 = DEFINITIONAL_REPRESENTATION('',(#432),#436);
#432 = LINE('',#433,#434);
#433 = CARTESIAN_POINT('',(-45.4,-14.7));
#434 = VECTOR('',#435,1.);
#435 = DIRECTION('',(1.,0.));
#436 = ( GEOMETRIC_REPRESENTATION_CONTEXT(2) 
PARAMETRIC_REPRESENTATION_CONTEXT() REPRESENTATION_CONTEXT('2D SPACE',''
  ) );
#437 = PCURVE('',#438,#443);
#438 = PLANE('',#439);
#439 = AXIS2_PLACEMENT_3D('',#440,#441,#442);
#440 = CARTESIAN_POINT('',(-39.5,-10.,0.));
#441 = DIRECTION('',(0.,0.,1.));
#442 = DIRECTION('',(1.,0.,-0.));
#443 = DEFINITIONAL_REPRESENTATION('',(#444),#448);
#444 = LINE('',#445,#446);
#445 = CARTESIAN_POINT('',(-5.9,-4.7));
#446 = VECTOR('',#447,1.);
#447 = DIRECTION('',(1.,0.));
#448 = ( GEOMETRIC_REPRESENTATION_CONTEXT(2) 
PARAMETRIC_REPRESENTATION_CONTEXT() REPRESENTATION_CONTEXT('2D SPACE',''
  ) );
#449 = ORIENTED_EDGE('',*,*,#450,.F.);
#450 = EDGE_CURVE('',#451,#421,#453,.T.);
#451 = VERTEX_POINT('',#452);
#452 = CARTESIAN_POINT('',(-45.4,-5.3,0.));
#453 = SURFACE_CURVE('',#454,(#458,#465),.PCURVE_S1.);
#454 = LINE('',#455,#456);
#455 = CARTESIAN_POINT('',(-45.4,-5.3,0.));
#456 = VECTOR('',#457,1.);
#457 = DIRECTION('',(0.,-1.,0.));
#458 = PCURVE('',#44,#459);
#459 = DEFINITIONAL_REPRESENTATION('',(#460),#464);
#460 = LINE('',#461,#462);
#461 = CARTESIAN_POINT('',(-45.4,-5.3));
#462 = VECTOR('',#463,1.);
#463 = DIRECTION('',(0.,-1.));
#464 = ( GEOMETRIC_REPRESENTATION_CONTEXT(2) 
PARAMETRIC_REPRESENTATION_CONTEXT() REPRESENTATION_CONTEXT('2D SPACE',''
  ) );
#465 = PCURVE('',#438,#466);
#466 = DEFINITIONAL_REPRESENTATION('',(#467),#471);
#467 = LINE('',#468,#469);
#468 = CARTESIAN_POINT('',(-5.9,4.7));
#469 = VECTOR('',#470,1.);
#470 = DIRECTION('',(0.,-1.));
#471 = ( GEOMETRIC_REPRESENTATION_CONTEXT(2) 
PARAMETRIC_REPRESENTATION_CONTEXT() REPRESENTATION_CONTEXT('2D SPACE',''
  ) );
#472 = ORIENTED_EDGE('',*,*,#473,.F.);
#473 = EDGE_CURVE('',#474,#451,#476,.T.);
#474 = VERTEX_POINT('',#475);
#475 = CARTESIAN_POINT('',(-33.6,-5.3,0.));
#476 = SURFACE_CURVE('',#477,(#481,#488),.PCURVE_S1.);
#477 = LINE('',#478,#479);
#478 = CARTESIAN_POINT('',(-33.6,-5.3,0.));
#479 = VECTOR('',#480,1.);
#480 = DIRECTION('',(-1.,0.,0.));
#481 = PCURVE('',#44,#482);
#482 = DEFINITIONAL_REPRESENTATION('',(#483),#487);
#483 = LINE('',#484,#485);
#484 = CARTESIAN_POINT('',(-33.6,-5.3));
#485 = VECTOR('',#486,1.);
#486 = DIRECTION('',(-1.,0.));
#487 = ( GEOMETRIC_REPRESENTATION_CONTEXT(2) 
PARAMETRIC_REPRESENTATION_CONTEXT() REPRESENTATION_CONTEXT('2D SPACE',''
  ) );
#488 = PCURVE('',#438,#489);
#489 = DEFINITIONAL_REPRESENTATION('',(#490),#494);
#490 = LINE('',#491,#492);
#491 = CARTESIAN_POINT('',(5.9,4.7));
#492 = VECTOR('',#493,1.);
#493 = DIRECTION('',(-1.,0.));
#494 = ( GEOMETRIC_REPRESENTATION_CONTEXT(2) 
PARAMETRIC_REPRESENTATION_CONTEXT() REPRESENTATION_CONTEXT('2D SPACE',''
  ) );
#495 = ORIENTED_EDGE('',*,*,#496,.F.);
#496 = EDGE_CURVE('',#423,#474,#497,.T.);
#497 = SURFACE_CURVE('',#498,(#502,#509),.PCURVE_S1.);
#498 = LINE('',#499,#500);
#499 = CARTESIAN_POINT('',(-33.6,-14.7,0.));
#500 = VECTOR('',#501,1.);
#501 = DIRECTION('',(0.,1.,0.));
#502 = PCURVE('',#44,#503);
#503 = DEFINITIONAL_REPRESENTATION('',(#504),#508);
#504 = LINE('',#505,#506);
#505 = CARTESIAN_POINT('',(-33.6,-14.7));
#506 = VECTOR('',#507,1.);
#507 = DIRECTION('',(0.,1.));
#508 = ( GEOMETRIC_REPRESENTATION_CONTEXT(2) 
PARAMETRIC_REPRESENTATION_CONTEXT() REPRESENTATION_CONTEXT('2D SPACE',''
  ) );
#509 = PCURVE('',#438,#510);
#510 = DEFINITIONAL_REPRESENTATION('',(#511),#515);
#511 = LINE('',#512,#513);
#512 = CARTESIAN_POINT('',(5.9,-4.7));
#513 = VECTOR('',#514,1.);
#514 = DIRECTION('',(0.,1.));
#515 = ( GEOMETRIC_REPRESENTATION_CONTEXT(2) 
PARAMETRIC_REPRESENTATION_CONTEXT() REPRESENTATION_CONTEXT('2D SPACE',''
  ) );
#516 = FACE_BOUND('',#517,.F.);
#517 = EDGE_LOOP('',(#518,#548,#571,#594));
#518 = ORIENTED_EDGE('',*,*,#519,.F.);
#519 = EDGE_CURVE('',#520,#522,#524,.T.);
#520 = VERTEX_POINT('',#521);
#521 = CARTESIAN_POINT('',(-45.4,-5.2,0.));
#522 = VERTEX_POINT('',#523);
#523 = CARTESIAN_POINT('',(-33.6,-5.2,0.));
#524 = SURFACE_CURVE('',#525,(#529,#536),.PCURVE_S1.);
#525 = LINE('',#526,#527);
#526 = CARTESIAN_POINT('',(-45.4,-5.2,0.));
#527 = VECTOR('',#528,1.);
#528 = DIRECTION('',(1.,0.,0.));
#529 = PCURVE('',#44,#530);
#530 = DEFINITIONAL_REPRESENTATION('',(#531),#535);
#531 = LINE('',#532,#533);
#532 = CARTESIAN_POINT('',(-45.4,-5.2));
#533 = VECTOR('',#534,1.);
#534 = DIRECTION('',(1.,0.));
#535 = ( GEOMETRIC_REPRESENTATION_CONTEXT(2) 
PARAMETRIC_REPRESENTATION_CONTEXT() REPRESENTATION_CONTEXT('2D SPACE',''
  ) );
#536 = PCURVE('',#537,#542);
#537 = PLANE('',#538);
#538 = AXIS2_PLACEMENT_3D('',#539,#540,#541);
#539 = CARTESIAN_POINT('',(-39.5,-0.5,0.));
#540 = DIRECTION('',(0.,0.,1.));
#541 = DIRECTION('',(1.,0.,-0.));
#542 = DEFINITIONAL_REPRESENTATION('',(#543),#547);
#543 = LINE('',#544,#545);
#544 = CARTESIAN_POINT('',(-5.9,-4.7));
#545 = VECTOR('',#546,1.);
#546 = DIRECTION('',(1.,0.));
#547 = ( GEOMETRIC_REPRESENTATION_CONTEXT(2) 
PARAMETRIC_REPRESENTATION_CONTEXT() REPRESENTATION_CONTEXT('2D SPACE',''
  ) );
#548 = ORIENTED_EDGE('',*,*,#549,.F.);
#549 = EDGE_CURVE('',#550,#520,#552,.T.);
#550 = VERTEX_POINT('',#551);
#551 = CARTESIAN_POINT('',(-45.4,4.2,0.));
#552 = SURFACE_CURVE('',#553,(#557,#564),.PCURVE_S1.);
#553 = LINE('',#554,#555);
#554 = CARTESIAN_POINT('',(-45.4,4.2,0.));
#555 = VECTOR('',#556,1.);
#556 = DIRECTION('',(0.,-1.,0.));
#557 = PCURVE('',#44,#558);
#558 = DEFINITIONAL_REPRESENTATION('',(#559),#563);
#559 = LINE('',#560,#561);
#560 = CARTESIAN_POINT('',(-45.4,4.2));
#561 = VECTOR('',#562,1.);
#562 = DIRECTION('',(0.,-1.));
#563 = ( GEOMETRIC_REPRESENTATION_CONTEXT(2) 
PARAMETRIC_REPRESENTATION_CONTEXT() REPRESENTATION_CONTEXT('2D SPACE',''
  ) );
#564 = PCURVE('',#537,#565);
#565 = DEFINITIONAL_REPRESENTATION('',(#566),#570);
#566 = LINE('',#567,#568);
#567 = CARTESIAN_POINT('',(-5.9,4.7));
#568 = VECTOR('',#569,1.);
#569 = DIRECTION('',(0.,-1.));
#570 = ( GEOMETRIC_REPRESENTATION_CONTEXT(2) 
PARAMETRIC_REPRESENTATION_CONTEXT() REPRESENTATION_CONTEXT('2D SPACE',''
  ) );
#571 = ORIENTED_EDGE('',*,*,#572,.F.);
#572 = EDGE_CURVE('',#573,#550,#575,.T.);
#573 = VERTEX_POINT('',#574);
#574 = CARTESIAN_POINT('',(-33.6,4.2,0.));
#575 = SURFACE_CURVE('',#576,(#580,#587),.PCURVE_S1.);
#576 = LINE('',#577,#578);
#577 = CARTESIAN_POINT('',(-33.6,4.2,0.));
#578 = VECTOR('',#579,1.);
#579 = DIRECTION('',(-1.,0.,0.));
#580 = PCURVE('',#44,#581);
#581 = DEFINITIONAL_REPRESENTATION('',(#582),#586);
#582 = LINE('',#583,#584);
#583 = CARTESIAN_POINT('',(-33.6,4.2));
#584 = VECTOR('',#585,1.);
#585 = DIRECTION('',(-1.,0.));
#586 = ( GEOMETRIC_REPRESENTATION_CONTEXT(2) 
PARAMETRIC_REPRESENTATION_CONTEXT() REPRESENTATION_CONTEXT('2D SPACE',''
  ) );
#587 = PCURVE('',#537,#588);
#588 = DEFINITIONAL_REPRESENTATION('',(#589),#593);
#589 = LINE('',#590,#591);
#590 = CARTESIAN_POINT('',(5.9,4.7));
#591 = VECTOR('',#592,1.);
#592 = DIRECTION('',(-1.,0.));
#593 = ( GEOMETRIC_REPRESENTATION_CONTEXT(2) 
PARAMETRIC_REPRESENTATION_CONTEXT() REPRESENTATION_CONTEXT('2D SPACE',''
  ) );
#594 = ORIENTED_EDGE('',*,*,#595,.F.);
#595 = EDGE_CURVE('',#522,#573,#596,.T.);
#596 = SURFACE_CURVE('',#597,(#601,#608),.PCURVE_S1.);
#597 = LINE('',#598,#599);
#598 = CARTESIAN_POINT('',(-33.6,-5.2,0.));
#599 = VECTOR('',#600,1.);
#600 = DIRECTION('',(0.,1.,0.));
#601 = PCURVE('',#44,#602);
#602 = DEFINITIONAL_REPRESENTATION('',(#603),#607);
#603 = LINE('',#604,#605);
#604 = CARTESIAN_POINT('',(-33.6,-5.2));
#605 = VECTOR('',#606,1.);
#606 = DIRECTION('',(0.,1.));
#607 = ( GEOMETRIC_REPRESENTATION_CONTEXT(2) 
PARAMETRIC_REPRESENTATION_CONTEXT() REPRESENTATION_CONTEXT('2D SPACE',''
  ) );
#608 = PCURVE('',#537,#609);
#609 = DEFINITIONAL_REPRESENTATION('',(#610),#614);
#610 = LINE('',#611,#612);
#611 = CARTESIAN_POINT('',(5.9,-4.7));
#612 = VECTOR('',#613,1.);
#613 = DIRECTION('',(0.,1.));
#614 = ( GEOMETRIC_REPRESENTATION_CONTEXT(2) 
PARAMETRIC_REPRESENTATION_CONTEXT() REPRESENTATION_CONTEXT('2D SPACE',''
  ) );
#615 = FACE_BOUND('',#616,.F.);
#616 = EDGE_LOOP('',(#617,#647,#670,#693));
#617 = ORIENTED_EDGE('',*,*,#618,.F.);
#618 = EDGE_CURVE('',#619,#621,#623,.T.);
#619 = VERTEX_POINT('',#620);
#620 = CARTESIAN_POINT('',(1.8,1.8,0.));
#621 = VERTEX_POINT('',#622);
#622 = CARTESIAN_POINT('',(-3.4,1.8,0.));
#623 = SURFACE_CURVE('',#624,(#628,#635),.PCURVE_S1.);
#624 = LINE('',#625,#626);
#625 = CARTESIAN_POINT('',(1.8,1.8,0.));
#626 = VECTOR('',#627,1.);
#627 = DIRECTION('',(-1.,0.,0.));
#628 = PCURVE('',#44,#629);
#629 = DEFINITIONAL_REPRESENTATION('',(#630),#634);
#630 = LINE('',#631,#632);
#631 = CARTESIAN_POINT('',(1.8,1.8));
#632 = VECTOR('',#633,1.);
#633 = DIRECTION('',(-1.,0.));
#634 = ( GEOMETRIC_REPRESENTATION_CONTEXT(2) 
PARAMETRIC_REPRESENTATION_CONTEXT() REPRESENTATION_CONTEXT('2D SPACE',''
  ) );
#635 = PCURVE('',#636,#641);
#636 = PLANE('',#637);
#637 = AXIS2_PLACEMENT_3D('',#638,#639,#640);
#638 = CARTESIAN_POINT('',(-0.8,-1.45,0.));
#639 = DIRECTION('',(0.,0.,1.));
#640 = DIRECTION('',(1.,0.,-0.));
#641 = DEFINITIONAL_REPRESENTATION('',(#642),#646);
#642 = LINE('',#643,#644);
#643 = CARTESIAN_POINT('',(2.6,3.25));
#644 = VECTOR('',#645,1.);
#645 = DIRECTION('',(-1.,0.));
#646 = ( GEOMETRIC_REPRESENTATION_CONTEXT(2) 
PARAMETRIC_REPRESENTATION_CONTEXT() REPRESENTATION_CONTEXT('2D SPACE',''
  ) );
#647 = ORIENTED_EDGE('',*,*,#648,.F.);
#648 = EDGE_CURVE('',#649,#619,#651,.T.);
#649 = VERTEX_POINT('',#650);
#650 = CARTESIAN_POINT('',(1.8,-4.7,0.));
#651 = SURFACE_CURVE('',#652,(#656,#663),.PCURVE_S1.);
#652 = LINE('',#653,#654);
#653 = CARTESIAN_POINT('',(1.8,-4.7,0.));
#654 = VECTOR('',#655,1.);
#655 = DIRECTION('',(0.,1.,0.));
#656 = PCURVE('',#44,#657);
#657 = DEFINITIONAL_REPRESENTATION('',(#658),#662);
#658 = LINE('',#659,#660);
#659 = CARTESIAN_POINT('',(1.8,-4.7));
#660 = VECTOR('',#661,1.);
#661 = DIRECTION('',(0.,1.));
#662 = ( GEOMETRIC_REPRESENTATION_CONTEXT(2) 
PARAMETRIC_REPRESENTATION_CONTEXT() REPRESENTATION_CONTEXT('2D SPACE',''
  ) );
#663 = PCURVE('',#636,#664);
#664 = DEFINITIONAL_REPRESENTATION('',(#665),#669);
#665 = LINE('',#666,#667);
#666 = CARTESIAN_POINT('',(2.6,-3.25));
#667 = VECTOR('',#668,1.);
#668 = DIRECTION('',(0.,1.));
#669 = ( GEOMETRIC_REPRESENTATION_CONTEXT(2) 
PARAMETRIC_REPRESENTATION_CONTEXT() REPRESENTATION_CONTEXT('2D SPACE',''
  ) );
#670 = ORIENTED_EDGE('',*,*,#671,.F.);
#671 = EDGE_CURVE('',#672,#649,#674,.T.);
#672 = VERTEX_POINT('',#673);
#673 = CARTESIAN_POINT('',(-3.4,-4.7,0.));
#674 = SURFACE_CURVE('',#675,(#679,#686),.PCURVE_S1.);
#675 = LINE('',#676,#677);
#676 = CARTESIAN_POINT('',(-3.4,-4.7,0.));
#677 = VECTOR('',#678,1.);
#678 = DIRECTION('',(1.,0.,0.));
#679 = PCURVE('',#44,#680);
#680 = DEFINITIONAL_REPRESENTATION('',(#681),#685);
#681 = LINE('',#682,#683);
#682 = CARTESIAN_POINT('',(-3.4,-4.7));
#683 = VECTOR('',#684,1.);
#684 = DIRECTION('',(1.,0.));
#685 = ( GEOMETRIC_REPRESENTATION_CONTEXT(2) 
PARAMETRIC_REPRESENTATION_CONTEXT() REPRESENTATION_CONTEXT('2D SPACE',''
  ) );
#686 = PCURVE('',#636,#687);
#687 = DEFINITIONAL_REPRESENTATION('',(#688),#692);
#688 = LINE('',#689,#690);
#689 = CARTESIAN_POINT('',(-2.6,-3.25));
#690 = VECTOR('',#691,1.);
#691 = DIRECTION('',(1.,0.));
#692 = ( GEOMETRIC_REPRESENTATION_CONTEXT(2) 
PARAMETRIC_REPRESENTATION_CONTEXT() REPRESENTATION_CONTEXT('2D SPACE',''
  ) );
#693 = ORIENTED_EDGE('',*,*,#694,.F.);
#694 = EDGE_CURVE('',#621,#672,#695,.T.);
#695 = SURFACE_CURVE('',#696,(#700,#707),.PCURVE_S1.);
#696 = LINE('',#697,#698);
#697 = CARTESIAN_POINT('',(-3.4,1.8,0.));
#698 = VECTOR('',#699,1.);
#699 = DIRECTION('',(0.,-1.,0.));
#700 = PCURVE('',#44,#701);
#701 = DEFINITIONAL_REPRESENTATION('',(#702),#706);
#702 = LINE('',#703,#704);
#703 = CARTESIAN_POINT('',(-3.4,1.8));
#704 = VECTOR('',#705,1.);
#705 = DIRECTION('',(0.,-1.));
#706 = ( GEOMETRIC_REPRESENTATION_CONTEXT(2) 
PARAMETRIC_REPRESENTATION_CONTEXT() REPRESENTATION_CONTEXT('2D SPACE',''
  ) );
#707 = PCURVE('',#636,#708);
#708 = DEFINITIONAL_REPRESENTATION('',(#709),#713);
#709 = LINE('',#710,#711);
#710 = CARTESIAN_POINT('',(-2.6,3.25));
#711 = VECTOR('',#712,1.);
#712 = DIRECTION('',(0.,-1.));
#713 = ( GEOMETRIC_REPRESENTATION_CONTEXT(2) 
PARAMETRIC_REPRESENTATION_CONTEXT() REPRESENTATION_CONTEXT('2D SPACE',''
  ) );
#714 = FACE_BOUND('',#715,.F.);
#715 = EDGE_LOOP('',(#716,#746,#769,#792));
#716 = ORIENTED_EDGE('',*,*,#717,.F.);
#717 = EDGE_CURVE('',#718,#720,#722,.T.);
#718 = VERTEX_POINT('',#719);
#719 = CARTESIAN_POINT('',(38.2,1.8,0.));
#720 = VERTEX_POINT('',#721);
#721 = CARTESIAN_POINT('',(38.2,-4.7,0.));
#722 = SURFACE_CURVE('',#723,(#727,#734),.PCURVE_S1.);
#723 = LINE('',#724,#725);
#724 = CARTESIAN_POINT('',(38.2,1.8,0.));
#725 = VECTOR('',#726,1.);
#726 = DIRECTION('',(0.,-1.,0.));
#727 = PCURVE('',#44,#728);
#728 = DEFINITIONAL_REPRESENTATION('',(#729),#733);
#729 = LINE('',#730,#731);
#730 = CARTESIAN_POINT('',(38.2,1.8));
#731 = VECTOR('',#732,1.);
#732 = DIRECTION('',(0.,-1.));
#733 = ( GEOMETRIC_REPRESENTATION_CONTEXT(2) 
PARAMETRIC_REPRESENTATION_CONTEXT() REPRESENTATION_CONTEXT('2D SPACE',''
  ) );
#734 = PCURVE('',#735,#740);
#735 = PLANE('',#736);
#736 = AXIS2_PLACEMENT_3D('',#737,#738,#739);
#737 = CARTESIAN_POINT('',(40.8,-1.45,0.));
#738 = DIRECTION('',(0.,0.,1.));
#739 = DIRECTION('',(1.,0.,-0.));
#740 = DEFINITIONAL_REPRESENTATION('',(#741),#745);
#741 = LINE('',#742,#743);
#742 = CARTESIAN_POINT('',(-2.6,3.25));
#743 = VECTOR('',#744,1.);
#744 = DIRECTION('',(0.,-1.));
#745 = ( GEOMETRIC_REPRESENTATION_CONTEXT(2) 
PARAMETRIC_REPRESENTATION_CONTEXT() REPRESENTATION_CONTEXT('2D SPACE',''
  ) );
#746 = ORIENTED_EDGE('',*,*,#747,.F.);
#747 = EDGE_CURVE('',#748,#718,#750,.T.);
#748 = VERTEX_POINT('',#749);
#749 = CARTESIAN_POINT('',(43.4,1.8,0.));
#750 = SURFACE_CURVE('',#751,(#755,#762),.PCURVE_S1.);
#751 = LINE('',#752,#753);
#752 = CARTESIAN_POINT('',(43.4,1.8,0.));
#753 = VECTOR('',#754,1.);
#754 = DIRECTION('',(-1.,0.,0.));
#755 = PCURVE('',#44,#756);
#756 = DEFINITIONAL_REPRESENTATION('',(#757),#761);
#757 = LINE('',#758,#759);
#758 = CARTESIAN_POINT('',(43.4,1.8));
#759 = VECTOR('',#760,1.);
#760 = DIRECTION('',(-1.,0.));
#761 = ( GEOMETRIC_REPRESENTATION_CONTEXT(2) 
PARAMETRIC_REPRESENTATION_CONTEXT() REPRESENTATION_CONTEXT('2D SPACE',''
  ) );
#762 = PCURVE('',#735,#763);
#763 = DEFINITIONAL_REPRESENTATION('',(#764),#768);
#764 = LINE('',#765,#766);
#765 = CARTESIAN_POINT('',(2.6,3.25));
#766 = VECTOR('',#767,1.);
#767 = DIRECTION('',(-1.,0.));
#768 = ( GEOMETRIC_REPRESENTATION_CONTEXT(2) 
PARAMETRIC_REPRESENTATION_CONTEXT() REPRESENTATION_CONTEXT('2D SPACE',''
  ) );
#769 = ORIENTED_EDGE('',*,*,#770,.F.);
#770 = EDGE_CURVE('',#771,#748,#773,.T.);
#771 = VERTEX_POINT('',#772);
#772 = CARTESIAN_POINT('',(43.4,-4.7,0.));
#773 = SURFACE_CURVE('',#774,(#778,#785),.PCURVE_S1.);
#774 = LINE('',#775,#776);
#775 = CARTESIAN_POINT('',(43.4,-4.7,0.));
#776 = VECTOR('',#777,1.);
#777 = DIRECTION('',(0.,1.,0.));
#778 = PCURVE('',#44,#779);
#779 = DEFINITIONAL_REPRESENTATION('',(#780),#784);
#780 = LINE('',#781,#782);
#781 = CARTESIAN_POINT('',(43.4,-4.7));
#782 = VECTOR('',#783,1.);
#783 = DIRECTION('',(0.,1.));
#784 = ( GEOMETRIC_REPRESENTATION_CONTEXT(2) 
PARAMETRIC_REPRESENTATION_CONTEXT() REPRESENTATION_CONTEXT('2D SPACE',''
  ) );
#785 = PCURVE('',#735,#786);
#786 = DEFINITIONAL_REPRESENTATION('',(#787),#791);
#787 = LINE('',#788,#789);
#788 = CARTESIAN_POINT('',(2.6,-3.25));
#789 = VECTOR('',#790,1.);
#790 = DIRECTION('',(0.,1.));
#791 = ( GEOMETRIC_REPRESENTATION_CONTEXT(2) 
PARAMETRIC_REPRESENTATION_CONTEXT() REPRESENTATION_CONTEXT('2D SPACE',''
  ) );
#792 = ORIENTED_EDGE('',*,*,#793,.F.);
#793 = EDGE_CURVE('',#720,#771,#794,.T.);
#794 = SURFACE_CURVE('',#795,(#799,#806),.PCURVE_S1.);
#795 = LINE('',#796,#797);
#796 = CARTESIAN_POINT('',(38.2,-4.7,0.));
#797 = VECTOR('',#798,1.);
#798 = DIRECTION('',(1.,0.,0.));
#799 = PCURVE('',#44,#800);
#800 = DEFINITIONAL_REPRESENTATION('',(#801),#805);
#801 = LINE('',#802,#803);
#802 = CARTESIAN_POINT('',(38.2,-4.7));
#803 = VECTOR('',#804,1.);
#804 = DIRECTION('',(1.,0.));
#805 = ( GEOMETRIC_REPRESENTATION_CONTEXT(2) 
PARAMETRIC_REPRESENTATION_CONTEXT() REPRESENTATION_CONTEXT('2D SPACE',''
  ) );
#806 = PCURVE('',#735,#807);
#807 = DEFINITIONAL_REPRESENTATION('',(#808),#812);
#808 = LINE('',#809,#810);
#809 = CARTESIAN_POINT('',(-2.6,-3.25));
#810 = VECTOR('',#811,1.);
#811 = DIRECTION('',(1.,0.));
#812 = ( GEOMETRIC_REPRESENTATION_CONTEXT(2) 
PARAMETRIC_REPRESENTATION_CONTEXT() REPRESENTATION_CONTEXT('2D SPACE',''
  ) );
#813 = FACE_BOUND('',#814,.F.);
#814 = EDGE_LOOP('',(#815,#845,#868,#891));
#815 = ORIENTED_EDGE('',*,*,#816,.F.);
#816 = EDGE_CURVE('',#817,#819,#821,.T.);
#817 = VERTEX_POINT('',#818);
#818 = CARTESIAN_POINT('',(-45.9,5.7,0.));
#819 = VERTEX_POINT('',#820);
#820 = CARTESIAN_POINT('',(-34.1,5.7,0.));
#821 = SURFACE_CURVE('',#822,(#826,#833),.PCURVE_S1.);
#822 = LINE('',#823,#824);
#823 = CARTESIAN_POINT('',(-45.9,5.7,0.));
#824 = VECTOR('',#825,1.);
#825 = DIRECTION('',(1.,0.,0.));
#826 = PCURVE('',#44,#827);
#827 = DEFINITIONAL_REPRESENTATION('',(#828),#832);
#828 = LINE('',#829,#830);
#829 = CARTESIAN_POINT('',(-45.9,5.7));
#830 = VECTOR('',#831,1.);
#831 = DIRECTION('',(1.,0.));
#832 = ( GEOMETRIC_REPRESENTATION_CONTEXT(2) 
PARAMETRIC_REPRESENTATION_CONTEXT() REPRESENTATION_CONTEXT('2D SPACE',''
  ) );
#833 = PCURVE('',#834,#839);
#834 = PLANE('',#835);
#835 = AXIS2_PLACEMENT_3D('',#836,#837,#838);
#836 = CARTESIAN_POINT('',(-40.,18.,0.));
#837 = DIRECTION('',(0.,0.,1.));
#838 = DIRECTION('',(1.,0.,-0.));
#839 = DEFINITIONAL_REPRESENTATION('',(#840),#844);
#840 = LINE('',#841,#842);
#841 = CARTESIAN_POINT('',(-5.9,-12.3));
#842 = VECTOR('',#843,1.);
#843 = DIRECTION('',(1.,0.));
#844 = ( GEOMETRIC_REPRESENTATION_CONTEXT(2) 
PARAMETRIC_REPRESENTATION_CONTEXT() REPRESENTATION_CONTEXT('2D SPACE',''
  ) );
#845 = ORIENTED_EDGE('',*,*,#846,.F.);
#846 = EDGE_CURVE('',#847,#817,#849,.T.);
#847 = VERTEX_POINT('',#848);
#848 = CARTESIAN_POINT('',(-45.9,30.3,0.));
#849 = SURFACE_CURVE('',#850,(#854,#861),.PCURVE_S1.);
#850 = LINE('',#851,#852);
#851 = CARTESIAN_POINT('',(-45.9,30.3,0.));
#852 = VECTOR('',#853,1.);
#853 = DIRECTION('',(0.,-1.,0.));
#854 = PCURVE('',#44,#855);
#855 = DEFINITIONAL_REPRESENTATION('',(#856),#860);
#856 = LINE('',#857,#858);
#857 = CARTESIAN_POINT('',(-45.9,30.3));
#858 = VECTOR('',#859,1.);
#859 = DIRECTION('',(0.,-1.));
#860 = ( GEOMETRIC_REPRESENTATION_CONTEXT(2) 
PARAMETRIC_REPRESENTATION_CONTEXT() REPRESENTATION_CONTEXT('2D SPACE',''
  ) );
#861 = PCURVE('',#834,#862);
#862 = DEFINITIONAL_REPRESENTATION('',(#863),#867);
#863 = LINE('',#864,#865);
#864 = CARTESIAN_POINT('',(-5.9,12.3));
#865 = VECTOR('',#866,1.);
#866 = DIRECTION('',(0.,-1.));
#867 = ( GEOMETRIC_REPRESENTATION_CONTEXT(2) 
PARAMETRIC_REPRESENTATION_CONTEXT() REPRESENTATION_CONTEXT('2D SPACE',''
  ) );
#868 = ORIENTED_EDGE('',*,*,#869,.F.);
#869 = EDGE_CURVE('',#870,#847,#872,.T.);
#870 = VERTEX_POINT('',#871);
#871 = CARTESIAN_POINT('',(-34.1,30.3,0.));
#872 = SURFACE_CURVE('',#873,(#877,#884),.PCURVE_S1.);
#873 = LINE('',#874,#875);
#874 = CARTESIAN_POINT('',(-34.1,30.3,0.));
#875 = VECTOR('',#876,1.);
#876 = DIRECTION('',(-1.,0.,0.));
#877 = PCURVE('',#44,#878);
#878 = DEFINITIONAL_REPRESENTATION('',(#879),#883);
#879 = LINE('',#880,#881);
#880 = CARTESIAN_POINT('',(-34.1,30.3));
#881 = VECTOR('',#882,1.);
#882 = DIRECTION('',(-1.,0.));
#883 = ( GEOMETRIC_REPRESENTATION_CONTEXT(2) 
PARAMETRIC_REPRESENTATION_CONTEXT() REPRESENTATION_CONTEXT('2D SPACE',''
  ) );
#884 = PCURVE('',#834,#885);
#885 = DEFINITIONAL_REPRESENTATION('',(#886),#890);
#886 = LINE('',#887,#888);
#887 = CARTESIAN_POINT('',(5.9,12.3));
#888 = VECTOR('',#889,1.);
#889 = DIRECTION('',(-1.,0.));
#890 = ( GEOMETRIC_REPRESENTATION_CONTEXT(2) 
PARAMETRIC_REPRESENTATION_CONTEXT() REPRESENTATION_CONTEXT('2D SPACE',''
  ) );
#891 = ORIENTED_EDGE('',*,*,#892,.F.);
#892 = EDGE_CURVE('',#819,#870,#893,.T.);
#893 = SURFACE_CURVE('',#894,(#898,#905),.PCURVE_S1.);
#894 = LINE('',#895,#896);
#895 = CARTESIAN_POINT('',(-34.1,5.7,0.));
#896 = VECTOR('',#897,1.);
#897 = DIRECTION('',(0.,1.,0.));
#898 = PCURVE('',#44,#899);
#899 = DEFINITIONAL_REPRESENTATION('',(#900),#904);
#900 = LINE('',#901,#902);
#901 = CARTESIAN_POINT('',(-34.1,5.7));
#902 = VECTOR('',#903,1.);
#903 = DIRECTION('',(0.,1.));
#904 = ( GEOMETRIC_REPRESENTATION_CONTEXT(2) 
PARAMETRIC_REPRESENTATION_CONTEXT() REPRESENTATION_CONTEXT('2D SPACE',''
  ) );
#905 = PCURVE('',#834,#906);
#906 = DEFINITIONAL_REPRESENTATION('',(#907),#911);
#907 = LINE('',#908,#909);
#908 = CARTESIAN_POINT('',(5.9,-12.3));
#909 = VECTOR('',#910,1.);
#910 = DIRECTION('',(0.,1.));
#911 = ( GEOMETRIC_REPRESENTATION_CONTEXT(2) 
PARAMETRIC_REPRESENTATION_CONTEXT() REPRESENTATION_CONTEXT('2D SPACE',''
  ) );
#912 = FACE_BOUND('',#913,.F.);
#913 = EDGE_LOOP('',(#914,#944,#967,#990));
#914 = ORIENTED_EDGE('',*,*,#915,.F.);
#915 = EDGE_CURVE('',#916,#918,#920,.T.);
#916 = VERTEX_POINT('',#917);
#917 = CARTESIAN_POINT('',(-33.9,5.5,0.));
#918 = VERTEX_POINT('',#919);
#919 = CARTESIAN_POINT('',(-22.1,5.5,0.));
#920 = SURFACE_CURVE('',#921,(#925,#932),.PCURVE_S1.);
#921 = LINE('',#922,#923);
#922 = CARTESIAN_POINT('',(-33.9,5.5,0.));
#923 = VECTOR('',#924,1.);
#924 = DIRECTION('',(1.,0.,0.));
#925 = PCURVE('',#44,#926);
#926 = DEFINITIONAL_REPRESENTATION('',(#927),#931);
#927 = LINE('',#928,#929);
#928 = CARTESIAN_POINT('',(-33.9,5.5));
#929 = VECTOR('',#930,1.);
#930 = DIRECTION('',(1.,0.));
#931 = ( GEOMETRIC_REPRESENTATION_CONTEXT(2) 
PARAMETRIC_REPRESENTATION_CONTEXT() REPRESENTATION_CONTEXT('2D SPACE',''
  ) );
#932 = PCURVE('',#933,#938);
#933 = PLANE('',#934);
#934 = AXIS2_PLACEMENT_3D('',#935,#936,#937);
#935 = CARTESIAN_POINT('',(-28.,18.,0.));
#936 = DIRECTION('',(0.,0.,1.));
#937 = DIRECTION('',(1.,0.,-0.));
#938 = DEFINITIONAL_REPRESENTATION('',(#939),#943);
#939 = LINE('',#940,#941);
#940 = CARTESIAN_POINT('',(-5.9,-12.5));
#941 = VECTOR('',#942,1.);
#942 = DIRECTION('',(1.,0.));
#943 = ( GEOMETRIC_REPRESENTATION_CONTEXT(2) 
PARAMETRIC_REPRESENTATION_CONTEXT() REPRESENTATION_CONTEXT('2D SPACE',''
  ) );
#944 = ORIENTED_EDGE('',*,*,#945,.F.);
#945 = EDGE_CURVE('',#946,#916,#948,.T.);
#946 = VERTEX_POINT('',#947);
#947 = CARTESIAN_POINT('',(-33.9,30.5,0.));
#948 = SURFACE_CURVE('',#949,(#953,#960),.PCURVE_S1.);
#949 = LINE('',#950,#951);
#950 = CARTESIAN_POINT('',(-33.9,30.5,0.));
#951 = VECTOR('',#952,1.);
#952 = DIRECTION('',(0.,-1.,0.));
#953 = PCURVE('',#44,#954);
#954 = DEFINITIONAL_REPRESENTATION('',(#955),#959);
#955 = LINE('',#956,#957);
#956 = CARTESIAN_POINT('',(-33.9,30.5));
#957 = VECTOR('',#958,1.);
#958 = DIRECTION('',(0.,-1.));
#959 = ( GEOMETRIC_REPRESENTATION_CONTEXT(2) 
PARAMETRIC_REPRESENTATION_CONTEXT() REPRESENTATION_CONTEXT('2D SPACE',''
  ) );
#960 = PCURVE('',#933,#961);
#961 = DEFINITIONAL_REPRESENTATION('',(#962),#966);
#962 = LINE('',#963,#964);
#963 = CARTESIAN_POINT('',(-5.9,12.5));
#964 = VECTOR('',#965,1.);
#965 = DIRECTION('',(0.,-1.));
#966 = ( GEOMETRIC_REPRESENTATION_CONTEXT(2) 
PARAMETRIC_REPRESENTATION_CONTEXT() REPRESENTATION_CONTEXT('2D SPACE',''
  ) );
#967 = ORIENTED_EDGE('',*,*,#968,.F.);
#968 = EDGE_CURVE('',#969,#946,#971,.T.);
#969 = VERTEX_POINT('',#970);
#970 = CARTESIAN_POINT('',(-22.1,30.5,0.));
#971 = SURFACE_CURVE('',#972,(#976,#983),.PCURVE_S1.);
#972 = LINE('',#973,#974);
#973 = CARTESIAN_POINT('',(-22.1,30.5,0.));
#974 = VECTOR('',#975,1.);
#975 = DIRECTION('',(-1.,0.,0.));
#976 = PCURVE('',#44,#977);
#977 = DEFINITIONAL_REPRESENTATION('',(#978),#982);
#978 = LINE('',#979,#980);
#979 = CARTESIAN_POINT('',(-22.1,30.5));
#980 = VECTOR('',#981,1.);
#981 = DIRECTION('',(-1.,0.));
#982 = ( GEOMETRIC_REPRESENTATION_CONTEXT(2) 
PARAMETRIC_REPRESENTATION_CONTEXT() REPRESENTATION_CONTEXT('2D SPACE',''
  ) );
#983 = PCURVE('',#933,#984);
#984 = DEFINITIONAL_REPRESENTATION('',(#985),#989);
#985 = LINE('',#986,#987);
#986 = CARTESIAN_POINT('',(5.9,12.5));
#987 = VECTOR('',#988,1.);
#988 = DIRECTION('',(-1.,0.));
#989 = ( GEOMETRIC_REPRESENTATION_CONTEXT(2) 
PARAMETRIC_REPRESENTATION_CONTEXT() REPRESENTATION_CONTEXT('2D SPACE',''
  ) );
#990 = ORIENTED_EDGE('',*,*,#991,.F.);
#991 = EDGE_CURVE('',#918,#969,#992,.T.);
#992 = SURFACE_CURVE('',#993,(#997,#1004),.PCURVE_S1.);
#993 = LINE('',#994,#995);
#994 = CARTESIAN_POINT('',(-22.1,5.5,0.));
#995 = VECTOR('',#996,1.);
#996 = DIRECTION('',(0.,1.,0.));
#997 = PCURVE('',#44,#998);
#998 = DEFINITIONAL_REPRESENTATION('',(#999),#1003);
#999 = LINE('',#1000,#1001);
#1000 = CARTESIAN_POINT('',(-22.1,5.5));
#1001 = VECTOR('',#1002,1.);
#1002 = DIRECTION('',(0.,1.));
#1003 = ( GEOMETRIC_REPRESENTATION_CONTEXT(2) 
PARAMETRIC_REPRESENTATION_CONTEXT() REPRESENTATION_CONTEXT('2D SPACE',''
  ) );
#1004 = PCURVE('',#933,#1005);
#1005 = DEFINITIONAL_REPRESENTATION('',(#1006),#1010);
#1006 = LINE('',#1007,#1008);
#1007 = CARTESIAN_POINT('',(5.9,-12.5));
#1008 = VECTOR('',#1009,1.);
#1009 = DIRECTION('',(0.,1.));
#1010 = ( GEOMETRIC_REPRESENTATION_CONTEXT(2) 
PARAMETRIC_REPRESENTATION_CONTEXT() REPRESENTATION_CONTEXT('2D SPACE',''
  ) );
#1011 = FACE_BOUND('',#1012,.F.);
#1012 = EDGE_LOOP('',(#1013,#1043,#1066,#1089));
#1013 = ORIENTED_EDGE('',*,*,#1014,.F.);
#1014 = EDGE_CURVE('',#1015,#1017,#1019,.T.);
#1015 = VERTEX_POINT('',#1016);
#1016 = CARTESIAN_POINT('',(-21.9,5.3,0.));
#1017 = VERTEX_POINT('',#1018);
#1018 = CARTESIAN_POINT('',(-10.1,5.3,0.));
#1019 = SURFACE_CURVE('',#1020,(#1024,#1031),.PCURVE_S1.);
#1020 = LINE('',#1021,#1022);
#1021 = CARTESIAN_POINT('',(-21.9,5.3,0.));
#1022 = VECTOR('',#1023,1.);
#1023 = DIRECTION('',(1.,0.,0.));
#1024 = PCURVE('',#44,#1025);
#1025 = DEFINITIONAL_REPRESENTATION('',(#1026),#1030);
#1026 = LINE('',#1027,#1028);
#1027 = CARTESIAN_POINT('',(-21.9,5.3));
#1028 = VECTOR('',#1029,1.);
#1029 = DIRECTION('',(1.,0.));
#1030 = ( GEOMETRIC_REPRESENTATION_CONTEXT(2) 
PARAMETRIC_REPRESENTATION_CONTEXT() REPRESENTATION_CONTEXT('2D SPACE',''
  ) );
#1031 = PCURVE('',#1032,#1037);
#1032 = PLANE('',#1033);
#1033 = AXIS2_PLACEMENT_3D('',#1034,#1035,#1036);
#1034 = CARTESIAN_POINT('',(-16.,18.,0.));
#1035 = DIRECTION('',(0.,0.,1.));
#1036 = DIRECTION('',(1.,0.,-0.));
#1037 = DEFINITIONAL_REPRESENTATION('',(#1038),#1042);
#1038 = LINE('',#1039,#1040);
#1039 = CARTESIAN_POINT('',(-5.9,-12.7));
#1040 = VECTOR('',#1041,1.);
#1041 = DIRECTION('',(1.,0.));
#1042 = ( GEOMETRIC_REPRESENTATION_CONTEXT(2) 
PARAMETRIC_REPRESENTATION_CONTEXT() REPRESENTATION_CONTEXT('2D SPACE',''
  ) );
#1043 = ORIENTED_EDGE('',*,*,#1044,.F.);
#1044 = EDGE_CURVE('',#1045,#1015,#1047,.T.);
#1045 = VERTEX_POINT('',#1046);
#1046 = CARTESIAN_POINT('',(-21.9,30.7,0.));
#1047 = SURFACE_CURVE('',#1048,(#1052,#1059),.PCURVE_S1.);
#1048 = LINE('',#1049,#1050);
#1049 = CARTESIAN_POINT('',(-21.9,30.7,0.));
#1050 = VECTOR('',#1051,1.);
#1051 = DIRECTION('',(0.,-1.,0.));
#1052 = PCURVE('',#44,#1053);
#1053 = DEFINITIONAL_REPRESENTATION('',(#1054),#1058);
#1054 = LINE('',#1055,#1056);
#1055 = CARTESIAN_POINT('',(-21.9,30.7));
#1056 = VECTOR('',#1057,1.);
#1057 = DIRECTION('',(0.,-1.));
#1058 = ( GEOMETRIC_REPRESENTATION_CONTEXT(2) 
PARAMETRIC_REPRESENTATION_CONTEXT() REPRESENTATION_CONTEXT('2D SPACE',''
  ) );
#1059 = PCURVE('',#1032,#1060);
#1060 = DEFINITIONAL_REPRESENTATION('',(#1061),#1065);
#1061 = LINE('',#1062,#1063);
#1062 = CARTESIAN_POINT('',(-5.9,12.7));
#1063 = VECTOR('',#1064,1.);
#1064 = DIRECTION('',(0.,-1.));
#1065 = ( GEOMETRIC_REPRESENTATION_CONTEXT(2) 
PARAMETRIC_REPRESENTATION_CONTEXT() REPRESENTATION_CONTEXT('2D SPACE',''
  ) );
#1066 = ORIENTED_EDGE('',*,*,#1067,.F.);
#1067 = EDGE_CURVE('',#1068,#1045,#1070,.T.);
#1068 = VERTEX_POINT('',#1069);
#1069 = CARTESIAN_POINT('',(-10.1,30.7,0.));
#1070 = SURFACE_CURVE('',#1071,(#1075,#1082),.PCURVE_S1.);
#1071 = LINE('',#1072,#1073);
#1072 = CARTESIAN_POINT('',(-10.1,30.7,0.));
#1073 = VECTOR('',#1074,1.);
#1074 = DIRECTION('',(-1.,0.,0.));
#1075 = PCURVE('',#44,#1076);
#1076 = DEFINITIONAL_REPRESENTATION('',(#1077),#1081);
#1077 = LINE('',#1078,#1079);
#1078 = CARTESIAN_POINT('',(-10.1,30.7));
#1079 = VECTOR('',#1080,1.);
#1080 = DIRECTION('',(-1.,0.));
#1081 = ( GEOMETRIC_REPRESENTATION_CONTEXT(2) 
PARAMETRIC_REPRESENTATION_CONTEXT() REPRESENTATION_CONTEXT('2D SPACE',''
  ) );
#1082 = PCURVE('',#1032,#1083);
#1083 = DEFINITIONAL_REPRESENTATION('',(#1084),#1088);
#1084 = LINE('',#1085,#1086);
#1085 = CARTESIAN_POINT('',(5.9,12.7));
#1086 = VECTOR('',#1087,1.);
#1087 = DIRECTION('',(-1.,0.));
#1088 = ( GEOMETRIC_REPRESENTATION_CONTEXT(2) 
PARAMETRIC_REPRESENTATION_CONTEXT() REPRESENTATION_CONTEXT('2D SPACE',''
  ) );
#1089 = ORIENTED_EDGE('',*,*,#1090,.F.);
#1090 = EDGE_CURVE('',#1017,#1068,#1091,.T.);
#1091 = SURFACE_CURVE('',#1092,(#1096,#1103),.PCURVE_S1.);
#1092 = LINE('',#1093,#1094);
#1093 = CARTESIAN_POINT('',(-10.1,5.3,0.));
#1094 = VECTOR('',#1095,1.);
#1095 = DIRECTION('',(0.,1.,0.));
#1096 = PCURVE('',#44,#1097);
#1097 = DEFINITIONAL_REPRESENTATION('',(#1098),#1102);
#1098 = LINE('',#1099,#1100);
#1099 = CARTESIAN_POINT('',(-10.1,5.3));
#1100 = VECTOR('',#1101,1.);
#1101 = DIRECTION('',(0.,1.));
#1102 = ( GEOMETRIC_REPRESENTATION_CONTEXT(2) 
PARAMETRIC_REPRESENTATION_CONTEXT() REPRESENTATION_CONTEXT('2D SPACE',''
  ) );
#1103 = PCURVE('',#1032,#1104);
#1104 = DEFINITIONAL_REPRESENTATION('',(#1105),#1109);
#1105 = LINE('',#1106,#1107);
#1106 = CARTESIAN_POINT('',(5.9,-12.7));
#1107 = VECTOR('',#1108,1.);
#1108 = DIRECTION('',(0.,1.));
#1109 = ( GEOMETRIC_REPRESENTATION_CONTEXT(2) 
PARAMETRIC_REPRESENTATION_CONTEXT() REPRESENTATION_CONTEXT('2D SPACE',''
  ) );
#1110 = FACE_BOUND('',#1111,.F.);
#1111 = EDGE_LOOP('',(#1112));
#1112 = ORIENTED_EDGE('',*,*,#1113,.T.);
#1113 = EDGE_CURVE('',#1114,#1114,#1116,.T.);
#1114 = VERTEX_POINT('',#1115);
#1115 = CARTESIAN_POINT('',(8.6,28.,0.));
#1116 = SURFACE_CURVE('',#1117,(#1122,#1133),.PCURVE_S1.);
#1117 = CIRCLE('',#1118,0.6);
#1118 = AXIS2_PLACEMENT_3D('',#1119,#1120,#1121);
#1119 = CARTESIAN_POINT('',(8.,28.,0.));
#1120 = DIRECTION('',(0.,0.,-1.));
#1121 = DIRECTION('',(1.,0.,0.));
#1122 = PCURVE('',#44,#1123);
#1123 = DEFINITIONAL_REPRESENTATION('',(#1124),#1132);
#1124 = ( BOUNDED_CURVE() B_SPLINE_CURVE(2,(#1125,#1126,#1127,#1128,
#1129,#1130,#1131),.UNSPECIFIED.,.T.,.F.) B_SPLINE_CURVE_WITH_KNOTS((1,2
    ,2,2,2,1),(-2.094395102393,0.,2.094395102393,4.188790204786,
6.28318530718,8.377580409573),.UNSPECIFIED.) CURVE() 
GEOMETRIC_REPRESENTATION_ITEM() RATIONAL_B_SPLINE_CURVE((1.,0.5,1.,0.5,
1.,0.5,1.)) REPRESENTATION_ITEM('') );
#1125 = CARTESIAN_POINT('',(8.6,28.));
#1126 = CARTESIAN_POINT('',(8.6,26.960769515459));
#1127 = CARTESIAN_POINT('',(7.7,27.480384757729));
#1128 = CARTESIAN_POINT('',(6.8,28.));
#1129 = CARTESIAN_POINT('',(7.7,28.519615242271));
#1130 = CARTESIAN_POINT('',(8.6,29.039230484541));
#1131 = CARTESIAN_POINT('',(8.6,28.));
#1132 = ( GEOMETRIC_REPRESENTATION_CONTEXT(2) 
PARAMETRIC_REPRESENTATION_CONTEXT() REPRESENTATION_CONTEXT('2D SPACE',''
  ) );
#1133 = PCURVE('',#1134,#1139);
#1134 = CYLINDRICAL_SURFACE('',#1135,0.6);
#1135 = AXIS2_PLACEMENT_3D('',#1136,#1137,#1138);
#1136 = CARTESIAN_POINT('',(8.,28.,-1.));
#1137 = DIRECTION('',(-0.,-0.,-1.));
#1138 = DIRECTION('',(1.,0.,0.));
#1139 = DEFINITIONAL_REPRESENTATION('',(#1140),#1144);
#1140 = LINE('',#1141,#1142);
#1141 = CARTESIAN_POINT('',(-6.28318530718,-1.));
#1142 = VECTOR('',#1143,1.);
#1143 = DIRECTION('',(1.,-0.));
#1144 = ( GEOMETRIC_REPRESENTATION_CONTEXT(2) 
PARAMETRIC_REPRESENTATION_CONTEXT() REPRESENTATION_CONTEXT('2D SPACE',''
  ) );
#1145 = FACE_BOUND('',#1146,.F.);
#1146 = EDGE_LOOP('',(#1147));
#1147 = ORIENTED_EDGE('',*,*,#1148,.T.);
#1148 = EDGE_CURVE('',#1149,#1149,#1151,.T.);
#1149 = VERTEX_POINT('',#1150);
#1150 = CARTESIAN_POINT('',(16.15,28.,0.));
#1151 = SURFACE_CURVE('',#1152,(#1157,#1168),.PCURVE_S1.);
#1152 = CIRCLE('',#1153,0.65);
#1153 = AXIS2_PLACEMENT_3D('',#1154,#1155,#1156);
#1154 = CARTESIAN_POINT('',(15.5,28.,0.));
#1155 = DIRECTION('',(0.,0.,-1.));
#1156 = DIRECTION('',(1.,0.,0.));
#1157 = PCURVE('',#44,#1158);
#1158 = DEFINITIONAL_REPRESENTATION('',(#1159),#1167);
#1159 = ( BOUNDED_CURVE() B_SPLINE_CURVE(2,(#1160,#1161,#1162,#1163,
#1164,#1165,#1166),.UNSPECIFIED.,.T.,.F.) B_SPLINE_CURVE_WITH_KNOTS((1,2
    ,2,2,2,1),(-2.094395102393,0.,2.094395102393,4.188790204786,
6.28318530718,8.377580409573),.UNSPECIFIED.) CURVE() 
GEOMETRIC_REPRESENTATION_ITEM() RATIONAL_B_SPLINE_CURVE((1.,0.5,1.,0.5,
1.,0.5,1.)) REPRESENTATION_ITEM('') );
#1160 = CARTESIAN_POINT('',(16.15,28.));
#1161 = CARTESIAN_POINT('',(16.15,26.87416697508));
#1162 = CARTESIAN_POINT('',(15.175,27.43708348754));
#1163 = CARTESIAN_POINT('',(14.2,28.));
#1164 = CARTESIAN_POINT('',(15.175,28.56291651246));
#1165 = CARTESIAN_POINT('',(16.15,29.12583302492));
#1166 = CARTESIAN_POINT('',(16.15,28.));
#1167 = ( GEOMETRIC_REPRESENTATION_CONTEXT(2) 
PARAMETRIC_REPRESENTATION_CONTEXT() REPRESENTATION_CONTEXT('2D SPACE',''
  ) );
#1168 = PCURVE('',#1169,#1174);
#1169 = CYLINDRICAL_SURFACE('',#1170,0.65);
#1170 = AXIS2_PLACEMENT_3D('',#1171,#1172,#1173);
#1171 = CARTESIAN_POINT('',(15.5,28.,-1.));
#1172 = DIRECTION('',(-0.,-0.,-1.));
#1173 = DIRECTION('',(1.,0.,0.));
#1174 = DEFINITIONAL_REPRESENTATION('',(#1175),#1179);
#1175 = LINE('',#1176,#1177);
#1176 = CARTESIAN_POINT('',(-6.28318530718,-1.));
#1177 = VECTOR('',#1178,1.);
#1178 = DIRECTION('',(1.,-0.));
#1179 = ( GEOMETRIC_REPRESENTATION_CONTEXT(2) 
PARAMETRIC_REPRESENTATION_CONTEXT() REPRESENTATION_CONTEXT('2D SPACE',''
  ) );
#1180 = FACE_BOUND('',#1181,.F.);
#1181 = EDGE_LOOP('',(#1182));
#1182 = ORIENTED_EDGE('',*,*,#1183,.T.);
#1183 = EDGE_CURVE('',#1184,#1184,#1186,.T.);
#1184 = VERTEX_POINT('',#1185);
#1185 = CARTESIAN_POINT('',(23.7,28.,0.));
#1186 = SURFACE_CURVE('',#1187,(#1192,#1203),.PCURVE_S1.);
#1187 = CIRCLE('',#1188,0.7);
#1188 = AXIS2_PLACEMENT_3D('',#1189,#1190,#1191);
#1189 = CARTESIAN_POINT('',(23.,28.,0.));
#1190 = DIRECTION('',(0.,0.,-1.));
#1191 = DIRECTION('',(1.,0.,0.));
#1192 = PCURVE('',#44,#1193);
#1193 = DEFINITIONAL_REPRESENTATION('',(#1194),#1202);
#1194 = ( BOUNDED_CURVE() B_SPLINE_CURVE(2,(#1195,#1196,#1197,#1198,
#1199,#1200,#1201),.UNSPECIFIED.,.T.,.F.) B_SPLINE_CURVE_WITH_KNOTS((1,2
    ,2,2,2,1),(-2.094395102393,0.,2.094395102393,4.188790204786,
6.28318530718,8.377580409573),.UNSPECIFIED.) CURVE() 
GEOMETRIC_REPRESENTATION_ITEM() RATIONAL_B_SPLINE_CURVE((1.,0.5,1.,0.5,
1.,0.5,1.)) REPRESENTATION_ITEM('') );
#1195 = CARTESIAN_POINT('',(23.7,28.));
#1196 = CARTESIAN_POINT('',(23.7,26.787564434702));
#1197 = CARTESIAN_POINT('',(22.65,27.393782217351));
#1198 = CARTESIAN_POINT('',(21.6,28.));
#1199 = CARTESIAN_POINT('',(22.65,28.606217782649));
#1200 = CARTESIAN_POINT('',(23.7,29.212435565298));
#1201 = CARTESIAN_POINT('',(23.7,28.));
#1202 = ( GEOMETRIC_REPRESENTATION_CONTEXT(2) 
PARAMETRIC_REPRESENTATION_CONTEXT() REPRESENTATION_CONTEXT('2D SPACE',''
  ) );
#1203 = PCURVE('',#1204,#1209);
#1204 = CYLINDRICAL_SURFACE('',#1205,0.7);
#1205 = AXIS2_PLACEMENT_3D('',#1206,#1207,#1208);
#1206 = CARTESIAN_POINT('',(23.,28.,-1.));
#1207 = DIRECTION('',(-0.,-0.,-1.));
#1208 = DIRECTION('',(1.,0.,0.));
#1209 = DEFINITIONAL_REPRESENTATION('',(#1210),#1214);
#1210 = LINE('',#1211,#1212);
#1211 = CARTESIAN_POINT('',(-6.28318530718,-1.));
#1212 = VECTOR('',#1213,1.);
#1213 = DIRECTION('',(1.,-0.));
#1214 = ( GEOMETRIC_REPRESENTATION_CONTEXT(2) 
PARAMETRIC_REPRESENTATION_CONTEXT() REPRESENTATION_CONTEXT('2D SPACE',''
  ) );
#1215 = FACE_BOUND('',#1216,.F.);
#1216 = EDGE_LOOP('',(#1217));
#1217 = ORIENTED_EDGE('',*,*,#1218,.T.);
#1218 = EDGE_CURVE('',#1219,#1219,#1221,.T.);
#1219 = VERTEX_POINT('',#1220);
#1220 = CARTESIAN_POINT('',(31.25,28.,0.));
#1221 = SURFACE_CURVE('',#1222,(#1227,#1238),.PCURVE_S1.);
#1222 = CIRCLE('',#1223,0.75);
#1223 = AXIS2_PLACEMENT_3D('',#1224,#1225,#1226);
#1224 = CARTESIAN_POINT('',(30.5,28.,0.));
#1225 = DIRECTION('',(0.,0.,-1.));
#1226 = DIRECTION('',(1.,0.,0.));
#1227 = PCURVE('',#44,#1228);
#1228 = DEFINITIONAL_REPRESENTATION('',(#1229),#1237);
#1229 = ( BOUNDED_CURVE() B_SPLINE_CURVE(2,(#1230,#1231,#1232,#1233,
#1234,#1235,#1236),.UNSPECIFIED.,.T.,.F.) B_SPLINE_CURVE_WITH_KNOTS((1,2
    ,2,2,2,1),(-2.094395102393,0.,2.094395102393,4.188790204786,
6.28318530718,8.377580409573),.UNSPECIFIED.) CURVE() 
GEOMETRIC_REPRESENTATION_ITEM() RATIONAL_B_SPLINE_CURVE((1.,0.5,1.,0.5,
1.,0.5,1.)) REPRESENTATION_ITEM('') );
#1230 = CARTESIAN_POINT('',(31.25,28.));
#1231 = CARTESIAN_POINT('',(31.25,26.700961894323));
#1232 = CARTESIAN_POINT('',(30.125,27.350480947162));
#1233 = CARTESIAN_POINT('',(29.,28.));
#1234 = CARTESIAN_POINT('',(30.125,28.649519052838));
#1235 = CARTESIAN_POINT('',(31.25,29.299038105677));
#1236 = CARTESIAN_POINT('',(31.25,28.));
#1237 = ( GEOMETRIC_REPRESENTATION_CONTEXT(2) 
PARAMETRIC_REPRESENTATION_CONTEXT() REPRESENTATION_CONTEXT('2D SPACE',''
  ) );
#1238 = PCURVE('',#1239,#1244);
#1239 = CYLINDRICAL_SURFACE('',#1240,0.75);
#1240 = AXIS2_PLACEMENT_3D('',#1241,#1242,#1243);
#1241 = CARTESIAN_POINT('',(30.5,28.,-1.));
#1242 = DIRECTION('',(-0.,-0.,-1.));
#1243 = DIRECTION('',(1.,0.,0.));
#1244 = DEFINITIONAL_REPRESENTATION('',(#1245),#1249);
#1245 = LINE('',#1246,#1247);
#1246 = CARTESIAN_POINT('',(-6.28318530718,-1.));
#1247 = VECTOR('',#1248,1.);
#1248 = DIRECTION('',(1.,-0.));
#1249 = ( GEOMETRIC_REPRESENTATION_CONTEXT(2) 
PARAMETRIC_REPRESENTATION_CONTEXT() REPRESENTATION_CONTEXT('2D SPACE',''
  ) );
#1250 = FACE_BOUND('',#1251,.F.);
#1251 = EDGE_LOOP('',(#1252));
#1252 = ORIENTED_EDGE('',*,*,#1253,.T.);
#1253 = EDGE_CURVE('',#1254,#1254,#1256,.T.);
#1254 = VERTEX_POINT('',#1255);
#1255 = CARTESIAN_POINT('',(38.8,28.,0.));
#1256 = SURFACE_CURVE('',#1257,(#1262,#1273),.PCURVE_S1.);
#1257 = CIRCLE('',#1258,0.8);
#1258 = AXIS2_PLACEMENT_3D('',#1259,#1260,#1261);
#1259 = CARTESIAN_POINT('',(38.,28.,0.));
#1260 = DIRECTION('',(0.,0.,-1.));
#1261 = DIRECTION('',(1.,0.,0.));
#1262 = PCURVE('',#44,#1263);
#1263 = DEFINITIONAL_REPRESENTATION('',(#1264),#1272);
#1264 = ( BOUNDED_CURVE() B_SPLINE_CURVE(2,(#1265,#1266,#1267,#1268,
#1269,#1270,#1271),.UNSPECIFIED.,.T.,.F.) B_SPLINE_CURVE_WITH_KNOTS((1,2
    ,2,2,2,1),(-2.094395102393,0.,2.094395102393,4.188790204786,
6.28318530718,8.377580409573),.UNSPECIFIED.) CURVE() 
GEOMETRIC_REPRESENTATION_ITEM() RATIONAL_B_SPLINE_CURVE((1.,0.5,1.,0.5,
1.,0.5,1.)) REPRESENTATION_ITEM('') );
#1265 = CARTESIAN_POINT('',(38.8,28.));
#1266 = CARTESIAN_POINT('',(38.8,26.614359353945));
#1267 = CARTESIAN_POINT('',(37.6,27.307179676972));
#1268 = CARTESIAN_POINT('',(36.4,28.));
#1269 = CARTESIAN_POINT('',(37.6,28.692820323028));
#1270 = CARTESIAN_POINT('',(38.8,29.385640646055));
#1271 = CARTESIAN_POINT('',(38.8,28.));
#1272 = ( GEOMETRIC_REPRESENTATION_CONTEXT(2) 
PARAMETRIC_REPRESENTATION_CONTEXT() REPRESENTATION_CONTEXT('2D SPACE',''
  ) );
#1273 = PCURVE('',#1274,#1279);
#1274 = CYLINDRICAL_SURFACE('',#1275,0.8);
#1275 = AXIS2_PLACEMENT_3D('',#1276,#1277,#1278);
#1276 = CARTESIAN_POINT('',(38.,28.,-1.));
#1277 = DIRECTION('',(-0.,-0.,-1.));
#1278 = DIRECTION('',(1.,0.,0.));
#1279 = DEFINITIONAL_REPRESENTATION('',(#1280),#1284);
#1280 = LINE('',#1281,#1282);
#1281 = CARTESIAN_POINT('',(-6.28318530718,-1.));
#1282 = VECTOR('',#1283,1.);
#1283 = DIRECTION('',(1.,-0.));
#1284 = ( GEOMETRIC_REPRESENTATION_CONTEXT(2) 
PARAMETRIC_REPRESENTATION_CONTEXT() REPRESENTATION_CONTEXT('2D SPACE',''
  ) );
#1285 = ADVANCED_FACE('',(#1286),#125,.F.);
#1286 = FACE_BOUND('',#1287,.F.);
#1287 = EDGE_LOOP('',(#1288,#1309,#1337,#1365,#1393,#1419));
#1288 = ORIENTED_EDGE('',*,*,#1289,.T.);
#1289 = EDGE_CURVE('',#85,#1290,#1292,.T.);
#1290 = VERTEX_POINT('',#1291);
#1291 = CARTESIAN_POINT('',(-45.4,-24.3,1.6));
#1292 = SURFACE_CURVE('',#1293,(#1297,#1303),.PCURVE_S1.);
#1293 = LINE('',#1294,#1295);
#1294 = CARTESIAN_POINT('',(-45.4,-12.15,1.6));
#1295 = VECTOR('',#1296,1.);
#1296 = DIRECTION('',(-0.,1.,0.));
#1297 = PCURVE('',#125,#1298);
#1298 = DEFINITIONAL_REPRESENTATION('',(#1299),#1302);
#1299 = B_SPLINE_CURVE_WITH_KNOTS('',1,(#1300,#1301),.UNSPECIFIED.,.F.,
  .F.,(2,2),(-19.85,-12.15),.PIECEWISE_BEZIER_KNOTS.);
#1300 = CARTESIAN_POINT('',(7.7,-1.6));
#1301 = CARTESIAN_POINT('',(0.,-1.6));
#1302 = ( GEOMETRIC_REPRESENTATION_CONTEXT(2) 
PARAMETRIC_REPRESENTATION_CONTEXT() REPRESENTATION_CONTEXT('2D SPACE',''
  ) );
#1303 = PCURVE('',#100,#1304);
#1304 = DEFINITIONAL_REPRESENTATION('',(#1305),#1308);
#1305 = B_SPLINE_CURVE_WITH_KNOTS('',1,(#1306,#1307),.UNSPECIFIED.,.F.,
  .F.,(2,2),(-19.85,-12.15),.PIECEWISE_BEZIER_KNOTS.);
#1306 = CARTESIAN_POINT('',(-45.4,-32.));
#1307 = CARTESIAN_POINT('',(-45.4,-24.3));
#1308 = ( GEOMETRIC_REPRESENTATION_CONTEXT(2) 
PARAMETRIC_REPRESENTATION_CONTEXT() REPRESENTATION_CONTEXT('2D SPACE',''
  ) );
#1309 = ORIENTED_EDGE('',*,*,#1310,.T.);
#1310 = EDGE_CURVE('',#1290,#1311,#1313,.T.);
#1311 = VERTEX_POINT('',#1312);
#1312 = CARTESIAN_POINT('',(-45.4,-24.3,5.4));
#1313 = SURFACE_CURVE('',#1314,(#1318,#1325),.PCURVE_S1.);
#1314 = LINE('',#1315,#1316);
#1315 = CARTESIAN_POINT('',(-45.4,-24.3,0.));
#1316 = VECTOR('',#1317,1.);
#1317 = DIRECTION('',(0.,0.,1.));
#1318 = PCURVE('',#125,#1319);
#1319 = DEFINITIONAL_REPRESENTATION('',(#1320),#1324);
#1320 = LINE('',#1321,#1322);
#1321 = CARTESIAN_POINT('',(0.,0.));
#1322 = VECTOR('',#1323,1.);
#1323 = DIRECTION('',(0.,-1.));
#1324 = ( GEOMETRIC_REPRESENTATION_CONTEXT(2) 
PARAMETRIC_REPRESENTATION_CONTEXT() REPRESENTATION_CONTEXT('2D SPACE',''
  ) );
#1325 = PCURVE('',#1326,#1331);
#1326 = PLANE('',#1327);
#1327 = AXIS2_PLACEMENT_3D('',#1328,#1329,#1330);
#1328 = CARTESIAN_POINT('',(-33.6,-24.3,0.));
#1329 = DIRECTION('',(0.,-1.,0.));
#1330 = DIRECTION('',(-1.,0.,0.));
#1331 = DEFINITIONAL_REPRESENTATION('',(#1332),#1336);
#1332 = LINE('',#1333,#1334);
#1333 = CARTESIAN_POINT('',(11.8,0.));
#1334 = VECTOR('',#1335,1.);
#1335 = DIRECTION('',(0.,-1.));
#1336 = ( GEOMETRIC_REPRESENTATION_CONTEXT(2) 
PARAMETRIC_REPRESENTATION_CONTEXT() REPRESENTATION_CONTEXT('2D SPACE',''
  ) );
#1337 = ORIENTED_EDGE('',*,*,#1338,.T.);
#1338 = EDGE_CURVE('',#1311,#1339,#1341,.T.);
#1339 = VERTEX_POINT('',#1340);
#1340 = CARTESIAN_POINT('',(-45.4,-33.7,5.4));
#1341 = SURFACE_CURVE('',#1342,(#1346,#1353),.PCURVE_S1.);
#1342 = LINE('',#1343,#1344);
#1343 = CARTESIAN_POINT('',(-45.4,-24.3,5.4));
#1344 = VECTOR('',#1345,1.);
#1345 = DIRECTION('',(0.,-1.,0.));
#1346 = PCURVE('',#125,#1347);
#1347 = DEFINITIONAL_REPRESENTATION('',(#1348),#1352);
#1348 = LINE('',#1349,#1350);
#1349 = CARTESIAN_POINT('',(0.,-5.4));
#1350 = VECTOR('',#1351,1.);
#1351 = DIRECTION('',(1.,0.));
#1352 = ( GEOMETRIC_REPRESENTATION_CONTEXT(2) 
PARAMETRIC_REPRESENTATION_CONTEXT() REPRESENTATION_CONTEXT('2D SPACE',''
  ) );
#1353 = PCURVE('',#1354,#1359);
#1354 = PLANE('',#1355);
#1355 = AXIS2_PLACEMENT_3D('',#1356,#1357,#1358);
#1356 = CARTESIAN_POINT('',(-39.5,-29.,5.4));
#1357 = DIRECTION('',(0.,0.,1.));
#1358 = DIRECTION('',(1.,0.,-0.));
#1359 = DEFINITIONAL_REPRESENTATION('',(#1360),#1364);
#1360 = LINE('',#1361,#1362);
#1361 = CARTESIAN_POINT('',(-5.9,4.7));
#1362 = VECTOR('',#1363,1.);
#1363 = DIRECTION('',(0.,-1.));
#1364 = ( GEOMETRIC_REPRESENTATION_CONTEXT(2) 
PARAMETRIC_REPRESENTATION_CONTEXT() REPRESENTATION_CONTEXT('2D SPACE',''
  ) );
#1365 = ORIENTED_EDGE('',*,*,#1366,.F.);
#1366 = EDGE_CURVE('',#1367,#1339,#1369,.T.);
#1367 = VERTEX_POINT('',#1368);
#1368 = CARTESIAN_POINT('',(-45.4,-33.7,0.));
#1369 = SURFACE_CURVE('',#1370,(#1374,#1381),.PCURVE_S1.);
#1370 = LINE('',#1371,#1372);
#1371 = CARTESIAN_POINT('',(-45.4,-33.7,0.));
#1372 = VECTOR('',#1373,1.);
#1373 = DIRECTION('',(0.,0.,1.));
#1374 = PCURVE('',#125,#1375);
#1375 = DEFINITIONAL_REPRESENTATION('',(#1376),#1380);
#1376 = LINE('',#1377,#1378);
#1377 = CARTESIAN_POINT('',(9.4,0.));
#1378 = VECTOR('',#1379,1.);
#1379 = DIRECTION('',(0.,-1.));
#1380 = ( GEOMETRIC_REPRESENTATION_CONTEXT(2) 
PARAMETRIC_REPRESENTATION_CONTEXT() REPRESENTATION_CONTEXT('2D SPACE',''
  ) );
#1381 = PCURVE('',#1382,#1387);
#1382 = PLANE('',#1383);
#1383 = AXIS2_PLACEMENT_3D('',#1384,#1385,#1386);
#1384 = CARTESIAN_POINT('',(-45.4,-33.7,0.));
#1385 = DIRECTION('',(0.,1.,0.));
#1386 = DIRECTION('',(1.,0.,0.));
#1387 = DEFINITIONAL_REPRESENTATION('',(#1388),#1392);
#1388 = LINE('',#1389,#1390);
#1389 = CARTESIAN_POINT('',(0.,0.));
#1390 = VECTOR('',#1391,1.);
#1391 = DIRECTION('',(0.,-1.));
#1392 = ( GEOMETRIC_REPRESENTATION_CONTEXT(2) 
PARAMETRIC_REPRESENTATION_CONTEXT() REPRESENTATION_CONTEXT('2D SPACE',''
  ) );
#1393 = ORIENTED_EDGE('',*,*,#1394,.F.);
#1394 = EDGE_CURVE('',#24,#1367,#1395,.T.);
#1395 = SURFACE_CURVE('',#1396,(#1400,#1407),.PCURVE_S1.);
#1396 = LINE('',#1397,#1398);
#1397 = CARTESIAN_POINT('',(-45.4,-24.3,0.));
#1398 = VECTOR('',#1399,1.);
#1399 = DIRECTION('',(0.,-1.,0.));
#1400 = PCURVE('',#125,#1401);
#1401 = DEFINITIONAL_REPRESENTATION('',(#1402),#1406);
#1402 = LINE('',#1403,#1404);
#1403 = CARTESIAN_POINT('',(0.,0.));
#1404 = VECTOR('',#1405,1.);
#1405 = DIRECTION('',(1.,0.));
#1406 = ( GEOMETRIC_REPRESENTATION_CONTEXT(2) 
PARAMETRIC_REPRESENTATION_CONTEXT() REPRESENTATION_CONTEXT('2D SPACE',''
  ) );
#1407 = PCURVE('',#1408,#1413);
#1408 = PLANE('',#1409);
#1409 = AXIS2_PLACEMENT_3D('',#1410,#1411,#1412);
#1410 = CARTESIAN_POINT('',(-39.5,-29.,0.));
#1411 = DIRECTION('',(0.,0.,1.));
#1412 = DIRECTION('',(1.,0.,-0.));
#1413 = DEFINITIONAL_REPRESENTATION('',(#1414),#1418);
#1414 = LINE('',#1415,#1416);
#1415 = CARTESIAN_POINT('',(-5.9,4.7));
#1416 = VECTOR('',#1417,1.);
#1417 = DIRECTION('',(0.,-1.));
#1418 = ( GEOMETRIC_REPRESENTATION_CONTEXT(2) 
PARAMETRIC_REPRESENTATION_CONTEXT() REPRESENTATION_CONTEXT('2D SPACE',''
  ) );
#1419 = ORIENTED_EDGE('',*,*,#112,.F.);
#1420 = ADVANCED_FACE('',(#1421,#1562,#1668,#1774,#1880,#1994,#2108,
    #2214,#2320,#2426,#2532,#2638,#2668,#2698,#2728,#2758),#100,.T.);
#1421 = FACE_BOUND('',#1422,.T.);
#1422 = EDGE_LOOP('',(#1423,#1446,#1447,#1448,#1469,#1495,#1518,#1541));
#1423 = ORIENTED_EDGE('',*,*,#1424,.T.);
#1424 = EDGE_CURVE('',#1425,#57,#1427,.T.);
#1425 = VERTEX_POINT('',#1426);
#1426 = CARTESIAN_POINT('',(-46.,32.,1.6));
#1427 = SURFACE_CURVE('',#1428,(#1432,#1439),.PCURVE_S1.);
#1428 = LINE('',#1429,#1430);
#1429 = CARTESIAN_POINT('',(-46.,32.,1.6));
#1430 = VECTOR('',#1431,1.);
#1431 = DIRECTION('',(0.,-1.,0.));
#1432 = PCURVE('',#100,#1433);
#1433 = DEFINITIONAL_REPRESENTATION('',(#1434),#1438);
#1434 = LINE('',#1435,#1436);
#1435 = CARTESIAN_POINT('',(-46.,32.));
#1436 = VECTOR('',#1437,1.);
#1437 = DIRECTION('',(0.,-1.));
#1438 = ( GEOMETRIC_REPRESENTATION_CONTEXT(2) 
PARAMETRIC_REPRESENTATION_CONTEXT() REPRESENTATION_CONTEXT('2D SPACE',''
  ) );
#1439 = PCURVE('',#72,#1440);
#1440 = DEFINITIONAL_REPRESENTATION('',(#1441),#1445);
#1441 = LINE('',#1442,#1443);
#1442 = CARTESIAN_POINT('',(0.,-1.6));
#1443 = VECTOR('',#1444,1.);
#1444 = DIRECTION('',(1.,0.));
#1445 = ( GEOMETRIC_REPRESENTATION_CONTEXT(2) 
PARAMETRIC_REPRESENTATION_CONTEXT() REPRESENTATION_CONTEXT('2D SPACE',''
  ) );
#1446 = ORIENTED_EDGE('',*,*,#84,.T.);
#1447 = ORIENTED_EDGE('',*,*,#1289,.T.);
#1448 = ORIENTED_EDGE('',*,*,#1449,.T.);
#1449 = EDGE_CURVE('',#1290,#1450,#1452,.T.);
#1450 = VERTEX_POINT('',#1451);
#1451 = CARTESIAN_POINT('',(-33.6,-24.3,1.6));
#1452 = SURFACE_CURVE('',#1453,(#1457,#1463),.PCURVE_S1.);
#1453 = LINE('',#1454,#1455);
#1454 = CARTESIAN_POINT('',(-16.8,-24.3,1.6));
#1455 = VECTOR('',#1456,1.);
#1456 = DIRECTION('',(1.,0.,-0.));
#1457 = PCURVE('',#100,#1458);
#1458 = DEFINITIONAL_REPRESENTATION('',(#1459),#1462);
#1459 = B_SPLINE_CURVE_WITH_KNOTS('',1,(#1460,#1461),.UNSPECIFIED.,.F.,
  .F.,(2,2),(-28.6,-16.8),.PIECEWISE_BEZIER_KNOTS.);
#1460 = CARTESIAN_POINT('',(-45.4,-24.3));
#1461 = CARTESIAN_POINT('',(-33.6,-24.3));
#1462 = ( GEOMETRIC_REPRESENTATION_CONTEXT(2) 
PARAMETRIC_REPRESENTATION_CONTEXT() REPRESENTATION_CONTEXT('2D SPACE',''
  ) );
#1463 = PCURVE('',#1326,#1464);
#1464 = DEFINITIONAL_REPRESENTATION('',(#1465),#1468);
#1465 = B_SPLINE_CURVE_WITH_KNOTS('',1,(#1466,#1467),.UNSPECIFIED.,.F.,
  .F.,(2,2),(-28.6,-16.8),.PIECEWISE_BEZIER_KNOTS.);
#1466 = CARTESIAN_POINT('',(11.8,-1.6));
#1467 = CARTESIAN_POINT('',(0.,-1.6));
#1468 = ( GEOMETRIC_REPRESENTATION_CONTEXT(2) 
PARAMETRIC_REPRESENTATION_CONTEXT() REPRESENTATION_CONTEXT('2D SPACE',''
  ) );
#1469 = ORIENTED_EDGE('',*,*,#1470,.T.);
#1470 = EDGE_CURVE('',#1450,#1471,#1473,.T.);
#1471 = VERTEX_POINT('',#1472);
#1472 = CARTESIAN_POINT('',(-33.6,-32.,1.6));
#1473 = SURFACE_CURVE('',#1474,(#1478,#1484),.PCURVE_S1.);
#1474 = LINE('',#1475,#1476);
#1475 = CARTESIAN_POINT('',(-33.6,-16.85,1.6));
#1476 = VECTOR('',#1477,1.);
#1477 = DIRECTION('',(0.,-1.,0.));
#1478 = PCURVE('',#100,#1479);
#1479 = DEFINITIONAL_REPRESENTATION('',(#1480),#1483);
#1480 = B_SPLINE_CURVE_WITH_KNOTS('',1,(#1481,#1482),.UNSPECIFIED.,.F.,
  .F.,(2,2),(7.45,15.15),.PIECEWISE_BEZIER_KNOTS.);
#1481 = CARTESIAN_POINT('',(-33.6,-24.3));
#1482 = CARTESIAN_POINT('',(-33.6,-32.));
#1483 = ( GEOMETRIC_REPRESENTATION_CONTEXT(2) 
PARAMETRIC_REPRESENTATION_CONTEXT() REPRESENTATION_CONTEXT('2D SPACE',''
  ) );
#1484 = PCURVE('',#1485,#1490);
#1485 = PLANE('',#1486);
#1486 = AXIS2_PLACEMENT_3D('',#1487,#1488,#1489);
#1487 = CARTESIAN_POINT('',(-33.6,-33.7,0.));
#1488 = DIRECTION('',(-1.,0.,0.));
#1489 = DIRECTION('',(0.,1.,0.));
#1490 = DEFINITIONAL_REPRESENTATION('',(#1491),#1494);
#1491 = B_SPLINE_CURVE_WITH_KNOTS('',1,(#1492,#1493),.UNSPECIFIED.,.F.,
  .F.,(2,2),(7.45,15.15),.PIECEWISE_BEZIER_KNOTS.);
#1492 = CARTESIAN_POINT('',(9.4,-1.6));
#1493 = CARTESIAN_POINT('',(1.7,-1.6));
#1494 = ( GEOMETRIC_REPRESENTATION_CONTEXT(2) 
PARAMETRIC_REPRESENTATION_CONTEXT() REPRESENTATION_CONTEXT('2D SPACE',''
  ) );
#1495 = ORIENTED_EDGE('',*,*,#1496,.T.);
#1496 = EDGE_CURVE('',#1471,#1497,#1499,.T.);
#1497 = VERTEX_POINT('',#1498);
#1498 = CARTESIAN_POINT('',(46.,-32.,1.6));
#1499 = SURFACE_CURVE('',#1500,(#1504,#1511),.PCURVE_S1.);
#1500 = LINE('',#1501,#1502);
#1501 = CARTESIAN_POINT('',(-46.,-32.,1.6));
#1502 = VECTOR('',#1503,1.);
#1503 = DIRECTION('',(1.,0.,0.));
#1504 = PCURVE('',#100,#1505);
#1505 = DEFINITIONAL_REPRESENTATION('',(#1506),#1510);
#1506 = LINE('',#1507,#1508);
#1507 = CARTESIAN_POINT('',(-46.,-32.));
#1508 = VECTOR('',#1509,1.);
#1509 = DIRECTION('',(1.,0.));
#1510 = ( GEOMETRIC_REPRESENTATION_CONTEXT(2) 
PARAMETRIC_REPRESENTATION_CONTEXT() REPRESENTATION_CONTEXT('2D SPACE',''
  ) );
#1511 = PCURVE('',#253,#1512);
#1512 = DEFINITIONAL_REPRESENTATION('',(#1513),#1517);
#1513 = LINE('',#1514,#1515);
#1514 = CARTESIAN_POINT('',(0.,-1.6));
#1515 = VECTOR('',#1516,1.);
#1516 = DIRECTION('',(1.,0.));
#1517 = ( GEOMETRIC_REPRESENTATION_CONTEXT(2) 
PARAMETRIC_REPRESENTATION_CONTEXT() REPRESENTATION_CONTEXT('2D SPACE',''
  ) );
#1518 = ORIENTED_EDGE('',*,*,#1519,.T.);
#1519 = EDGE_CURVE('',#1497,#1520,#1522,.T.);
#1520 = VERTEX_POINT('',#1521);
#1521 = CARTESIAN_POINT('',(46.,32.,1.6));
#1522 = SURFACE_CURVE('',#1523,(#1527,#1534),.PCURVE_S1.);
#1523 = LINE('',#1524,#1525);
#1524 = CARTESIAN_POINT('',(46.,-32.,1.6));
#1525 = VECTOR('',#1526,1.);
#1526 = DIRECTION('',(0.,1.,0.));
#1527 = PCURVE('',#100,#1528);
#1528 = DEFINITIONAL_REPRESENTATION('',(#1529),#1533);
#1529 = LINE('',#1530,#1531);
#1530 = CARTESIAN_POINT('',(46.,-32.));
#1531 = VECTOR('',#1532,1.);
#1532 = DIRECTION('',(0.,1.));
#1533 = ( GEOMETRIC_REPRESENTATION_CONTEXT(2) 
PARAMETRIC_REPRESENTATION_CONTEXT() REPRESENTATION_CONTEXT('2D SPACE',''
  ) );
#1534 = PCURVE('',#281,#1535);
#1535 = DEFINITIONAL_REPRESENTATION('',(#1536),#1540);
#1536 = LINE('',#1537,#1538);
#1537 = CARTESIAN_POINT('',(0.,-1.6));
#1538 = VECTOR('',#1539,1.);
#1539 = DIRECTION('',(1.,0.));
#1540 = ( GEOMETRIC_REPRESENTATION_CONTEXT(2) 
PARAMETRIC_REPRESENTATION_CONTEXT() REPRESENTATION_CONTEXT('2D SPACE',''
  ) );
#1541 = ORIENTED_EDGE('',*,*,#1542,.T.);
#1542 = EDGE_CURVE('',#1520,#1425,#1543,.T.);
#1543 = SURFACE_CURVE('',#1544,(#1548,#1555),.PCURVE_S1.);
#1544 = LINE('',#1545,#1546);
#1545 = CARTESIAN_POINT('',(46.,32.,1.6));
#1546 = VECTOR('',#1547,1.);
#1547 = DIRECTION('',(-1.,0.,0.));
#1548 = PCURVE('',#100,#1549);
#1549 = DEFINITIONAL_REPRESENTATION('',(#1550),#1554);
#1550 = LINE('',#1551,#1552);
#1551 = CARTESIAN_POINT('',(46.,32.));
#1552 = VECTOR('',#1553,1.);
#1553 = DIRECTION('',(-1.,0.));
#1554 = ( GEOMETRIC_REPRESENTATION_CONTEXT(2) 
PARAMETRIC_REPRESENTATION_CONTEXT() REPRESENTATION_CONTEXT('2D SPACE',''
  ) );
#1555 = PCURVE('',#307,#1556);
#1556 = DEFINITIONAL_REPRESENTATION('',(#1557),#1561);
#1557 = LINE('',#1558,#1559);
#1558 = CARTESIAN_POINT('',(0.,-1.6));
#1559 = VECTOR('',#1560,1.);
#1560 = DIRECTION('',(1.,0.));
#1561 = ( GEOMETRIC_REPRESENTATION_CONTEXT(2) 
PARAMETRIC_REPRESENTATION_CONTEXT() REPRESENTATION_CONTEXT('2D SPACE',''
  ) );
#1562 = FACE_BOUND('',#1563,.T.);
#1563 = EDGE_LOOP('',(#1564,#1592,#1618,#1644));
#1564 = ORIENTED_EDGE('',*,*,#1565,.T.);
#1565 = EDGE_CURVE('',#1566,#1568,#1570,.T.);
#1566 = VERTEX_POINT('',#1567);
#1567 = CARTESIAN_POINT('',(-33.6,-14.8,1.6));
#1568 = VERTEX_POINT('',#1569);
#1569 = CARTESIAN_POINT('',(-33.6,-24.2,1.6));
#1570 = SURFACE_CURVE('',#1571,(#1575,#1581),.PCURVE_S1.);
#1571 = LINE('',#1572,#1573);
#1572 = CARTESIAN_POINT('',(-33.6,-12.1,1.6));
#1573 = VECTOR('',#1574,1.);
#1574 = DIRECTION('',(0.,-1.,0.));
#1575 = PCURVE('',#100,#1576);
#1576 = DEFINITIONAL_REPRESENTATION('',(#1577),#1580);
#1577 = B_SPLINE_CURVE_WITH_KNOTS('',1,(#1578,#1579),.UNSPECIFIED.,.F.,
  .F.,(2,2),(2.7,12.1),.PIECEWISE_BEZIER_KNOTS.);
#1578 = CARTESIAN_POINT('',(-33.6,-14.8));
#1579 = CARTESIAN_POINT('',(-33.6,-24.2));
#1580 = ( GEOMETRIC_REPRESENTATION_CONTEXT(2) 
PARAMETRIC_REPRESENTATION_CONTEXT() REPRESENTATION_CONTEXT('2D SPACE',''
  ) );
#1581 = PCURVE('',#1582,#1587);
#1582 = PLANE('',#1583);
#1583 = AXIS2_PLACEMENT_3D('',#1584,#1585,#1586);
#1584 = CARTESIAN_POINT('',(-33.6,-24.2,0.));
#1585 = DIRECTION('',(-1.,0.,0.));
#1586 = DIRECTION('',(0.,1.,0.));
#1587 = DEFINITIONAL_REPRESENTATION('',(#1588),#1591);
#1588 = B_SPLINE_CURVE_WITH_KNOTS('',1,(#1589,#1590),.UNSPECIFIED.,.F.,
  .F.,(2,2),(2.7,12.1),.PIECEWISE_BEZIER_KNOTS.);
#1589 = CARTESIAN_POINT('',(9.4,-1.6));
#1590 = CARTESIAN_POINT('',(0.,-1.6));
#1591 = ( GEOMETRIC_REPRESENTATION_CONTEXT(2) 
PARAMETRIC_REPRESENTATION_CONTEXT() REPRESENTATION_CONTEXT('2D SPACE',''
  ) );
#1592 = ORIENTED_EDGE('',*,*,#1593,.T.);
#1593 = EDGE_CURVE('',#1568,#1594,#1596,.T.);
#1594 = VERTEX_POINT('',#1595);
#1595 = CARTESIAN_POINT('',(-45.4,-24.2,1.6));
#1596 = SURFACE_CURVE('',#1597,(#1601,#1607),.PCURVE_S1.);
#1597 = LINE('',#1598,#1599);
#1598 = CARTESIAN_POINT('',(-22.7,-24.2,1.6));
#1599 = VECTOR('',#1600,1.);
#1600 = DIRECTION('',(-1.,0.,0.));
#1601 = PCURVE('',#100,#1602);
#1602 = DEFINITIONAL_REPRESENTATION('',(#1603),#1606);
#1603 = B_SPLINE_CURVE_WITH_KNOTS('',1,(#1604,#1605),.UNSPECIFIED.,.F.,
  .F.,(2,2),(10.9,22.7),.PIECEWISE_BEZIER_KNOTS.);
#1604 = CARTESIAN_POINT('',(-33.6,-24.2));
#1605 = CARTESIAN_POINT('',(-45.4,-24.2));
#1606 = ( GEOMETRIC_REPRESENTATION_CONTEXT(2) 
PARAMETRIC_REPRESENTATION_CONTEXT() REPRESENTATION_CONTEXT('2D SPACE',''
  ) );
#1607 = PCURVE('',#1608,#1613);
#1608 = PLANE('',#1609);
#1609 = AXIS2_PLACEMENT_3D('',#1610,#1611,#1612);
#1610 = CARTESIAN_POINT('',(-45.4,-24.2,0.));
#1611 = DIRECTION('',(0.,1.,0.));
#1612 = DIRECTION('',(1.,0.,0.));
#1613 = DEFINITIONAL_REPRESENTATION('',(#1614),#1617);
#1614 = B_SPLINE_CURVE_WITH_KNOTS('',1,(#1615,#1616),.UNSPECIFIED.,.F.,
  .F.,(2,2),(10.9,22.7),.PIECEWISE_BEZIER_KNOTS.);
#1615 = CARTESIAN_POINT('',(11.8,-1.6));
#1616 = CARTESIAN_POINT('',(0.,-1.6));
#1617 = ( GEOMETRIC_REPRESENTATION_CONTEXT(2) 
PARAMETRIC_REPRESENTATION_CONTEXT() REPRESENTATION_CONTEXT('2D SPACE',''
  ) );
#1618 = ORIENTED_EDGE('',*,*,#1619,.T.);
#1619 = EDGE_CURVE('',#1594,#1620,#1622,.T.);
#1620 = VERTEX_POINT('',#1621);
#1621 = CARTESIAN_POINT('',(-45.4,-14.8,1.6));
#1622 = SURFACE_CURVE('',#1623,(#1627,#1633),.PCURVE_S1.);
#1623 = LINE('',#1624,#1625);
#1624 = CARTESIAN_POINT('',(-45.4,-7.4,1.6));
#1625 = VECTOR('',#1626,1.);
#1626 = DIRECTION('',(-0.,1.,0.));
#1627 = PCURVE('',#100,#1628);
#1628 = DEFINITIONAL_REPRESENTATION('',(#1629),#1632);
#1629 = B_SPLINE_CURVE_WITH_KNOTS('',1,(#1630,#1631),.UNSPECIFIED.,.F.,
  .F.,(2,2),(-16.8,-7.4),.PIECEWISE_BEZIER_KNOTS.);
#1630 = CARTESIAN_POINT('',(-45.4,-24.2));
#1631 = CARTESIAN_POINT('',(-45.4,-14.8));
#1632 = ( GEOMETRIC_REPRESENTATION_CONTEXT(2) 
PARAMETRIC_REPRESENTATION_CONTEXT() REPRESENTATION_CONTEXT('2D SPACE',''
  ) );
#1633 = PCURVE('',#1634,#1639);
#1634 = PLANE('',#1635);
#1635 = AXIS2_PLACEMENT_3D('',#1636,#1637,#1638);
#1636 = CARTESIAN_POINT('',(-45.4,-14.8,0.));
#1637 = DIRECTION('',(1.,0.,-0.));
#1638 = DIRECTION('',(0.,-1.,0.));
#1639 = DEFINITIONAL_REPRESENTATION('',(#1640),#1643);
#1640 = B_SPLINE_CURVE_WITH_KNOTS('',1,(#1641,#1642),.UNSPECIFIED.,.F.,
  .F.,(2,2),(-16.8,-7.4),.PIECEWISE_BEZIER_KNOTS.);
#1641 = CARTESIAN_POINT('',(9.4,-1.6));
#1642 = CARTESIAN_POINT('',(0.,-1.6));
#1643 = ( GEOMETRIC_REPRESENTATION_CONTEXT(2) 
PARAMETRIC_REPRESENTATION_CONTEXT() REPRESENTATION_CONTEXT('2D SPACE',''
  ) );
#1644 = ORIENTED_EDGE('',*,*,#1645,.T.);
#1645 = EDGE_CURVE('',#1620,#1566,#1646,.T.);
#1646 = SURFACE_CURVE('',#1647,(#1651,#1657),.PCURVE_S1.);
#1647 = LINE('',#1648,#1649);
#1648 = CARTESIAN_POINT('',(-16.8,-14.8,1.6));
#1649 = VECTOR('',#1650,1.);
#1650 = DIRECTION('',(1.,0.,-0.));
#1651 = PCURVE('',#100,#1652);
#1652 = DEFINITIONAL_REPRESENTATION('',(#1653),#1656);
#1653 = B_SPLINE_CURVE_WITH_KNOTS('',1,(#1654,#1655),.UNSPECIFIED.,.F.,
  .F.,(2,2),(-28.6,-16.8),.PIECEWISE_BEZIER_KNOTS.);
#1654 = CARTESIAN_POINT('',(-45.4,-14.8));
#1655 = CARTESIAN_POINT('',(-33.6,-14.8));
#1656 = ( GEOMETRIC_REPRESENTATION_CONTEXT(2) 
PARAMETRIC_REPRESENTATION_CONTEXT() REPRESENTATION_CONTEXT('2D SPACE',''
  ) );
#1657 = PCURVE('',#1658,#1663);
#1658 = PLANE('',#1659);
#1659 = AXIS2_PLACEMENT_3D('',#1660,#1661,#1662);
#1660 = CARTESIAN_POINT('',(-33.6,-14.8,0.));
#1661 = DIRECTION('',(0.,-1.,0.));
#1662 = DIRECTION('',(-1.,0.,0.));
#1663 = DEFINITIONAL_REPRESENTATION('',(#1664),#1667);
#1664 = B_SPLINE_CURVE_WITH_KNOTS('',1,(#1665,#1666),.UNSPECIFIED.,.F.,
  .F.,(2,2),(-28.6,-16.8),.PIECEWISE_BEZIER_KNOTS.);
#1665 = CARTESIAN_POINT('',(11.8,-1.6));
#1666 = CARTESIAN_POINT('',(0.,-1.6));
#1667 = ( GEOMETRIC_REPRESENTATION_CONTEXT(2) 
PARAMETRIC_REPRESENTATION_CONTEXT() REPRESENTATION_CONTEXT('2D SPACE',''
  ) );
#1668 = FACE_BOUND('',#1669,.T.);
#1669 = EDGE_LOOP('',(#1670,#1698,#1724,#1750));
#1670 = ORIENTED_EDGE('',*,*,#1671,.T.);
#1671 = EDGE_CURVE('',#1672,#1674,#1676,.T.);
#1672 = VERTEX_POINT('',#1673);
#1673 = CARTESIAN_POINT('',(-33.6,-5.3,1.6));
#1674 = VERTEX_POINT('',#1675);
#1675 = CARTESIAN_POINT('',(-33.6,-14.7,1.6));
#1676 = SURFACE_CURVE('',#1677,(#1681,#1687),.PCURVE_S1.);
#1677 = LINE('',#1678,#1679);
#1678 = CARTESIAN_POINT('',(-33.6,-7.35,1.6));
#1679 = VECTOR('',#1680,1.);
#1680 = DIRECTION('',(0.,-1.,0.));
#1681 = PCURVE('',#100,#1682);
#1682 = DEFINITIONAL_REPRESENTATION('',(#1683),#1686);
#1683 = B_SPLINE_CURVE_WITH_KNOTS('',1,(#1684,#1685),.UNSPECIFIED.,.F.,
  .F.,(2,2),(-2.05,7.35),.PIECEWISE_BEZIER_KNOTS.);
#1684 = CARTESIAN_POINT('',(-33.6,-5.3));
#1685 = CARTESIAN_POINT('',(-33.6,-14.7));
#1686 = ( GEOMETRIC_REPRESENTATION_CONTEXT(2) 
PARAMETRIC_REPRESENTATION_CONTEXT() REPRESENTATION_CONTEXT('2D SPACE',''
  ) );
#1687 = PCURVE('',#1688,#1693);
#1688 = PLANE('',#1689);
#1689 = AXIS2_PLACEMENT_3D('',#1690,#1691,#1692);
#1690 = CARTESIAN_POINT('',(-33.6,-14.7,0.));
#1691 = DIRECTION('',(-1.,0.,0.));
#1692 = DIRECTION('',(0.,1.,0.));
#1693 = DEFINITIONAL_REPRESENTATION('',(#1694),#1697);
#1694 = B_SPLINE_CURVE_WITH_KNOTS('',1,(#1695,#1696),.UNSPECIFIED.,.F.,
  .F.,(2,2),(-2.05,7.35),.PIECEWISE_BEZIER_KNOTS.);
#1695 = CARTESIAN_POINT('',(9.4,-1.6));
#1696 = CARTESIAN_POINT('',(0.,-1.6));
#1697 = ( GEOMETRIC_REPRESENTATION_CONTEXT(2) 
PARAMETRIC_REPRESENTATION_CONTEXT() REPRESENTATION_CONTEXT('2D SPACE',''
  ) );
#1698 = ORIENTED_EDGE('',*,*,#1699,.T.);
#1699 = EDGE_CURVE('',#1674,#1700,#1702,.T.);
#1700 = VERTEX_POINT('',#1701);
#1701 = CARTESIAN_POINT('',(-45.4,-14.7,1.6));
#1702 = SURFACE_CURVE('',#1703,(#1707,#1713),.PCURVE_S1.);
#1703 = LINE('',#1704,#1705);
#1704 = CARTESIAN_POINT('',(-22.7,-14.7,1.6));
#1705 = VECTOR('',#1706,1.);
#1706 = DIRECTION('',(-1.,0.,0.));
#1707 = PCURVE('',#100,#1708);
#1708 = DEFINITIONAL_REPRESENTATION('',(#1709),#1712);
#1709 = B_SPLINE_CURVE_WITH_KNOTS('',1,(#1710,#1711),.UNSPECIFIED.,.F.,
  .F.,(2,2),(10.9,22.7),.PIECEWISE_BEZIER_KNOTS.);
#1710 = CARTESIAN_POINT('',(-33.6,-14.7));
#1711 = CARTESIAN_POINT('',(-45.4,-14.7));
#1712 = ( GEOMETRIC_REPRESENTATION_CONTEXT(2) 
PARAMETRIC_REPRESENTATION_CONTEXT() REPRESENTATION_CONTEXT('2D SPACE',''
  ) );
#1713 = PCURVE('',#1714,#1719);
#1714 = PLANE('',#1715);
#1715 = AXIS2_PLACEMENT_3D('',#1716,#1717,#1718);
#1716 = CARTESIAN_POINT('',(-45.4,-14.7,0.));
#1717 = DIRECTION('',(0.,1.,0.));
#1718 = DIRECTION('',(1.,0.,0.));
#1719 = DEFINITIONAL_REPRESENTATION('',(#1720),#1723);
#1720 = B_SPLINE_CURVE_WITH_KNOTS('',1,(#1721,#1722),.UNSPECIFIED.,.F.,
  .F.,(2,2),(10.9,22.7),.PIECEWISE_BEZIER_KNOTS.);
#1721 = CARTESIAN_POINT('',(11.8,-1.6));
#1722 = CARTESIAN_POINT('',(0.,-1.6));
#1723 = ( GEOMETRIC_REPRESENTATION_CONTEXT(2) 
PARAMETRIC_REPRESENTATION_CONTEXT() REPRESENTATION_CONTEXT('2D SPACE',''
  ) );
#1724 = ORIENTED_EDGE('',*,*,#1725,.T.);
#1725 = EDGE_CURVE('',#1700,#1726,#1728,.T.);
#1726 = VERTEX_POINT('',#1727);
#1727 = CARTESIAN_POINT('',(-45.4,-5.3,1.6));
#1728 = SURFACE_CURVE('',#1729,(#1733,#1739),.PCURVE_S1.);
#1729 = LINE('',#1730,#1731);
#1730 = CARTESIAN_POINT('',(-45.4,-2.65,1.6));
#1731 = VECTOR('',#1732,1.);
#1732 = DIRECTION('',(-0.,1.,0.));
#1733 = PCURVE('',#100,#1734);
#1734 = DEFINITIONAL_REPRESENTATION('',(#1735),#1738);
#1735 = B_SPLINE_CURVE_WITH_KNOTS('',1,(#1736,#1737),.UNSPECIFIED.,.F.,
  .F.,(2,2),(-12.05,-2.65),.PIECEWISE_BEZIER_KNOTS.);
#1736 = CARTESIAN_POINT('',(-45.4,-14.7));
#1737 = CARTESIAN_POINT('',(-45.4,-5.3));
#1738 = ( GEOMETRIC_REPRESENTATION_CONTEXT(2) 
PARAMETRIC_REPRESENTATION_CONTEXT() REPRESENTATION_CONTEXT('2D SPACE',''
  ) );
#1739 = PCURVE('',#1740,#1745);
#1740 = PLANE('',#1741);
#1741 = AXIS2_PLACEMENT_3D('',#1742,#1743,#1744);
#1742 = CARTESIAN_POINT('',(-45.4,-5.3,0.));
#1743 = DIRECTION('',(1.,0.,-0.));
#1744 = DIRECTION('',(0.,-1.,0.));
#1745 = DEFINITIONAL_REPRESENTATION('',(#1746),#1749);
#1746 = B_SPLINE_CURVE_WITH_KNOTS('',1,(#1747,#1748),.UNSPECIFIED.,.F.,
  .F.,(2,2),(-12.05,-2.65),.PIECEWISE_BEZIER_KNOTS.);
#1747 = CARTESIAN_POINT('',(9.4,-1.6));
#1748 = CARTESIAN_POINT('',(0.,-1.6));
#1749 = ( GEOMETRIC_REPRESENTATION_CONTEXT(2) 
PARAMETRIC_REPRESENTATION_CONTEXT() REPRESENTATION_CONTEXT('2D SPACE',''
  ) );
#1750 = ORIENTED_EDGE('',*,*,#1751,.T.);
#1751 = EDGE_CURVE('',#1726,#1672,#1752,.T.);
#1752 = SURFACE_CURVE('',#1753,(#1757,#1763),.PCURVE_S1.);
#1753 = LINE('',#1754,#1755);
#1754 = CARTESIAN_POINT('',(-16.8,-5.3,1.6));
#1755 = VECTOR('',#1756,1.);
#1756 = DIRECTION('',(1.,0.,-0.));
#1757 = PCURVE('',#100,#1758);
#1758 = DEFINITIONAL_REPRESENTATION('',(#1759),#1762);
#1759 = B_SPLINE_CURVE_WITH_KNOTS('',1,(#1760,#1761),.UNSPECIFIED.,.F.,
  .F.,(2,2),(-28.6,-16.8),.PIECEWISE_BEZIER_KNOTS.);
#1760 = CARTESIAN_POINT('',(-45.4,-5.3));
#1761 = CARTESIAN_POINT('',(-33.6,-5.3));
#1762 = ( GEOMETRIC_REPRESENTATION_CONTEXT(2) 
PARAMETRIC_REPRESENTATION_CONTEXT() REPRESENTATION_CONTEXT('2D SPACE',''
  ) );
#1763 = PCURVE('',#1764,#1769);
#1764 = PLANE('',#1765);
#1765 = AXIS2_PLACEMENT_3D('',#1766,#1767,#1768);
#1766 = CARTESIAN_POINT('',(-33.6,-5.3,0.));
#1767 = DIRECTION('',(0.,-1.,0.));
#1768 = DIRECTION('',(-1.,0.,0.));
#1769 = DEFINITIONAL_REPRESENTATION('',(#1770),#1773);
#1770 = B_SPLINE_CURVE_WITH_KNOTS('',1,(#1771,#1772),.UNSPECIFIED.,.F.,
  .F.,(2,2),(-28.6,-16.8),.PIECEWISE_BEZIER_KNOTS.);
#1771 = CARTESIAN_POINT('',(11.8,-1.6));
#1772 = CARTESIAN_POINT('',(0.,-1.6));
#1773 = ( GEOMETRIC_REPRESENTATION_CONTEXT(2) 
PARAMETRIC_REPRESENTATION_CONTEXT() REPRESENTATION_CONTEXT('2D SPACE',''
  ) );
#1774 = FACE_BOUND('',#1775,.T.);
#1775 = EDGE_LOOP('',(#1776,#1804,#1830,#1856));
#1776 = ORIENTED_EDGE('',*,*,#1777,.T.);
#1777 = EDGE_CURVE('',#1778,#1780,#1782,.T.);
#1778 = VERTEX_POINT('',#1779);
#1779 = CARTESIAN_POINT('',(-33.6,4.2,1.6));
#1780 = VERTEX_POINT('',#1781);
#1781 = CARTESIAN_POINT('',(-33.6,-5.2,1.6));
#1782 = SURFACE_CURVE('',#1783,(#1787,#1793),.PCURVE_S1.);
#1783 = LINE('',#1784,#1785);
#1784 = CARTESIAN_POINT('',(-33.6,-2.6,1.6));
#1785 = VECTOR('',#1786,1.);
#1786 = DIRECTION('',(0.,-1.,0.));
#1787 = PCURVE('',#100,#1788);
#1788 = DEFINITIONAL_REPRESENTATION('',(#1789),#1792);
#1789 = B_SPLINE_CURVE_WITH_KNOTS('',1,(#1790,#1791),.UNSPECIFIED.,.F.,
  .F.,(2,2),(-6.8,2.6),.PIECEWISE_BEZIER_KNOTS.);
#1790 = CARTESIAN_POINT('',(-33.6,4.2));
#1791 = CARTESIAN_POINT('',(-33.6,-5.2));
#1792 = ( GEOMETRIC_REPRESENTATION_CONTEXT(2) 
PARAMETRIC_REPRESENTATION_CONTEXT() REPRESENTATION_CONTEXT('2D SPACE',''
  ) );
#1793 = PCURVE('',#1794,#1799);
#1794 = PLANE('',#1795);
#1795 = AXIS2_PLACEMENT_3D('',#1796,#1797,#1798);
#1796 = CARTESIAN_POINT('',(-33.6,-5.2,0.));
#1797 = DIRECTION('',(-1.,0.,0.));
#1798 = DIRECTION('',(0.,1.,0.));
#1799 = DEFINITIONAL_REPRESENTATION('',(#1800),#1803);
#1800 = B_SPLINE_CURVE_WITH_KNOTS('',1,(#1801,#1802),.UNSPECIFIED.,.F.,
  .F.,(2,2),(-6.8,2.6),.PIECEWISE_BEZIER_KNOTS.);
#1801 = CARTESIAN_POINT('',(9.4,-1.6));
#1802 = CARTESIAN_POINT('',(0.,-1.6));
#1803 = ( GEOMETRIC_REPRESENTATION_CONTEXT(2) 
PARAMETRIC_REPRESENTATION_CONTEXT() REPRESENTATION_CONTEXT('2D SPACE',''
  ) );
#1804 = ORIENTED_EDGE('',*,*,#1805,.T.);
#1805 = EDGE_CURVE('',#1780,#1806,#1808,.T.);
#1806 = VERTEX_POINT('',#1807);
#1807 = CARTESIAN_POINT('',(-45.4,-5.2,1.6));
#1808 = SURFACE_CURVE('',#1809,(#1813,#1819),.PCURVE_S1.);
#1809 = LINE('',#1810,#1811);
#1810 = CARTESIAN_POINT('',(-22.7,-5.2,1.6));
#1811 = VECTOR('',#1812,1.);
#1812 = DIRECTION('',(-1.,0.,0.));
#1813 = PCURVE('',#100,#1814);
#1814 = DEFINITIONAL_REPRESENTATION('',(#1815),#1818);
#1815 = B_SPLINE_CURVE_WITH_KNOTS('',1,(#1816,#1817),.UNSPECIFIED.,.F.,
  .F.,(2,2),(10.9,22.7),.PIECEWISE_BEZIER_KNOTS.);
#1816 = CARTESIAN_POINT('',(-33.6,-5.2));
#1817 = CARTESIAN_POINT('',(-45.4,-5.2));
#1818 = ( GEOMETRIC_REPRESENTATION_CONTEXT(2) 
PARAMETRIC_REPRESENTATION_CONTEXT() REPRESENTATION_CONTEXT('2D SPACE',''
  ) );
#1819 = PCURVE('',#1820,#1825);
#1820 = PLANE('',#1821);
#1821 = AXIS2_PLACEMENT_3D('',#1822,#1823,#1824);
#1822 = CARTESIAN_POINT('',(-45.4,-5.2,0.));
#1823 = DIRECTION('',(0.,1.,0.));
#1824 = DIRECTION('',(1.,0.,0.));
#1825 = DEFINITIONAL_REPRESENTATION('',(#1826),#1829);
#1826 = B_SPLINE_CURVE_WITH_KNOTS('',1,(#1827,#1828),.UNSPECIFIED.,.F.,
  .F.,(2,2),(10.9,22.7),.PIECEWISE_BEZIER_KNOTS.);
#1827 = CARTESIAN_POINT('',(11.8,-1.6));
#1828 = CARTESIAN_POINT('',(0.,-1.6));
#1829 = ( GEOMETRIC_REPRESENTATION_CONTEXT(2) 
PARAMETRIC_REPRESENTATION_CONTEXT() REPRESENTATION_CONTEXT('2D SPACE',''
  ) );
#1830 = ORIENTED_EDGE('',*,*,#1831,.T.);
#1831 = EDGE_CURVE('',#1806,#1832,#1834,.T.);
#1832 = VERTEX_POINT('',#1833);
#1833 = CARTESIAN_POINT('',(-45.4,4.2,1.6));
#1834 = SURFACE_CURVE('',#1835,(#1839,#1845),.PCURVE_S1.);
#1835 = LINE('',#1836,#1837);
#1836 = CARTESIAN_POINT('',(-45.4,2.1,1.6));
#1837 = VECTOR('',#1838,1.);
#1838 = DIRECTION('',(-0.,1.,0.));
#1839 = PCURVE('',#100,#1840);
#1840 = DEFINITIONAL_REPRESENTATION('',(#1841),#1844);
#1841 = B_SPLINE_CURVE_WITH_KNOTS('',1,(#1842,#1843),.UNSPECIFIED.,.F.,
  .F.,(2,2),(-7.3,2.1),.PIECEWISE_BEZIER_KNOTS.);
#1842 = CARTESIAN_POINT('',(-45.4,-5.2));
#1843 = CARTESIAN_POINT('',(-45.4,4.2));
#1844 = ( GEOMETRIC_REPRESENTATION_CONTEXT(2) 
PARAMETRIC_REPRESENTATION_CONTEXT() REPRESENTATION_CONTEXT('2D SPACE',''
  ) );
#1845 = PCURVE('',#1846,#1851);
#1846 = PLANE('',#1847);
#1847 = AXIS2_PLACEMENT_3D('',#1848,#1849,#1850);
#1848 = CARTESIAN_POINT('',(-45.4,4.2,0.));
#1849 = DIRECTION('',(1.,0.,-0.));
#1850 = DIRECTION('',(0.,-1.,0.));
#1851 = DEFINITIONAL_REPRESENTATION('',(#1852),#1855);
#1852 = B_SPLINE_CURVE_WITH_KNOTS('',1,(#1853,#1854),.UNSPECIFIED.,.F.,
  .F.,(2,2),(-7.3,2.1),.PIECEWISE_BEZIER_KNOTS.);
#1853 = CARTESIAN_POINT('',(9.4,-1.6));
#1854 = CARTESIAN_POINT('',(0.,-1.6));
#1855 = ( GEOMETRIC_REPRESENTATION_CONTEXT(2) 
PARAMETRIC_REPRESENTATION_CONTEXT() REPRESENTATION_CONTEXT('2D SPACE',''
  ) );
#1856 = ORIENTED_EDGE('',*,*,#1857,.T.);
#1857 = EDGE_CURVE('',#1832,#1778,#1858,.T.);
#1858 = SURFACE_CURVE('',#1859,(#1863,#1869),.PCURVE_S1.);
#1859 = LINE('',#1860,#1861);
#1860 = CARTESIAN_POINT('',(-16.8,4.2,1.6));
#1861 = VECTOR('',#1862,1.);
#1862 = DIRECTION('',(1.,0.,-0.));
#1863 = PCURVE('',#100,#1864);
#1864 = DEFINITIONAL_REPRESENTATION('',(#1865),#1868);
#1865 = B_SPLINE_CURVE_WITH_KNOTS('',1,(#1866,#1867),.UNSPECIFIED.,.F.,
  .F.,(2,2),(-28.6,-16.8),.PIECEWISE_BEZIER_KNOTS.);
#1866 = CARTESIAN_POINT('',(-45.4,4.2));
#1867 = CARTESIAN_POINT('',(-33.6,4.2));
#1868 = ( GEOMETRIC_REPRESENTATION_CONTEXT(2) 
PARAMETRIC_REPRESENTATION_CONTEXT() REPRESENTATION_CONTEXT('2D SPACE',''
  ) );
#1869 = PCURVE('',#1870,#1875);
#1870 = PLANE('',#1871);
#1871 = AXIS2_PLACEMENT_3D('',#1872,#1873,#1874);
#1872 = CARTESIAN_POINT('',(-33.6,4.2,0.));
#1873 = DIRECTION('',(0.,-1.,0.));
#1874 = DIRECTION('',(-1.,0.,0.));
#1875 = DEFINITIONAL_REPRESENTATION('',(#1876),#1879);
#1876 = B_SPLINE_CURVE_WITH_KNOTS('',1,(#1877,#1878),.UNSPECIFIED.,.F.,
  .F.,(2,2),(-28.6,-16.8),.PIECEWISE_BEZIER_KNOTS.);
#1877 = CARTESIAN_POINT('',(11.8,-1.6));
#1878 = CARTESIAN_POINT('',(0.,-1.6));
#1879 = ( GEOMETRIC_REPRESENTATION_CONTEXT(2) 
PARAMETRIC_REPRESENTATION_CONTEXT() REPRESENTATION_CONTEXT('2D SPACE',''
  ) );
#1880 = FACE_BOUND('',#1881,.T.);
#1881 = EDGE_LOOP('',(#1882,#1912,#1940,#1968));
#1882 = ORIENTED_EDGE('',*,*,#1883,.F.);
#1883 = EDGE_CURVE('',#1884,#1886,#1888,.T.);
#1884 = VERTEX_POINT('',#1885);
#1885 = CARTESIAN_POINT('',(14.75,-31.5,1.6));
#1886 = VERTEX_POINT('',#1887);
#1887 = CARTESIAN_POINT('',(19.75,-31.5,1.6));
#1888 = SURFACE_CURVE('',#1889,(#1893,#1900),.PCURVE_S1.);
#1889 = LINE('',#1890,#1891);
#1890 = CARTESIAN_POINT('',(14.75,-31.5,1.6));
#1891 = VECTOR('',#1892,1.);
#1892 = DIRECTION('',(1.,0.,0.));
#1893 = PCURVE('',#100,#1894);
#1894 = DEFINITIONAL_REPRESENTATION('',(#1895),#1899);
#1895 = LINE('',#1896,#1897);
#1896 = CARTESIAN_POINT('',(14.75,-31.5));
#1897 = VECTOR('',#1898,1.);
#1898 = DIRECTION('',(1.,0.));
#1899 = ( GEOMETRIC_REPRESENTATION_CONTEXT(2) 
PARAMETRIC_REPRESENTATION_CONTEXT() REPRESENTATION_CONTEXT('2D SPACE',''
  ) );
#1900 = PCURVE('',#1901,#1906);
#1901 = PLANE('',#1902);
#1902 = AXIS2_PLACEMENT_3D('',#1903,#1904,#1905);
#1903 = CARTESIAN_POINT('',(14.75,-31.5,1.6));
#1904 = DIRECTION('',(0.,1.,0.));
#1905 = DIRECTION('',(1.,0.,0.));
#1906 = DEFINITIONAL_REPRESENTATION('',(#1907),#1911);
#1907 = LINE('',#1908,#1909);
#1908 = CARTESIAN_POINT('',(0.,0.));
#1909 = VECTOR('',#1910,1.);
#1910 = DIRECTION('',(1.,0.));
#1911 = ( GEOMETRIC_REPRESENTATION_CONTEXT(2) 
PARAMETRIC_REPRESENTATION_CONTEXT() REPRESENTATION_CONTEXT('2D SPACE',''
  ) );
#1912 = ORIENTED_EDGE('',*,*,#1913,.F.);
#1913 = EDGE_CURVE('',#1914,#1884,#1916,.T.);
#1914 = VERTEX_POINT('',#1915);
#1915 = CARTESIAN_POINT('',(14.75,-26.5,1.6));
#1916 = SURFACE_CURVE('',#1917,(#1921,#1928),.PCURVE_S1.);
#1917 = LINE('',#1918,#1919);
#1918 = CARTESIAN_POINT('',(14.75,-26.5,1.6));
#1919 = VECTOR('',#1920,1.);
#1920 = DIRECTION('',(0.,-1.,0.));
#1921 = PCURVE('',#100,#1922);
#1922 = DEFINITIONAL_REPRESENTATION('',(#1923),#1927);
#1923 = LINE('',#1924,#1925);
#1924 = CARTESIAN_POINT('',(14.75,-26.5));
#1925 = VECTOR('',#1926,1.);
#1926 = DIRECTION('',(0.,-1.));
#1927 = ( GEOMETRIC_REPRESENTATION_CONTEXT(2) 
PARAMETRIC_REPRESENTATION_CONTEXT() REPRESENTATION_CONTEXT('2D SPACE',''
  ) );
#1928 = PCURVE('',#1929,#1934);
#1929 = PLANE('',#1930);
#1930 = AXIS2_PLACEMENT_3D('',#1931,#1932,#1933);
#1931 = CARTESIAN_POINT('',(14.75,-26.5,1.6));
#1932 = DIRECTION('',(1.,0.,-0.));
#1933 = DIRECTION('',(0.,-1.,0.));
#1934 = DEFINITIONAL_REPRESENTATION('',(#1935),#1939);
#1935 = LINE('',#1936,#1937);
#1936 = CARTESIAN_POINT('',(0.,0.));
#1937 = VECTOR('',#1938,1.);
#1938 = DIRECTION('',(1.,0.));
#1939 = ( GEOMETRIC_REPRESENTATION_CONTEXT(2) 
PARAMETRIC_REPRESENTATION_CONTEXT() REPRESENTATION_CONTEXT('2D SPACE',''
  ) );
#1940 = ORIENTED_EDGE('',*,*,#1941,.F.);
#1941 = EDGE_CURVE('',#1942,#1914,#1944,.T.);
#1942 = VERTEX_POINT('',#1943);
#1943 = CARTESIAN_POINT('',(19.75,-26.5,1.6));
#1944 = SURFACE_CURVE('',#1945,(#1949,#1956),.PCURVE_S1.);
#1945 = LINE('',#1946,#1947);
#1946 = CARTESIAN_POINT('',(19.75,-26.5,1.6));
#1947 = VECTOR('',#1948,1.);
#1948 = DIRECTION('',(-1.,0.,0.));
#1949 = PCURVE('',#100,#1950);
#1950 = DEFINITIONAL_REPRESENTATION('',(#1951),#1955);
#1951 = LINE('',#1952,#1953);
#1952 = CARTESIAN_POINT('',(19.75,-26.5));
#1953 = VECTOR('',#1954,1.);
#1954 = DIRECTION('',(-1.,0.));
#1955 = ( GEOMETRIC_REPRESENTATION_CONTEXT(2) 
PARAMETRIC_REPRESENTATION_CONTEXT() REPRESENTATION_CONTEXT('2D SPACE',''
  ) );
#1956 = PCURVE('',#1957,#1962);
#1957 = PLANE('',#1958);
#1958 = AXIS2_PLACEMENT_3D('',#1959,#1960,#1961);
#1959 = CARTESIAN_POINT('',(19.75,-26.5,1.6));
#1960 = DIRECTION('',(0.,-1.,0.));
#1961 = DIRECTION('',(-1.,0.,0.));
#1962 = DEFINITIONAL_REPRESENTATION('',(#1963),#1967);
#1963 = LINE('',#1964,#1965);
#1964 = CARTESIAN_POINT('',(0.,-0.));
#1965 = VECTOR('',#1966,1.);
#1966 = DIRECTION('',(1.,0.));
#1967 = ( GEOMETRIC_REPRESENTATION_CONTEXT(2) 
PARAMETRIC_REPRESENTATION_CONTEXT() REPRESENTATION_CONTEXT('2D SPACE',''
  ) );
#1968 = ORIENTED_EDGE('',*,*,#1969,.F.);
#1969 = EDGE_CURVE('',#1886,#1942,#1970,.T.);
#1970 = SURFACE_CURVE('',#1971,(#1975,#1982),.PCURVE_S1.);
#1971 = LINE('',#1972,#1973);
#1972 = CARTESIAN_POINT('',(19.75,-31.5,1.6));
#1973 = VECTOR('',#1974,1.);
#1974 = DIRECTION('',(0.,1.,0.));
#1975 = PCURVE('',#100,#1976);
#1976 = DEFINITIONAL_REPRESENTATION('',(#1977),#1981);
#1977 = LINE('',#1978,#1979);
#1978 = CARTESIAN_POINT('',(19.75,-31.5));
#1979 = VECTOR('',#1980,1.);
#1980 = DIRECTION('',(0.,1.));
#1981 = ( GEOMETRIC_REPRESENTATION_CONTEXT(2) 
PARAMETRIC_REPRESENTATION_CONTEXT() REPRESENTATION_CONTEXT('2D SPACE',''
  ) );
#1982 = PCURVE('',#1983,#1988);
#1983 = PLANE('',#1984);
#1984 = AXIS2_PLACEMENT_3D('',#1985,#1986,#1987);
#1985 = CARTESIAN_POINT('',(19.75,-31.5,1.6));
#1986 = DIRECTION('',(-1.,0.,0.));
#1987 = DIRECTION('',(0.,1.,0.));
#1988 = DEFINITIONAL_REPRESENTATION('',(#1989),#1993);
#1989 = LINE('',#1990,#1991);
#1990 = CARTESIAN_POINT('',(0.,0.));
#1991 = VECTOR('',#1992,1.);
#1992 = DIRECTION('',(1.,0.));
#1993 = ( GEOMETRIC_REPRESENTATION_CONTEXT(2) 
PARAMETRIC_REPRESENTATION_CONTEXT() REPRESENTATION_CONTEXT('2D SPACE',''
  ) );
#1994 = FACE_BOUND('',#1995,.T.);
#1995 = EDGE_LOOP('',(#1996,#2026,#2054,#2082));
#1996 = ORIENTED_EDGE('',*,*,#1997,.F.);
#1997 = EDGE_CURVE('',#1998,#2000,#2002,.T.);
#1998 = VERTEX_POINT('',#1999);
#1999 = CARTESIAN_POINT('',(14.75,-18.5,1.6));
#2000 = VERTEX_POINT('',#2001);
#2001 = CARTESIAN_POINT('',(19.75,-18.5,1.6));
#2002 = SURFACE_CURVE('',#2003,(#2007,#2014),.PCURVE_S1.);
#2003 = LINE('',#2004,#2005);
#2004 = CARTESIAN_POINT('',(14.75,-18.5,1.6));
#2005 = VECTOR('',#2006,1.);
#2006 = DIRECTION('',(1.,0.,0.));
#2007 = PCURVE('',#100,#2008);
#2008 = DEFINITIONAL_REPRESENTATION('',(#2009),#2013);
#2009 = LINE('',#2010,#2011);
#2010 = CARTESIAN_POINT('',(14.75,-18.5));
#2011 = VECTOR('',#2012,1.);
#2012 = DIRECTION('',(1.,0.));
#2013 = ( GEOMETRIC_REPRESENTATION_CONTEXT(2) 
PARAMETRIC_REPRESENTATION_CONTEXT() REPRESENTATION_CONTEXT('2D SPACE',''
  ) );
#2014 = PCURVE('',#2015,#2020);
#2015 = PLANE('',#2016);
#2016 = AXIS2_PLACEMENT_3D('',#2017,#2018,#2019);
#2017 = CARTESIAN_POINT('',(14.75,-18.5,1.6));
#2018 = DIRECTION('',(0.,1.,0.));
#2019 = DIRECTION('',(1.,0.,0.));
#2020 = DEFINITIONAL_REPRESENTATION('',(#2021),#2025);
#2021 = LINE('',#2022,#2023);
#2022 = CARTESIAN_POINT('',(0.,0.));
#2023 = VECTOR('',#2024,1.);
#2024 = DIRECTION('',(1.,0.));
#2025 = ( GEOMETRIC_REPRESENTATION_CONTEXT(2) 
PARAMETRIC_REPRESENTATION_CONTEXT() REPRESENTATION_CONTEXT('2D SPACE',''
  ) );
#2026 = ORIENTED_EDGE('',*,*,#2027,.F.);
#2027 = EDGE_CURVE('',#2028,#1998,#2030,.T.);
#2028 = VERTEX_POINT('',#2029);
#2029 = CARTESIAN_POINT('',(14.75,-13.5,1.6));
#2030 = SURFACE_CURVE('',#2031,(#2035,#2042),.PCURVE_S1.);
#2031 = LINE('',#2032,#2033);
#2032 = CARTESIAN_POINT('',(14.75,-13.5,1.6));
#2033 = VECTOR('',#2034,1.);
#2034 = DIRECTION('',(0.,-1.,0.));
#2035 = PCURVE('',#100,#2036);
#2036 = DEFINITIONAL_REPRESENTATION('',(#2037),#2041);
#2037 = LINE('',#2038,#2039);
#2038 = CARTESIAN_POINT('',(14.75,-13.5));
#2039 = VECTOR('',#2040,1.);
#2040 = DIRECTION('',(0.,-1.));
#2041 = ( GEOMETRIC_REPRESENTATION_CONTEXT(2) 
PARAMETRIC_REPRESENTATION_CONTEXT() REPRESENTATION_CONTEXT('2D SPACE',''
  ) );
#2042 = PCURVE('',#2043,#2048);
#2043 = PLANE('',#2044);
#2044 = AXIS2_PLACEMENT_3D('',#2045,#2046,#2047);
#2045 = CARTESIAN_POINT('',(14.75,-13.5,1.6));
#2046 = DIRECTION('',(1.,0.,-0.));
#2047 = DIRECTION('',(0.,-1.,0.));
#2048 = DEFINITIONAL_REPRESENTATION('',(#2049),#2053);
#2049 = LINE('',#2050,#2051);
#2050 = CARTESIAN_POINT('',(0.,0.));
#2051 = VECTOR('',#2052,1.);
#2052 = DIRECTION('',(1.,0.));
#2053 = ( GEOMETRIC_REPRESENTATION_CONTEXT(2) 
PARAMETRIC_REPRESENTATION_CONTEXT() REPRESENTATION_CONTEXT('2D SPACE',''
  ) );
#2054 = ORIENTED_EDGE('',*,*,#2055,.F.);
#2055 = EDGE_CURVE('',#2056,#2028,#2058,.T.);
#2056 = VERTEX_POINT('',#2057);
#2057 = CARTESIAN_POINT('',(19.75,-13.5,1.6));
#2058 = SURFACE_CURVE('',#2059,(#2063,#2070),.PCURVE_S1.);
#2059 = LINE('',#2060,#2061);
#2060 = CARTESIAN_POINT('',(19.75,-13.5,1.6));
#2061 = VECTOR('',#2062,1.);
#2062 = DIRECTION('',(-1.,0.,0.));
#2063 = PCURVE('',#100,#2064);
#2064 = DEFINITIONAL_REPRESENTATION('',(#2065),#2069);
#2065 = LINE('',#2066,#2067);
#2066 = CARTESIAN_POINT('',(19.75,-13.5));
#2067 = VECTOR('',#2068,1.);
#2068 = DIRECTION('',(-1.,0.));
#2069 = ( GEOMETRIC_REPRESENTATION_CONTEXT(2) 
PARAMETRIC_REPRESENTATION_CONTEXT() REPRESENTATION_CONTEXT('2D SPACE',''
  ) );
#2070 = PCURVE('',#2071,#2076);
#2071 = PLANE('',#2072);
#2072 = AXIS2_PLACEMENT_3D('',#2073,#2074,#2075);
#2073 = CARTESIAN_POINT('',(19.75,-13.5,1.6));
#2074 = DIRECTION('',(0.,-1.,0.));
#2075 = DIRECTION('',(-1.,0.,0.));
#2076 = DEFINITIONAL_REPRESENTATION('',(#2077),#2081);
#2077 = LINE('',#2078,#2079);
#2078 = CARTESIAN_POINT('',(0.,-0.));
#2079 = VECTOR('',#2080,1.);
#2080 = DIRECTION('',(1.,0.));
#2081 = ( GEOMETRIC_REPRESENTATION_CONTEXT(2) 
PARAMETRIC_REPRESENTATION_CONTEXT() REPRESENTATION_CONTEXT('2D SPACE',''
  ) );
#2082 = ORIENTED_EDGE('',*,*,#2083,.F.);
#2083 = EDGE_CURVE('',#2000,#2056,#2084,.T.);
#2084 = SURFACE_CURVE('',#2085,(#2089,#2096),.PCURVE_S1.);
#2085 = LINE('',#2086,#2087);
#2086 = CARTESIAN_POINT('',(19.75,-18.5,1.6));
#2087 = VECTOR('',#2088,1.);
#2088 = DIRECTION('',(0.,1.,0.));
#2089 = PCURVE('',#100,#2090);
#2090 = DEFINITIONAL_REPRESENTATION('',(#2091),#2095);
#2091 = LINE('',#2092,#2093);
#2092 = CARTESIAN_POINT('',(19.75,-18.5));
#2093 = VECTOR('',#2094,1.);
#2094 = DIRECTION('',(0.,1.));
#2095 = ( GEOMETRIC_REPRESENTATION_CONTEXT(2) 
PARAMETRIC_REPRESENTATION_CONTEXT() REPRESENTATION_CONTEXT('2D SPACE',''
  ) );
#2096 = PCURVE('',#2097,#2102);
#2097 = PLANE('',#2098);
#2098 = AXIS2_PLACEMENT_3D('',#2099,#2100,#2101);
#2099 = CARTESIAN_POINT('',(19.75,-18.5,1.6));
#2100 = DIRECTION('',(-1.,0.,0.));
#2101 = DIRECTION('',(0.,1.,0.));
#2102 = DEFINITIONAL_REPRESENTATION('',(#2103),#2107);
#2103 = LINE('',#2104,#2105);
#2104 = CARTESIAN_POINT('',(0.,0.));
#2105 = VECTOR('',#2106,1.);
#2106 = DIRECTION('',(1.,0.));
#2107 = ( GEOMETRIC_REPRESENTATION_CONTEXT(2) 
PARAMETRIC_REPRESENTATION_CONTEXT() REPRESENTATION_CONTEXT('2D SPACE',''
  ) );
#2108 = FACE_BOUND('',#2109,.T.);
#2109 = EDGE_LOOP('',(#2110,#2138,#2164,#2190));
#2110 = ORIENTED_EDGE('',*,*,#2111,.T.);
#2111 = EDGE_CURVE('',#2112,#2114,#2116,.T.);
#2112 = VERTEX_POINT('',#2113);
#2113 = CARTESIAN_POINT('',(-3.4,-4.7,1.6));
#2114 = VERTEX_POINT('',#2115);
#2115 = CARTESIAN_POINT('',(-3.4,1.8,1.6));
#2116 = SURFACE_CURVE('',#2117,(#2121,#2127),.PCURVE_S1.);
#2117 = LINE('',#2118,#2119);
#2118 = CARTESIAN_POINT('',(-3.4,0.9,1.6));
#2119 = VECTOR('',#2120,1.);
#2120 = DIRECTION('',(-0.,1.,0.));
#2121 = PCURVE('',#100,#2122);
#2122 = DEFINITIONAL_REPRESENTATION('',(#2123),#2126);
#2123 = B_SPLINE_CURVE_WITH_KNOTS('',1,(#2124,#2125),.UNSPECIFIED.,.F.,
  .F.,(2,2),(-5.6,0.9),.PIECEWISE_BEZIER_KNOTS.);
#2124 = CARTESIAN_POINT('',(-3.4,-4.7));
#2125 = CARTESIAN_POINT('',(-3.4,1.8));
#2126 = ( GEOMETRIC_REPRESENTATION_CONTEXT(2) 
PARAMETRIC_REPRESENTATION_CONTEXT() REPRESENTATION_CONTEXT('2D SPACE',''
  ) );
#2127 = PCURVE('',#2128,#2133);
#2128 = PLANE('',#2129);
#2129 = AXIS2_PLACEMENT_3D('',#2130,#2131,#2132);
#2130 = CARTESIAN_POINT('',(-3.4,1.8,0.));
#2131 = DIRECTION('',(1.,0.,-0.));
#2132 = DIRECTION('',(0.,-1.,0.));
#2133 = DEFINITIONAL_REPRESENTATION('',(#2134),#2137);
#2134 = B_SPLINE_CURVE_WITH_KNOTS('',1,(#2135,#2136),.UNSPECIFIED.,.F.,
  .F.,(2,2),(-5.6,0.9),.PIECEWISE_BEZIER_KNOTS.);
#2135 = CARTESIAN_POINT('',(6.5,-1.6));
#2136 = CARTESIAN_POINT('',(0.,-1.6));
#2137 = ( GEOMETRIC_REPRESENTATION_CONTEXT(2) 
PARAMETRIC_REPRESENTATION_CONTEXT() REPRESENTATION_CONTEXT('2D SPACE',''
  ) );
#2138 = ORIENTED_EDGE('',*,*,#2139,.T.);
#2139 = EDGE_CURVE('',#2114,#2140,#2142,.T.);
#2140 = VERTEX_POINT('',#2141);
#2141 = CARTESIAN_POINT('',(1.8,1.8,1.6));
#2142 = SURFACE_CURVE('',#2143,(#2147,#2153),.PCURVE_S1.);
#2143 = LINE('',#2144,#2145);
#2144 = CARTESIAN_POINT('',(0.9,1.8,1.6));
#2145 = VECTOR('',#2146,1.);
#2146 = DIRECTION('',(1.,0.,-0.));
#2147 = PCURVE('',#100,#2148);
#2148 = DEFINITIONAL_REPRESENTATION('',(#2149),#2152);
#2149 = B_SPLINE_CURVE_WITH_KNOTS('',1,(#2150,#2151),.UNSPECIFIED.,.F.,
  .F.,(2,2),(-4.3,0.9),.PIECEWISE_BEZIER_KNOTS.);
#2150 = CARTESIAN_POINT('',(-3.4,1.8));
#2151 = CARTESIAN_POINT('',(1.8,1.8));
#2152 = ( GEOMETRIC_REPRESENTATION_CONTEXT(2) 
PARAMETRIC_REPRESENTATION_CONTEXT() REPRESENTATION_CONTEXT('2D SPACE',''
  ) );
#2153 = PCURVE('',#2154,#2159);
#2154 = PLANE('',#2155);
#2155 = AXIS2_PLACEMENT_3D('',#2156,#2157,#2158);
#2156 = CARTESIAN_POINT('',(1.8,1.8,0.));
#2157 = DIRECTION('',(0.,-1.,0.));
#2158 = DIRECTION('',(-1.,0.,0.));
#2159 = DEFINITIONAL_REPRESENTATION('',(#2160),#2163);
#2160 = B_SPLINE_CURVE_WITH_KNOTS('',1,(#2161,#2162),.UNSPECIFIED.,.F.,
  .F.,(2,2),(-4.3,0.9),.PIECEWISE_BEZIER_KNOTS.);
#2161 = CARTESIAN_POINT('',(5.2,-1.6));
#2162 = CARTESIAN_POINT('',(0.,-1.6));
#2163 = ( GEOMETRIC_REPRESENTATION_CONTEXT(2) 
PARAMETRIC_REPRESENTATION_CONTEXT() REPRESENTATION_CONTEXT('2D SPACE',''
  ) );
#2164 = ORIENTED_EDGE('',*,*,#2165,.T.);
#2165 = EDGE_CURVE('',#2140,#2166,#2168,.T.);
#2166 = VERTEX_POINT('',#2167);
#2167 = CARTESIAN_POINT('',(1.8,-4.7,1.6));
#2168 = SURFACE_CURVE('',#2169,(#2173,#2179),.PCURVE_S1.);
#2169 = LINE('',#2170,#2171);
#2170 = CARTESIAN_POINT('',(1.8,-2.35,1.6));
#2171 = VECTOR('',#2172,1.);
#2172 = DIRECTION('',(0.,-1.,0.));
#2173 = PCURVE('',#100,#2174);
#2174 = DEFINITIONAL_REPRESENTATION('',(#2175),#2178);
#2175 = B_SPLINE_CURVE_WITH_KNOTS('',1,(#2176,#2177),.UNSPECIFIED.,.F.,
  .F.,(2,2),(-4.15,2.35),.PIECEWISE_BEZIER_KNOTS.);
#2176 = CARTESIAN_POINT('',(1.8,1.8));
#2177 = CARTESIAN_POINT('',(1.8,-4.7));
#2178 = ( GEOMETRIC_REPRESENTATION_CONTEXT(2) 
PARAMETRIC_REPRESENTATION_CONTEXT() REPRESENTATION_CONTEXT('2D SPACE',''
  ) );
#2179 = PCURVE('',#2180,#2185);
#2180 = PLANE('',#2181);
#2181 = AXIS2_PLACEMENT_3D('',#2182,#2183,#2184);
#2182 = CARTESIAN_POINT('',(1.8,-4.7,0.));
#2183 = DIRECTION('',(-1.,0.,0.));
#2184 = DIRECTION('',(0.,1.,0.));
#2185 = DEFINITIONAL_REPRESENTATION('',(#2186),#2189);
#2186 = B_SPLINE_CURVE_WITH_KNOTS('',1,(#2187,#2188),.UNSPECIFIED.,.F.,
  .F.,(2,2),(-4.15,2.35),.PIECEWISE_BEZIER_KNOTS.);
#2187 = CARTESIAN_POINT('',(6.5,-1.6));
#2188 = CARTESIAN_POINT('',(0.,-1.6));
#2189 = ( GEOMETRIC_REPRESENTATION_CONTEXT(2) 
PARAMETRIC_REPRESENTATION_CONTEXT() REPRESENTATION_CONTEXT('2D SPACE',''
  ) );
#2190 = ORIENTED_EDGE('',*,*,#2191,.T.);
#2191 = EDGE_CURVE('',#2166,#2112,#2192,.T.);
#2192 = SURFACE_CURVE('',#2193,(#2197,#2203),.PCURVE_S1.);
#2193 = LINE('',#2194,#2195);
#2194 = CARTESIAN_POINT('',(-1.7,-4.7,1.6));
#2195 = VECTOR('',#2196,1.);
#2196 = DIRECTION('',(-1.,0.,0.));
#2197 = PCURVE('',#100,#2198);
#2198 = DEFINITIONAL_REPRESENTATION('',(#2199),#2202);
#2199 = B_SPLINE_CURVE_WITH_KNOTS('',1,(#2200,#2201),.UNSPECIFIED.,.F.,
  .F.,(2,2),(-3.5,1.7),.PIECEWISE_BEZIER_KNOTS.);
#2200 = CARTESIAN_POINT('',(1.8,-4.7));
#2201 = CARTESIAN_POINT('',(-3.4,-4.7));
#2202 = ( GEOMETRIC_REPRESENTATION_CONTEXT(2) 
PARAMETRIC_REPRESENTATION_CONTEXT() REPRESENTATION_CONTEXT('2D SPACE',''
  ) );
#2203 = PCURVE('',#2204,#2209);
#2204 = PLANE('',#2205);
#2205 = AXIS2_PLACEMENT_3D('',#2206,#2207,#2208);
#2206 = CARTESIAN_POINT('',(-3.4,-4.7,0.));
#2207 = DIRECTION('',(0.,1.,0.));
#2208 = DIRECTION('',(1.,0.,0.));
#2209 = DEFINITIONAL_REPRESENTATION('',(#2210),#2213);
#2210 = B_SPLINE_CURVE_WITH_KNOTS('',1,(#2211,#2212),.UNSPECIFIED.,.F.,
  .F.,(2,2),(-3.5,1.7),.PIECEWISE_BEZIER_KNOTS.);
#2211 = CARTESIAN_POINT('',(5.2,-1.6));
#2212 = CARTESIAN_POINT('',(0.,-1.6));
#2213 = ( GEOMETRIC_REPRESENTATION_CONTEXT(2) 
PARAMETRIC_REPRESENTATION_CONTEXT() REPRESENTATION_CONTEXT('2D SPACE',''
  ) );
#2214 = FACE_BOUND('',#2215,.T.);
#2215 = EDGE_LOOP('',(#2216,#2244,#2270,#2296));
#2216 = ORIENTED_EDGE('',*,*,#2217,.T.);
#2217 = EDGE_CURVE('',#2218,#2220,#2222,.T.);
#2218 = VERTEX_POINT('',#2219);
#2219 = CARTESIAN_POINT('',(43.4,-4.7,1.6));
#2220 = VERTEX_POINT('',#2221);
#2221 = CARTESIAN_POINT('',(38.2,-4.7,1.6));
#2222 = SURFACE_CURVE('',#2223,(#2227,#2233),.PCURVE_S1.);
#2223 = LINE('',#2224,#2225);
#2224 = CARTESIAN_POINT('',(19.1,-4.7,1.6));
#2225 = VECTOR('',#2226,1.);
#2226 = DIRECTION('',(-1.,0.,0.));
#2227 = PCURVE('',#100,#2228);
#2228 = DEFINITIONAL_REPRESENTATION('',(#2229),#2232);
#2229 = B_SPLINE_CURVE_WITH_KNOTS('',1,(#2230,#2231),.UNSPECIFIED.,.F.,
  .F.,(2,2),(-24.3,-19.1),.PIECEWISE_BEZIER_KNOTS.);
#2230 = CARTESIAN_POINT('',(43.4,-4.7));
#2231 = CARTESIAN_POINT('',(38.2,-4.7));
#2232 = ( GEOMETRIC_REPRESENTATION_CONTEXT(2) 
PARAMETRIC_REPRESENTATION_CONTEXT() REPRESENTATION_CONTEXT('2D SPACE',''
  ) );
#2233 = PCURVE('',#2234,#2239);
#2234 = PLANE('',#2235);
#2235 = AXIS2_PLACEMENT_3D('',#2236,#2237,#2238);
#2236 = CARTESIAN_POINT('',(38.2,-4.7,0.));
#2237 = DIRECTION('',(0.,1.,0.));
#2238 = DIRECTION('',(1.,0.,0.));
#2239 = DEFINITIONAL_REPRESENTATION('',(#2240),#2243);
#2240 = B_SPLINE_CURVE_WITH_KNOTS('',1,(#2241,#2242),.UNSPECIFIED.,.F.,
  .F.,(2,2),(-24.3,-19.1),.PIECEWISE_BEZIER_KNOTS.);
#2241 = CARTESIAN_POINT('',(5.2,-1.6));
#2242 = CARTESIAN_POINT('',(0.,-1.6));
#2243 = ( GEOMETRIC_REPRESENTATION_CONTEXT(2) 
PARAMETRIC_REPRESENTATION_CONTEXT() REPRESENTATION_CONTEXT('2D SPACE',''
  ) );
#2244 = ORIENTED_EDGE('',*,*,#2245,.T.);
#2245 = EDGE_CURVE('',#2220,#2246,#2248,.T.);
#2246 = VERTEX_POINT('',#2247);
#2247 = CARTESIAN_POINT('',(38.2,1.8,1.6));
#2248 = SURFACE_CURVE('',#2249,(#2253,#2259),.PCURVE_S1.);
#2249 = LINE('',#2250,#2251);
#2250 = CARTESIAN_POINT('',(38.2,0.9,1.6));
#2251 = VECTOR('',#2252,1.);
#2252 = DIRECTION('',(-0.,1.,0.));
#2253 = PCURVE('',#100,#2254);
#2254 = DEFINITIONAL_REPRESENTATION('',(#2255),#2258);
#2255 = B_SPLINE_CURVE_WITH_KNOTS('',1,(#2256,#2257),.UNSPECIFIED.,.F.,
  .F.,(2,2),(-5.6,0.9),.PIECEWISE_BEZIER_KNOTS.);
#2256 = CARTESIAN_POINT('',(38.2,-4.7));
#2257 = CARTESIAN_POINT('',(38.2,1.8));
#2258 = ( GEOMETRIC_REPRESENTATION_CONTEXT(2) 
PARAMETRIC_REPRESENTATION_CONTEXT() REPRESENTATION_CONTEXT('2D SPACE',''
  ) );
#2259 = PCURVE('',#2260,#2265);
#2260 = PLANE('',#2261);
#2261 = AXIS2_PLACEMENT_3D('',#2262,#2263,#2264);
#2262 = CARTESIAN_POINT('',(38.2,1.8,0.));
#2263 = DIRECTION('',(1.,0.,-0.));
#2264 = DIRECTION('',(0.,-1.,0.));
#2265 = DEFINITIONAL_REPRESENTATION('',(#2266),#2269);
#2266 = B_SPLINE_CURVE_WITH_KNOTS('',1,(#2267,#2268),.UNSPECIFIED.,.F.,
  .F.,(2,2),(-5.6,0.9),.PIECEWISE_BEZIER_KNOTS.);
#2267 = CARTESIAN_POINT('',(6.5,-1.6));
#2268 = CARTESIAN_POINT('',(0.,-1.6));
#2269 = ( GEOMETRIC_REPRESENTATION_CONTEXT(2) 
PARAMETRIC_REPRESENTATION_CONTEXT() REPRESENTATION_CONTEXT('2D SPACE',''
  ) );
#2270 = ORIENTED_EDGE('',*,*,#2271,.T.);
#2271 = EDGE_CURVE('',#2246,#2272,#2274,.T.);
#2272 = VERTEX_POINT('',#2273);
#2273 = CARTESIAN_POINT('',(43.4,1.8,1.6));
#2274 = SURFACE_CURVE('',#2275,(#2279,#2285),.PCURVE_S1.);
#2275 = LINE('',#2276,#2277);
#2276 = CARTESIAN_POINT('',(21.7,1.8,1.6));
#2277 = VECTOR('',#2278,1.);
#2278 = DIRECTION('',(1.,0.,-0.));
#2279 = PCURVE('',#100,#2280);
#2280 = DEFINITIONAL_REPRESENTATION('',(#2281),#2284);
#2281 = B_SPLINE_CURVE_WITH_KNOTS('',1,(#2282,#2283),.UNSPECIFIED.,.F.,
  .F.,(2,2),(16.5,21.7),.PIECEWISE_BEZIER_KNOTS.);
#2282 = CARTESIAN_POINT('',(38.2,1.8));
#2283 = CARTESIAN_POINT('',(43.4,1.8));
#2284 = ( GEOMETRIC_REPRESENTATION_CONTEXT(2) 
PARAMETRIC_REPRESENTATION_CONTEXT() REPRESENTATION_CONTEXT('2D SPACE',''
  ) );
#2285 = PCURVE('',#2286,#2291);
#2286 = PLANE('',#2287);
#2287 = AXIS2_PLACEMENT_3D('',#2288,#2289,#2290);
#2288 = CARTESIAN_POINT('',(43.4,1.8,0.));
#2289 = DIRECTION('',(0.,-1.,0.));
#2290 = DIRECTION('',(-1.,0.,0.));
#2291 = DEFINITIONAL_REPRESENTATION('',(#2292),#2295);
#2292 = B_SPLINE_CURVE_WITH_KNOTS('',1,(#2293,#2294),.UNSPECIFIED.,.F.,
  .F.,(2,2),(16.5,21.7),.PIECEWISE_BEZIER_KNOTS.);
#2293 = CARTESIAN_POINT('',(5.2,-1.6));
#2294 = CARTESIAN_POINT('',(0.,-1.6));
#2295 = ( GEOMETRIC_REPRESENTATION_CONTEXT(2) 
PARAMETRIC_REPRESENTATION_CONTEXT() REPRESENTATION_CONTEXT('2D SPACE',''
  ) );
#2296 = ORIENTED_EDGE('',*,*,#2297,.T.);
#2297 = EDGE_CURVE('',#2272,#2218,#2298,.T.);
#2298 = SURFACE_CURVE('',#2299,(#2303,#2309),.PCURVE_S1.);
#2299 = LINE('',#2300,#2301);
#2300 = CARTESIAN_POINT('',(43.4,-2.35,1.6));
#2301 = VECTOR('',#2302,1.);
#2302 = DIRECTION('',(0.,-1.,0.));
#2303 = PCURVE('',#100,#2304);
#2304 = DEFINITIONAL_REPRESENTATION('',(#2305),#2308);
#2305 = B_SPLINE_CURVE_WITH_KNOTS('',1,(#2306,#2307),.UNSPECIFIED.,.F.,
  .F.,(2,2),(-4.15,2.35),.PIECEWISE_BEZIER_KNOTS.);
#2306 = CARTESIAN_POINT('',(43.4,1.8));
#2307 = CARTESIAN_POINT('',(43.4,-4.7));
#2308 = ( GEOMETRIC_REPRESENTATION_CONTEXT(2) 
PARAMETRIC_REPRESENTATION_CONTEXT() REPRESENTATION_CONTEXT('2D SPACE',''
  ) );
#2309 = PCURVE('',#2310,#2315);
#2310 = PLANE('',#2311);
#2311 = AXIS2_PLACEMENT_3D('',#2312,#2313,#2314);
#2312 = CARTESIAN_POINT('',(43.4,-4.7,0.));
#2313 = DIRECTION('',(-1.,0.,0.));
#2314 = DIRECTION('',(0.,1.,0.));
#2315 = DEFINITIONAL_REPRESENTATION('',(#2316),#2319);
#2316 = B_SPLINE_CURVE_WITH_KNOTS('',1,(#2317,#2318),.UNSPECIFIED.,.F.,
  .F.,(2,2),(-4.15,2.35),.PIECEWISE_BEZIER_KNOTS.);
#2317 = CARTESIAN_POINT('',(6.5,-1.6));
#2318 = CARTESIAN_POINT('',(0.,-1.6));
#2319 = ( GEOMETRIC_REPRESENTATION_CONTEXT(2) 
PARAMETRIC_REPRESENTATION_CONTEXT() REPRESENTATION_CONTEXT('2D SPACE',''
  ) );
#2320 = FACE_BOUND('',#2321,.T.);
#2321 = EDGE_LOOP('',(#2322,#2350,#2376,#2402));
#2322 = ORIENTED_EDGE('',*,*,#2323,.T.);
#2323 = EDGE_CURVE('',#2324,#2326,#2328,.T.);
#2324 = VERTEX_POINT('',#2325);
#2325 = CARTESIAN_POINT('',(-34.1,30.3,1.6));
#2326 = VERTEX_POINT('',#2327);
#2327 = CARTESIAN_POINT('',(-34.1,5.7,1.6));
#2328 = SURFACE_CURVE('',#2329,(#2333,#2339),.PCURVE_S1.);
#2329 = LINE('',#2330,#2331);
#2330 = CARTESIAN_POINT('',(-34.1,2.85,1.6));
#2331 = VECTOR('',#2332,1.);
#2332 = DIRECTION('',(0.,-1.,0.));
#2333 = PCURVE('',#100,#2334);
#2334 = DEFINITIONAL_REPRESENTATION('',(#2335),#2338);
#2335 = B_SPLINE_CURVE_WITH_KNOTS('',1,(#2336,#2337),.UNSPECIFIED.,.F.,
  .F.,(2,2),(-27.45,-2.85),.PIECEWISE_BEZIER_KNOTS.);
#2336 = CARTESIAN_POINT('',(-34.1,30.3));
#2337 = CARTESIAN_POINT('',(-34.1,5.7));
#2338 = ( GEOMETRIC_REPRESENTATION_CONTEXT(2) 
PARAMETRIC_REPRESENTATION_CONTEXT() REPRESENTATION_CONTEXT('2D SPACE',''
  ) );
#2339 = PCURVE('',#2340,#2345);
#2340 = PLANE('',#2341);
#2341 = AXIS2_PLACEMENT_3D('',#2342,#2343,#2344);
#2342 = CARTESIAN_POINT('',(-34.1,5.7,0.));
#2343 = DIRECTION('',(-1.,0.,0.));
#2344 = DIRECTION('',(0.,1.,0.));
#2345 = DEFINITIONAL_REPRESENTATION('',(#2346),#2349);
#2346 = B_SPLINE_CURVE_WITH_KNOTS('',1,(#2347,#2348),.UNSPECIFIED.,.F.,
  .F.,(2,2),(-27.45,-2.85),.PIECEWISE_BEZIER_KNOTS.);
#2347 = CARTESIAN_POINT('',(24.6,-1.6));
#2348 = CARTESIAN_POINT('',(0.,-1.6));
#2349 = ( GEOMETRIC_REPRESENTATION_CONTEXT(2) 
PARAMETRIC_REPRESENTATION_CONTEXT() REPRESENTATION_CONTEXT('2D SPACE',''
  ) );
#2350 = ORIENTED_EDGE('',*,*,#2351,.T.);
#2351 = EDGE_CURVE('',#2326,#2352,#2354,.T.);
#2352 = VERTEX_POINT('',#2353);
#2353 = CARTESIAN_POINT('',(-45.9,5.7,1.6));
#2354 = SURFACE_CURVE('',#2355,(#2359,#2365),.PCURVE_S1.);
#2355 = LINE('',#2356,#2357);
#2356 = CARTESIAN_POINT('',(-22.95,5.7,1.6));
#2357 = VECTOR('',#2358,1.);
#2358 = DIRECTION('',(-1.,0.,0.));
#2359 = PCURVE('',#100,#2360);
#2360 = DEFINITIONAL_REPRESENTATION('',(#2361),#2364);
#2361 = B_SPLINE_CURVE_WITH_KNOTS('',1,(#2362,#2363),.UNSPECIFIED.,.F.,
  .F.,(2,2),(11.15,22.95),.PIECEWISE_BEZIER_KNOTS.);
#2362 = CARTESIAN_POINT('',(-34.1,5.7));
#2363 = CARTESIAN_POINT('',(-45.9,5.7));
#2364 = ( GEOMETRIC_REPRESENTATION_CONTEXT(2) 
PARAMETRIC_REPRESENTATION_CONTEXT() REPRESENTATION_CONTEXT('2D SPACE',''
  ) );
#2365 = PCURVE('',#2366,#2371);
#2366 = PLANE('',#2367);
#2367 = AXIS2_PLACEMENT_3D('',#2368,#2369,#2370);
#2368 = CARTESIAN_POINT('',(-45.9,5.7,0.));
#2369 = DIRECTION('',(0.,1.,0.));
#2370 = DIRECTION('',(1.,0.,0.));
#2371 = DEFINITIONAL_REPRESENTATION('',(#2372),#2375);
#2372 = B_SPLINE_CURVE_WITH_KNOTS('',1,(#2373,#2374),.UNSPECIFIED.,.F.,
  .F.,(2,2),(11.15,22.95),.PIECEWISE_BEZIER_KNOTS.);
#2373 = CARTESIAN_POINT('',(11.8,-1.6));
#2374 = CARTESIAN_POINT('',(0.,-1.6));
#2375 = ( GEOMETRIC_REPRESENTATION_CONTEXT(2) 
PARAMETRIC_REPRESENTATION_CONTEXT() REPRESENTATION_CONTEXT('2D SPACE',''
  ) );
#2376 = ORIENTED_EDGE('',*,*,#2377,.T.);
#2377 = EDGE_CURVE('',#2352,#2378,#2380,.T.);
#2378 = VERTEX_POINT('',#2379);
#2379 = CARTESIAN_POINT('',(-45.9,30.3,1.6));
#2380 = SURFACE_CURVE('',#2381,(#2385,#2391),.PCURVE_S1.);
#2381 = LINE('',#2382,#2383);
#2382 = CARTESIAN_POINT('',(-45.9,15.15,1.6));
#2383 = VECTOR('',#2384,1.);
#2384 = DIRECTION('',(-0.,1.,0.));
#2385 = PCURVE('',#100,#2386);
#2386 = DEFINITIONAL_REPRESENTATION('',(#2387),#2390);
#2387 = B_SPLINE_CURVE_WITH_KNOTS('',1,(#2388,#2389),.UNSPECIFIED.,.F.,
  .F.,(2,2),(-9.45,15.15),.PIECEWISE_BEZIER_KNOTS.);
#2388 = CARTESIAN_POINT('',(-45.9,5.7));
#2389 = CARTESIAN_POINT('',(-45.9,30.3));
#2390 = ( GEOMETRIC_REPRESENTATION_CONTEXT(2) 
PARAMETRIC_REPRESENTATION_CONTEXT() REPRESENTATION_CONTEXT('2D SPACE',''
  ) );
#2391 = PCURVE('',#2392,#2397);
#2392 = PLANE('',#2393);
#2393 = AXIS2_PLACEMENT_3D('',#2394,#2395,#2396);
#2394 = CARTESIAN_POINT('',(-45.9,30.3,0.));
#2395 = DIRECTION('',(1.,0.,-0.));
#2396 = DIRECTION('',(0.,-1.,0.));
#2397 = DEFINITIONAL_REPRESENTATION('',(#2398),#2401);
#2398 = B_SPLINE_CURVE_WITH_KNOTS('',1,(#2399,#2400),.UNSPECIFIED.,.F.,
  .F.,(2,2),(-9.45,15.15),.PIECEWISE_BEZIER_KNOTS.);
#2399 = CARTESIAN_POINT('',(24.6,-1.6));
#2400 = CARTESIAN_POINT('',(0.,-1.6));
#2401 = ( GEOMETRIC_REPRESENTATION_CONTEXT(2) 
PARAMETRIC_REPRESENTATION_CONTEXT() REPRESENTATION_CONTEXT('2D SPACE',''
  ) );
#2402 = ORIENTED_EDGE('',*,*,#2403,.T.);
#2403 = EDGE_CURVE('',#2378,#2324,#2404,.T.);
#2404 = SURFACE_CURVE('',#2405,(#2409,#2415),.PCURVE_S1.);
#2405 = LINE('',#2406,#2407);
#2406 = CARTESIAN_POINT('',(-17.05,30.3,1.6));
#2407 = VECTOR('',#2408,1.);
#2408 = DIRECTION('',(1.,0.,-0.));
#2409 = PCURVE('',#100,#2410);
#2410 = DEFINITIONAL_REPRESENTATION('',(#2411),#2414);
#2411 = B_SPLINE_CURVE_WITH_KNOTS('',1,(#2412,#2413),.UNSPECIFIED.,.F.,
  .F.,(2,2),(-28.85,-17.05),.PIECEWISE_BEZIER_KNOTS.);
#2412 = CARTESIAN_POINT('',(-45.9,30.3));
#2413 = CARTESIAN_POINT('',(-34.1,30.3));
#2414 = ( GEOMETRIC_REPRESENTATION_CONTEXT(2) 
PARAMETRIC_REPRESENTATION_CONTEXT() REPRESENTATION_CONTEXT('2D SPACE',''
  ) );
#2415 = PCURVE('',#2416,#2421);
#2416 = PLANE('',#2417);
#2417 = AXIS2_PLACEMENT_3D('',#2418,#2419,#2420);
#2418 = CARTESIAN_POINT('',(-34.1,30.3,0.));
#2419 = DIRECTION('',(0.,-1.,0.));
#2420 = DIRECTION('',(-1.,0.,0.));
#2421 = DEFINITIONAL_REPRESENTATION('',(#2422),#2425);
#2422 = B_SPLINE_CURVE_WITH_KNOTS('',1,(#2423,#2424),.UNSPECIFIED.,.F.,
  .F.,(2,2),(-28.85,-17.05),.PIECEWISE_BEZIER_KNOTS.);
#2423 = CARTESIAN_POINT('',(11.8,-1.6));
#2424 = CARTESIAN_POINT('',(0.,-1.6));
#2425 = ( GEOMETRIC_REPRESENTATION_CONTEXT(2) 
PARAMETRIC_REPRESENTATION_CONTEXT() REPRESENTATION_CONTEXT('2D SPACE',''
  ) );
#2426 = FACE_BOUND('',#2427,.T.);
#2427 = EDGE_LOOP('',(#2428,#2456,#2482,#2508));
#2428 = ORIENTED_EDGE('',*,*,#2429,.T.);
#2429 = EDGE_CURVE('',#2430,#2432,#2434,.T.);
#2430 = VERTEX_POINT('',#2431);
#2431 = CARTESIAN_POINT('',(-22.1,30.5,1.6));
#2432 = VERTEX_POINT('',#2433);
#2433 = CARTESIAN_POINT('',(-22.1,5.5,1.6));
#2434 = SURFACE_CURVE('',#2435,(#2439,#2445),.PCURVE_S1.);
#2435 = LINE('',#2436,#2437);
#2436 = CARTESIAN_POINT('',(-22.1,2.75,1.6));
#2437 = VECTOR('',#2438,1.);
#2438 = DIRECTION('',(0.,-1.,0.));
#2439 = PCURVE('',#100,#2440);
#2440 = DEFINITIONAL_REPRESENTATION('',(#2441),#2444);
#2441 = B_SPLINE_CURVE_WITH_KNOTS('',1,(#2442,#2443),.UNSPECIFIED.,.F.,
  .F.,(2,2),(-27.75,-2.75),.PIECEWISE_BEZIER_KNOTS.);
#2442 = CARTESIAN_POINT('',(-22.1,30.5));
#2443 = CARTESIAN_POINT('',(-22.1,5.5));
#2444 = ( GEOMETRIC_REPRESENTATION_CONTEXT(2) 
PARAMETRIC_REPRESENTATION_CONTEXT() REPRESENTATION_CONTEXT('2D SPACE',''
  ) );
#2445 = PCURVE('',#2446,#2451);
#2446 = PLANE('',#2447);
#2447 = AXIS2_PLACEMENT_3D('',#2448,#2449,#2450);
#2448 = CARTESIAN_POINT('',(-22.1,5.5,0.));
#2449 = DIRECTION('',(-1.,0.,0.));
#2450 = DIRECTION('',(0.,1.,0.));
#2451 = DEFINITIONAL_REPRESENTATION('',(#2452),#2455);
#2452 = B_SPLINE_CURVE_WITH_KNOTS('',1,(#2453,#2454),.UNSPECIFIED.,.F.,
  .F.,(2,2),(-27.75,-2.75),.PIECEWISE_BEZIER_KNOTS.);
#2453 = CARTESIAN_POINT('',(25.,-1.6));
#2454 = CARTESIAN_POINT('',(0.,-1.6));
#2455 = ( GEOMETRIC_REPRESENTATION_CONTEXT(2) 
PARAMETRIC_REPRESENTATION_CONTEXT() REPRESENTATION_CONTEXT('2D SPACE',''
  ) );
#2456 = ORIENTED_EDGE('',*,*,#2457,.T.);
#2457 = EDGE_CURVE('',#2432,#2458,#2460,.T.);
#2458 = VERTEX_POINT('',#2459);
#2459 = CARTESIAN_POINT('',(-33.9,5.5,1.6));
#2460 = SURFACE_CURVE('',#2461,(#2465,#2471),.PCURVE_S1.);
#2461 = LINE('',#2462,#2463);
#2462 = CARTESIAN_POINT('',(-16.95,5.5,1.6));
#2463 = VECTOR('',#2464,1.);
#2464 = DIRECTION('',(-1.,0.,0.));
#2465 = PCURVE('',#100,#2466);
#2466 = DEFINITIONAL_REPRESENTATION('',(#2467),#2470);
#2467 = B_SPLINE_CURVE_WITH_KNOTS('',1,(#2468,#2469),.UNSPECIFIED.,.F.,
  .F.,(2,2),(5.15,16.95),.PIECEWISE_BEZIER_KNOTS.);
#2468 = CARTESIAN_POINT('',(-22.1,5.5));
#2469 = CARTESIAN_POINT('',(-33.9,5.5));
#2470 = ( GEOMETRIC_REPRESENTATION_CONTEXT(2) 
PARAMETRIC_REPRESENTATION_CONTEXT() REPRESENTATION_CONTEXT('2D SPACE',''
  ) );
#2471 = PCURVE('',#2472,#2477);
#2472 = PLANE('',#2473);
#2473 = AXIS2_PLACEMENT_3D('',#2474,#2475,#2476);
#2474 = CARTESIAN_POINT('',(-33.9,5.5,0.));
#2475 = DIRECTION('',(0.,1.,0.));
#2476 = DIRECTION('',(1.,0.,0.));
#2477 = DEFINITIONAL_REPRESENTATION('',(#2478),#2481);
#2478 = B_SPLINE_CURVE_WITH_KNOTS('',1,(#2479,#2480),.UNSPECIFIED.,.F.,
  .F.,(2,2),(5.15,16.95),.PIECEWISE_BEZIER_KNOTS.);
#2479 = CARTESIAN_POINT('',(11.8,-1.6));
#2480 = CARTESIAN_POINT('',(0.,-1.6));
#2481 = ( GEOMETRIC_REPRESENTATION_CONTEXT(2) 
PARAMETRIC_REPRESENTATION_CONTEXT() REPRESENTATION_CONTEXT('2D SPACE',''
  ) );
#2482 = ORIENTED_EDGE('',*,*,#2483,.T.);
#2483 = EDGE_CURVE('',#2458,#2484,#2486,.T.);
#2484 = VERTEX_POINT('',#2485);
#2485 = CARTESIAN_POINT('',(-33.9,30.5,1.6));
#2486 = SURFACE_CURVE('',#2487,(#2491,#2497),.PCURVE_S1.);
#2487 = LINE('',#2488,#2489);
#2488 = CARTESIAN_POINT('',(-33.9,15.25,1.6));
#2489 = VECTOR('',#2490,1.);
#2490 = DIRECTION('',(-0.,1.,0.));
#2491 = PCURVE('',#100,#2492);
#2492 = DEFINITIONAL_REPRESENTATION('',(#2493),#2496);
#2493 = B_SPLINE_CURVE_WITH_KNOTS('',1,(#2494,#2495),.UNSPECIFIED.,.F.,
  .F.,(2,2),(-9.75,15.25),.PIECEWISE_BEZIER_KNOTS.);
#2494 = CARTESIAN_POINT('',(-33.9,5.5));
#2495 = CARTESIAN_POINT('',(-33.9,30.5));
#2496 = ( GEOMETRIC_REPRESENTATION_CONTEXT(2) 
PARAMETRIC_REPRESENTATION_CONTEXT() REPRESENTATION_CONTEXT('2D SPACE',''
  ) );
#2497 = PCURVE('',#2498,#2503);
#2498 = PLANE('',#2499);
#2499 = AXIS2_PLACEMENT_3D('',#2500,#2501,#2502);
#2500 = CARTESIAN_POINT('',(-33.9,30.5,0.));
#2501 = DIRECTION('',(1.,0.,-0.));
#2502 = DIRECTION('',(0.,-1.,0.));
#2503 = DEFINITIONAL_REPRESENTATION('',(#2504),#2507);
#2504 = B_SPLINE_CURVE_WITH_KNOTS('',1,(#2505,#2506),.UNSPECIFIED.,.F.,
  .F.,(2,2),(-9.75,15.25),.PIECEWISE_BEZIER_KNOTS.);
#2505 = CARTESIAN_POINT('',(25.,-1.6));
#2506 = CARTESIAN_POINT('',(0.,-1.6));
#2507 = ( GEOMETRIC_REPRESENTATION_CONTEXT(2) 
PARAMETRIC_REPRESENTATION_CONTEXT() REPRESENTATION_CONTEXT('2D SPACE',''
  ) );
#2508 = ORIENTED_EDGE('',*,*,#2509,.T.);
#2509 = EDGE_CURVE('',#2484,#2430,#2510,.T.);
#2510 = SURFACE_CURVE('',#2511,(#2515,#2521),.PCURVE_S1.);
#2511 = LINE('',#2512,#2513);
#2512 = CARTESIAN_POINT('',(-11.05,30.5,1.6));
#2513 = VECTOR('',#2514,1.);
#2514 = DIRECTION('',(1.,0.,-0.));
#2515 = PCURVE('',#100,#2516);
#2516 = DEFINITIONAL_REPRESENTATION('',(#2517),#2520);
#2517 = B_SPLINE_CURVE_WITH_KNOTS('',1,(#2518,#2519),.UNSPECIFIED.,.F.,
  .F.,(2,2),(-22.85,-11.05),.PIECEWISE_BEZIER_KNOTS.);
#2518 = CARTESIAN_POINT('',(-33.9,30.5));
#2519 = CARTESIAN_POINT('',(-22.1,30.5));
#2520 = ( GEOMETRIC_REPRESENTATION_CONTEXT(2) 
PARAMETRIC_REPRESENTATION_CONTEXT() REPRESENTATION_CONTEXT('2D SPACE',''
  ) );
#2521 = PCURVE('',#2522,#2527);
#2522 = PLANE('',#2523);
#2523 = AXIS2_PLACEMENT_3D('',#2524,#2525,#2526);
#2524 = CARTESIAN_POINT('',(-22.1,30.5,0.));
#2525 = DIRECTION('',(0.,-1.,0.));
#2526 = DIRECTION('',(-1.,0.,0.));
#2527 = DEFINITIONAL_REPRESENTATION('',(#2528),#2531);
#2528 = B_SPLINE_CURVE_WITH_KNOTS('',1,(#2529,#2530),.UNSPECIFIED.,.F.,
  .F.,(2,2),(-22.85,-11.05),.PIECEWISE_BEZIER_KNOTS.);
#2529 = CARTESIAN_POINT('',(11.8,-1.6));
#2530 = CARTESIAN_POINT('',(0.,-1.6));
#2531 = ( GEOMETRIC_REPRESENTATION_CONTEXT(2) 
PARAMETRIC_REPRESENTATION_CONTEXT() REPRESENTATION_CONTEXT('2D SPACE',''
  ) );
#2532 = FACE_BOUND('',#2533,.T.);
#2533 = EDGE_LOOP('',(#2534,#2562,#2588,#2614));
#2534 = ORIENTED_EDGE('',*,*,#2535,.T.);
#2535 = EDGE_CURVE('',#2536,#2538,#2540,.T.);
#2536 = VERTEX_POINT('',#2537);
#2537 = CARTESIAN_POINT('',(-10.1,30.7,1.6));
#2538 = VERTEX_POINT('',#2539);
#2539 = CARTESIAN_POINT('',(-10.1,5.3,1.6));
#2540 = SURFACE_CURVE('',#2541,(#2545,#2551),.PCURVE_S1.);
#2541 = LINE('',#2542,#2543);
#2542 = CARTESIAN_POINT('',(-10.1,2.65,1.6));
#2543 = VECTOR('',#2544,1.);
#2544 = DIRECTION('',(0.,-1.,0.));
#2545 = PCURVE('',#100,#2546);
#2546 = DEFINITIONAL_REPRESENTATION('',(#2547),#2550);
#2547 = B_SPLINE_CURVE_WITH_KNOTS('',1,(#2548,#2549),.UNSPECIFIED.,.F.,
  .F.,(2,2),(-28.05,-2.65),.PIECEWISE_BEZIER_KNOTS.);
#2548 = CARTESIAN_POINT('',(-10.1,30.7));
#2549 = CARTESIAN_POINT('',(-10.1,5.3));
#2550 = ( GEOMETRIC_REPRESENTATION_CONTEXT(2) 
PARAMETRIC_REPRESENTATION_CONTEXT() REPRESENTATION_CONTEXT('2D SPACE',''
  ) );
#2551 = PCURVE('',#2552,#2557);
#2552 = PLANE('',#2553);
#2553 = AXIS2_PLACEMENT_3D('',#2554,#2555,#2556);
#2554 = CARTESIAN_POINT('',(-10.1,5.3,0.));
#2555 = DIRECTION('',(-1.,0.,0.));
#2556 = DIRECTION('',(0.,1.,0.));
#2557 = DEFINITIONAL_REPRESENTATION('',(#2558),#2561);
#2558 = B_SPLINE_CURVE_WITH_KNOTS('',1,(#2559,#2560),.UNSPECIFIED.,.F.,
  .F.,(2,2),(-28.05,-2.65),.PIECEWISE_BEZIER_KNOTS.);
#2559 = CARTESIAN_POINT('',(25.4,-1.6));
#2560 = CARTESIAN_POINT('',(0.,-1.6));
#2561 = ( GEOMETRIC_REPRESENTATION_CONTEXT(2) 
PARAMETRIC_REPRESENTATION_CONTEXT() REPRESENTATION_CONTEXT('2D SPACE',''
  ) );
#2562 = ORIENTED_EDGE('',*,*,#2563,.T.);
#2563 = EDGE_CURVE('',#2538,#2564,#2566,.T.);
#2564 = VERTEX_POINT('',#2565);
#2565 = CARTESIAN_POINT('',(-21.9,5.3,1.6));
#2566 = SURFACE_CURVE('',#2567,(#2571,#2577),.PCURVE_S1.);
#2567 = LINE('',#2568,#2569);
#2568 = CARTESIAN_POINT('',(-10.95,5.3,1.6));
#2569 = VECTOR('',#2570,1.);
#2570 = DIRECTION('',(-1.,0.,0.));
#2571 = PCURVE('',#100,#2572);
#2572 = DEFINITIONAL_REPRESENTATION('',(#2573),#2576);
#2573 = B_SPLINE_CURVE_WITH_KNOTS('',1,(#2574,#2575),.UNSPECIFIED.,.F.,
  .F.,(2,2),(-0.85,10.95),.PIECEWISE_BEZIER_KNOTS.);
#2574 = CARTESIAN_POINT('',(-10.1,5.3));
#2575 = CARTESIAN_POINT('',(-21.9,5.3));
#2576 = ( GEOMETRIC_REPRESENTATION_CONTEXT(2) 
PARAMETRIC_REPRESENTATION_CONTEXT() REPRESENTATION_CONTEXT('2D SPACE',''
  ) );
#2577 = PCURVE('',#2578,#2583);
#2578 = PLANE('',#2579);
#2579 = AXIS2_PLACEMENT_3D('',#2580,#2581,#2582);
#2580 = CARTESIAN_POINT('',(-21.9,5.3,0.));
#2581 = DIRECTION('',(0.,1.,0.));
#2582 = DIRECTION('',(1.,0.,0.));
#2583 = DEFINITIONAL_REPRESENTATION('',(#2584),#2587);
#2584 = B_SPLINE_CURVE_WITH_KNOTS('',1,(#2585,#2586),.UNSPECIFIED.,.F.,
  .F.,(2,2),(-0.85,10.95),.PIECEWISE_BEZIER_KNOTS.);
#2585 = CARTESIAN_POINT('',(11.8,-1.6));
#2586 = CARTESIAN_POINT('',(0.,-1.6));
#2587 = ( GEOMETRIC_REPRESENTATION_CONTEXT(2) 
PARAMETRIC_REPRESENTATION_CONTEXT() REPRESENTATION_CONTEXT('2D SPACE',''
  ) );
#2588 = ORIENTED_EDGE('',*,*,#2589,.T.);
#2589 = EDGE_CURVE('',#2564,#2590,#2592,.T.);
#2590 = VERTEX_POINT('',#2591);
#2591 = CARTESIAN_POINT('',(-21.9,30.7,1.6));
#2592 = SURFACE_CURVE('',#2593,(#2597,#2603),.PCURVE_S1.);
#2593 = LINE('',#2594,#2595);
#2594 = CARTESIAN_POINT('',(-21.9,15.35,1.6));
#2595 = VECTOR('',#2596,1.);
#2596 = DIRECTION('',(-0.,1.,0.));
#2597 = PCURVE('',#100,#2598);
#2598 = DEFINITIONAL_REPRESENTATION('',(#2599),#2602);
#2599 = B_SPLINE_CURVE_WITH_KNOTS('',1,(#2600,#2601),.UNSPECIFIED.,.F.,
  .F.,(2,2),(-10.05,15.35),.PIECEWISE_BEZIER_KNOTS.);
#2600 = CARTESIAN_POINT('',(-21.9,5.3));
#2601 = CARTESIAN_POINT('',(-21.9,30.7));
#2602 = ( GEOMETRIC_REPRESENTATION_CONTEXT(2) 
PARAMETRIC_REPRESENTATION_CONTEXT() REPRESENTATION_CONTEXT('2D SPACE',''
  ) );
#2603 = PCURVE('',#2604,#2609);
#2604 = PLANE('',#2605);
#2605 = AXIS2_PLACEMENT_3D('',#2606,#2607,#2608);
#2606 = CARTESIAN_POINT('',(-21.9,30.7,0.));
#2607 = DIRECTION('',(1.,0.,-0.));
#2608 = DIRECTION('',(0.,-1.,0.));
#2609 = DEFINITIONAL_REPRESENTATION('',(#2610),#2613);
#2610 = B_SPLINE_CURVE_WITH_KNOTS('',1,(#2611,#2612),.UNSPECIFIED.,.F.,
  .F.,(2,2),(-10.05,15.35),.PIECEWISE_BEZIER_KNOTS.);
#2611 = CARTESIAN_POINT('',(25.4,-1.6));
#2612 = CARTESIAN_POINT('',(0.,-1.6));
#2613 = ( GEOMETRIC_REPRESENTATION_CONTEXT(2) 
PARAMETRIC_REPRESENTATION_CONTEXT() REPRESENTATION_CONTEXT('2D SPACE',''
  ) );
#2614 = ORIENTED_EDGE('',*,*,#2615,.T.);
#2615 = EDGE_CURVE('',#2590,#2536,#2616,.T.);
#2616 = SURFACE_CURVE('',#2617,(#2621,#2627),.PCURVE_S1.);
#2617 = LINE('',#2618,#2619);
#2618 = CARTESIAN_POINT('',(-5.05,30.7,1.6));
#2619 = VECTOR('',#2620,1.);
#2620 = DIRECTION('',(1.,0.,-0.));
#2621 = PCURVE('',#100,#2622);
#2622 = DEFINITIONAL_REPRESENTATION('',(#2623),#2626);
#2623 = B_SPLINE_CURVE_WITH_KNOTS('',1,(#2624,#2625),.UNSPECIFIED.,.F.,
  .F.,(2,2),(-16.85,-5.05),.PIECEWISE_BEZIER_KNOTS.);
#2624 = CARTESIAN_POINT('',(-21.9,30.7));
#2625 = CARTESIAN_POINT('',(-10.1,30.7));
#2626 = ( GEOMETRIC_REPRESENTATION_CONTEXT(2) 
PARAMETRIC_REPRESENTATION_CONTEXT() REPRESENTATION_CONTEXT('2D SPACE',''
  ) );
#2627 = PCURVE('',#2628,#2633);
#2628 = PLANE('',#2629);
#2629 = AXIS2_PLACEMENT_3D('',#2630,#2631,#2632);
#2630 = CARTESIAN_POINT('',(-10.1,30.7,0.));
#2631 = DIRECTION('',(0.,-1.,0.));
#2632 = DIRECTION('',(-1.,0.,0.));
#2633 = DEFINITIONAL_REPRESENTATION('',(#2634),#2637);
#2634 = B_SPLINE_CURVE_WITH_KNOTS('',1,(#2635,#2636),.UNSPECIFIED.,.F.,
  .F.,(2,2),(-16.85,-5.05),.PIECEWISE_BEZIER_KNOTS.);
#2635 = CARTESIAN_POINT('',(11.8,-1.6));
#2636 = CARTESIAN_POINT('',(0.,-1.6));
#2637 = ( GEOMETRIC_REPRESENTATION_CONTEXT(2) 
PARAMETRIC_REPRESENTATION_CONTEXT() REPRESENTATION_CONTEXT('2D SPACE',''
  ) );
#2638 = FACE_BOUND('',#2639,.T.);
#2639 = EDGE_LOOP('',(#2640));
#2640 = ORIENTED_EDGE('',*,*,#2641,.T.);
#2641 = EDGE_CURVE('',#2642,#2642,#2644,.T.);
#2642 = VERTEX_POINT('',#2643);
#2643 = CARTESIAN_POINT('',(8.6,28.,1.6));
#2644 = SURFACE_CURVE('',#2645,(#2650,#2661),.PCURVE_S1.);
#2645 = CIRCLE('',#2646,0.6);
#2646 = AXIS2_PLACEMENT_3D('',#2647,#2648,#2649);
#2647 = CARTESIAN_POINT('',(8.,28.,1.6));
#2648 = DIRECTION('',(0.,0.,-1.));
#2649 = DIRECTION('',(1.,0.,0.));
#2650 = PCURVE('',#100,#2651);
#2651 = DEFINITIONAL_REPRESENTATION('',(#2652),#2660);
#2652 = ( BOUNDED_CURVE() B_SPLINE_CURVE(2,(#2653,#2654,#2655,#2656,
#2657,#2658,#2659),.UNSPECIFIED.,.T.,.F.) B_SPLINE_CURVE_WITH_KNOTS((1,2
    ,2,2,2,1),(-2.094395102393,0.,2.094395102393,4.188790204786,
6.28318530718,8.377580409573),.UNSPECIFIED.) CURVE() 
GEOMETRIC_REPRESENTATION_ITEM() RATIONAL_B_SPLINE_CURVE((1.,0.5,1.,0.5,
1.,0.5,1.)) REPRESENTATION_ITEM('') );
#2653 = CARTESIAN_POINT('',(8.6,28.));
#2654 = CARTESIAN_POINT('',(8.6,26.960769515459));
#2655 = CARTESIAN_POINT('',(7.7,27.480384757729));
#2656 = CARTESIAN_POINT('',(6.8,28.));
#2657 = CARTESIAN_POINT('',(7.7,28.519615242271));
#2658 = CARTESIAN_POINT('',(8.6,29.039230484541));
#2659 = CARTESIAN_POINT('',(8.6,28.));
#2660 = ( GEOMETRIC_REPRESENTATION_CONTEXT(2) 
PARAMETRIC_REPRESENTATION_CONTEXT() REPRESENTATION_CONTEXT('2D SPACE',''
  ) );
#2661 = PCURVE('',#1134,#2662);
#2662 = DEFINITIONAL_REPRESENTATION('',(#2663),#2667);
#2663 = LINE('',#2664,#2665);
#2664 = CARTESIAN_POINT('',(-6.28318530718,-2.6));
#2665 = VECTOR('',#2666,1.);
#2666 = DIRECTION('',(1.,-0.));
#2667 = ( GEOMETRIC_REPRESENTATION_CONTEXT(2) 
PARAMETRIC_REPRESENTATION_CONTEXT() REPRESENTATION_CONTEXT('2D SPACE',''
  ) );
#2668 = FACE_BOUND('',#2669,.T.);
#2669 = EDGE_LOOP('',(#2670));
#2670 = ORIENTED_EDGE('',*,*,#2671,.T.);
#2671 = EDGE_CURVE('',#2672,#2672,#2674,.T.);
#2672 = VERTEX_POINT('',#2673);
#2673 = CARTESIAN_POINT('',(16.15,28.,1.6));
#2674 = SURFACE_CURVE('',#2675,(#2680,#2691),.PCURVE_S1.);
#2675 = CIRCLE('',#2676,0.65);
#2676 = AXIS2_PLACEMENT_3D('',#2677,#2678,#2679);
#2677 = CARTESIAN_POINT('',(15.5,28.,1.6));
#2678 = DIRECTION('',(0.,0.,-1.));
#2679 = DIRECTION('',(1.,0.,0.));
#2680 = PCURVE('',#100,#2681);
#2681 = DEFINITIONAL_REPRESENTATION('',(#2682),#2690);
#2682 = ( BOUNDED_CURVE() B_SPLINE_CURVE(2,(#2683,#2684,#2685,#2686,
#2687,#2688,#2689),.UNSPECIFIED.,.T.,.F.) B_SPLINE_CURVE_WITH_KNOTS((1,2
    ,2,2,2,1),(-2.094395102393,0.,2.094395102393,4.188790204786,
6.28318530718,8.377580409573),.UNSPECIFIED.) CURVE() 
GEOMETRIC_REPRESENTATION_ITEM() RATIONAL_B_SPLINE_CURVE((1.,0.5,1.,0.5,
1.,0.5,1.)) REPRESENTATION_ITEM('') );
#2683 = CARTESIAN_POINT('',(16.15,28.));
#2684 = CARTESIAN_POINT('',(16.15,26.87416697508));
#2685 = CARTESIAN_POINT('',(15.175,27.43708348754));
#2686 = CARTESIAN_POINT('',(14.2,28.));
#2687 = CARTESIAN_POINT('',(15.175,28.56291651246));
#2688 = CARTESIAN_POINT('',(16.15,29.12583302492));
#2689 = CARTESIAN_POINT('',(16.15,28.));
#2690 = ( GEOMETRIC_REPRESENTATION_CONTEXT(2) 
PARAMETRIC_REPRESENTATION_CONTEXT() REPRESENTATION_CONTEXT('2D SPACE',''
  ) );
#2691 = PCURVE('',#1169,#2692);
#2692 = DEFINITIONAL_REPRESENTATION('',(#2693),#2697);
#2693 = LINE('',#2694,#2695);
#2694 = CARTESIAN_POINT('',(-6.28318530718,-2.6));
#2695 = VECTOR('',#2696,1.);
#2696 = DIRECTION('',(1.,-0.));
#2697 = ( GEOMETRIC_REPRESENTATION_CONTEXT(2) 
PARAMETRIC_REPRESENTATION_CONTEXT() REPRESENTATION_CONTEXT('2D SPACE',''
  ) );
#2698 = FACE_BOUND('',#2699,.T.);
#2699 = EDGE_LOOP('',(#2700));
#2700 = ORIENTED_EDGE('',*,*,#2701,.T.);
#2701 = EDGE_CURVE('',#2702,#2702,#2704,.T.);
#2702 = VERTEX_POINT('',#2703);
#2703 = CARTESIAN_POINT('',(23.7,28.,1.6));
#2704 = SURFACE_CURVE('',#2705,(#2710,#2721),.PCURVE_S1.);
#2705 = CIRCLE('',#2706,0.7);
#2706 = AXIS2_PLACEMENT_3D('',#2707,#2708,#2709);
#2707 = CARTESIAN_POINT('',(23.,28.,1.6));
#2708 = DIRECTION('',(0.,0.,-1.));
#2709 = DIRECTION('',(1.,0.,0.));
#2710 = PCURVE('',#100,#2711);
#2711 = DEFINITIONAL_REPRESENTATION('',(#2712),#2720);
#2712 = ( BOUNDED_CURVE() B_SPLINE_CURVE(2,(#2713,#2714,#2715,#2716,
#2717,#2718,#2719),.UNSPECIFIED.,.T.,.F.) B_SPLINE_CURVE_WITH_KNOTS((1,2
    ,2,2,2,1),(-2.094395102393,0.,2.094395102393,4.188790204786,
6.28318530718,8.377580409573),.UNSPECIFIED.) CURVE() 
GEOMETRIC_REPRESENTATION_ITEM() RATIONAL_B_SPLINE_CURVE((1.,0.5,1.,0.5,
1.,0.5,1.)) REPRESENTATION_ITEM('') );
#2713 = CARTESIAN_POINT('',(23.7,28.));
#2714 = CARTESIAN_POINT('',(23.7,26.787564434702));
#2715 = CARTESIAN_POINT('',(22.65,27.393782217351));
#2716 = CARTESIAN_POINT('',(21.6,28.));
#2717 = CARTESIAN_POINT('',(22.65,28.606217782649));
#2718 = CARTESIAN_POINT('',(23.7,29.212435565298));
#2719 = CARTESIAN_POINT('',(23.7,28.));
#2720 = ( GEOMETRIC_REPRESENTATION_CONTEXT(2) 
PARAMETRIC_REPRESENTATION_CONTEXT() REPRESENTATION_CONTEXT('2D SPACE',''
  ) );
#2721 = PCURVE('',#1204,#2722);
#2722 = DEFINITIONAL_REPRESENTATION('',(#2723),#2727);
#2723 = LINE('',#2724,#2725);
#2724 = CARTESIAN_POINT('',(-6.28318530718,-2.6));
#2725 = VECTOR('',#2726,1.);
#2726 = DIRECTION('',(1.,-0.));
#2727 = ( GEOMETRIC_REPRESENTATION_CONTEXT(2) 
PARAMETRIC_REPRESENTATION_CONTEXT() REPRESENTATION_CONTEXT('2D SPACE',''
  ) );
#2728 = FACE_BOUND('',#2729,.T.);
#2729 = EDGE_LOOP('',(#2730));
#2730 = ORIENTED_EDGE('',*,*,#2731,.T.);
#2731 = EDGE_CURVE('',#2732,#2732,#2734,.T.);
#2732 = VERTEX_POINT('',#2733);
#2733 = CARTESIAN_POINT('',(31.25,28.,1.6));
#2734 = SURFACE_CURVE('',#2735,(#2740,#2751),.PCURVE_S1.);
#2735 = CIRCLE('',#2736,0.75);
#2736 = AXIS2_PLACEMENT_3D('',#2737,#2738,#2739);
#2737 = CARTESIAN_POINT('',(30.5,28.,1.6));
#2738 = DIRECTION('',(0.,0.,-1.));
#2739 = DIRECTION('',(1.,0.,0.));
#2740 = PCURVE('',#100,#2741);
#2741 = DEFINITIONAL_REPRESENTATION('',(#2742),#2750);
#2742 = ( BOUNDED_CURVE() B_SPLINE_CURVE(2,(#2743,#2744,#2745,#2746,
#2747,#2748,#2749),.UNSPECIFIED.,.T.,.F.) B_SPLINE_CURVE_WITH_KNOTS((1,2
    ,2,2,2,1),(-2.094395102393,0.,2.094395102393,4.188790204786,
6.28318530718,8.377580409573),.UNSPECIFIED.) CURVE() 
GEOMETRIC_REPRESENTATION_ITEM() RATIONAL_B_SPLINE_CURVE((1.,0.5,1.,0.5,
1.,0.5,1.)) REPRESENTATION_ITEM('') );
#2743 = CARTESIAN_POINT('',(31.25,28.));
#2744 = CARTESIAN_POINT('',(31.25,26.700961894323));
#2745 = CARTESIAN_POINT('',(30.125,27.350480947162));
#2746 = CARTESIAN_POINT('',(29.,28.));
#2747 = CARTESIAN_POINT('',(30.125,28.649519052838));
#2748 = CARTESIAN_POINT('',(31.25,29.299038105677));
#2749 = CARTESIAN_POINT('',(31.25,28.));
#2750 = ( GEOMETRIC_REPRESENTATION_CONTEXT(2) 
PARAMETRIC_REPRESENTATION_CONTEXT() REPRESENTATION_CONTEXT('2D SPACE',''
  ) );
#2751 = PCURVE('',#1239,#2752);
#2752 = DEFINITIONAL_REPRESENTATION('',(#2753),#2757);
#2753 = LINE('',#2754,#2755);
#2754 = CARTESIAN_POINT('',(-6.28318530718,-2.6));
#2755 = VECTOR('',#2756,1.);
#2756 = DIRECTION('',(1.,-0.));
#2757 = ( GEOMETRIC_REPRESENTATION_CONTEXT(2) 
PARAMETRIC_REPRESENTATION_CONTEXT() REPRESENTATION_CONTEXT('2D SPACE',''
  ) );
#2758 = FACE_BOUND('',#2759,.T.);
#2759 = EDGE_LOOP('',(#2760));
#2760 = ORIENTED_EDGE('',*,*,#2761,.T.);
#2761 = EDGE_CURVE('',#2762,#2762,#2764,.T.);
#2762 = VERTEX_POINT('',#2763);
#2763 = CARTESIAN_POINT('',(38.8,28.,1.6));
#2764 = SURFACE_CURVE('',#2765,(#2770,#2781),.PCURVE_S1.);
#2765 = CIRCLE('',#2766,0.8);
#2766 = AXIS2_PLACEMENT_3D('',#2767,#2768,#2769);
#2767 = CARTESIAN_POINT('',(38.,28.,1.6));
#2768 = DIRECTION('',(0.,0.,-1.));
#2769 = DIRECTION('',(1.,0.,0.));
#2770 = PCURVE('',#100,#2771);
#2771 = DEFINITIONAL_REPRESENTATION('',(#2772),#2780);
#2772 = ( BOUNDED_CURVE() B_SPLINE_CURVE(2,(#2773,#2774,#2775,#2776,
#2777,#2778,#2779),.UNSPECIFIED.,.T.,.F.) B_SPLINE_CURVE_WITH_KNOTS((1,2
    ,2,2,2,1),(-2.094395102393,0.,2.094395102393,4.188790204786,
6.28318530718,8.377580409573),.UNSPECIFIED.) CURVE() 
GEOMETRIC_REPRESENTATION_ITEM() RATIONAL_B_SPLINE_CURVE((1.,0.5,1.,0.5,
1.,0.5,1.)) REPRESENTATION_ITEM('') );
#2773 = CARTESIAN_POINT('',(38.8,28.));
#2774 = CARTESIAN_POINT('',(38.8,26.614359353945));
#2775 = CARTESIAN_POINT('',(37.6,27.307179676972));
#2776 = CARTESIAN_POINT('',(36.4,28.));
#2777 = CARTESIAN_POINT('',(37.6,28.692820323028));
#2778 = CARTESIAN_POINT('',(38.8,29.385640646055));
#2779 = CARTESIAN_POINT('',(38.8,28.));
#2780 = ( GEOMETRIC_REPRESENTATION_CONTEXT(2) 
PARAMETRIC_REPRESENTATION_CONTEXT() REPRESENTATION_CONTEXT('2D SPACE',''
  ) );
#2781 = PCURVE('',#1274,#2782);
#2782 = DEFINITIONAL_REPRESENTATION('',(#2783),#2787);
#2783 = LINE('',#2784,#2785);
#2784 = CARTESIAN_POINT('',(-6.28318530718,-2.6));
#2785 = VECTOR('',#2786,1.);
#2786 = DIRECTION('',(1.,-0.));
#2787 = ( GEOMETRIC_REPRESENTATION_CONTEXT(2) 
PARAMETRIC_REPRESENTATION_CONTEXT() REPRESENTATION_CONTEXT('2D SPACE',''
  ) );
#2788 = ADVANCED_FACE('',(#2789),#72,.F.);
#2789 = FACE_BOUND('',#2790,.F.);
#2790 = EDGE_LOOP('',(#2791,#2812,#2813,#2814));
#2791 = ORIENTED_EDGE('',*,*,#2792,.T.);
#2792 = EDGE_CURVE('',#140,#1425,#2793,.T.);
#2793 = SURFACE_CURVE('',#2794,(#2798,#2805),.PCURVE_S1.);
#2794 = LINE('',#2795,#2796);
#2795 = CARTESIAN_POINT('',(-46.,32.,0.));
#2796 = VECTOR('',#2797,1.);
#2797 = DIRECTION('',(0.,0.,1.));
#2798 = PCURVE('',#72,#2799);
#2799 = DEFINITIONAL_REPRESENTATION('',(#2800),#2804);
#2800 = LINE('',#2801,#2802);
#2801 = CARTESIAN_POINT('',(0.,0.));
#2802 = VECTOR('',#2803,1.);
#2803 = DIRECTION('',(0.,-1.));
#2804 = ( GEOMETRIC_REPRESENTATION_CONTEXT(2) 
PARAMETRIC_REPRESENTATION_CONTEXT() REPRESENTATION_CONTEXT('2D SPACE',''
  ) );
#2805 = PCURVE('',#307,#2806);
#2806 = DEFINITIONAL_REPRESENTATION('',(#2807),#2811);
#2807 = LINE('',#2808,#2809);
#2808 = CARTESIAN_POINT('',(92.,0.));
#2809 = VECTOR('',#2810,1.);
#2810 = DIRECTION('',(0.,-1.));
#2811 = ( GEOMETRIC_REPRESENTATION_CONTEXT(2) 
PARAMETRIC_REPRESENTATION_CONTEXT() REPRESENTATION_CONTEXT('2D SPACE',''
  ) );
#2812 = ORIENTED_EDGE('',*,*,#1424,.T.);
#2813 = ORIENTED_EDGE('',*,*,#56,.F.);
#2814 = ORIENTED_EDGE('',*,*,#139,.F.);
#2815 = ADVANCED_FACE('',(#2816),#307,.F.);
#2816 = FACE_BOUND('',#2817,.F.);
#2817 = EDGE_LOOP('',(#2818,#2839,#2840,#2841));
#2818 = ORIENTED_EDGE('',*,*,#2819,.T.);
#2819 = EDGE_CURVE('',#266,#1520,#2820,.T.);
#2820 = SURFACE_CURVE('',#2821,(#2825,#2832),.PCURVE_S1.);
#2821 = LINE('',#2822,#2823);
#2822 = CARTESIAN_POINT('',(46.,32.,0.));
#2823 = VECTOR('',#2824,1.);
#2824 = DIRECTION('',(0.,0.,1.));
#2825 = PCURVE('',#307,#2826);
#2826 = DEFINITIONAL_REPRESENTATION('',(#2827),#2831);
#2827 = LINE('',#2828,#2829);
#2828 = CARTESIAN_POINT('',(0.,-0.));
#2829 = VECTOR('',#2830,1.);
#2830 = DIRECTION('',(0.,-1.));
#2831 = ( GEOMETRIC_REPRESENTATION_CONTEXT(2) 
PARAMETRIC_REPRESENTATION_CONTEXT() REPRESENTATION_CONTEXT('2D SPACE',''
  ) );
#2832 = PCURVE('',#281,#2833);
#2833 = DEFINITIONAL_REPRESENTATION('',(#2834),#2838);
#2834 = LINE('',#2835,#2836);
#2835 = CARTESIAN_POINT('',(64.,0.));
#2836 = VECTOR('',#2837,1.);
#2837 = DIRECTION('',(0.,-1.));
#2838 = ( GEOMETRIC_REPRESENTATION_CONTEXT(2) 
PARAMETRIC_REPRESENTATION_CONTEXT() REPRESENTATION_CONTEXT('2D SPACE',''
  ) );
#2839 = ORIENTED_EDGE('',*,*,#1542,.T.);
#2840 = ORIENTED_EDGE('',*,*,#2792,.F.);
#2841 = ORIENTED_EDGE('',*,*,#293,.F.);
#2842 = ADVANCED_FACE('',(#2843),#281,.F.);
#2843 = FACE_BOUND('',#2844,.F.);
#2844 = EDGE_LOOP('',(#2845,#2866,#2867,#2868));
#2845 = ORIENTED_EDGE('',*,*,#2846,.T.);
#2846 = EDGE_CURVE('',#238,#1497,#2847,.T.);
#2847 = SURFACE_CURVE('',#2848,(#2852,#2859),.PCURVE_S1.);
#2848 = LINE('',#2849,#2850);
#2849 = CARTESIAN_POINT('',(46.,-32.,0.));
#2850 = VECTOR('',#2851,1.);
#2851 = DIRECTION('',(0.,0.,1.));
#2852 = PCURVE('',#281,#2853);
#2853 = DEFINITIONAL_REPRESENTATION('',(#2854),#2858);
#2854 = LINE('',#2855,#2856);
#2855 = CARTESIAN_POINT('',(0.,0.));
#2856 = VECTOR('',#2857,1.);
#2857 = DIRECTION('',(0.,-1.));
#2858 = ( GEOMETRIC_REPRESENTATION_CONTEXT(2) 
PARAMETRIC_REPRESENTATION_CONTEXT() REPRESENTATION_CONTEXT('2D SPACE',''
  ) );
#2859 = PCURVE('',#253,#2860);
#2860 = DEFINITIONAL_REPRESENTATION('',(#2861),#2865);
#2861 = LINE('',#2862,#2863);
#2862 = CARTESIAN_POINT('',(92.,0.));
#2863 = VECTOR('',#2864,1.);
#2864 = DIRECTION('',(0.,-1.));
#2865 = ( GEOMETRIC_REPRESENTATION_CONTEXT(2) 
PARAMETRIC_REPRESENTATION_CONTEXT() REPRESENTATION_CONTEXT('2D SPACE',''
  ) );
#2866 = ORIENTED_EDGE('',*,*,#1519,.T.);
#2867 = ORIENTED_EDGE('',*,*,#2819,.F.);
#2868 = ORIENTED_EDGE('',*,*,#265,.F.);
#2869 = ADVANCED_FACE('',(#2870),#179,.F.);
#2870 = FACE_BOUND('',#2871,.F.);
#2871 = EDGE_LOOP('',(#2872,#2873,#2894,#2895));
#2872 = ORIENTED_EDGE('',*,*,#163,.T.);
#2873 = ORIENTED_EDGE('',*,*,#2874,.T.);
#2874 = EDGE_CURVE('',#24,#215,#2875,.T.);
#2875 = SURFACE_CURVE('',#2876,(#2880,#2887),.PCURVE_S1.);
#2876 = LINE('',#2877,#2878);
#2877 = CARTESIAN_POINT('',(-46.,-32.,0.));
#2878 = VECTOR('',#2879,1.);
#2879 = DIRECTION('',(1.,0.,0.));
#2880 = PCURVE('',#179,#2881);
#2881 = DEFINITIONAL_REPRESENTATION('',(#2882),#2886);
#2882 = LINE('',#2883,#2884);
#2883 = CARTESIAN_POINT('',(-46.,-32.));
#2884 = VECTOR('',#2885,1.);
#2885 = DIRECTION('',(1.,0.));
#2886 = ( GEOMETRIC_REPRESENTATION_CONTEXT(2) 
PARAMETRIC_REPRESENTATION_CONTEXT() REPRESENTATION_CONTEXT('2D SPACE',''
  ) );
#2887 = PCURVE('',#1408,#2888);
#2888 = DEFINITIONAL_REPRESENTATION('',(#2889),#2893);
#2889 = LINE('',#2890,#2891);
#2890 = CARTESIAN_POINT('',(-6.5,-3.));
#2891 = VECTOR('',#2892,1.);
#2892 = DIRECTION('',(1.,0.));
#2893 = ( GEOMETRIC_REPRESENTATION_CONTEXT(2) 
PARAMETRIC_REPRESENTATION_CONTEXT() REPRESENTATION_CONTEXT('2D SPACE',''
  ) );
#2894 = ORIENTED_EDGE('',*,*,#214,.T.);
#2895 = ORIENTED_EDGE('',*,*,#191,.T.);
#2896 = ADVANCED_FACE('',(#2897),#253,.F.);
#2897 = FACE_BOUND('',#2898,.F.);
#2898 = EDGE_LOOP('',(#2899,#2900,#2919,#2920));
#2899 = ORIENTED_EDGE('',*,*,#237,.F.);
#2900 = ORIENTED_EDGE('',*,*,#2901,.T.);
#2901 = EDGE_CURVE('',#215,#1471,#2902,.T.);
#2902 = SURFACE_CURVE('',#2903,(#2907,#2913),.PCURVE_S1.);
#2903 = LINE('',#2904,#2905);
#2904 = CARTESIAN_POINT('',(-33.6,-32.,0.));
#2905 = VECTOR('',#2906,1.);
#2906 = DIRECTION('',(0.,-0.,1.));
#2907 = PCURVE('',#253,#2908);
#2908 = DEFINITIONAL_REPRESENTATION('',(#2909),#2912);
#2909 = B_SPLINE_CURVE_WITH_KNOTS('',1,(#2910,#2911),.UNSPECIFIED.,.F.,
  .F.,(2,2),(0.,1.6),.PIECEWISE_BEZIER_KNOTS.);
#2910 = CARTESIAN_POINT('',(12.4,0.));
#2911 = CARTESIAN_POINT('',(12.4,-1.6));
#2912 = ( GEOMETRIC_REPRESENTATION_CONTEXT(2) 
PARAMETRIC_REPRESENTATION_CONTEXT() REPRESENTATION_CONTEXT('2D SPACE',''
  ) );
#2913 = PCURVE('',#1485,#2914);
#2914 = DEFINITIONAL_REPRESENTATION('',(#2915),#2918);
#2915 = B_SPLINE_CURVE_WITH_KNOTS('',1,(#2916,#2917),.UNSPECIFIED.,.F.,
  .F.,(2,2),(0.,1.6),.PIECEWISE_BEZIER_KNOTS.);
#2916 = CARTESIAN_POINT('',(1.7,0.));
#2917 = CARTESIAN_POINT('',(1.7,-1.6));
#2918 = ( GEOMETRIC_REPRESENTATION_CONTEXT(2) 
PARAMETRIC_REPRESENTATION_CONTEXT() REPRESENTATION_CONTEXT('2D SPACE',''
  ) );
#2919 = ORIENTED_EDGE('',*,*,#1496,.T.);
#2920 = ORIENTED_EDGE('',*,*,#2846,.F.);
#2921 = ADVANCED_FACE('',(#2922),#339,.F.);
#2922 = FACE_BOUND('',#2923,.F.);
#2923 = EDGE_LOOP('',(#2924,#2925,#2926,#2927));
#2924 = ORIENTED_EDGE('',*,*,#321,.T.);
#2925 = ORIENTED_EDGE('',*,*,#397,.T.);
#2926 = ORIENTED_EDGE('',*,*,#374,.T.);
#2927 = ORIENTED_EDGE('',*,*,#351,.T.);
#2928 = ADVANCED_FACE('',(#2929),#438,.F.);
#2929 = FACE_BOUND('',#2930,.F.);
#2930 = EDGE_LOOP('',(#2931,#2932,#2933,#2934));
#2931 = ORIENTED_EDGE('',*,*,#420,.T.);
#2932 = ORIENTED_EDGE('',*,*,#496,.T.);
#2933 = ORIENTED_EDGE('',*,*,#473,.T.);
#2934 = ORIENTED_EDGE('',*,*,#450,.T.);
#2935 = ADVANCED_FACE('',(#2936),#537,.F.);
#2936 = FACE_BOUND('',#2937,.F.);
#2937 = EDGE_LOOP('',(#2938,#2939,#2940,#2941));
#2938 = ORIENTED_EDGE('',*,*,#519,.T.);
#2939 = ORIENTED_EDGE('',*,*,#595,.T.);
#2940 = ORIENTED_EDGE('',*,*,#572,.T.);
#2941 = ORIENTED_EDGE('',*,*,#549,.T.);
#2942 = ADVANCED_FACE('',(#2943),#636,.F.);
#2943 = FACE_BOUND('',#2944,.F.);
#2944 = EDGE_LOOP('',(#2945,#2946,#2947,#2948));
#2945 = ORIENTED_EDGE('',*,*,#671,.T.);
#2946 = ORIENTED_EDGE('',*,*,#648,.T.);
#2947 = ORIENTED_EDGE('',*,*,#618,.T.);
#2948 = ORIENTED_EDGE('',*,*,#694,.T.);
#2949 = ADVANCED_FACE('',(#2950),#735,.F.);
#2950 = FACE_BOUND('',#2951,.F.);
#2951 = EDGE_LOOP('',(#2952,#2953,#2954,#2955));
#2952 = ORIENTED_EDGE('',*,*,#793,.T.);
#2953 = ORIENTED_EDGE('',*,*,#770,.T.);
#2954 = ORIENTED_EDGE('',*,*,#747,.T.);
#2955 = ORIENTED_EDGE('',*,*,#717,.T.);
#2956 = ADVANCED_FACE('',(#2957),#834,.F.);
#2957 = FACE_BOUND('',#2958,.F.);
#2958 = EDGE_LOOP('',(#2959,#2960,#2961,#2962));
#2959 = ORIENTED_EDGE('',*,*,#816,.T.);
#2960 = ORIENTED_EDGE('',*,*,#892,.T.);
#2961 = ORIENTED_EDGE('',*,*,#869,.T.);
#2962 = ORIENTED_EDGE('',*,*,#846,.T.);
#2963 = ADVANCED_FACE('',(#2964),#933,.F.);
#2964 = FACE_BOUND('',#2965,.F.);
#2965 = EDGE_LOOP('',(#2966,#2967,#2968,#2969));
#2966 = ORIENTED_EDGE('',*,*,#915,.T.);
#2967 = ORIENTED_EDGE('',*,*,#991,.T.);
#2968 = ORIENTED_EDGE('',*,*,#968,.T.);
#2969 = ORIENTED_EDGE('',*,*,#945,.T.);
#2970 = ADVANCED_FACE('',(#2971),#1032,.F.);
#2971 = FACE_BOUND('',#2972,.F.);
#2972 = EDGE_LOOP('',(#2973,#2974,#2975,#2976));
#2973 = ORIENTED_EDGE('',*,*,#1014,.T.);
#2974 = ORIENTED_EDGE('',*,*,#1090,.T.);
#2975 = ORIENTED_EDGE('',*,*,#1067,.T.);
#2976 = ORIENTED_EDGE('',*,*,#1044,.T.);
#2977 = ADVANCED_FACE('',(#2978),#1134,.F.);
#2978 = FACE_BOUND('',#2979,.T.);
#2979 = EDGE_LOOP('',(#2980,#2981,#3002,#3003));
#2980 = ORIENTED_EDGE('',*,*,#1113,.T.);
#2981 = ORIENTED_EDGE('',*,*,#2982,.T.);
#2982 = EDGE_CURVE('',#1114,#2642,#2983,.T.);
#2983 = SEAM_CURVE('',#2984,(#2988,#2995),.PCURVE_S1.);
#2984 = LINE('',#2985,#2986);
#2985 = CARTESIAN_POINT('',(8.6,28.,-1.));
#2986 = VECTOR('',#2987,1.);
#2987 = DIRECTION('',(0.,0.,1.));
#2988 = PCURVE('',#1134,#2989);
#2989 = DEFINITIONAL_REPRESENTATION('',(#2990),#2994);
#2990 = LINE('',#2991,#2992);
#2991 = CARTESIAN_POINT('',(-6.28318530718,0.));
#2992 = VECTOR('',#2993,1.);
#2993 = DIRECTION('',(-0.,-1.));
#2994 = ( GEOMETRIC_REPRESENTATION_CONTEXT(2) 
PARAMETRIC_REPRESENTATION_CONTEXT() REPRESENTATION_CONTEXT('2D SPACE',''
  ) );
#2995 = PCURVE('',#1134,#2996);
#2996 = DEFINITIONAL_REPRESENTATION('',(#2997),#3001);
#2997 = LINE('',#2998,#2999);
#2998 = CARTESIAN_POINT('',(-0.,0.));
#2999 = VECTOR('',#3000,1.);
#3000 = DIRECTION('',(-0.,-1.));
#3001 = ( GEOMETRIC_REPRESENTATION_CONTEXT(2) 
PARAMETRIC_REPRESENTATION_CONTEXT() REPRESENTATION_CONTEXT('2D SPACE',''
  ) );
#3002 = ORIENTED_EDGE('',*,*,#2641,.F.);
#3003 = ORIENTED_EDGE('',*,*,#2982,.F.);
#3004 = ADVANCED_FACE('',(#3005),#1169,.F.);
#3005 = FACE_BOUND('',#3006,.T.);
#3006 = EDGE_LOOP('',(#3007,#3008,#3029,#3030));
#3007 = ORIENTED_EDGE('',*,*,#1148,.T.);
#3008 = ORIENTED_EDGE('',*,*,#3009,.T.);
#3009 = EDGE_CURVE('',#1149,#2672,#3010,.T.);
#3010 = SEAM_CURVE('',#3011,(#3015,#3022),.PCURVE_S1.);
#3011 = LINE('',#3012,#3013);
#3012 = CARTESIAN_POINT('',(16.15,28.,-1.));
#3013 = VECTOR('',#3014,1.);
#3014 = DIRECTION('',(0.,0.,1.));
#3015 = PCURVE('',#1169,#3016);
#3016 = DEFINITIONAL_REPRESENTATION('',(#3017),#3021);
#3017 = LINE('',#3018,#3019);
#3018 = CARTESIAN_POINT('',(-6.28318530718,0.));
#3019 = VECTOR('',#3020,1.);
#3020 = DIRECTION('',(-0.,-1.));
#3021 = ( GEOMETRIC_REPRESENTATION_CONTEXT(2) 
PARAMETRIC_REPRESENTATION_CONTEXT() REPRESENTATION_CONTEXT('2D SPACE',''
  ) );
#3022 = PCURVE('',#1169,#3023);
#3023 = DEFINITIONAL_REPRESENTATION('',(#3024),#3028);
#3024 = LINE('',#3025,#3026);
#3025 = CARTESIAN_POINT('',(-0.,0.));
#3026 = VECTOR('',#3027,1.);
#3027 = DIRECTION('',(-0.,-1.));
#3028 = ( GEOMETRIC_REPRESENTATION_CONTEXT(2) 
PARAMETRIC_REPRESENTATION_CONTEXT() REPRESENTATION_CONTEXT('2D SPACE',''
  ) );
#3029 = ORIENTED_EDGE('',*,*,#2671,.F.);
#3030 = ORIENTED_EDGE('',*,*,#3009,.F.);
#3031 = ADVANCED_FACE('',(#3032),#1204,.F.);
#3032 = FACE_BOUND('',#3033,.T.);
#3033 = EDGE_LOOP('',(#3034,#3035,#3056,#3057));
#3034 = ORIENTED_EDGE('',*,*,#1183,.T.);
#3035 = ORIENTED_EDGE('',*,*,#3036,.T.);
#3036 = EDGE_CURVE('',#1184,#2702,#3037,.T.);
#3037 = SEAM_CURVE('',#3038,(#3042,#3049),.PCURVE_S1.);
#3038 = LINE('',#3039,#3040);
#3039 = CARTESIAN_POINT('',(23.7,28.,-1.));
#3040 = VECTOR('',#3041,1.);
#3041 = DIRECTION('',(0.,0.,1.));
#3042 = PCURVE('',#1204,#3043);
#3043 = DEFINITIONAL_REPRESENTATION('',(#3044),#3048);
#3044 = LINE('',#3045,#3046);
#3045 = CARTESIAN_POINT('',(-6.28318530718,0.));
#3046 = VECTOR('',#3047,1.);
#3047 = DIRECTION('',(-0.,-1.));
#3048 = ( GEOMETRIC_REPRESENTATION_CONTEXT(2) 
PARAMETRIC_REPRESENTATION_CONTEXT() REPRESENTATION_CONTEXT('2D SPACE',''
  ) );
#3049 = PCURVE('',#1204,#3050);
#3050 = DEFINITIONAL_REPRESENTATION('',(#3051),#3055);
#3051 = LINE('',#3052,#3053);
#3052 = CARTESIAN_POINT('',(-0.,0.));
#3053 = VECTOR('',#3054,1.);
#3054 = DIRECTION('',(-0.,-1.));
#3055 = ( GEOMETRIC_REPRESENTATION_CONTEXT(2) 
PARAMETRIC_REPRESENTATION_CONTEXT() REPRESENTATION_CONTEXT('2D SPACE',''
  ) );
#3056 = ORIENTED_EDGE('',*,*,#2701,.F.);
#3057 = ORIENTED_EDGE('',*,*,#3036,.F.);
#3058 = ADVANCED_FACE('',(#3059),#1239,.F.);
#3059 = FACE_BOUND('',#3060,.T.);
#3060 = EDGE_LOOP('',(#3061,#3062,#3083,#3084));
#3061 = ORIENTED_EDGE('',*,*,#1218,.T.);
#3062 = ORIENTED_EDGE('',*,*,#3063,.T.);
#3063 = EDGE_CURVE('',#1219,#2732,#3064,.T.);
#3064 = SEAM_CURVE('',#3065,(#3069,#3076),.PCURVE_S1.);
#3065 = LINE('',#3066,#3067);
#3066 = CARTESIAN_POINT('',(31.25,28.,-1.));
#3067 = VECTOR('',#3068,1.);
#3068 = DIRECTION('',(0.,0.,1.));
#3069 = PCURVE('',#1239,#3070);
#3070 = DEFINITIONAL_REPRESENTATION('',(#3071),#3075);
#3071 = LINE('',#3072,#3073);
#3072 = CARTESIAN_POINT('',(-6.28318530718,0.));
#3073 = VECTOR('',#3074,1.);
#3074 = DIRECTION('',(-0.,-1.));
#3075 = ( GEOMETRIC_REPRESENTATION_CONTEXT(2) 
PARAMETRIC_REPRESENTATION_CONTEXT() REPRESENTATION_CONTEXT('2D SPACE',''
  ) );
#3076 = PCURVE('',#1239,#3077);
#3077 = DEFINITIONAL_REPRESENTATION('',(#3078),#3082);
#3078 = LINE('',#3079,#3080);
#3079 = CARTESIAN_POINT('',(-0.,0.));
#3080 = VECTOR('',#3081,1.);
#3081 = DIRECTION('',(-0.,-1.));
#3082 = ( GEOMETRIC_REPRESENTATION_CONTEXT(2) 
PARAMETRIC_REPRESENTATION_CONTEXT() REPRESENTATION_CONTEXT('2D SPACE',''
  ) );
#3083 = ORIENTED_EDGE('',*,*,#2731,.F.);
#3084 = ORIENTED_EDGE('',*,*,#3063,.F.);
#3085 = ADVANCED_FACE('',(#3086),#1274,.F.);
#3086 = FACE_BOUND('',#3087,.T.);
#3087 = EDGE_LOOP('',(#3088,#3089,#3110,#3111));
#3088 = ORIENTED_EDGE('',*,*,#1253,.T.);
#3089 = ORIENTED_EDGE('',*,*,#3090,.T.);
#3090 = EDGE_CURVE('',#1254,#2762,#3091,.T.);
#3091 = SEAM_CURVE('',#3092,(#3096,#3103),.PCURVE_S1.);
#3092 = LINE('',#3093,#3094);
#3093 = CARTESIAN_POINT('',(38.8,28.,-1.));
#3094 = VECTOR('',#3095,1.);
#3095 = DIRECTION('',(0.,0.,1.));
#3096 = PCURVE('',#1274,#3097);
#3097 = DEFINITIONAL_REPRESENTATION('',(#3098),#3102);
#3098 = LINE('',#3099,#3100);
#3099 = CARTESIAN_POINT('',(-6.28318530718,0.));
#3100 = VECTOR('',#3101,1.);
#3101 = DIRECTION('',(-0.,-1.));
#3102 = ( GEOMETRIC_REPRESENTATION_CONTEXT(2) 
PARAMETRIC_REPRESENTATION_CONTEXT() REPRESENTATION_CONTEXT('2D SPACE',''
  ) );
#3103 = PCURVE('',#1274,#3104);
#3104 = DEFINITIONAL_REPRESENTATION('',(#3105),#3109);
#3105 = LINE('',#3106,#3107);
#3106 = CARTESIAN_POINT('',(-0.,0.));
#3107 = VECTOR('',#3108,1.);
#3108 = DIRECTION('',(-0.,-1.));
#3109 = ( GEOMETRIC_REPRESENTATION_CONTEXT(2) 
PARAMETRIC_REPRESENTATION_CONTEXT() REPRESENTATION_CONTEXT('2D SPACE',''
  ) );
#3110 = ORIENTED_EDGE('',*,*,#2761,.F.);
#3111 = ORIENTED_EDGE('',*,*,#3090,.F.);
#3112 = ADVANCED_FACE('',(#3113),#1408,.F.);
#3113 = FACE_BOUND('',#3114,.F.);
#3114 = EDGE_LOOP('',(#3115,#3116,#3139,#3160));
#3115 = ORIENTED_EDGE('',*,*,#1394,.T.);
#3116 = ORIENTED_EDGE('',*,*,#3117,.T.);
#3117 = EDGE_CURVE('',#1367,#3118,#3120,.T.);
#3118 = VERTEX_POINT('',#3119);
#3119 = CARTESIAN_POINT('',(-33.6,-33.7,0.));
#3120 = SURFACE_CURVE('',#3121,(#3125,#3132),.PCURVE_S1.);
#3121 = LINE('',#3122,#3123);
#3122 = CARTESIAN_POINT('',(-45.4,-33.7,0.));
#3123 = VECTOR('',#3124,1.);
#3124 = DIRECTION('',(1.,0.,0.));
#3125 = PCURVE('',#1408,#3126);
#3126 = DEFINITIONAL_REPRESENTATION('',(#3127),#3131);
#3127 = LINE('',#3128,#3129);
#3128 = CARTESIAN_POINT('',(-5.9,-4.7));
#3129 = VECTOR('',#3130,1.);
#3130 = DIRECTION('',(1.,0.));
#3131 = ( GEOMETRIC_REPRESENTATION_CONTEXT(2) 
PARAMETRIC_REPRESENTATION_CONTEXT() REPRESENTATION_CONTEXT('2D SPACE',''
  ) );
#3132 = PCURVE('',#1382,#3133);
#3133 = DEFINITIONAL_REPRESENTATION('',(#3134),#3138);
#3134 = LINE('',#3135,#3136);
#3135 = CARTESIAN_POINT('',(0.,0.));
#3136 = VECTOR('',#3137,1.);
#3137 = DIRECTION('',(1.,0.));
#3138 = ( GEOMETRIC_REPRESENTATION_CONTEXT(2) 
PARAMETRIC_REPRESENTATION_CONTEXT() REPRESENTATION_CONTEXT('2D SPACE',''
  ) );
#3139 = ORIENTED_EDGE('',*,*,#3140,.T.);
#3140 = EDGE_CURVE('',#3118,#215,#3141,.T.);
#3141 = SURFACE_CURVE('',#3142,(#3146,#3153),.PCURVE_S1.);
#3142 = LINE('',#3143,#3144);
#3143 = CARTESIAN_POINT('',(-33.6,-33.7,0.));
#3144 = VECTOR('',#3145,1.);
#3145 = DIRECTION('',(0.,1.,0.));
#3146 = PCURVE('',#1408,#3147);
#3147 = DEFINITIONAL_REPRESENTATION('',(#3148),#3152);
#3148 = LINE('',#3149,#3150);
#3149 = CARTESIAN_POINT('',(5.9,-4.7));
#3150 = VECTOR('',#3151,1.);
#3151 = DIRECTION('',(0.,1.));
#3152 = ( GEOMETRIC_REPRESENTATION_CONTEXT(2) 
PARAMETRIC_REPRESENTATION_CONTEXT() REPRESENTATION_CONTEXT('2D SPACE',''
  ) );
#3153 = PCURVE('',#1485,#3154);
#3154 = DEFINITIONAL_REPRESENTATION('',(#3155),#3159);
#3155 = LINE('',#3156,#3157);
#3156 = CARTESIAN_POINT('',(0.,0.));
#3157 = VECTOR('',#3158,1.);
#3158 = DIRECTION('',(1.,0.));
#3159 = ( GEOMETRIC_REPRESENTATION_CONTEXT(2) 
PARAMETRIC_REPRESENTATION_CONTEXT() REPRESENTATION_CONTEXT('2D SPACE',''
  ) );
#3160 = ORIENTED_EDGE('',*,*,#2874,.F.);
#3161 = ADVANCED_FACE('',(#3162),#1382,.F.);
#3162 = FACE_BOUND('',#3163,.F.);
#3163 = EDGE_LOOP('',(#3164,#3165,#3188,#3209));
#3164 = ORIENTED_EDGE('',*,*,#1366,.T.);
#3165 = ORIENTED_EDGE('',*,*,#3166,.T.);
#3166 = EDGE_CURVE('',#1339,#3167,#3169,.T.);
#3167 = VERTEX_POINT('',#3168);
#3168 = CARTESIAN_POINT('',(-33.6,-33.7,5.4));
#3169 = SURFACE_CURVE('',#3170,(#3174,#3181),.PCURVE_S1.);
#3170 = LINE('',#3171,#3172);
#3171 = CARTESIAN_POINT('',(-45.4,-33.7,5.4));
#3172 = VECTOR('',#3173,1.);
#3173 = DIRECTION('',(1.,0.,0.));
#3174 = PCURVE('',#1382,#3175);
#3175 = DEFINITIONAL_REPRESENTATION('',(#3176),#3180);
#3176 = LINE('',#3177,#3178);
#3177 = CARTESIAN_POINT('',(0.,-5.4));
#3178 = VECTOR('',#3179,1.);
#3179 = DIRECTION('',(1.,0.));
#3180 = ( GEOMETRIC_REPRESENTATION_CONTEXT(2) 
PARAMETRIC_REPRESENTATION_CONTEXT() REPRESENTATION_CONTEXT('2D SPACE',''
  ) );
#3181 = PCURVE('',#1354,#3182);
#3182 = DEFINITIONAL_REPRESENTATION('',(#3183),#3187);
#3183 = LINE('',#3184,#3185);
#3184 = CARTESIAN_POINT('',(-5.9,-4.7));
#3185 = VECTOR('',#3186,1.);
#3186 = DIRECTION('',(1.,0.));
#3187 = ( GEOMETRIC_REPRESENTATION_CONTEXT(2) 
PARAMETRIC_REPRESENTATION_CONTEXT() REPRESENTATION_CONTEXT('2D SPACE',''
  ) );
#3188 = ORIENTED_EDGE('',*,*,#3189,.F.);
#3189 = EDGE_CURVE('',#3118,#3167,#3190,.T.);
#3190 = SURFACE_CURVE('',#3191,(#3195,#3202),.PCURVE_S1.);
#3191 = LINE('',#3192,#3193);
#3192 = CARTESIAN_POINT('',(-33.6,-33.7,0.));
#3193 = VECTOR('',#3194,1.);
#3194 = DIRECTION('',(0.,0.,1.));
#3195 = PCURVE('',#1382,#3196);
#3196 = DEFINITIONAL_REPRESENTATION('',(#3197),#3201);
#3197 = LINE('',#3198,#3199);
#3198 = CARTESIAN_POINT('',(11.8,0.));
#3199 = VECTOR('',#3200,1.);
#3200 = DIRECTION('',(0.,-1.));
#3201 = ( GEOMETRIC_REPRESENTATION_CONTEXT(2) 
PARAMETRIC_REPRESENTATION_CONTEXT() REPRESENTATION_CONTEXT('2D SPACE',''
  ) );
#3202 = PCURVE('',#1485,#3203);
#3203 = DEFINITIONAL_REPRESENTATION('',(#3204),#3208);
#3204 = LINE('',#3205,#3206);
#3205 = CARTESIAN_POINT('',(0.,0.));
#3206 = VECTOR('',#3207,1.);
#3207 = DIRECTION('',(0.,-1.));
#3208 = ( GEOMETRIC_REPRESENTATION_CONTEXT(2) 
PARAMETRIC_REPRESENTATION_CONTEXT() REPRESENTATION_CONTEXT('2D SPACE',''
  ) );
#3209 = ORIENTED_EDGE('',*,*,#3117,.F.);
#3210 = ADVANCED_FACE('',(#3211),#1354,.T.);
#3211 = FACE_BOUND('',#3212,.T.);
#3212 = EDGE_LOOP('',(#3213,#3214,#3237,#3258));
#3213 = ORIENTED_EDGE('',*,*,#3166,.T.);
#3214 = ORIENTED_EDGE('',*,*,#3215,.T.);
#3215 = EDGE_CURVE('',#3167,#3216,#3218,.T.);
#3216 = VERTEX_POINT('',#3217);
#3217 = CARTESIAN_POINT('',(-33.6,-24.3,5.4));
#3218 = SURFACE_CURVE('',#3219,(#3223,#3230),.PCURVE_S1.);
#3219 = LINE('',#3220,#3221);
#3220 = CARTESIAN_POINT('',(-33.6,-33.7,5.4));
#3221 = VECTOR('',#3222,1.);
#3222 = DIRECTION('',(0.,1.,0.));
#3223 = PCURVE('',#1354,#3224);
#3224 = DEFINITIONAL_REPRESENTATION('',(#3225),#3229);
#3225 = LINE('',#3226,#3227);
#3226 = CARTESIAN_POINT('',(5.9,-4.7));
#3227 = VECTOR('',#3228,1.);
#3228 = DIRECTION('',(0.,1.));
#3229 = ( GEOMETRIC_REPRESENTATION_CONTEXT(2) 
PARAMETRIC_REPRESENTATION_CONTEXT() REPRESENTATION_CONTEXT('2D SPACE',''
  ) );
#3230 = PCURVE('',#1485,#3231);
#3231 = DEFINITIONAL_REPRESENTATION('',(#3232),#3236);
#3232 = LINE('',#3233,#3234);
#3233 = CARTESIAN_POINT('',(0.,-5.4));
#3234 = VECTOR('',#3235,1.);
#3235 = DIRECTION('',(1.,0.));
#3236 = ( GEOMETRIC_REPRESENTATION_CONTEXT(2) 
PARAMETRIC_REPRESENTATION_CONTEXT() REPRESENTATION_CONTEXT('2D SPACE',''
  ) );
#3237 = ORIENTED_EDGE('',*,*,#3238,.T.);
#3238 = EDGE_CURVE('',#3216,#1311,#3239,.T.);
#3239 = SURFACE_CURVE('',#3240,(#3244,#3251),.PCURVE_S1.);
#3240 = LINE('',#3241,#3242);
#3241 = CARTESIAN_POINT('',(-33.6,-24.3,5.4));
#3242 = VECTOR('',#3243,1.);
#3243 = DIRECTION('',(-1.,0.,0.));
#3244 = PCURVE('',#1354,#3245);
#3245 = DEFINITIONAL_REPRESENTATION('',(#3246),#3250);
#3246 = LINE('',#3247,#3248);
#3247 = CARTESIAN_POINT('',(5.9,4.7));
#3248 = VECTOR('',#3249,1.);
#3249 = DIRECTION('',(-1.,0.));
#3250 = ( GEOMETRIC_REPRESENTATION_CONTEXT(2) 
PARAMETRIC_REPRESENTATION_CONTEXT() REPRESENTATION_CONTEXT('2D SPACE',''
  ) );
#3251 = PCURVE('',#1326,#3252);
#3252 = DEFINITIONAL_REPRESENTATION('',(#3253),#3257);
#3253 = LINE('',#3254,#3255);
#3254 = CARTESIAN_POINT('',(0.,-5.4));
#3255 = VECTOR('',#3256,1.);
#3256 = DIRECTION('',(1.,0.));
#3257 = ( GEOMETRIC_REPRESENTATION_CONTEXT(2) 
PARAMETRIC_REPRESENTATION_CONTEXT() REPRESENTATION_CONTEXT('2D SPACE',''
  ) );
#3258 = ORIENTED_EDGE('',*,*,#1338,.T.);
#3259 = ADVANCED_FACE('',(#3260),#1326,.F.);
#3260 = FACE_BOUND('',#3261,.F.);
#3261 = EDGE_LOOP('',(#3262,#3263,#3284,#3285));
#3262 = ORIENTED_EDGE('',*,*,#1449,.T.);
#3263 = ORIENTED_EDGE('',*,*,#3264,.T.);
#3264 = EDGE_CURVE('',#1450,#3216,#3265,.T.);
#3265 = SURFACE_CURVE('',#3266,(#3270,#3277),.PCURVE_S1.);
#3266 = LINE('',#3267,#3268);
#3267 = CARTESIAN_POINT('',(-33.6,-24.3,0.));
#3268 = VECTOR('',#3269,1.);
#3269 = DIRECTION('',(0.,0.,1.));
#3270 = PCURVE('',#1326,#3271);
#3271 = DEFINITIONAL_REPRESENTATION('',(#3272),#3276);
#3272 = LINE('',#3273,#3274);
#3273 = CARTESIAN_POINT('',(0.,-0.));
#3274 = VECTOR('',#3275,1.);
#3275 = DIRECTION('',(0.,-1.));
#3276 = ( GEOMETRIC_REPRESENTATION_CONTEXT(2) 
PARAMETRIC_REPRESENTATION_CONTEXT() REPRESENTATION_CONTEXT('2D SPACE',''
  ) );
#3277 = PCURVE('',#1485,#3278);
#3278 = DEFINITIONAL_REPRESENTATION('',(#3279),#3283);
#3279 = LINE('',#3280,#3281);
#3280 = CARTESIAN_POINT('',(9.4,0.));
#3281 = VECTOR('',#3282,1.);
#3282 = DIRECTION('',(0.,-1.));
#3283 = ( GEOMETRIC_REPRESENTATION_CONTEXT(2) 
PARAMETRIC_REPRESENTATION_CONTEXT() REPRESENTATION_CONTEXT('2D SPACE',''
  ) );
#3284 = ORIENTED_EDGE('',*,*,#3238,.T.);
#3285 = ORIENTED_EDGE('',*,*,#1310,.F.);
#3286 = ADVANCED_FACE('',(#3287),#1485,.F.);
#3287 = FACE_BOUND('',#3288,.F.);
#3288 = EDGE_LOOP('',(#3289,#3290,#3291,#3292,#3293,#3294));
#3289 = ORIENTED_EDGE('',*,*,#3140,.F.);
#3290 = ORIENTED_EDGE('',*,*,#3189,.T.);
#3291 = ORIENTED_EDGE('',*,*,#3215,.T.);
#3292 = ORIENTED_EDGE('',*,*,#3264,.F.);
#3293 = ORIENTED_EDGE('',*,*,#1470,.T.);
#3294 = ORIENTED_EDGE('',*,*,#2901,.F.);
#3295 = ADVANCED_FACE('',(#3296),#1582,.F.);
#3296 = FACE_BOUND('',#3297,.F.);
#3297 = EDGE_LOOP('',(#3298,#3299,#3322,#3350));
#3298 = ORIENTED_EDGE('',*,*,#1565,.T.);
#3299 = ORIENTED_EDGE('',*,*,#3300,.T.);
#3300 = EDGE_CURVE('',#1568,#3301,#3303,.T.);
#3301 = VERTEX_POINT('',#3302);
#3302 = CARTESIAN_POINT('',(-33.6,-24.2,5.6));
#3303 = SURFACE_CURVE('',#3304,(#3308,#3315),.PCURVE_S1.);
#3304 = LINE('',#3305,#3306);
#3305 = CARTESIAN_POINT('',(-33.6,-24.2,0.));
#3306 = VECTOR('',#3307,1.);
#3307 = DIRECTION('',(0.,0.,1.));
#3308 = PCURVE('',#1582,#3309);
#3309 = DEFINITIONAL_REPRESENTATION('',(#3310),#3314);
#3310 = LINE('',#3311,#3312);
#3311 = CARTESIAN_POINT('',(0.,0.));
#3312 = VECTOR('',#3313,1.);
#3313 = DIRECTION('',(0.,-1.));
#3314 = ( GEOMETRIC_REPRESENTATION_CONTEXT(2) 
PARAMETRIC_REPRESENTATION_CONTEXT() REPRESENTATION_CONTEXT('2D SPACE',''
  ) );
#3315 = PCURVE('',#1608,#3316);
#3316 = DEFINITIONAL_REPRESENTATION('',(#3317),#3321);
#3317 = LINE('',#3318,#3319);
#3318 = CARTESIAN_POINT('',(11.8,0.));
#3319 = VECTOR('',#3320,1.);
#3320 = DIRECTION('',(0.,-1.));
#3321 = ( GEOMETRIC_REPRESENTATION_CONTEXT(2) 
PARAMETRIC_REPRESENTATION_CONTEXT() REPRESENTATION_CONTEXT('2D SPACE',''
  ) );
#3322 = ORIENTED_EDGE('',*,*,#3323,.T.);
#3323 = EDGE_CURVE('',#3301,#3324,#3326,.T.);
#3324 = VERTEX_POINT('',#3325);
#3325 = CARTESIAN_POINT('',(-33.6,-14.8,5.6));
#3326 = SURFACE_CURVE('',#3327,(#3331,#3338),.PCURVE_S1.);
#3327 = LINE('',#3328,#3329);
#3328 = CARTESIAN_POINT('',(-33.6,-24.2,5.6));
#3329 = VECTOR('',#3330,1.);
#3330 = DIRECTION('',(0.,1.,0.));
#3331 = PCURVE('',#1582,#3332);
#3332 = DEFINITIONAL_REPRESENTATION('',(#3333),#3337);
#3333 = LINE('',#3334,#3335);
#3334 = CARTESIAN_POINT('',(0.,-5.6));
#3335 = VECTOR('',#3336,1.);
#3336 = DIRECTION('',(1.,0.));
#3337 = ( GEOMETRIC_REPRESENTATION_CONTEXT(2) 
PARAMETRIC_REPRESENTATION_CONTEXT() REPRESENTATION_CONTEXT('2D SPACE',''
  ) );
#3338 = PCURVE('',#3339,#3344);
#3339 = PLANE('',#3340);
#3340 = AXIS2_PLACEMENT_3D('',#3341,#3342,#3343);
#3341 = CARTESIAN_POINT('',(-39.5,-19.5,5.6));
#3342 = DIRECTION('',(0.,0.,1.));
#3343 = DIRECTION('',(1.,0.,-0.));
#3344 = DEFINITIONAL_REPRESENTATION('',(#3345),#3349);
#3345 = LINE('',#3346,#3347);
#3346 = CARTESIAN_POINT('',(5.9,-4.7));
#3347 = VECTOR('',#3348,1.);
#3348 = DIRECTION('',(0.,1.));
#3349 = ( GEOMETRIC_REPRESENTATION_CONTEXT(2) 
PARAMETRIC_REPRESENTATION_CONTEXT() REPRESENTATION_CONTEXT('2D SPACE',''
  ) );
#3350 = ORIENTED_EDGE('',*,*,#3351,.F.);
#3351 = EDGE_CURVE('',#1566,#3324,#3352,.T.);
#3352 = SURFACE_CURVE('',#3353,(#3357,#3364),.PCURVE_S1.);
#3353 = LINE('',#3354,#3355);
#3354 = CARTESIAN_POINT('',(-33.6,-14.8,0.));
#3355 = VECTOR('',#3356,1.);
#3356 = DIRECTION('',(0.,0.,1.));
#3357 = PCURVE('',#1582,#3358);
#3358 = DEFINITIONAL_REPRESENTATION('',(#3359),#3363);
#3359 = LINE('',#3360,#3361);
#3360 = CARTESIAN_POINT('',(9.4,0.));
#3361 = VECTOR('',#3362,1.);
#3362 = DIRECTION('',(0.,-1.));
#3363 = ( GEOMETRIC_REPRESENTATION_CONTEXT(2) 
PARAMETRIC_REPRESENTATION_CONTEXT() REPRESENTATION_CONTEXT('2D SPACE',''
  ) );
#3364 = PCURVE('',#1658,#3365);
#3365 = DEFINITIONAL_REPRESENTATION('',(#3366),#3370);
#3366 = LINE('',#3367,#3368);
#3367 = CARTESIAN_POINT('',(0.,-0.));
#3368 = VECTOR('',#3369,1.);
#3369 = DIRECTION('',(0.,-1.));
#3370 = ( GEOMETRIC_REPRESENTATION_CONTEXT(2) 
PARAMETRIC_REPRESENTATION_CONTEXT() REPRESENTATION_CONTEXT('2D SPACE',''
  ) );
#3371 = ADVANCED_FACE('',(#3372),#1658,.F.);
#3372 = FACE_BOUND('',#3373,.F.);
#3373 = EDGE_LOOP('',(#3374,#3375,#3376,#3399));
#3374 = ORIENTED_EDGE('',*,*,#1645,.T.);
#3375 = ORIENTED_EDGE('',*,*,#3351,.T.);
#3376 = ORIENTED_EDGE('',*,*,#3377,.T.);
#3377 = EDGE_CURVE('',#3324,#3378,#3380,.T.);
#3378 = VERTEX_POINT('',#3379);
#3379 = CARTESIAN_POINT('',(-45.4,-14.8,5.6));
#3380 = SURFACE_CURVE('',#3381,(#3385,#3392),.PCURVE_S1.);
#3381 = LINE('',#3382,#3383);
#3382 = CARTESIAN_POINT('',(-33.6,-14.8,5.6));
#3383 = VECTOR('',#3384,1.);
#3384 = DIRECTION('',(-1.,0.,0.));
#3385 = PCURVE('',#1658,#3386);
#3386 = DEFINITIONAL_REPRESENTATION('',(#3387),#3391);
#3387 = LINE('',#3388,#3389);
#3388 = CARTESIAN_POINT('',(0.,-5.6));
#3389 = VECTOR('',#3390,1.);
#3390 = DIRECTION('',(1.,0.));
#3391 = ( GEOMETRIC_REPRESENTATION_CONTEXT(2) 
PARAMETRIC_REPRESENTATION_CONTEXT() REPRESENTATION_CONTEXT('2D SPACE',''
  ) );
#3392 = PCURVE('',#3339,#3393);
#3393 = DEFINITIONAL_REPRESENTATION('',(#3394),#3398);
#3394 = LINE('',#3395,#3396);
#3395 = CARTESIAN_POINT('',(5.9,4.7));
#3396 = VECTOR('',#3397,1.);
#3397 = DIRECTION('',(-1.,0.));
#3398 = ( GEOMETRIC_REPRESENTATION_CONTEXT(2) 
PARAMETRIC_REPRESENTATION_CONTEXT() REPRESENTATION_CONTEXT('2D SPACE',''
  ) );
#3399 = ORIENTED_EDGE('',*,*,#3400,.F.);
#3400 = EDGE_CURVE('',#1620,#3378,#3401,.T.);
#3401 = SURFACE_CURVE('',#3402,(#3406,#3413),.PCURVE_S1.);
#3402 = LINE('',#3403,#3404);
#3403 = CARTESIAN_POINT('',(-45.4,-14.8,0.));
#3404 = VECTOR('',#3405,1.);
#3405 = DIRECTION('',(0.,0.,1.));
#3406 = PCURVE('',#1658,#3407);
#3407 = DEFINITIONAL_REPRESENTATION('',(#3408),#3412);
#3408 = LINE('',#3409,#3410);
#3409 = CARTESIAN_POINT('',(11.8,0.));
#3410 = VECTOR('',#3411,1.);
#3411 = DIRECTION('',(0.,-1.));
#3412 = ( GEOMETRIC_REPRESENTATION_CONTEXT(2) 
PARAMETRIC_REPRESENTATION_CONTEXT() REPRESENTATION_CONTEXT('2D SPACE',''
  ) );
#3413 = PCURVE('',#1634,#3414);
#3414 = DEFINITIONAL_REPRESENTATION('',(#3415),#3419);
#3415 = LINE('',#3416,#3417);
#3416 = CARTESIAN_POINT('',(0.,0.));
#3417 = VECTOR('',#3418,1.);
#3418 = DIRECTION('',(0.,-1.));
#3419 = ( GEOMETRIC_REPRESENTATION_CONTEXT(2) 
PARAMETRIC_REPRESENTATION_CONTEXT() REPRESENTATION_CONTEXT('2D SPACE',''
  ) );
#3420 = ADVANCED_FACE('',(#3421),#1608,.F.);
#3421 = FACE_BOUND('',#3422,.F.);
#3422 = EDGE_LOOP('',(#3423,#3424,#3447,#3468));
#3423 = ORIENTED_EDGE('',*,*,#1593,.T.);
#3424 = ORIENTED_EDGE('',*,*,#3425,.T.);
#3425 = EDGE_CURVE('',#1594,#3426,#3428,.T.);
#3426 = VERTEX_POINT('',#3427);
#3427 = CARTESIAN_POINT('',(-45.4,-24.2,5.6));
#3428 = SURFACE_CURVE('',#3429,(#3433,#3440),.PCURVE_S1.);
#3429 = LINE('',#3430,#3431);
#3430 = CARTESIAN_POINT('',(-45.4,-24.2,0.));
#3431 = VECTOR('',#3432,1.);
#3432 = DIRECTION('',(0.,0.,1.));
#3433 = PCURVE('',#1608,#3434);
#3434 = DEFINITIONAL_REPRESENTATION('',(#3435),#3439);
#3435 = LINE('',#3436,#3437);
#3436 = CARTESIAN_POINT('',(0.,0.));
#3437 = VECTOR('',#3438,1.);
#3438 = DIRECTION('',(0.,-1.));
#3439 = ( GEOMETRIC_REPRESENTATION_CONTEXT(2) 
PARAMETRIC_REPRESENTATION_CONTEXT() REPRESENTATION_CONTEXT('2D SPACE',''
  ) );
#3440 = PCURVE('',#1634,#3441);
#3441 = DEFINITIONAL_REPRESENTATION('',(#3442),#3446);
#3442 = LINE('',#3443,#3444);
#3443 = CARTESIAN_POINT('',(9.4,0.));
#3444 = VECTOR('',#3445,1.);
#3445 = DIRECTION('',(0.,-1.));
#3446 = ( GEOMETRIC_REPRESENTATION_CONTEXT(2) 
PARAMETRIC_REPRESENTATION_CONTEXT() REPRESENTATION_CONTEXT('2D SPACE',''
  ) );
#3447 = ORIENTED_EDGE('',*,*,#3448,.T.);
#3448 = EDGE_CURVE('',#3426,#3301,#3449,.T.);
#3449 = SURFACE_CURVE('',#3450,(#3454,#3461),.PCURVE_S1.);
#3450 = LINE('',#3451,#3452);
#3451 = CARTESIAN_POINT('',(-45.4,-24.2,5.6));
#3452 = VECTOR('',#3453,1.);
#3453 = DIRECTION('',(1.,0.,0.));
#3454 = PCURVE('',#1608,#3455);
#3455 = DEFINITIONAL_REPRESENTATION('',(#3456),#3460);
#3456 = LINE('',#3457,#3458);
#3457 = CARTESIAN_POINT('',(0.,-5.6));
#3458 = VECTOR('',#3459,1.);
#3459 = DIRECTION('',(1.,0.));
#3460 = ( GEOMETRIC_REPRESENTATION_CONTEXT(2) 
PARAMETRIC_REPRESENTATION_CONTEXT() REPRESENTATION_CONTEXT('2D SPACE',''
  ) );
#3461 = PCURVE('',#3339,#3462);
#3462 = DEFINITIONAL_REPRESENTATION('',(#3463),#3467);
#3463 = LINE('',#3464,#3465);
#3464 = CARTESIAN_POINT('',(-5.9,-4.7));
#3465 = VECTOR('',#3466,1.);
#3466 = DIRECTION('',(1.,0.));
#3467 = ( GEOMETRIC_REPRESENTATION_CONTEXT(2) 
PARAMETRIC_REPRESENTATION_CONTEXT() REPRESENTATION_CONTEXT('2D SPACE',''
  ) );
#3468 = ORIENTED_EDGE('',*,*,#3300,.F.);
#3469 = ADVANCED_FACE('',(#3470),#1634,.F.);
#3470 = FACE_BOUND('',#3471,.F.);
#3471 = EDGE_LOOP('',(#3472,#3473,#3474,#3495));
#3472 = ORIENTED_EDGE('',*,*,#1619,.T.);
#3473 = ORIENTED_EDGE('',*,*,#3400,.T.);
#3474 = ORIENTED_EDGE('',*,*,#3475,.T.);
#3475 = EDGE_CURVE('',#3378,#3426,#3476,.T.);
#3476 = SURFACE_CURVE('',#3477,(#3481,#3488),.PCURVE_S1.);
#3477 = LINE('',#3478,#3479);
#3478 = CARTESIAN_POINT('',(-45.4,-14.8,5.6));
#3479 = VECTOR('',#3480,1.);
#3480 = DIRECTION('',(0.,-1.,0.));
#3481 = PCURVE('',#1634,#3482);
#3482 = DEFINITIONAL_REPRESENTATION('',(#3483),#3487);
#3483 = LINE('',#3484,#3485);
#3484 = CARTESIAN_POINT('',(0.,-5.6));
#3485 = VECTOR('',#3486,1.);
#3486 = DIRECTION('',(1.,0.));
#3487 = ( GEOMETRIC_REPRESENTATION_CONTEXT(2) 
PARAMETRIC_REPRESENTATION_CONTEXT() REPRESENTATION_CONTEXT('2D SPACE',''
  ) );
#3488 = PCURVE('',#3339,#3489);
#3489 = DEFINITIONAL_REPRESENTATION('',(#3490),#3494);
#3490 = LINE('',#3491,#3492);
#3491 = CARTESIAN_POINT('',(-5.9,4.7));
#3492 = VECTOR('',#3493,1.);
#3493 = DIRECTION('',(0.,-1.));
#3494 = ( GEOMETRIC_REPRESENTATION_CONTEXT(2) 
PARAMETRIC_REPRESENTATION_CONTEXT() REPRESENTATION_CONTEXT('2D SPACE',''
  ) );
#3495 = ORIENTED_EDGE('',*,*,#3425,.F.);
#3496 = ADVANCED_FACE('',(#3497),#1688,.F.);
#3497 = FACE_BOUND('',#3498,.F.);
#3498 = EDGE_LOOP('',(#3499,#3500,#3523,#3551));
#3499 = ORIENTED_EDGE('',*,*,#1671,.T.);
#3500 = ORIENTED_EDGE('',*,*,#3501,.T.);
#3501 = EDGE_CURVE('',#1674,#3502,#3504,.T.);
#3502 = VERTEX_POINT('',#3503);
#3503 = CARTESIAN_POINT('',(-33.6,-14.7,5.8));
#3504 = SURFACE_CURVE('',#3505,(#3509,#3516),.PCURVE_S1.);
#3505 = LINE('',#3506,#3507);
#3506 = CARTESIAN_POINT('',(-33.6,-14.7,0.));
#3507 = VECTOR('',#3508,1.);
#3508 = DIRECTION('',(0.,0.,1.));
#3509 = PCURVE('',#1688,#3510);
#3510 = DEFINITIONAL_REPRESENTATION('',(#3511),#3515);
#3511 = LINE('',#3512,#3513);
#3512 = CARTESIAN_POINT('',(0.,0.));
#3513 = VECTOR('',#3514,1.);
#3514 = DIRECTION('',(0.,-1.));
#3515 = ( GEOMETRIC_REPRESENTATION_CONTEXT(2) 
PARAMETRIC_REPRESENTATION_CONTEXT() REPRESENTATION_CONTEXT('2D SPACE',''
  ) );
#3516 = PCURVE('',#1714,#3517);
#3517 = DEFINITIONAL_REPRESENTATION('',(#3518),#3522);
#3518 = LINE('',#3519,#3520);
#3519 = CARTESIAN_POINT('',(11.8,0.));
#3520 = VECTOR('',#3521,1.);
#3521 = DIRECTION('',(0.,-1.));
#3522 = ( GEOMETRIC_REPRESENTATION_CONTEXT(2) 
PARAMETRIC_REPRESENTATION_CONTEXT() REPRESENTATION_CONTEXT('2D SPACE',''
  ) );
#3523 = ORIENTED_EDGE('',*,*,#3524,.T.);
#3524 = EDGE_CURVE('',#3502,#3525,#3527,.T.);
#3525 = VERTEX_POINT('',#3526);
#3526 = CARTESIAN_POINT('',(-33.6,-5.3,5.8));
#3527 = SURFACE_CURVE('',#3528,(#3532,#3539),.PCURVE_S1.);
#3528 = LINE('',#3529,#3530);
#3529 = CARTESIAN_POINT('',(-33.6,-14.7,5.8));
#3530 = VECTOR('',#3531,1.);
#3531 = DIRECTION('',(0.,1.,0.));
#3532 = PCURVE('',#1688,#3533);
#3533 = DEFINITIONAL_REPRESENTATION('',(#3534),#3538);
#3534 = LINE('',#3535,#3536);
#3535 = CARTESIAN_POINT('',(0.,-5.8));
#3536 = VECTOR('',#3537,1.);
#3537 = DIRECTION('',(1.,0.));
#3538 = ( GEOMETRIC_REPRESENTATION_CONTEXT(2) 
PARAMETRIC_REPRESENTATION_CONTEXT() REPRESENTATION_CONTEXT('2D SPACE',''
  ) );
#3539 = PCURVE('',#3540,#3545);
#3540 = PLANE('',#3541);
#3541 = AXIS2_PLACEMENT_3D('',#3542,#3543,#3544);
#3542 = CARTESIAN_POINT('',(-39.5,-10.,5.8));
#3543 = DIRECTION('',(0.,0.,1.));
#3544 = DIRECTION('',(1.,0.,-0.));
#3545 = DEFINITIONAL_REPRESENTATION('',(#3546),#3550);
#3546 = LINE('',#3547,#3548);
#3547 = CARTESIAN_POINT('',(5.9,-4.7));
#3548 = VECTOR('',#3549,1.);
#3549 = DIRECTION('',(0.,1.));
#3550 = ( GEOMETRIC_REPRESENTATION_CONTEXT(2) 
PARAMETRIC_REPRESENTATION_CONTEXT() REPRESENTATION_CONTEXT('2D SPACE',''
  ) );
#3551 = ORIENTED_EDGE('',*,*,#3552,.F.);
#3552 = EDGE_CURVE('',#1672,#3525,#3553,.T.);
#3553 = SURFACE_CURVE('',#3554,(#3558,#3565),.PCURVE_S1.);
#3554 = LINE('',#3555,#3556);
#3555 = CARTESIAN_POINT('',(-33.6,-5.3,0.));
#3556 = VECTOR('',#3557,1.);
#3557 = DIRECTION('',(0.,0.,1.));
#3558 = PCURVE('',#1688,#3559);
#3559 = DEFINITIONAL_REPRESENTATION('',(#3560),#3564);
#3560 = LINE('',#3561,#3562);
#3561 = CARTESIAN_POINT('',(9.4,0.));
#3562 = VECTOR('',#3563,1.);
#3563 = DIRECTION('',(0.,-1.));
#3564 = ( GEOMETRIC_REPRESENTATION_CONTEXT(2) 
PARAMETRIC_REPRESENTATION_CONTEXT() REPRESENTATION_CONTEXT('2D SPACE',''
  ) );
#3565 = PCURVE('',#1764,#3566);
#3566 = DEFINITIONAL_REPRESENTATION('',(#3567),#3571);
#3567 = LINE('',#3568,#3569);
#3568 = CARTESIAN_POINT('',(0.,-0.));
#3569 = VECTOR('',#3570,1.);
#3570 = DIRECTION('',(0.,-1.));
#3571 = ( GEOMETRIC_REPRESENTATION_CONTEXT(2) 
PARAMETRIC_REPRESENTATION_CONTEXT() REPRESENTATION_CONTEXT('2D SPACE',''
  ) );
#3572 = ADVANCED_FACE('',(#3573),#1764,.F.);
#3573 = FACE_BOUND('',#3574,.F.);
#3574 = EDGE_LOOP('',(#3575,#3576,#3577,#3600));
#3575 = ORIENTED_EDGE('',*,*,#1751,.T.);
#3576 = ORIENTED_EDGE('',*,*,#3552,.T.);
#3577 = ORIENTED_EDGE('',*,*,#3578,.T.);
#3578 = EDGE_CURVE('',#3525,#3579,#3581,.T.);
#3579 = VERTEX_POINT('',#3580);
#3580 = CARTESIAN_POINT('',(-45.4,-5.3,5.8));
#3581 = SURFACE_CURVE('',#3582,(#3586,#3593),.PCURVE_S1.);
#3582 = LINE('',#3583,#3584);
#3583 = CARTESIAN_POINT('',(-33.6,-5.3,5.8));
#3584 = VECTOR('',#3585,1.);
#3585 = DIRECTION('',(-1.,0.,0.));
#3586 = PCURVE('',#1764,#3587);
#3587 = DEFINITIONAL_REPRESENTATION('',(#3588),#3592);
#3588 = LINE('',#3589,#3590);
#3589 = CARTESIAN_POINT('',(0.,-5.8));
#3590 = VECTOR('',#3591,1.);
#3591 = DIRECTION('',(1.,0.));
#3592 = ( GEOMETRIC_REPRESENTATION_CONTEXT(2) 
PARAMETRIC_REPRESENTATION_CONTEXT() REPRESENTATION_CONTEXT('2D SPACE',''
  ) );
#3593 = PCURVE('',#3540,#3594);
#3594 = DEFINITIONAL_REPRESENTATION('',(#3595),#3599);
#3595 = LINE('',#3596,#3597);
#3596 = CARTESIAN_POINT('',(5.9,4.7));
#3597 = VECTOR('',#3598,1.);
#3598 = DIRECTION('',(-1.,0.));
#3599 = ( GEOMETRIC_REPRESENTATION_CONTEXT(2) 
PARAMETRIC_REPRESENTATION_CONTEXT() REPRESENTATION_CONTEXT('2D SPACE',''
  ) );
#3600 = ORIENTED_EDGE('',*,*,#3601,.F.);
#3601 = EDGE_CURVE('',#1726,#3579,#3602,.T.);
#3602 = SURFACE_CURVE('',#3603,(#3607,#3614),.PCURVE_S1.);
#3603 = LINE('',#3604,#3605);
#3604 = CARTESIAN_POINT('',(-45.4,-5.3,0.));
#3605 = VECTOR('',#3606,1.);
#3606 = DIRECTION('',(0.,0.,1.));
#3607 = PCURVE('',#1764,#3608);
#3608 = DEFINITIONAL_REPRESENTATION('',(#3609),#3613);
#3609 = LINE('',#3610,#3611);
#3610 = CARTESIAN_POINT('',(11.8,0.));
#3611 = VECTOR('',#3612,1.);
#3612 = DIRECTION('',(0.,-1.));
#3613 = ( GEOMETRIC_REPRESENTATION_CONTEXT(2) 
PARAMETRIC_REPRESENTATION_CONTEXT() REPRESENTATION_CONTEXT('2D SPACE',''
  ) );
#3614 = PCURVE('',#1740,#3615);
#3615 = DEFINITIONAL_REPRESENTATION('',(#3616),#3620);
#3616 = LINE('',#3617,#3618);
#3617 = CARTESIAN_POINT('',(0.,0.));
#3618 = VECTOR('',#3619,1.);
#3619 = DIRECTION('',(0.,-1.));
#3620 = ( GEOMETRIC_REPRESENTATION_CONTEXT(2) 
PARAMETRIC_REPRESENTATION_CONTEXT() REPRESENTATION_CONTEXT('2D SPACE',''
  ) );
#3621 = ADVANCED_FACE('',(#3622),#1714,.F.);
#3622 = FACE_BOUND('',#3623,.F.);
#3623 = EDGE_LOOP('',(#3624,#3625,#3648,#3669));
#3624 = ORIENTED_EDGE('',*,*,#1699,.T.);
#3625 = ORIENTED_EDGE('',*,*,#3626,.T.);
#3626 = EDGE_CURVE('',#1700,#3627,#3629,.T.);
#3627 = VERTEX_POINT('',#3628);
#3628 = CARTESIAN_POINT('',(-45.4,-14.7,5.8));
#3629 = SURFACE_CURVE('',#3630,(#3634,#3641),.PCURVE_S1.);
#3630 = LINE('',#3631,#3632);
#3631 = CARTESIAN_POINT('',(-45.4,-14.7,0.));
#3632 = VECTOR('',#3633,1.);
#3633 = DIRECTION('',(0.,0.,1.));
#3634 = PCURVE('',#1714,#3635);
#3635 = DEFINITIONAL_REPRESENTATION('',(#3636),#3640);
#3636 = LINE('',#3637,#3638);
#3637 = CARTESIAN_POINT('',(0.,0.));
#3638 = VECTOR('',#3639,1.);
#3639 = DIRECTION('',(0.,-1.));
#3640 = ( GEOMETRIC_REPRESENTATION_CONTEXT(2) 
PARAMETRIC_REPRESENTATION_CONTEXT() REPRESENTATION_CONTEXT('2D SPACE',''
  ) );
#3641 = PCURVE('',#1740,#3642);
#3642 = DEFINITIONAL_REPRESENTATION('',(#3643),#3647);
#3643 = LINE('',#3644,#3645);
#3644 = CARTESIAN_POINT('',(9.4,0.));
#3645 = VECTOR('',#3646,1.);
#3646 = DIRECTION('',(0.,-1.));
#3647 = ( GEOMETRIC_REPRESENTATION_CONTEXT(2) 
PARAMETRIC_REPRESENTATION_CONTEXT() REPRESENTATION_CONTEXT('2D SPACE',''
  ) );
#3648 = ORIENTED_EDGE('',*,*,#3649,.T.);
#3649 = EDGE_CURVE('',#3627,#3502,#3650,.T.);
#3650 = SURFACE_CURVE('',#3651,(#3655,#3662),.PCURVE_S1.);
#3651 = LINE('',#3652,#3653);
#3652 = CARTESIAN_POINT('',(-45.4,-14.7,5.8));
#3653 = VECTOR('',#3654,1.);
#3654 = DIRECTION('',(1.,0.,0.));
#3655 = PCURVE('',#1714,#3656);
#3656 = DEFINITIONAL_REPRESENTATION('',(#3657),#3661);
#3657 = LINE('',#3658,#3659);
#3658 = CARTESIAN_POINT('',(0.,-5.8));
#3659 = VECTOR('',#3660,1.);
#3660 = DIRECTION('',(1.,0.));
#3661 = ( GEOMETRIC_REPRESENTATION_CONTEXT(2) 
PARAMETRIC_REPRESENTATION_CONTEXT() REPRESENTATION_CONTEXT('2D SPACE',''
  ) );
#3662 = PCURVE('',#3540,#3663);
#3663 = DEFINITIONAL_REPRESENTATION('',(#3664),#3668);
#3664 = LINE('',#3665,#3666);
#3665 = CARTESIAN_POINT('',(-5.9,-4.7));
#3666 = VECTOR('',#3667,1.);
#3667 = DIRECTION('',(1.,0.));
#3668 = ( GEOMETRIC_REPRESENTATION_CONTEXT(2) 
PARAMETRIC_REPRESENTATION_CONTEXT() REPRESENTATION_CONTEXT('2D SPACE',''
  ) );
#3669 = ORIENTED_EDGE('',*,*,#3501,.F.);
#3670 = ADVANCED_FACE('',(#3671),#1740,.F.);
#3671 = FACE_BOUND('',#3672,.F.);
#3672 = EDGE_LOOP('',(#3673,#3674,#3675,#3696));
#3673 = ORIENTED_EDGE('',*,*,#1725,.T.);
#3674 = ORIENTED_EDGE('',*,*,#3601,.T.);
#3675 = ORIENTED_EDGE('',*,*,#3676,.T.);
#3676 = EDGE_CURVE('',#3579,#3627,#3677,.T.);
#3677 = SURFACE_CURVE('',#3678,(#3682,#3689),.PCURVE_S1.);
#3678 = LINE('',#3679,#3680);
#3679 = CARTESIAN_POINT('',(-45.4,-5.3,5.8));
#3680 = VECTOR('',#3681,1.);
#3681 = DIRECTION('',(0.,-1.,0.));
#3682 = PCURVE('',#1740,#3683);
#3683 = DEFINITIONAL_REPRESENTATION('',(#3684),#3688);
#3684 = LINE('',#3685,#3686);
#3685 = CARTESIAN_POINT('',(0.,-5.8));
#3686 = VECTOR('',#3687,1.);
#3687 = DIRECTION('',(1.,0.));
#3688 = ( GEOMETRIC_REPRESENTATION_CONTEXT(2) 
PARAMETRIC_REPRESENTATION_CONTEXT() REPRESENTATION_CONTEXT('2D SPACE',''
  ) );
#3689 = PCURVE('',#3540,#3690);
#3690 = DEFINITIONAL_REPRESENTATION('',(#3691),#3695);
#3691 = LINE('',#3692,#3693);
#3692 = CARTESIAN_POINT('',(-5.9,4.7));
#3693 = VECTOR('',#3694,1.);
#3694 = DIRECTION('',(0.,-1.));
#3695 = ( GEOMETRIC_REPRESENTATION_CONTEXT(2) 
PARAMETRIC_REPRESENTATION_CONTEXT() REPRESENTATION_CONTEXT('2D SPACE',''
  ) );
#3696 = ORIENTED_EDGE('',*,*,#3626,.F.);
#3697 = ADVANCED_FACE('',(#3698),#1794,.F.);
#3698 = FACE_BOUND('',#3699,.F.);
#3699 = EDGE_LOOP('',(#3700,#3701,#3724,#3752));
#3700 = ORIENTED_EDGE('',*,*,#1777,.T.);
#3701 = ORIENTED_EDGE('',*,*,#3702,.T.);
#3702 = EDGE_CURVE('',#1780,#3703,#3705,.T.);
#3703 = VERTEX_POINT('',#3704);
#3704 = CARTESIAN_POINT('',(-33.6,-5.2,6.));
#3705 = SURFACE_CURVE('',#3706,(#3710,#3717),.PCURVE_S1.);
#3706 = LINE('',#3707,#3708);
#3707 = CARTESIAN_POINT('',(-33.6,-5.2,0.));
#3708 = VECTOR('',#3709,1.);
#3709 = DIRECTION('',(0.,0.,1.));
#3710 = PCURVE('',#1794,#3711);
#3711 = DEFINITIONAL_REPRESENTATION('',(#3712),#3716);
#3712 = LINE('',#3713,#3714);
#3713 = CARTESIAN_POINT('',(0.,0.));
#3714 = VECTOR('',#3715,1.);
#3715 = DIRECTION('',(0.,-1.));
#3716 = ( GEOMETRIC_REPRESENTATION_CONTEXT(2) 
PARAMETRIC_REPRESENTATION_CONTEXT() REPRESENTATION_CONTEXT('2D SPACE',''
  ) );
#3717 = PCURVE('',#1820,#3718);
#3718 = DEFINITIONAL_REPRESENTATION('',(#3719),#3723);
#3719 = LINE('',#3720,#3721);
#3720 = CARTESIAN_POINT('',(11.8,0.));
#3721 = VECTOR('',#3722,1.);
#3722 = DIRECTION('',(0.,-1.));
#3723 = ( GEOMETRIC_REPRESENTATION_CONTEXT(2) 
PARAMETRIC_REPRESENTATION_CONTEXT() REPRESENTATION_CONTEXT('2D SPACE',''
  ) );
#3724 = ORIENTED_EDGE('',*,*,#3725,.T.);
#3725 = EDGE_CURVE('',#3703,#3726,#3728,.T.);
#3726 = VERTEX_POINT('',#3727);
#3727 = CARTESIAN_POINT('',(-33.6,4.2,6.));
#3728 = SURFACE_CURVE('',#3729,(#3733,#3740),.PCURVE_S1.);
#3729 = LINE('',#3730,#3731);
#3730 = CARTESIAN_POINT('',(-33.6,-5.2,6.));
#3731 = VECTOR('',#3732,1.);
#3732 = DIRECTION('',(0.,1.,0.));
#3733 = PCURVE('',#1794,#3734);
#3734 = DEFINITIONAL_REPRESENTATION('',(#3735),#3739);
#3735 = LINE('',#3736,#3737);
#3736 = CARTESIAN_POINT('',(0.,-6.));
#3737 = VECTOR('',#3738,1.);
#3738 = DIRECTION('',(1.,0.));
#3739 = ( GEOMETRIC_REPRESENTATION_CONTEXT(2) 
PARAMETRIC_REPRESENTATION_CONTEXT() REPRESENTATION_CONTEXT('2D SPACE',''
  ) );
#3740 = PCURVE('',#3741,#3746);
#3741 = PLANE('',#3742);
#3742 = AXIS2_PLACEMENT_3D('',#3743,#3744,#3745);
#3743 = CARTESIAN_POINT('',(-39.5,-0.5,6.));
#3744 = DIRECTION('',(0.,0.,1.));
#3745 = DIRECTION('',(1.,0.,-0.));
#3746 = DEFINITIONAL_REPRESENTATION('',(#3747),#3751);
#3747 = LINE('',#3748,#3749);
#3748 = CARTESIAN_POINT('',(5.9,-4.7));
#3749 = VECTOR('',#3750,1.);
#3750 = DIRECTION('',(0.,1.));
#3751 = ( GEOMETRIC_REPRESENTATION_CONTEXT(2) 
PARAMETRIC_REPRESENTATION_CONTEXT() REPRESENTATION_CONTEXT('2D SPACE',''
  ) );
#3752 = ORIENTED_EDGE('',*,*,#3753,.F.);
#3753 = EDGE_CURVE('',#1778,#3726,#3754,.T.);
#3754 = SURFACE_CURVE('',#3755,(#3759,#3766),.PCURVE_S1.);
#3755 = LINE('',#3756,#3757);
#3756 = CARTESIAN_POINT('',(-33.6,4.2,0.));
#3757 = VECTOR('',#3758,1.);
#3758 = DIRECTION('',(0.,0.,1.));
#3759 = PCURVE('',#1794,#3760);
#3760 = DEFINITIONAL_REPRESENTATION('',(#3761),#3765);
#3761 = LINE('',#3762,#3763);
#3762 = CARTESIAN_POINT('',(9.4,0.));
#3763 = VECTOR('',#3764,1.);
#3764 = DIRECTION('',(0.,-1.));
#3765 = ( GEOMETRIC_REPRESENTATION_CONTEXT(2) 
PARAMETRIC_REPRESENTATION_CONTEXT() REPRESENTATION_CONTEXT('2D SPACE',''
  ) );
#3766 = PCURVE('',#1870,#3767);
#3767 = DEFINITIONAL_REPRESENTATION('',(#3768),#3772);
#3768 = LINE('',#3769,#3770);
#3769 = CARTESIAN_POINT('',(0.,-0.));
#3770 = VECTOR('',#3771,1.);
#3771 = DIRECTION('',(0.,-1.));
#3772 = ( GEOMETRIC_REPRESENTATION_CONTEXT(2) 
PARAMETRIC_REPRESENTATION_CONTEXT() REPRESENTATION_CONTEXT('2D SPACE',''
  ) );
#3773 = ADVANCED_FACE('',(#3774),#1870,.F.);
#3774 = FACE_BOUND('',#3775,.F.);
#3775 = EDGE_LOOP('',(#3776,#3777,#3778,#3801));
#3776 = ORIENTED_EDGE('',*,*,#1857,.T.);
#3777 = ORIENTED_EDGE('',*,*,#3753,.T.);
#3778 = ORIENTED_EDGE('',*,*,#3779,.T.);
#3779 = EDGE_CURVE('',#3726,#3780,#3782,.T.);
#3780 = VERTEX_POINT('',#3781);
#3781 = CARTESIAN_POINT('',(-45.4,4.2,6.));
#3782 = SURFACE_CURVE('',#3783,(#3787,#3794),.PCURVE_S1.);
#3783 = LINE('',#3784,#3785);
#3784 = CARTESIAN_POINT('',(-33.6,4.2,6.));
#3785 = VECTOR('',#3786,1.);
#3786 = DIRECTION('',(-1.,0.,0.));
#3787 = PCURVE('',#1870,#3788);
#3788 = DEFINITIONAL_REPRESENTATION('',(#3789),#3793);
#3789 = LINE('',#3790,#3791);
#3790 = CARTESIAN_POINT('',(0.,-6.));
#3791 = VECTOR('',#3792,1.);
#3792 = DIRECTION('',(1.,0.));
#3793 = ( GEOMETRIC_REPRESENTATION_CONTEXT(2) 
PARAMETRIC_REPRESENTATION_CONTEXT() REPRESENTATION_CONTEXT('2D SPACE',''
  ) );
#3794 = PCURVE('',#3741,#3795);
#3795 = DEFINITIONAL_REPRESENTATION('',(#3796),#3800);
#3796 = LINE('',#3797,#3798);
#3797 = CARTESIAN_POINT('',(5.9,4.7));
#3798 = VECTOR('',#3799,1.);
#3799 = DIRECTION('',(-1.,0.));
#3800 = ( GEOMETRIC_REPRESENTATION_CONTEXT(2) 
PARAMETRIC_REPRESENTATION_CONTEXT() REPRESENTATION_CONTEXT('2D SPACE',''
  ) );
#3801 = ORIENTED_EDGE('',*,*,#3802,.F.);
#3802 = EDGE_CURVE('',#1832,#3780,#3803,.T.);
#3803 = SURFACE_CURVE('',#3804,(#3808,#3815),.PCURVE_S1.);
#3804 = LINE('',#3805,#3806);
#3805 = CARTESIAN_POINT('',(-45.4,4.2,0.));
#3806 = VECTOR('',#3807,1.);
#3807 = DIRECTION('',(0.,0.,1.));
#3808 = PCURVE('',#1870,#3809);
#3809 = DEFINITIONAL_REPRESENTATION('',(#3810),#3814);
#3810 = LINE('',#3811,#3812);
#3811 = CARTESIAN_POINT('',(11.8,0.));
#3812 = VECTOR('',#3813,1.);
#3813 = DIRECTION('',(0.,-1.));
#3814 = ( GEOMETRIC_REPRESENTATION_CONTEXT(2) 
PARAMETRIC_REPRESENTATION_CONTEXT() REPRESENTATION_CONTEXT('2D SPACE',''
  ) );
#3815 = PCURVE('',#1846,#3816);
#3816 = DEFINITIONAL_REPRESENTATION('',(#3817),#3821);
#3817 = LINE('',#3818,#3819);
#3818 = CARTESIAN_POINT('',(0.,0.));
#3819 = VECTOR('',#3820,1.);
#3820 = DIRECTION('',(0.,-1.));
#3821 = ( GEOMETRIC_REPRESENTATION_CONTEXT(2) 
PARAMETRIC_REPRESENTATION_CONTEXT() REPRESENTATION_CONTEXT('2D SPACE',''
  ) );
#3822 = ADVANCED_FACE('',(#3823),#1820,.F.);
#3823 = FACE_BOUND('',#3824,.F.);
#3824 = EDGE_LOOP('',(#3825,#3826,#3849,#3870));
#3825 = ORIENTED_EDGE('',*,*,#1805,.T.);
#3826 = ORIENTED_EDGE('',*,*,#3827,.T.);
#3827 = EDGE_CURVE('',#1806,#3828,#3830,.T.);
#3828 = VERTEX_POINT('',#3829);
#3829 = CARTESIAN_POINT('',(-45.4,-5.2,6.));
#3830 = SURFACE_CURVE('',#3831,(#3835,#3842),.PCURVE_S1.);
#3831 = LINE('',#3832,#3833);
#3832 = CARTESIAN_POINT('',(-45.4,-5.2,0.));
#3833 = VECTOR('',#3834,1.);
#3834 = DIRECTION('',(0.,0.,1.));
#3835 = PCURVE('',#1820,#3836);
#3836 = DEFINITIONAL_REPRESENTATION('',(#3837),#3841);
#3837 = LINE('',#3838,#3839);
#3838 = CARTESIAN_POINT('',(0.,0.));
#3839 = VECTOR('',#3840,1.);
#3840 = DIRECTION('',(0.,-1.));
#3841 = ( GEOMETRIC_REPRESENTATION_CONTEXT(2) 
PARAMETRIC_REPRESENTATION_CONTEXT() REPRESENTATION_CONTEXT('2D SPACE',''
  ) );
#3842 = PCURVE('',#1846,#3843);
#3843 = DEFINITIONAL_REPRESENTATION('',(#3844),#3848);
#3844 = LINE('',#3845,#3846);
#3845 = CARTESIAN_POINT('',(9.4,0.));
#3846 = VECTOR('',#3847,1.);
#3847 = DIRECTION('',(0.,-1.));
#3848 = ( GEOMETRIC_REPRESENTATION_CONTEXT(2) 
PARAMETRIC_REPRESENTATION_CONTEXT() REPRESENTATION_CONTEXT('2D SPACE',''
  ) );
#3849 = ORIENTED_EDGE('',*,*,#3850,.T.);
#3850 = EDGE_CURVE('',#3828,#3703,#3851,.T.);
#3851 = SURFACE_CURVE('',#3852,(#3856,#3863),.PCURVE_S1.);
#3852 = LINE('',#3853,#3854);
#3853 = CARTESIAN_POINT('',(-45.4,-5.2,6.));
#3854 = VECTOR('',#3855,1.);
#3855 = DIRECTION('',(1.,0.,0.));
#3856 = PCURVE('',#1820,#3857);
#3857 = DEFINITIONAL_REPRESENTATION('',(#3858),#3862);
#3858 = LINE('',#3859,#3860);
#3859 = CARTESIAN_POINT('',(0.,-6.));
#3860 = VECTOR('',#3861,1.);
#3861 = DIRECTION('',(1.,0.));
#3862 = ( GEOMETRIC_REPRESENTATION_CONTEXT(2) 
PARAMETRIC_REPRESENTATION_CONTEXT() REPRESENTATION_CONTEXT('2D SPACE',''
  ) );
#3863 = PCURVE('',#3741,#3864);
#3864 = DEFINITIONAL_REPRESENTATION('',(#3865),#3869);
#3865 = LINE('',#3866,#3867);
#3866 = CARTESIAN_POINT('',(-5.9,-4.7));
#3867 = VECTOR('',#3868,1.);
#3868 = DIRECTION('',(1.,0.));
#3869 = ( GEOMETRIC_REPRESENTATION_CONTEXT(2) 
PARAMETRIC_REPRESENTATION_CONTEXT() REPRESENTATION_CONTEXT('2D SPACE',''
  ) );
#3870 = ORIENTED_EDGE('',*,*,#3702,.F.);
#3871 = ADVANCED_FACE('',(#3872),#1846,.F.);
#3872 = FACE_BOUND('',#3873,.F.);
#3873 = EDGE_LOOP('',(#3874,#3875,#3876,#3897));
#3874 = ORIENTED_EDGE('',*,*,#1831,.T.);
#3875 = ORIENTED_EDGE('',*,*,#3802,.T.);
#3876 = ORIENTED_EDGE('',*,*,#3877,.T.);
#3877 = EDGE_CURVE('',#3780,#3828,#3878,.T.);
#3878 = SURFACE_CURVE('',#3879,(#3883,#3890),.PCURVE_S1.);
#3879 = LINE('',#3880,#3881);
#3880 = CARTESIAN_POINT('',(-45.4,4.2,6.));
#3881 = VECTOR('',#3882,1.);
#3882 = DIRECTION('',(0.,-1.,0.));
#3883 = PCURVE('',#1846,#3884);
#3884 = DEFINITIONAL_REPRESENTATION('',(#3885),#3889);
#3885 = LINE('',#3886,#3887);
#3886 = CARTESIAN_POINT('',(0.,-6.));
#3887 = VECTOR('',#3888,1.);
#3888 = DIRECTION('',(1.,0.));
#3889 = ( GEOMETRIC_REPRESENTATION_CONTEXT(2) 
PARAMETRIC_REPRESENTATION_CONTEXT() REPRESENTATION_CONTEXT('2D SPACE',''
  ) );
#3890 = PCURVE('',#3741,#3891);
#3891 = DEFINITIONAL_REPRESENTATION('',(#3892),#3896);
#3892 = LINE('',#3893,#3894);
#3893 = CARTESIAN_POINT('',(-5.9,4.7));
#3894 = VECTOR('',#3895,1.);
#3895 = DIRECTION('',(0.,-1.));
#3896 = ( GEOMETRIC_REPRESENTATION_CONTEXT(2) 
PARAMETRIC_REPRESENTATION_CONTEXT() REPRESENTATION_CONTEXT('2D SPACE',''
  ) );
#3897 = ORIENTED_EDGE('',*,*,#3827,.F.);
#3898 = ADVANCED_FACE('',(#3899),#1901,.F.);
#3899 = FACE_BOUND('',#3900,.F.);
#3900 = EDGE_LOOP('',(#3901,#3924,#3952,#3973));
#3901 = ORIENTED_EDGE('',*,*,#3902,.T.);
#3902 = EDGE_CURVE('',#1884,#3903,#3905,.T.);
#3903 = VERTEX_POINT('',#3904);
#3904 = CARTESIAN_POINT('',(14.75,-31.5,20.6));
#3905 = SURFACE_CURVE('',#3906,(#3910,#3917),.PCURVE_S1.);
#3906 = LINE('',#3907,#3908);
#3907 = CARTESIAN_POINT('',(14.75,-31.5,1.6));
#3908 = VECTOR('',#3909,1.);
#3909 = DIRECTION('',(0.,0.,1.));
#3910 = PCURVE('',#1901,#3911);
#3911 = DEFINITIONAL_REPRESENTATION('',(#3912),#3916);
#3912 = LINE('',#3913,#3914);
#3913 = CARTESIAN_POINT('',(0.,0.));
#3914 = VECTOR('',#3915,1.);
#3915 = DIRECTION('',(0.,-1.));
#3916 = ( GEOMETRIC_REPRESENTATION_CONTEXT(2) 
PARAMETRIC_REPRESENTATION_CONTEXT() REPRESENTATION_CONTEXT('2D SPACE',''
  ) );
#3917 = PCURVE('',#1929,#3918);
#3918 = DEFINITIONAL_REPRESENTATION('',(#3919),#3923);
#3919 = LINE('',#3920,#3921);
#3920 = CARTESIAN_POINT('',(5.,0.));
#3921 = VECTOR('',#3922,1.);
#3922 = DIRECTION('',(0.,-1.));
#3923 = ( GEOMETRIC_REPRESENTATION_CONTEXT(2) 
PARAMETRIC_REPRESENTATION_CONTEXT() REPRESENTATION_CONTEXT('2D SPACE',''
  ) );
#3924 = ORIENTED_EDGE('',*,*,#3925,.T.);
#3925 = EDGE_CURVE('',#3903,#3926,#3928,.T.);
#3926 = VERTEX_POINT('',#3927);
#3927 = CARTESIAN_POINT('',(19.75,-31.5,20.6));
#3928 = SURFACE_CURVE('',#3929,(#3933,#3940),.PCURVE_S1.);
#3929 = LINE('',#3930,#3931);
#3930 = CARTESIAN_POINT('',(14.75,-31.5,20.6));
#3931 = VECTOR('',#3932,1.);
#3932 = DIRECTION('',(1.,0.,0.));
#3933 = PCURVE('',#1901,#3934);
#3934 = DEFINITIONAL_REPRESENTATION('',(#3935),#3939);
#3935 = LINE('',#3936,#3937);
#3936 = CARTESIAN_POINT('',(0.,-19.));
#3937 = VECTOR('',#3938,1.);
#3938 = DIRECTION('',(1.,0.));
#3939 = ( GEOMETRIC_REPRESENTATION_CONTEXT(2) 
PARAMETRIC_REPRESENTATION_CONTEXT() REPRESENTATION_CONTEXT('2D SPACE',''
  ) );
#3940 = PCURVE('',#3941,#3946);
#3941 = PLANE('',#3942);
#3942 = AXIS2_PLACEMENT_3D('',#3943,#3944,#3945);
#3943 = CARTESIAN_POINT('',(17.25,-29.,20.6));
#3944 = DIRECTION('',(0.,0.,1.));
#3945 = DIRECTION('',(1.,0.,-0.));
#3946 = DEFINITIONAL_REPRESENTATION('',(#3947),#3951);
#3947 = LINE('',#3948,#3949);
#3948 = CARTESIAN_POINT('',(-2.5,-2.5));
#3949 = VECTOR('',#3950,1.);
#3950 = DIRECTION('',(1.,0.));
#3951 = ( GEOMETRIC_REPRESENTATION_CONTEXT(2) 
PARAMETRIC_REPRESENTATION_CONTEXT() REPRESENTATION_CONTEXT('2D SPACE',''
  ) );
#3952 = ORIENTED_EDGE('',*,*,#3953,.F.);
#3953 = EDGE_CURVE('',#1886,#3926,#3954,.T.);
#3954 = SURFACE_CURVE('',#3955,(#3959,#3966),.PCURVE_S1.);
#3955 = LINE('',#3956,#3957);
#3956 = CARTESIAN_POINT('',(19.75,-31.5,1.6));
#3957 = VECTOR('',#3958,1.);
#3958 = DIRECTION('',(0.,0.,1.));
#3959 = PCURVE('',#1901,#3960);
#3960 = DEFINITIONAL_REPRESENTATION('',(#3961),#3965);
#3961 = LINE('',#3962,#3963);
#3962 = CARTESIAN_POINT('',(5.,0.));
#3963 = VECTOR('',#3964,1.);
#3964 = DIRECTION('',(0.,-1.));
#3965 = ( GEOMETRIC_REPRESENTATION_CONTEXT(2) 
PARAMETRIC_REPRESENTATION_CONTEXT() REPRESENTATION_CONTEXT('2D SPACE',''
  ) );
#3966 = PCURVE('',#1983,#3967);
#3967 = DEFINITIONAL_REPRESENTATION('',(#3968),#3972);
#3968 = LINE('',#3969,#3970);
#3969 = CARTESIAN_POINT('',(0.,0.));
#3970 = VECTOR('',#3971,1.);
#3971 = DIRECTION('',(0.,-1.));
#3972 = ( GEOMETRIC_REPRESENTATION_CONTEXT(2) 
PARAMETRIC_REPRESENTATION_CONTEXT() REPRESENTATION_CONTEXT('2D SPACE',''
  ) );
#3973 = ORIENTED_EDGE('',*,*,#1883,.F.);
#3974 = ADVANCED_FACE('',(#3975),#1929,.F.);
#3975 = FACE_BOUND('',#3976,.F.);
#3976 = EDGE_LOOP('',(#3977,#4000,#4021,#4022));
#3977 = ORIENTED_EDGE('',*,*,#3978,.T.);
#3978 = EDGE_CURVE('',#1914,#3979,#3981,.T.);
#3979 = VERTEX_POINT('',#3980);
#3980 = CARTESIAN_POINT('',(14.75,-26.5,20.6));
#3981 = SURFACE_CURVE('',#3982,(#3986,#3993),.PCURVE_S1.);
#3982 = LINE('',#3983,#3984);
#3983 = CARTESIAN_POINT('',(14.75,-26.5,1.6));
#3984 = VECTOR('',#3985,1.);
#3985 = DIRECTION('',(0.,0.,1.));
#3986 = PCURVE('',#1929,#3987);
#3987 = DEFINITIONAL_REPRESENTATION('',(#3988),#3992);
#3988 = LINE('',#3989,#3990);
#3989 = CARTESIAN_POINT('',(0.,0.));
#3990 = VECTOR('',#3991,1.);
#3991 = DIRECTION('',(0.,-1.));
#3992 = ( GEOMETRIC_REPRESENTATION_CONTEXT(2) 
PARAMETRIC_REPRESENTATION_CONTEXT() REPRESENTATION_CONTEXT('2D SPACE',''
  ) );
#3993 = PCURVE('',#1957,#3994);
#3994 = DEFINITIONAL_REPRESENTATION('',(#3995),#3999);
#3995 = LINE('',#3996,#3997);
#3996 = CARTESIAN_POINT('',(5.,0.));
#3997 = VECTOR('',#3998,1.);
#3998 = DIRECTION('',(0.,-1.));
#3999 = ( GEOMETRIC_REPRESENTATION_CONTEXT(2) 
PARAMETRIC_REPRESENTATION_CONTEXT() REPRESENTATION_CONTEXT('2D SPACE',''
  ) );
#4000 = ORIENTED_EDGE('',*,*,#4001,.T.);
#4001 = EDGE_CURVE('',#3979,#3903,#4002,.T.);
#4002 = SURFACE_CURVE('',#4003,(#4007,#4014),.PCURVE_S1.);
#4003 = LINE('',#4004,#4005);
#4004 = CARTESIAN_POINT('',(14.75,-26.5,20.6));
#4005 = VECTOR('',#4006,1.);
#4006 = DIRECTION('',(0.,-1.,0.));
#4007 = PCURVE('',#1929,#4008);
#4008 = DEFINITIONAL_REPRESENTATION('',(#4009),#4013);
#4009 = LINE('',#4010,#4011);
#4010 = CARTESIAN_POINT('',(0.,-19.));
#4011 = VECTOR('',#4012,1.);
#4012 = DIRECTION('',(1.,0.));
#4013 = ( GEOMETRIC_REPRESENTATION_CONTEXT(2) 
PARAMETRIC_REPRESENTATION_CONTEXT() REPRESENTATION_CONTEXT('2D SPACE',''
  ) );
#4014 = PCURVE('',#3941,#4015);
#4015 = DEFINITIONAL_REPRESENTATION('',(#4016),#4020);
#4016 = LINE('',#4017,#4018);
#4017 = CARTESIAN_POINT('',(-2.5,2.5));
#4018 = VECTOR('',#4019,1.);
#4019 = DIRECTION('',(0.,-1.));
#4020 = ( GEOMETRIC_REPRESENTATION_CONTEXT(2) 
PARAMETRIC_REPRESENTATION_CONTEXT() REPRESENTATION_CONTEXT('2D SPACE',''
  ) );
#4021 = ORIENTED_EDGE('',*,*,#3902,.F.);
#4022 = ORIENTED_EDGE('',*,*,#1913,.F.);
#4023 = ADVANCED_FACE('',(#4024),#1983,.F.);
#4024 = FACE_BOUND('',#4025,.F.);
#4025 = EDGE_LOOP('',(#4026,#4027,#4050,#4071));
#4026 = ORIENTED_EDGE('',*,*,#3953,.T.);
#4027 = ORIENTED_EDGE('',*,*,#4028,.T.);
#4028 = EDGE_CURVE('',#3926,#4029,#4031,.T.);
#4029 = VERTEX_POINT('',#4030);
#4030 = CARTESIAN_POINT('',(19.75,-26.5,20.6));
#4031 = SURFACE_CURVE('',#4032,(#4036,#4043),.PCURVE_S1.);
#4032 = LINE('',#4033,#4034);
#4033 = CARTESIAN_POINT('',(19.75,-31.5,20.6));
#4034 = VECTOR('',#4035,1.);
#4035 = DIRECTION('',(0.,1.,0.));
#4036 = PCURVE('',#1983,#4037);
#4037 = DEFINITIONAL_REPRESENTATION('',(#4038),#4042);
#4038 = LINE('',#4039,#4040);
#4039 = CARTESIAN_POINT('',(0.,-19.));
#4040 = VECTOR('',#4041,1.);
#4041 = DIRECTION('',(1.,0.));
#4042 = ( GEOMETRIC_REPRESENTATION_CONTEXT(2) 
PARAMETRIC_REPRESENTATION_CONTEXT() REPRESENTATION_CONTEXT('2D SPACE',''
  ) );
#4043 = PCURVE('',#3941,#4044);
#4044 = DEFINITIONAL_REPRESENTATION('',(#4045),#4049);
#4045 = LINE('',#4046,#4047);
#4046 = CARTESIAN_POINT('',(2.5,-2.5));
#4047 = VECTOR('',#4048,1.);
#4048 = DIRECTION('',(0.,1.));
#4049 = ( GEOMETRIC_REPRESENTATION_CONTEXT(2) 
PARAMETRIC_REPRESENTATION_CONTEXT() REPRESENTATION_CONTEXT('2D SPACE',''
  ) );
#4050 = ORIENTED_EDGE('',*,*,#4051,.F.);
#4051 = EDGE_CURVE('',#1942,#4029,#4052,.T.);
#4052 = SURFACE_CURVE('',#4053,(#4057,#4064),.PCURVE_S1.);
#4053 = LINE('',#4054,#4055);
#4054 = CARTESIAN_POINT('',(19.75,-26.5,1.6));
#4055 = VECTOR('',#4056,1.);
#4056 = DIRECTION('',(0.,0.,1.));
#4057 = PCURVE('',#1983,#4058);
#4058 = DEFINITIONAL_REPRESENTATION('',(#4059),#4063);
#4059 = LINE('',#4060,#4061);
#4060 = CARTESIAN_POINT('',(5.,0.));
#4061 = VECTOR('',#4062,1.);
#4062 = DIRECTION('',(0.,-1.));
#4063 = ( GEOMETRIC_REPRESENTATION_CONTEXT(2) 
PARAMETRIC_REPRESENTATION_CONTEXT() REPRESENTATION_CONTEXT('2D SPACE',''
  ) );
#4064 = PCURVE('',#1957,#4065);
#4065 = DEFINITIONAL_REPRESENTATION('',(#4066),#4070);
#4066 = LINE('',#4067,#4068);
#4067 = CARTESIAN_POINT('',(0.,-0.));
#4068 = VECTOR('',#4069,1.);
#4069 = DIRECTION('',(0.,-1.));
#4070 = ( GEOMETRIC_REPRESENTATION_CONTEXT(2) 
PARAMETRIC_REPRESENTATION_CONTEXT() REPRESENTATION_CONTEXT('2D SPACE',''
  ) );
#4071 = ORIENTED_EDGE('',*,*,#1969,.F.);
#4072 = ADVANCED_FACE('',(#4073),#1957,.F.);
#4073 = FACE_BOUND('',#4074,.F.);
#4074 = EDGE_LOOP('',(#4075,#4076,#4097,#4098));
#4075 = ORIENTED_EDGE('',*,*,#4051,.T.);
#4076 = ORIENTED_EDGE('',*,*,#4077,.T.);
#4077 = EDGE_CURVE('',#4029,#3979,#4078,.T.);
#4078 = SURFACE_CURVE('',#4079,(#4083,#4090),.PCURVE_S1.);
#4079 = LINE('',#4080,#4081);
#4080 = CARTESIAN_POINT('',(19.75,-26.5,20.6));
#4081 = VECTOR('',#4082,1.);
#4082 = DIRECTION('',(-1.,0.,0.));
#4083 = PCURVE('',#1957,#4084);
#4084 = DEFINITIONAL_REPRESENTATION('',(#4085),#4089);
#4085 = LINE('',#4086,#4087);
#4086 = CARTESIAN_POINT('',(0.,-19.));
#4087 = VECTOR('',#4088,1.);
#4088 = DIRECTION('',(1.,0.));
#4089 = ( GEOMETRIC_REPRESENTATION_CONTEXT(2) 
PARAMETRIC_REPRESENTATION_CONTEXT() REPRESENTATION_CONTEXT('2D SPACE',''
  ) );
#4090 = PCURVE('',#3941,#4091);
#4091 = DEFINITIONAL_REPRESENTATION('',(#4092),#4096);
#4092 = LINE('',#4093,#4094);
#4093 = CARTESIAN_POINT('',(2.5,2.5));
#4094 = VECTOR('',#4095,1.);
#4095 = DIRECTION('',(-1.,0.));
#4096 = ( GEOMETRIC_REPRESENTATION_CONTEXT(2) 
PARAMETRIC_REPRESENTATION_CONTEXT() REPRESENTATION_CONTEXT('2D SPACE',''
  ) );
#4097 = ORIENTED_EDGE('',*,*,#3978,.F.);
#4098 = ORIENTED_EDGE('',*,*,#1941,.F.);
#4099 = ADVANCED_FACE('',(#4100),#2015,.F.);
#4100 = FACE_BOUND('',#4101,.F.);
#4101 = EDGE_LOOP('',(#4102,#4125,#4153,#4174));
#4102 = ORIENTED_EDGE('',*,*,#4103,.T.);
#4103 = EDGE_CURVE('',#1998,#4104,#4106,.T.);
#4104 = VERTEX_POINT('',#4105);
#4105 = CARTESIAN_POINT('',(14.75,-18.5,20.6));
#4106 = SURFACE_CURVE('',#4107,(#4111,#4118),.PCURVE_S1.);
#4107 = LINE('',#4108,#4109);
#4108 = CARTESIAN_POINT('',(14.75,-18.5,1.6));
#4109 = VECTOR('',#4110,1.);
#4110 = DIRECTION('',(0.,0.,1.));
#4111 = PCURVE('',#2015,#4112);
#4112 = DEFINITIONAL_REPRESENTATION('',(#4113),#4117);
#4113 = LINE('',#4114,#4115);
#4114 = CARTESIAN_POINT('',(0.,0.));
#4115 = VECTOR('',#4116,1.);
#4116 = DIRECTION('',(0.,-1.));
#4117 = ( GEOMETRIC_REPRESENTATION_CONTEXT(2) 
PARAMETRIC_REPRESENTATION_CONTEXT() REPRESENTATION_CONTEXT('2D SPACE',''
  ) );
#4118 = PCURVE('',#2043,#4119);
#4119 = DEFINITIONAL_REPRESENTATION('',(#4120),#4124);
#4120 = LINE('',#4121,#4122);
#4121 = CARTESIAN_POINT('',(5.,0.));
#4122 = VECTOR('',#4123,1.);
#4123 = DIRECTION('',(0.,-1.));
#4124 = ( GEOMETRIC_REPRESENTATION_CONTEXT(2) 
PARAMETRIC_REPRESENTATION_CONTEXT() REPRESENTATION_CONTEXT('2D SPACE',''
  ) );
#4125 = ORIENTED_EDGE('',*,*,#4126,.T.);
#4126 = EDGE_CURVE('',#4104,#4127,#4129,.T.);
#4127 = VERTEX_POINT('',#4128);
#4128 = CARTESIAN_POINT('',(19.75,-18.5,20.6));
#4129 = SURFACE_CURVE('',#4130,(#4134,#4141),.PCURVE_S1.);
#4130 = LINE('',#4131,#4132);
#4131 = CARTESIAN_POINT('',(14.75,-18.5,20.6));
#4132 = VECTOR('',#4133,1.);
#4133 = DIRECTION('',(1.,0.,0.));
#4134 = PCURVE('',#2015,#4135);
#4135 = DEFINITIONAL_REPRESENTATION('',(#4136),#4140);
#4136 = LINE('',#4137,#4138);
#4137 = CARTESIAN_POINT('',(0.,-19.));
#4138 = VECTOR('',#4139,1.);
#4139 = DIRECTION('',(1.,0.));
#4140 = ( GEOMETRIC_REPRESENTATION_CONTEXT(2) 
PARAMETRIC_REPRESENTATION_CONTEXT() REPRESENTATION_CONTEXT('2D SPACE',''
  ) );
#4141 = PCURVE('',#4142,#4147);
#4142 = PLANE('',#4143);
#4143 = AXIS2_PLACEMENT_3D('',#4144,#4145,#4146);
#4144 = CARTESIAN_POINT('',(17.25,-16.,20.6));
#4145 = DIRECTION('',(0.,0.,1.));
#4146 = DIRECTION('',(1.,0.,-0.));
#4147 = DEFINITIONAL_REPRESENTATION('',(#4148),#4152);
#4148 = LINE('',#4149,#4150);
#4149 = CARTESIAN_POINT('',(-2.5,-2.5));
#4150 = VECTOR('',#4151,1.);
#4151 = DIRECTION('',(1.,0.));
#4152 = ( GEOMETRIC_REPRESENTATION_CONTEXT(2) 
PARAMETRIC_REPRESENTATION_CONTEXT() REPRESENTATION_CONTEXT('2D SPACE',''
  ) );
#4153 = ORIENTED_EDGE('',*,*,#4154,.F.);
#4154 = EDGE_CURVE('',#2000,#4127,#4155,.T.);
#4155 = SURFACE_CURVE('',#4156,(#4160,#4167),.PCURVE_S1.);
#4156 = LINE('',#4157,#4158);
#4157 = CARTESIAN_POINT('',(19.75,-18.5,1.6));
#4158 = VECTOR('',#4159,1.);
#4159 = DIRECTION('',(0.,0.,1.));
#4160 = PCURVE('',#2015,#4161);
#4161 = DEFINITIONAL_REPRESENTATION('',(#4162),#4166);
#4162 = LINE('',#4163,#4164);
#4163 = CARTESIAN_POINT('',(5.,0.));
#4164 = VECTOR('',#4165,1.);
#4165 = DIRECTION('',(0.,-1.));
#4166 = ( GEOMETRIC_REPRESENTATION_CONTEXT(2) 
PARAMETRIC_REPRESENTATION_CONTEXT() REPRESENTATION_CONTEXT('2D SPACE',''
  ) );
#4167 = PCURVE('',#2097,#4168);
#4168 = DEFINITIONAL_REPRESENTATION('',(#4169),#4173);
#4169 = LINE('',#4170,#4171);
#4170 = CARTESIAN_POINT('',(0.,0.));
#4171 = VECTOR('',#4172,1.);
#4172 = DIRECTION('',(0.,-1.));
#4173 = ( GEOMETRIC_REPRESENTATION_CONTEXT(2) 
PARAMETRIC_REPRESENTATION_CONTEXT() REPRESENTATION_CONTEXT('2D SPACE',''
  ) );
#4174 = ORIENTED_EDGE('',*,*,#1997,.F.);
#4175 = ADVANCED_FACE('',(#4176),#2043,.F.);
#4176 = FACE_BOUND('',#4177,.F.);
#4177 = EDGE_LOOP('',(#4178,#4201,#4222,#4223));
#4178 = ORIENTED_EDGE('',*,*,#4179,.T.);
#4179 = EDGE_CURVE('',#2028,#4180,#4182,.T.);
#4180 = VERTEX_POINT('',#4181);
#4181 = CARTESIAN_POINT('',(14.75,-13.5,20.6));
#4182 = SURFACE_CURVE('',#4183,(#4187,#4194),.PCURVE_S1.);
#4183 = LINE('',#4184,#4185);
#4184 = CARTESIAN_POINT('',(14.75,-13.5,1.6));
#4185 = VECTOR('',#4186,1.);
#4186 = DIRECTION('',(0.,0.,1.));
#4187 = PCURVE('',#2043,#4188);
#4188 = DEFINITIONAL_REPRESENTATION('',(#4189),#4193);
#4189 = LINE('',#4190,#4191);
#4190 = CARTESIAN_POINT('',(0.,0.));
#4191 = VECTOR('',#4192,1.);
#4192 = DIRECTION('',(0.,-1.));
#4193 = ( GEOMETRIC_REPRESENTATION_CONTEXT(2) 
PARAMETRIC_REPRESENTATION_CONTEXT() REPRESENTATION_CONTEXT('2D SPACE',''
  ) );
#4194 = PCURVE('',#2071,#4195);
#4195 = DEFINITIONAL_REPRESENTATION('',(#4196),#4200);
#4196 = LINE('',#4197,#4198);
#4197 = CARTESIAN_POINT('',(5.,0.));
#4198 = VECTOR('',#4199,1.);
#4199 = DIRECTION('',(0.,-1.));
#4200 = ( GEOMETRIC_REPRESENTATION_CONTEXT(2) 
PARAMETRIC_REPRESENTATION_CONTEXT() REPRESENTATION_CONTEXT('2D SPACE',''
  ) );
#4201 = ORIENTED_EDGE('',*,*,#4202,.T.);
#4202 = EDGE_CURVE('',#4180,#4104,#4203,.T.);
#4203 = SURFACE_CURVE('',#4204,(#4208,#4215),.PCURVE_S1.);
#4204 = LINE('',#4205,#4206);
#4205 = CARTESIAN_POINT('',(14.75,-13.5,20.6));
#4206 = VECTOR('',#4207,1.);
#4207 = DIRECTION('',(0.,-1.,0.));
#4208 = PCURVE('',#2043,#4209);
#4209 = DEFINITIONAL_REPRESENTATION('',(#4210),#4214);
#4210 = LINE('',#4211,#4212);
#4211 = CARTESIAN_POINT('',(0.,-19.));
#4212 = VECTOR('',#4213,1.);
#4213 = DIRECTION('',(1.,0.));
#4214 = ( GEOMETRIC_REPRESENTATION_CONTEXT(2) 
PARAMETRIC_REPRESENTATION_CONTEXT() REPRESENTATION_CONTEXT('2D SPACE',''
  ) );
#4215 = PCURVE('',#4142,#4216);
#4216 = DEFINITIONAL_REPRESENTATION('',(#4217),#4221);
#4217 = LINE('',#4218,#4219);
#4218 = CARTESIAN_POINT('',(-2.5,2.5));
#4219 = VECTOR('',#4220,1.);
#4220 = DIRECTION('',(0.,-1.));
#4221 = ( GEOMETRIC_REPRESENTATION_CONTEXT(2) 
PARAMETRIC_REPRESENTATION_CONTEXT() REPRESENTATION_CONTEXT('2D SPACE',''
  ) );
#4222 = ORIENTED_EDGE('',*,*,#4103,.F.);
#4223 = ORIENTED_EDGE('',*,*,#2027,.F.);
#4224 = ADVANCED_FACE('',(#4225),#2097,.F.);
#4225 = FACE_BOUND('',#4226,.F.);
#4226 = EDGE_LOOP('',(#4227,#4228,#4251,#4272));
#4227 = ORIENTED_EDGE('',*,*,#4154,.T.);
#4228 = ORIENTED_EDGE('',*,*,#4229,.T.);
#4229 = EDGE_CURVE('',#4127,#4230,#4232,.T.);
#4230 = VERTEX_POINT('',#4231);
#4231 = CARTESIAN_POINT('',(19.75,-13.5,20.6));
#4232 = SURFACE_CURVE('',#4233,(#4237,#4244),.PCURVE_S1.);
#4233 = LINE('',#4234,#4235);
#4234 = CARTESIAN_POINT('',(19.75,-18.5,20.6));
#4235 = VECTOR('',#4236,1.);
#4236 = DIRECTION('',(0.,1.,0.));
#4237 = PCURVE('',#2097,#4238);
#4238 = DEFINITIONAL_REPRESENTATION('',(#4239),#4243);
#4239 = LINE('',#4240,#4241);
#4240 = CARTESIAN_POINT('',(0.,-19.));
#4241 = VECTOR('',#4242,1.);
#4242 = DIRECTION('',(1.,0.));
#4243 = ( GEOMETRIC_REPRESENTATION_CONTEXT(2) 
PARAMETRIC_REPRESENTATION_CONTEXT() REPRESENTATION_CONTEXT('2D SPACE',''
  ) );
#4244 = PCURVE('',#4142,#4245);
#4245 = DEFINITIONAL_REPRESENTATION('',(#4246),#4250);
#4246 = LINE('',#4247,#4248);
#4247 = CARTESIAN_POINT('',(2.5,-2.5));
#4248 = VECTOR('',#4249,1.);
#4249 = DIRECTION('',(0.,1.));
#4250 = ( GEOMETRIC_REPRESENTATION_CONTEXT(2) 
PARAMETRIC_REPRESENTATION_CONTEXT() REPRESENTATION_CONTEXT('2D SPACE',''
  ) );
#4251 = ORIENTED_EDGE('',*,*,#4252,.F.);
#4252 = EDGE_CURVE('',#2056,#4230,#4253,.T.);
#4253 = SURFACE_CURVE('',#4254,(#4258,#4265),.PCURVE_S1.);
#4254 = LINE('',#4255,#4256);
#4255 = CARTESIAN_POINT('',(19.75,-13.5,1.6));
#4256 = VECTOR('',#4257,1.);
#4257 = DIRECTION('',(0.,0.,1.));
#4258 = PCURVE('',#2097,#4259);
#4259 = DEFINITIONAL_REPRESENTATION('',(#4260),#4264);
#4260 = LINE('',#4261,#4262);
#4261 = CARTESIAN_POINT('',(5.,0.));
#4262 = VECTOR('',#4263,1.);
#4263 = DIRECTION('',(0.,-1.));
#4264 = ( GEOMETRIC_REPRESENTATION_CONTEXT(2) 
PARAMETRIC_REPRESENTATION_CONTEXT() REPRESENTATION_CONTEXT('2D SPACE',''
  ) );
#4265 = PCURVE('',#2071,#4266);
#4266 = DEFINITIONAL_REPRESENTATION('',(#4267),#4271);
#4267 = LINE('',#4268,#4269);
#4268 = CARTESIAN_POINT('',(0.,-0.));
#4269 = VECTOR('',#4270,1.);
#4270 = DIRECTION('',(0.,-1.));
#4271 = ( GEOMETRIC_REPRESENTATION_CONTEXT(2) 
PARAMETRIC_REPRESENTATION_CONTEXT() REPRESENTATION_CONTEXT('2D SPACE',''
  ) );
#4272 = ORIENTED_EDGE('',*,*,#2083,.F.);
#4273 = ADVANCED_FACE('',(#4274),#2071,.F.);
#4274 = FACE_BOUND('',#4275,.F.);
#4275 = EDGE_LOOP('',(#4276,#4277,#4298,#4299));
#4276 = ORIENTED_EDGE('',*,*,#4252,.T.);
#4277 = ORIENTED_EDGE('',*,*,#4278,.T.);
#4278 = EDGE_CURVE('',#4230,#4180,#4279,.T.);
#4279 = SURFACE_CURVE('',#4280,(#4284,#4291),.PCURVE_S1.);
#4280 = LINE('',#4281,#4282);
#4281 = CARTESIAN_POINT('',(19.75,-13.5,20.6));
#4282 = VECTOR('',#4283,1.);
#4283 = DIRECTION('',(-1.,0.,0.));
#4284 = PCURVE('',#2071,#4285);
#4285 = DEFINITIONAL_REPRESENTATION('',(#4286),#4290);
#4286 = LINE('',#4287,#4288);
#4287 = CARTESIAN_POINT('',(0.,-19.));
#4288 = VECTOR('',#4289,1.);
#4289 = DIRECTION('',(1.,0.));
#4290 = ( GEOMETRIC_REPRESENTATION_CONTEXT(2) 
PARAMETRIC_REPRESENTATION_CONTEXT() REPRESENTATION_CONTEXT('2D SPACE',''
  ) );
#4291 = PCURVE('',#4142,#4292);
#4292 = DEFINITIONAL_REPRESENTATION('',(#4293),#4297);
#4293 = LINE('',#4294,#4295);
#4294 = CARTESIAN_POINT('',(2.5,2.5));
#4295 = VECTOR('',#4296,1.);
#4296 = DIRECTION('',(-1.,0.));
#4297 = ( GEOMETRIC_REPRESENTATION_CONTEXT(2) 
PARAMETRIC_REPRESENTATION_CONTEXT() REPRESENTATION_CONTEXT('2D SPACE',''
  ) );
#4298 = ORIENTED_EDGE('',*,*,#4179,.F.);
#4299 = ORIENTED_EDGE('',*,*,#2055,.F.);
#4300 = ADVANCED_FACE('',(#4301),#2128,.F.);
#4301 = FACE_BOUND('',#4302,.F.);
#4302 = EDGE_LOOP('',(#4303,#4304,#4327,#4355));
#4303 = ORIENTED_EDGE('',*,*,#2111,.T.);
#4304 = ORIENTED_EDGE('',*,*,#4305,.T.);
#4305 = EDGE_CURVE('',#2114,#4306,#4308,.T.);
#4306 = VERTEX_POINT('',#4307);
#4307 = CARTESIAN_POINT('',(-3.4,1.8,24.));
#4308 = SURFACE_CURVE('',#4309,(#4313,#4320),.PCURVE_S1.);
#4309 = LINE('',#4310,#4311);
#4310 = CARTESIAN_POINT('',(-3.4,1.8,0.));
#4311 = VECTOR('',#4312,1.);
#4312 = DIRECTION('',(0.,0.,1.));
#4313 = PCURVE('',#2128,#4314);
#4314 = DEFINITIONAL_REPRESENTATION('',(#4315),#4319);
#4315 = LINE('',#4316,#4317);
#4316 = CARTESIAN_POINT('',(0.,0.));
#4317 = VECTOR('',#4318,1.);
#4318 = DIRECTION('',(0.,-1.));
#4319 = ( GEOMETRIC_REPRESENTATION_CONTEXT(2) 
PARAMETRIC_REPRESENTATION_CONTEXT() REPRESENTATION_CONTEXT('2D SPACE',''
  ) );
#4320 = PCURVE('',#2154,#4321);
#4321 = DEFINITIONAL_REPRESENTATION('',(#4322),#4326);
#4322 = LINE('',#4323,#4324);
#4323 = CARTESIAN_POINT('',(5.2,0.));
#4324 = VECTOR('',#4325,1.);
#4325 = DIRECTION('',(0.,-1.));
#4326 = ( GEOMETRIC_REPRESENTATION_CONTEXT(2) 
PARAMETRIC_REPRESENTATION_CONTEXT() REPRESENTATION_CONTEXT('2D SPACE',''
  ) );
#4327 = ORIENTED_EDGE('',*,*,#4328,.T.);
#4328 = EDGE_CURVE('',#4306,#4329,#4331,.T.);
#4329 = VERTEX_POINT('',#4330);
#4330 = CARTESIAN_POINT('',(-3.4,-4.7,24.));
#4331 = SURFACE_CURVE('',#4332,(#4336,#4343),.PCURVE_S1.);
#4332 = LINE('',#4333,#4334);
#4333 = CARTESIAN_POINT('',(-3.4,1.8,24.));
#4334 = VECTOR('',#4335,1.);
#4335 = DIRECTION('',(0.,-1.,0.));
#4336 = PCURVE('',#2128,#4337);
#4337 = DEFINITIONAL_REPRESENTATION('',(#4338),#4342);
#4338 = LINE('',#4339,#4340);
#4339 = CARTESIAN_POINT('',(0.,-24.));
#4340 = VECTOR('',#4341,1.);
#4341 = DIRECTION('',(1.,0.));
#4342 = ( GEOMETRIC_REPRESENTATION_CONTEXT(2) 
PARAMETRIC_REPRESENTATION_CONTEXT() REPRESENTATION_CONTEXT('2D SPACE',''
  ) );
#4343 = PCURVE('',#4344,#4349);
#4344 = PLANE('',#4345);
#4345 = AXIS2_PLACEMENT_3D('',#4346,#4347,#4348);
#4346 = CARTESIAN_POINT('',(-0.8,-1.45,24.));
#4347 = DIRECTION('',(0.,0.,1.));
#4348 = DIRECTION('',(1.,0.,-0.));
#4349 = DEFINITIONAL_REPRESENTATION('',(#4350),#4354);
#4350 = LINE('',#4351,#4352);
#4351 = CARTESIAN_POINT('',(-2.6,3.25));
#4352 = VECTOR('',#4353,1.);
#4353 = DIRECTION('',(0.,-1.));
#4354 = ( GEOMETRIC_REPRESENTATION_CONTEXT(2) 
PARAMETRIC_REPRESENTATION_CONTEXT() REPRESENTATION_CONTEXT('2D SPACE',''
  ) );
#4355 = ORIENTED_EDGE('',*,*,#4356,.F.);
#4356 = EDGE_CURVE('',#2112,#4329,#4357,.T.);
#4357 = SURFACE_CURVE('',#4358,(#4362,#4369),.PCURVE_S1.);
#4358 = LINE('',#4359,#4360);
#4359 = CARTESIAN_POINT('',(-3.4,-4.7,0.));
#4360 = VECTOR('',#4361,1.);
#4361 = DIRECTION('',(0.,0.,1.));
#4362 = PCURVE('',#2128,#4363);
#4363 = DEFINITIONAL_REPRESENTATION('',(#4364),#4368);
#4364 = LINE('',#4365,#4366);
#4365 = CARTESIAN_POINT('',(6.5,0.));
#4366 = VECTOR('',#4367,1.);
#4367 = DIRECTION('',(0.,-1.));
#4368 = ( GEOMETRIC_REPRESENTATION_CONTEXT(2) 
PARAMETRIC_REPRESENTATION_CONTEXT() REPRESENTATION_CONTEXT('2D SPACE',''
  ) );
#4369 = PCURVE('',#2204,#4370);
#4370 = DEFINITIONAL_REPRESENTATION('',(#4371),#4375);
#4371 = LINE('',#4372,#4373);
#4372 = CARTESIAN_POINT('',(0.,0.));
#4373 = VECTOR('',#4374,1.);
#4374 = DIRECTION('',(0.,-1.));
#4375 = ( GEOMETRIC_REPRESENTATION_CONTEXT(2) 
PARAMETRIC_REPRESENTATION_CONTEXT() REPRESENTATION_CONTEXT('2D SPACE',''
  ) );
#4376 = ADVANCED_FACE('',(#4377),#2204,.F.);
#4377 = FACE_BOUND('',#4378,.F.);
#4378 = EDGE_LOOP('',(#4379,#4380,#4381,#4404,#4430,#4456));
#4379 = ORIENTED_EDGE('',*,*,#2191,.T.);
#4380 = ORIENTED_EDGE('',*,*,#4356,.T.);
#4381 = ORIENTED_EDGE('',*,*,#4382,.T.);
#4382 = EDGE_CURVE('',#4329,#4383,#4385,.T.);
#4383 = VERTEX_POINT('',#4384);
#4384 = CARTESIAN_POINT('',(1.2,-4.7,24.));
#4385 = SURFACE_CURVE('',#4386,(#4390,#4397),.PCURVE_S1.);
#4386 = LINE('',#4387,#4388);
#4387 = CARTESIAN_POINT('',(-3.4,-4.7,24.));
#4388 = VECTOR('',#4389,1.);
#4389 = DIRECTION('',(1.,0.,0.));
#4390 = PCURVE('',#2204,#4391);
#4391 = DEFINITIONAL_REPRESENTATION('',(#4392),#4396);
#4392 = LINE('',#4393,#4394);
#4393 = CARTESIAN_POINT('',(0.,-24.));
#4394 = VECTOR('',#4395,1.);
#4395 = DIRECTION('',(1.,0.));
#4396 = ( GEOMETRIC_REPRESENTATION_CONTEXT(2) 
PARAMETRIC_REPRESENTATION_CONTEXT() REPRESENTATION_CONTEXT('2D SPACE',''
  ) );
#4397 = PCURVE('',#4344,#4398);
#4398 = DEFINITIONAL_REPRESENTATION('',(#4399),#4403);
#4399 = LINE('',#4400,#4401);
#4400 = CARTESIAN_POINT('',(-2.6,-3.25));
#4401 = VECTOR('',#4402,1.);
#4402 = DIRECTION('',(1.,0.));
#4403 = ( GEOMETRIC_REPRESENTATION_CONTEXT(2) 
PARAMETRIC_REPRESENTATION_CONTEXT() REPRESENTATION_CONTEXT('2D SPACE',''
  ) );
#4404 = ORIENTED_EDGE('',*,*,#4405,.F.);
#4405 = EDGE_CURVE('',#4406,#4383,#4408,.T.);
#4406 = VERTEX_POINT('',#4407);
#4407 = CARTESIAN_POINT('',(1.2,-4.7,18.));
#4408 = SURFACE_CURVE('',#4409,(#4413,#4419),.PCURVE_S1.);
#4409 = LINE('',#4410,#4411);
#4410 = CARTESIAN_POINT('',(1.2,-4.7,9.));
#4411 = VECTOR('',#4412,1.);
#4412 = DIRECTION('',(0.,-0.,1.));
#4413 = PCURVE('',#2204,#4414);
#4414 = DEFINITIONAL_REPRESENTATION('',(#4415),#4418);
#4415 = B_SPLINE_CURVE_WITH_KNOTS('',1,(#4416,#4417),.UNSPECIFIED.,.F.,
  .F.,(2,2),(9.,15.),.PIECEWISE_BEZIER_KNOTS.);
#4416 = CARTESIAN_POINT('',(4.6,-18.));
#4417 = CARTESIAN_POINT('',(4.6,-24.));
#4418 = ( GEOMETRIC_REPRESENTATION_CONTEXT(2) 
PARAMETRIC_REPRESENTATION_CONTEXT() REPRESENTATION_CONTEXT('2D SPACE',''
  ) );
#4419 = PCURVE('',#4420,#4425);
#4420 = PLANE('',#4421);
#4421 = AXIS2_PLACEMENT_3D('',#4422,#4423,#4424);
#4422 = CARTESIAN_POINT('',(1.2,0.9,18.));
#4423 = DIRECTION('',(1.,0.,-0.));
#4424 = DIRECTION('',(0.,-1.,0.));
#4425 = DEFINITIONAL_REPRESENTATION('',(#4426),#4429);
#4426 = B_SPLINE_CURVE_WITH_KNOTS('',1,(#4427,#4428),.UNSPECIFIED.,.F.,
  .F.,(2,2),(9.,15.),.PIECEWISE_BEZIER_KNOTS.);
#4427 = CARTESIAN_POINT('',(5.6,0.));
#4428 = CARTESIAN_POINT('',(5.6,-6.));
#4429 = ( GEOMETRIC_REPRESENTATION_CONTEXT(2) 
PARAMETRIC_REPRESENTATION_CONTEXT() REPRESENTATION_CONTEXT('2D SPACE',''
  ) );
#4430 = ORIENTED_EDGE('',*,*,#4431,.F.);
#4431 = EDGE_CURVE('',#4432,#4406,#4434,.T.);
#4432 = VERTEX_POINT('',#4433);
#4433 = CARTESIAN_POINT('',(1.8,-4.7,18.));
#4434 = SURFACE_CURVE('',#4435,(#4439,#4445),.PCURVE_S1.);
#4435 = LINE('',#4436,#4437);
#4436 = CARTESIAN_POINT('',(-0.541055924954,-4.7,18.));
#4437 = VECTOR('',#4438,1.);
#4438 = DIRECTION('',(-1.,0.,0.));
#4439 = PCURVE('',#2204,#4440);
#4440 = DEFINITIONAL_REPRESENTATION('',(#4441),#4444);
#4441 = B_SPLINE_CURVE_WITH_KNOTS('',1,(#4442,#4443),.UNSPECIFIED.,.F.,
  .F.,(2,2),(-2.341055924954,-1.741055924954),.PIECEWISE_BEZIER_KNOTS.);
#4442 = CARTESIAN_POINT('',(5.2,-18.));
#4443 = CARTESIAN_POINT('',(4.6,-18.));
#4444 = ( GEOMETRIC_REPRESENTATION_CONTEXT(2) 
PARAMETRIC_REPRESENTATION_CONTEXT() REPRESENTATION_CONTEXT('2D SPACE',''
  ) );
#4445 = PCURVE('',#4446,#4451);
#4446 = PLANE('',#4447);
#4447 = AXIS2_PLACEMENT_3D('',#4448,#4449,#4450);
#4448 = CARTESIAN_POINT('',(2.317888150092,-7.194079711143,18.));
#4449 = DIRECTION('',(0.,0.,1.));
#4450 = DIRECTION('',(1.,0.,-0.));
#4451 = DEFINITIONAL_REPRESENTATION('',(#4452),#4455);
#4452 = B_SPLINE_CURVE_WITH_KNOTS('',1,(#4453,#4454),.UNSPECIFIED.,.F.,
  .F.,(2,2),(-2.341055924954,-1.741055924954),.PIECEWISE_BEZIER_KNOTS.);
#4453 = CARTESIAN_POINT('',(-0.517888150092,2.494079711143));
#4454 = CARTESIAN_POINT('',(-1.117888150092,2.494079711143));
#4455 = ( GEOMETRIC_REPRESENTATION_CONTEXT(2) 
PARAMETRIC_REPRESENTATION_CONTEXT() REPRESENTATION_CONTEXT('2D SPACE',''
  ) );
#4456 = ORIENTED_EDGE('',*,*,#4457,.F.);
#4457 = EDGE_CURVE('',#2166,#4432,#4458,.T.);
#4458 = SURFACE_CURVE('',#4459,(#4463,#4470),.PCURVE_S1.);
#4459 = LINE('',#4460,#4461);
#4460 = CARTESIAN_POINT('',(1.8,-4.7,0.));
#4461 = VECTOR('',#4462,1.);
#4462 = DIRECTION('',(0.,0.,1.));
#4463 = PCURVE('',#2204,#4464);
#4464 = DEFINITIONAL_REPRESENTATION('',(#4465),#4469);
#4465 = LINE('',#4466,#4467);
#4466 = CARTESIAN_POINT('',(5.2,0.));
#4467 = VECTOR('',#4468,1.);
#4468 = DIRECTION('',(0.,-1.));
#4469 = ( GEOMETRIC_REPRESENTATION_CONTEXT(2) 
PARAMETRIC_REPRESENTATION_CONTEXT() REPRESENTATION_CONTEXT('2D SPACE',''
  ) );
#4470 = PCURVE('',#2180,#4471);
#4471 = DEFINITIONAL_REPRESENTATION('',(#4472),#4476);
#4472 = LINE('',#4473,#4474);
#4473 = CARTESIAN_POINT('',(0.,0.));
#4474 = VECTOR('',#4475,1.);
#4475 = DIRECTION('',(0.,-1.));
#4476 = ( GEOMETRIC_REPRESENTATION_CONTEXT(2) 
PARAMETRIC_REPRESENTATION_CONTEXT() REPRESENTATION_CONTEXT('2D SPACE',''
  ) );
#4477 = ADVANCED_FACE('',(#4478),#2154,.F.);
#4478 = FACE_BOUND('',#4479,.F.);
#4479 = EDGE_LOOP('',(#4480,#4481,#4504,#4525));
#4480 = ORIENTED_EDGE('',*,*,#2139,.T.);
#4481 = ORIENTED_EDGE('',*,*,#4482,.T.);
#4482 = EDGE_CURVE('',#2140,#4483,#4485,.T.);
#4483 = VERTEX_POINT('',#4484);
#4484 = CARTESIAN_POINT('',(1.8,1.8,24.));
#4485 = SURFACE_CURVE('',#4486,(#4490,#4497),.PCURVE_S1.);
#4486 = LINE('',#4487,#4488);
#4487 = CARTESIAN_POINT('',(1.8,1.8,0.));
#4488 = VECTOR('',#4489,1.);
#4489 = DIRECTION('',(0.,0.,1.));
#4490 = PCURVE('',#2154,#4491);
#4491 = DEFINITIONAL_REPRESENTATION('',(#4492),#4496);
#4492 = LINE('',#4493,#4494);
#4493 = CARTESIAN_POINT('',(0.,-0.));
#4494 = VECTOR('',#4495,1.);
#4495 = DIRECTION('',(0.,-1.));
#4496 = ( GEOMETRIC_REPRESENTATION_CONTEXT(2) 
PARAMETRIC_REPRESENTATION_CONTEXT() REPRESENTATION_CONTEXT('2D SPACE',''
  ) );
#4497 = PCURVE('',#2180,#4498);
#4498 = DEFINITIONAL_REPRESENTATION('',(#4499),#4503);
#4499 = LINE('',#4500,#4501);
#4500 = CARTESIAN_POINT('',(6.5,0.));
#4501 = VECTOR('',#4502,1.);
#4502 = DIRECTION('',(0.,-1.));
#4503 = ( GEOMETRIC_REPRESENTATION_CONTEXT(2) 
PARAMETRIC_REPRESENTATION_CONTEXT() REPRESENTATION_CONTEXT('2D SPACE',''
  ) );
#4504 = ORIENTED_EDGE('',*,*,#4505,.T.);
#4505 = EDGE_CURVE('',#4483,#4306,#4506,.T.);
#4506 = SURFACE_CURVE('',#4507,(#4511,#4518),.PCURVE_S1.);
#4507 = LINE('',#4508,#4509);
#4508 = CARTESIAN_POINT('',(1.8,1.8,24.));
#4509 = VECTOR('',#4510,1.);
#4510 = DIRECTION('',(-1.,0.,0.));
#4511 = PCURVE('',#2154,#4512);
#4512 = DEFINITIONAL_REPRESENTATION('',(#4513),#4517);
#4513 = LINE('',#4514,#4515);
#4514 = CARTESIAN_POINT('',(0.,-24.));
#4515 = VECTOR('',#4516,1.);
#4516 = DIRECTION('',(1.,0.));
#4517 = ( GEOMETRIC_REPRESENTATION_CONTEXT(2) 
PARAMETRIC_REPRESENTATION_CONTEXT() REPRESENTATION_CONTEXT('2D SPACE',''
  ) );
#4518 = PCURVE('',#4344,#4519);
#4519 = DEFINITIONAL_REPRESENTATION('',(#4520),#4524);
#4520 = LINE('',#4521,#4522);
#4521 = CARTESIAN_POINT('',(2.6,3.25));
#4522 = VECTOR('',#4523,1.);
#4523 = DIRECTION('',(-1.,0.));
#4524 = ( GEOMETRIC_REPRESENTATION_CONTEXT(2) 
PARAMETRIC_REPRESENTATION_CONTEXT() REPRESENTATION_CONTEXT('2D SPACE',''
  ) );
#4525 = ORIENTED_EDGE('',*,*,#4305,.F.);
#4526 = ADVANCED_FACE('',(#4527),#2180,.F.);
#4527 = FACE_BOUND('',#4528,.F.);
#4528 = EDGE_LOOP('',(#4529,#4530,#4531,#4552,#4578,#4599));
#4529 = ORIENTED_EDGE('',*,*,#2165,.T.);
#4530 = ORIENTED_EDGE('',*,*,#4457,.T.);
#4531 = ORIENTED_EDGE('',*,*,#4532,.F.);
#4532 = EDGE_CURVE('',#4533,#4432,#4535,.T.);
#4533 = VERTEX_POINT('',#4534);
#4534 = CARTESIAN_POINT('',(1.8,0.9,18.));
#4535 = SURFACE_CURVE('',#4536,(#4540,#4546),.PCURVE_S1.);
#4536 = LINE('',#4537,#4538);
#4537 = CARTESIAN_POINT('',(1.8,-5.947039855571,18.));
#4538 = VECTOR('',#4539,1.);
#4539 = DIRECTION('',(0.,-1.,0.));
#4540 = PCURVE('',#2180,#4541);
#4541 = DEFINITIONAL_REPRESENTATION('',(#4542),#4545);
#4542 = B_SPLINE_CURVE_WITH_KNOTS('',1,(#4543,#4544),.UNSPECIFIED.,.F.,
  .F.,(2,2),(-6.847039855571,-1.247039855571),.PIECEWISE_BEZIER_KNOTS.);
#4543 = CARTESIAN_POINT('',(5.6,-18.));
#4544 = CARTESIAN_POINT('',(0.,-18.));
#4545 = ( GEOMETRIC_REPRESENTATION_CONTEXT(2) 
PARAMETRIC_REPRESENTATION_CONTEXT() REPRESENTATION_CONTEXT('2D SPACE',''
  ) );
#4546 = PCURVE('',#4446,#4547);
#4547 = DEFINITIONAL_REPRESENTATION('',(#4548),#4551);
#4548 = B_SPLINE_CURVE_WITH_KNOTS('',1,(#4549,#4550),.UNSPECIFIED.,.F.,
  .F.,(2,2),(-6.847039855571,-1.247039855571),.PIECEWISE_BEZIER_KNOTS.);
#4549 = CARTESIAN_POINT('',(-0.517888150092,8.094079711143));
#4550 = CARTESIAN_POINT('',(-0.517888150092,2.494079711143));
#4551 = ( GEOMETRIC_REPRESENTATION_CONTEXT(2) 
PARAMETRIC_REPRESENTATION_CONTEXT() REPRESENTATION_CONTEXT('2D SPACE',''
  ) );
#4552 = ORIENTED_EDGE('',*,*,#4553,.F.);
#4553 = EDGE_CURVE('',#4554,#4533,#4556,.T.);
#4554 = VERTEX_POINT('',#4555);
#4555 = CARTESIAN_POINT('',(1.8,0.9,24.));
#4556 = SURFACE_CURVE('',#4557,(#4561,#4567),.PCURVE_S1.);
#4557 = LINE('',#4558,#4559);
#4558 = CARTESIAN_POINT('',(1.8,0.9,9.));
#4559 = VECTOR('',#4560,1.);
#4560 = DIRECTION('',(-0.,-0.,-1.));
#4561 = PCURVE('',#2180,#4562);
#4562 = DEFINITIONAL_REPRESENTATION('',(#4563),#4566);
#4563 = B_SPLINE_CURVE_WITH_KNOTS('',1,(#4564,#4565),.UNSPECIFIED.,.F.,
  .F.,(2,2),(-15.,-9.),.PIECEWISE_BEZIER_KNOTS.);
#4564 = CARTESIAN_POINT('',(5.6,-24.));
#4565 = CARTESIAN_POINT('',(5.6,-18.));
#4566 = ( GEOMETRIC_REPRESENTATION_CONTEXT(2) 
PARAMETRIC_REPRESENTATION_CONTEXT() REPRESENTATION_CONTEXT('2D SPACE',''
  ) );
#4567 = PCURVE('',#4568,#4573);
#4568 = PLANE('',#4569);
#4569 = AXIS2_PLACEMENT_3D('',#4570,#4571,#4572);
#4570 = CARTESIAN_POINT('',(3.2,0.9,18.));
#4571 = DIRECTION('',(0.,-1.,0.));
#4572 = DIRECTION('',(-1.,0.,0.));
#4573 = DEFINITIONAL_REPRESENTATION('',(#4574),#4577);
#4574 = B_SPLINE_CURVE_WITH_KNOTS('',1,(#4575,#4576),.UNSPECIFIED.,.F.,
  .F.,(2,2),(-15.,-9.),.PIECEWISE_BEZIER_KNOTS.);
#4575 = CARTESIAN_POINT('',(1.4,-6.));
#4576 = CARTESIAN_POINT('',(1.4,0.));
#4577 = ( GEOMETRIC_REPRESENTATION_CONTEXT(2) 
PARAMETRIC_REPRESENTATION_CONTEXT() REPRESENTATION_CONTEXT('2D SPACE',''
  ) );
#4578 = ORIENTED_EDGE('',*,*,#4579,.T.);
#4579 = EDGE_CURVE('',#4554,#4483,#4580,.T.);
#4580 = SURFACE_CURVE('',#4581,(#4585,#4592),.PCURVE_S1.);
#4581 = LINE('',#4582,#4583);
#4582 = CARTESIAN_POINT('',(1.8,-4.7,24.));
#4583 = VECTOR('',#4584,1.);
#4584 = DIRECTION('',(0.,1.,0.));
#4585 = PCURVE('',#2180,#4586);
#4586 = DEFINITIONAL_REPRESENTATION('',(#4587),#4591);
#4587 = LINE('',#4588,#4589);
#4588 = CARTESIAN_POINT('',(0.,-24.));
#4589 = VECTOR('',#4590,1.);
#4590 = DIRECTION('',(1.,0.));
#4591 = ( GEOMETRIC_REPRESENTATION_CONTEXT(2) 
PARAMETRIC_REPRESENTATION_CONTEXT() REPRESENTATION_CONTEXT('2D SPACE',''
  ) );
#4592 = PCURVE('',#4344,#4593);
#4593 = DEFINITIONAL_REPRESENTATION('',(#4594),#4598);
#4594 = LINE('',#4595,#4596);
#4595 = CARTESIAN_POINT('',(2.6,-3.25));
#4596 = VECTOR('',#4597,1.);
#4597 = DIRECTION('',(0.,1.));
#4598 = ( GEOMETRIC_REPRESENTATION_CONTEXT(2) 
PARAMETRIC_REPRESENTATION_CONTEXT() REPRESENTATION_CONTEXT('2D SPACE',''
  ) );
#4599 = ORIENTED_EDGE('',*,*,#4482,.F.);
#4600 = ADVANCED_FACE('',(#4601),#2234,.F.);
#4601 = FACE_BOUND('',#4602,.F.);
#4602 = EDGE_LOOP('',(#4603,#4604,#4627,#4653,#4679,#4707));
#4603 = ORIENTED_EDGE('',*,*,#2217,.T.);
#4604 = ORIENTED_EDGE('',*,*,#4605,.T.);
#4605 = EDGE_CURVE('',#2220,#4606,#4608,.T.);
#4606 = VERTEX_POINT('',#4607);
#4607 = CARTESIAN_POINT('',(38.2,-4.7,18.));
#4608 = SURFACE_CURVE('',#4609,(#4613,#4620),.PCURVE_S1.);
#4609 = LINE('',#4610,#4611);
#4610 = CARTESIAN_POINT('',(38.2,-4.7,0.));
#4611 = VECTOR('',#4612,1.);
#4612 = DIRECTION('',(0.,0.,1.));
#4613 = PCURVE('',#2234,#4614);
#4614 = DEFINITIONAL_REPRESENTATION('',(#4615),#4619);
#4615 = LINE('',#4616,#4617);
#4616 = CARTESIAN_POINT('',(0.,0.));
#4617 = VECTOR('',#4618,1.);
#4618 = DIRECTION('',(0.,-1.));
#4619 = ( GEOMETRIC_REPRESENTATION_CONTEXT(2) 
PARAMETRIC_REPRESENTATION_CONTEXT() REPRESENTATION_CONTEXT('2D SPACE',''
  ) );
#4620 = PCURVE('',#2260,#4621);
#4621 = DEFINITIONAL_REPRESENTATION('',(#4622),#4626);
#4622 = LINE('',#4623,#4624);
#4623 = CARTESIAN_POINT('',(6.5,0.));
#4624 = VECTOR('',#4625,1.);
#4625 = DIRECTION('',(0.,-1.));
#4626 = ( GEOMETRIC_REPRESENTATION_CONTEXT(2) 
PARAMETRIC_REPRESENTATION_CONTEXT() REPRESENTATION_CONTEXT('2D SPACE',''
  ) );
#4627 = ORIENTED_EDGE('',*,*,#4628,.T.);
#4628 = EDGE_CURVE('',#4606,#4629,#4631,.T.);
#4629 = VERTEX_POINT('',#4630);
#4630 = CARTESIAN_POINT('',(38.8,-4.7,18.));
#4631 = SURFACE_CURVE('',#4632,(#4636,#4642),.PCURVE_S1.);
#4632 = LINE('',#4633,#4634);
#4633 = CARTESIAN_POINT('',(37.941055924954,-4.7,18.));
#4634 = VECTOR('',#4635,1.);
#4635 = DIRECTION('',(1.,0.,0.));
#4636 = PCURVE('',#2234,#4637);
#4637 = DEFINITIONAL_REPRESENTATION('',(#4638),#4641);
#4638 = B_SPLINE_CURVE_WITH_KNOTS('',1,(#4639,#4640),.UNSPECIFIED.,.F.,
  .F.,(2,2),(0.258944075046,0.858944075046),.PIECEWISE_BEZIER_KNOTS.);
#4639 = CARTESIAN_POINT('',(0.,-18.));
#4640 = CARTESIAN_POINT('',(0.6,-18.));
#4641 = ( GEOMETRIC_REPRESENTATION_CONTEXT(2) 
PARAMETRIC_REPRESENTATION_CONTEXT() REPRESENTATION_CONTEXT('2D SPACE',''
  ) );
#4642 = PCURVE('',#4643,#4648);
#4643 = PLANE('',#4644);
#4644 = AXIS2_PLACEMENT_3D('',#4645,#4646,#4647);
#4645 = CARTESIAN_POINT('',(37.682111849908,-7.194079711143,18.));
#4646 = DIRECTION('',(-0.,-0.,-1.));
#4647 = DIRECTION('',(-1.,0.,0.));
#4648 = DEFINITIONAL_REPRESENTATION('',(#4649),#4652);
#4649 = B_SPLINE_CURVE_WITH_KNOTS('',1,(#4650,#4651),.UNSPECIFIED.,.F.,
  .F.,(2,2),(0.258944075046,0.858944075046),.PIECEWISE_BEZIER_KNOTS.);
#4650 = CARTESIAN_POINT('',(-0.517888150092,2.494079711143));
#4651 = CARTESIAN_POINT('',(-1.117888150092,2.494079711143));
#4652 = ( GEOMETRIC_REPRESENTATION_CONTEXT(2) 
PARAMETRIC_REPRESENTATION_CONTEXT() REPRESENTATION_CONTEXT('2D SPACE',''
  ) );
#4653 = ORIENTED_EDGE('',*,*,#4654,.T.);
#4654 = EDGE_CURVE('',#4629,#4655,#4657,.T.);
#4655 = VERTEX_POINT('',#4656);
#4656 = CARTESIAN_POINT('',(38.8,-4.7,24.));
#4657 = SURFACE_CURVE('',#4658,(#4662,#4668),.PCURVE_S1.);
#4658 = LINE('',#4659,#4660);
#4659 = CARTESIAN_POINT('',(38.8,-4.7,9.));
#4660 = VECTOR('',#4661,1.);
#4661 = DIRECTION('',(0.,-0.,1.));
#4662 = PCURVE('',#2234,#4663);
#4663 = DEFINITIONAL_REPRESENTATION('',(#4664),#4667);
#4664 = B_SPLINE_CURVE_WITH_KNOTS('',1,(#4665,#4666),.UNSPECIFIED.,.F.,
  .F.,(2,2),(9.,15.),.PIECEWISE_BEZIER_KNOTS.);
#4665 = CARTESIAN_POINT('',(0.6,-18.));
#4666 = CARTESIAN_POINT('',(0.6,-24.));
#4667 = ( GEOMETRIC_REPRESENTATION_CONTEXT(2) 
PARAMETRIC_REPRESENTATION_CONTEXT() REPRESENTATION_CONTEXT('2D SPACE',''
  ) );
#4668 = PCURVE('',#4669,#4674);
#4669 = PLANE('',#4670);
#4670 = AXIS2_PLACEMENT_3D('',#4671,#4672,#4673);
#4671 = CARTESIAN_POINT('',(38.8,0.9,18.));
#4672 = DIRECTION('',(1.,0.,-0.));
#4673 = DIRECTION('',(0.,-1.,0.));
#4674 = DEFINITIONAL_REPRESENTATION('',(#4675),#4678);
#4675 = B_SPLINE_CURVE_WITH_KNOTS('',1,(#4676,#4677),.UNSPECIFIED.,.F.,
  .F.,(2,2),(9.,15.),.PIECEWISE_BEZIER_KNOTS.);
#4676 = CARTESIAN_POINT('',(5.6,0.));
#4677 = CARTESIAN_POINT('',(5.6,-6.));
#4678 = ( GEOMETRIC_REPRESENTATION_CONTEXT(2) 
PARAMETRIC_REPRESENTATION_CONTEXT() REPRESENTATION_CONTEXT('2D SPACE',''
  ) );
#4679 = ORIENTED_EDGE('',*,*,#4680,.T.);
#4680 = EDGE_CURVE('',#4655,#4681,#4683,.T.);
#4681 = VERTEX_POINT('',#4682);
#4682 = CARTESIAN_POINT('',(43.4,-4.7,24.));
#4683 = SURFACE_CURVE('',#4684,(#4688,#4695),.PCURVE_S1.);
#4684 = LINE('',#4685,#4686);
#4685 = CARTESIAN_POINT('',(38.2,-4.7,24.));
#4686 = VECTOR('',#4687,1.);
#4687 = DIRECTION('',(1.,0.,0.));
#4688 = PCURVE('',#2234,#4689);
#4689 = DEFINITIONAL_REPRESENTATION('',(#4690),#4694);
#4690 = LINE('',#4691,#4692);
#4691 = CARTESIAN_POINT('',(0.,-24.));
#4692 = VECTOR('',#4693,1.);
#4693 = DIRECTION('',(1.,0.));
#4694 = ( GEOMETRIC_REPRESENTATION_CONTEXT(2) 
PARAMETRIC_REPRESENTATION_CONTEXT() REPRESENTATION_CONTEXT('2D SPACE',''
  ) );
#4695 = PCURVE('',#4696,#4701);
#4696 = PLANE('',#4697);
#4697 = AXIS2_PLACEMENT_3D('',#4698,#4699,#4700);
#4698 = CARTESIAN_POINT('',(40.8,-1.45,24.));
#4699 = DIRECTION('',(0.,0.,1.));
#4700 = DIRECTION('',(1.,0.,-0.));
#4701 = DEFINITIONAL_REPRESENTATION('',(#4702),#4706);
#4702 = LINE('',#4703,#4704);
#4703 = CARTESIAN_POINT('',(-2.6,-3.25));
#4704 = VECTOR('',#4705,1.);
#4705 = DIRECTION('',(1.,0.));
#4706 = ( GEOMETRIC_REPRESENTATION_CONTEXT(2) 
PARAMETRIC_REPRESENTATION_CONTEXT() REPRESENTATION_CONTEXT('2D SPACE',''
  ) );
#4707 = ORIENTED_EDGE('',*,*,#4708,.F.);
#4708 = EDGE_CURVE('',#2218,#4681,#4709,.T.);
#4709 = SURFACE_CURVE('',#4710,(#4714,#4721),.PCURVE_S1.);
#4710 = LINE('',#4711,#4712);
#4711 = CARTESIAN_POINT('',(43.4,-4.7,0.));
#4712 = VECTOR('',#4713,1.);
#4713 = DIRECTION('',(0.,0.,1.));
#4714 = PCURVE('',#2234,#4715);
#4715 = DEFINITIONAL_REPRESENTATION('',(#4716),#4720);
#4716 = LINE('',#4717,#4718);
#4717 = CARTESIAN_POINT('',(5.2,0.));
#4718 = VECTOR('',#4719,1.);
#4719 = DIRECTION('',(0.,-1.));
#4720 = ( GEOMETRIC_REPRESENTATION_CONTEXT(2) 
PARAMETRIC_REPRESENTATION_CONTEXT() REPRESENTATION_CONTEXT('2D SPACE',''
  ) );
#4721 = PCURVE('',#2310,#4722);
#4722 = DEFINITIONAL_REPRESENTATION('',(#4723),#4727);
#4723 = LINE('',#4724,#4725);
#4724 = CARTESIAN_POINT('',(0.,0.));
#4725 = VECTOR('',#4726,1.);
#4726 = DIRECTION('',(0.,-1.));
#4727 = ( GEOMETRIC_REPRESENTATION_CONTEXT(2) 
PARAMETRIC_REPRESENTATION_CONTEXT() REPRESENTATION_CONTEXT('2D SPACE',''
  ) );
#4728 = ADVANCED_FACE('',(#4729),#2310,.F.);
#4729 = FACE_BOUND('',#4730,.F.);
#4730 = EDGE_LOOP('',(#4731,#4732,#4733,#4756));
#4731 = ORIENTED_EDGE('',*,*,#2297,.T.);
#4732 = ORIENTED_EDGE('',*,*,#4708,.T.);
#4733 = ORIENTED_EDGE('',*,*,#4734,.T.);
#4734 = EDGE_CURVE('',#4681,#4735,#4737,.T.);
#4735 = VERTEX_POINT('',#4736);
#4736 = CARTESIAN_POINT('',(43.4,1.8,24.));
#4737 = SURFACE_CURVE('',#4738,(#4742,#4749),.PCURVE_S1.);
#4738 = LINE('',#4739,#4740);
#4739 = CARTESIAN_POINT('',(43.4,-4.7,24.));
#4740 = VECTOR('',#4741,1.);
#4741 = DIRECTION('',(0.,1.,0.));
#4742 = PCURVE('',#2310,#4743);
#4743 = DEFINITIONAL_REPRESENTATION('',(#4744),#4748);
#4744 = LINE('',#4745,#4746);
#4745 = CARTESIAN_POINT('',(0.,-24.));
#4746 = VECTOR('',#4747,1.);
#4747 = DIRECTION('',(1.,0.));
#4748 = ( GEOMETRIC_REPRESENTATION_CONTEXT(2) 
PARAMETRIC_REPRESENTATION_CONTEXT() REPRESENTATION_CONTEXT('2D SPACE',''
  ) );
#4749 = PCURVE('',#4696,#4750);
#4750 = DEFINITIONAL_REPRESENTATION('',(#4751),#4755);
#4751 = LINE('',#4752,#4753);
#4752 = CARTESIAN_POINT('',(2.6,-3.25));
#4753 = VECTOR('',#4754,1.);
#4754 = DIRECTION('',(0.,1.));
#4755 = ( GEOMETRIC_REPRESENTATION_CONTEXT(2) 
PARAMETRIC_REPRESENTATION_CONTEXT() REPRESENTATION_CONTEXT('2D SPACE',''
  ) );
#4756 = ORIENTED_EDGE('',*,*,#4757,.F.);
#4757 = EDGE_CURVE('',#2272,#4735,#4758,.T.);
#4758 = SURFACE_CURVE('',#4759,(#4763,#4770),.PCURVE_S1.);
#4759 = LINE('',#4760,#4761);
#4760 = CARTESIAN_POINT('',(43.4,1.8,0.));
#4761 = VECTOR('',#4762,1.);
#4762 = DIRECTION('',(0.,0.,1.));
#4763 = PCURVE('',#2310,#4764);
#4764 = DEFINITIONAL_REPRESENTATION('',(#4765),#4769);
#4765 = LINE('',#4766,#4767);
#4766 = CARTESIAN_POINT('',(6.5,0.));
#4767 = VECTOR('',#4768,1.);
#4768 = DIRECTION('',(0.,-1.));
#4769 = ( GEOMETRIC_REPRESENTATION_CONTEXT(2) 
PARAMETRIC_REPRESENTATION_CONTEXT() REPRESENTATION_CONTEXT('2D SPACE',''
  ) );
#4770 = PCURVE('',#2286,#4771);
#4771 = DEFINITIONAL_REPRESENTATION('',(#4772),#4776);
#4772 = LINE('',#4773,#4774);
#4773 = CARTESIAN_POINT('',(0.,-0.));
#4774 = VECTOR('',#4775,1.);
#4775 = DIRECTION('',(0.,-1.));
#4776 = ( GEOMETRIC_REPRESENTATION_CONTEXT(2) 
PARAMETRIC_REPRESENTATION_CONTEXT() REPRESENTATION_CONTEXT('2D SPACE',''
  ) );
#4777 = ADVANCED_FACE('',(#4778),#2286,.F.);
#4778 = FACE_BOUND('',#4779,.F.);
#4779 = EDGE_LOOP('',(#4780,#4781,#4782,#4805));
#4780 = ORIENTED_EDGE('',*,*,#2271,.T.);
#4781 = ORIENTED_EDGE('',*,*,#4757,.T.);
#4782 = ORIENTED_EDGE('',*,*,#4783,.T.);
#4783 = EDGE_CURVE('',#4735,#4784,#4786,.T.);
#4784 = VERTEX_POINT('',#4785);
#4785 = CARTESIAN_POINT('',(38.2,1.8,24.));
#4786 = SURFACE_CURVE('',#4787,(#4791,#4798),.PCURVE_S1.);
#4787 = LINE('',#4788,#4789);
#4788 = CARTESIAN_POINT('',(43.4,1.8,24.));
#4789 = VECTOR('',#4790,1.);
#4790 = DIRECTION('',(-1.,0.,0.));
#4791 = PCURVE('',#2286,#4792);
#4792 = DEFINITIONAL_REPRESENTATION('',(#4793),#4797);
#4793 = LINE('',#4794,#4795);
#4794 = CARTESIAN_POINT('',(0.,-24.));
#4795 = VECTOR('',#4796,1.);
#4796 = DIRECTION('',(1.,0.));
#4797 = ( GEOMETRIC_REPRESENTATION_CONTEXT(2) 
PARAMETRIC_REPRESENTATION_CONTEXT() REPRESENTATION_CONTEXT('2D SPACE',''
  ) );
#4798 = PCURVE('',#4696,#4799);
#4799 = DEFINITIONAL_REPRESENTATION('',(#4800),#4804);
#4800 = LINE('',#4801,#4802);
#4801 = CARTESIAN_POINT('',(2.6,3.25));
#4802 = VECTOR('',#4803,1.);
#4803 = DIRECTION('',(-1.,0.));
#4804 = ( GEOMETRIC_REPRESENTATION_CONTEXT(2) 
PARAMETRIC_REPRESENTATION_CONTEXT() REPRESENTATION_CONTEXT('2D SPACE',''
  ) );
#4805 = ORIENTED_EDGE('',*,*,#4806,.F.);
#4806 = EDGE_CURVE('',#2246,#4784,#4807,.T.);
#4807 = SURFACE_CURVE('',#4808,(#4812,#4819),.PCURVE_S1.);
#4808 = LINE('',#4809,#4810);
#4809 = CARTESIAN_POINT('',(38.2,1.8,0.));
#4810 = VECTOR('',#4811,1.);
#4811 = DIRECTION('',(0.,0.,1.));
#4812 = PCURVE('',#2286,#4813);
#4813 = DEFINITIONAL_REPRESENTATION('',(#4814),#4818);
#4814 = LINE('',#4815,#4816);
#4815 = CARTESIAN_POINT('',(5.2,0.));
#4816 = VECTOR('',#4817,1.);
#4817 = DIRECTION('',(0.,-1.));
#4818 = ( GEOMETRIC_REPRESENTATION_CONTEXT(2) 
PARAMETRIC_REPRESENTATION_CONTEXT() REPRESENTATION_CONTEXT('2D SPACE',''
  ) );
#4819 = PCURVE('',#2260,#4820);
#4820 = DEFINITIONAL_REPRESENTATION('',(#4821),#4825);
#4821 = LINE('',#4822,#4823);
#4822 = CARTESIAN_POINT('',(0.,0.));
#4823 = VECTOR('',#4824,1.);
#4824 = DIRECTION('',(0.,-1.));
#4825 = ( GEOMETRIC_REPRESENTATION_CONTEXT(2) 
PARAMETRIC_REPRESENTATION_CONTEXT() REPRESENTATION_CONTEXT('2D SPACE',''
  ) );
#4826 = ADVANCED_FACE('',(#4827),#2260,.F.);
#4827 = FACE_BOUND('',#4828,.F.);
#4828 = EDGE_LOOP('',(#4829,#4830,#4831,#4854,#4880,#4899));
#4829 = ORIENTED_EDGE('',*,*,#2245,.T.);
#4830 = ORIENTED_EDGE('',*,*,#4806,.T.);
#4831 = ORIENTED_EDGE('',*,*,#4832,.T.);
#4832 = EDGE_CURVE('',#4784,#4833,#4835,.T.);
#4833 = VERTEX_POINT('',#4834);
#4834 = CARTESIAN_POINT('',(38.2,0.9,24.));
#4835 = SURFACE_CURVE('',#4836,(#4840,#4847),.PCURVE_S1.);
#4836 = LINE('',#4837,#4838);
#4837 = CARTESIAN_POINT('',(38.2,1.8,24.));
#4838 = VECTOR('',#4839,1.);
#4839 = DIRECTION('',(0.,-1.,0.));
#4840 = PCURVE('',#2260,#4841);
#4841 = DEFINITIONAL_REPRESENTATION('',(#4842),#4846);
#4842 = LINE('',#4843,#4844);
#4843 = CARTESIAN_POINT('',(0.,-24.));
#4844 = VECTOR('',#4845,1.);
#4845 = DIRECTION('',(1.,0.));
#4846 = ( GEOMETRIC_REPRESENTATION_CONTEXT(2) 
PARAMETRIC_REPRESENTATION_CONTEXT() REPRESENTATION_CONTEXT('2D SPACE',''
  ) );
#4847 = PCURVE('',#4696,#4848);
#4848 = DEFINITIONAL_REPRESENTATION('',(#4849),#4853);
#4849 = LINE('',#4850,#4851);
#4850 = CARTESIAN_POINT('',(-2.6,3.25));
#4851 = VECTOR('',#4852,1.);
#4852 = DIRECTION('',(0.,-1.));
#4853 = ( GEOMETRIC_REPRESENTATION_CONTEXT(2) 
PARAMETRIC_REPRESENTATION_CONTEXT() REPRESENTATION_CONTEXT('2D SPACE',''
  ) );
#4854 = ORIENTED_EDGE('',*,*,#4855,.T.);
#4855 = EDGE_CURVE('',#4833,#4856,#4858,.T.);
#4856 = VERTEX_POINT('',#4857);
#4857 = CARTESIAN_POINT('',(38.2,0.9,18.));
#4858 = SURFACE_CURVE('',#4859,(#4863,#4869),.PCURVE_S1.);
#4859 = LINE('',#4860,#4861);
#4860 = CARTESIAN_POINT('',(38.2,0.9,9.));
#4861 = VECTOR('',#4862,1.);
#4862 = DIRECTION('',(-0.,0.,-1.));
#4863 = PCURVE('',#2260,#4864);
#4864 = DEFINITIONAL_REPRESENTATION('',(#4865),#4868);
#4865 = B_SPLINE_CURVE_WITH_KNOTS('',1,(#4866,#4867),.UNSPECIFIED.,.F.,
  .F.,(2,2),(-15.,-9.),.PIECEWISE_BEZIER_KNOTS.);
#4866 = CARTESIAN_POINT('',(0.9,-24.));
#4867 = CARTESIAN_POINT('',(0.9,-18.));
#4868 = ( GEOMETRIC_REPRESENTATION_CONTEXT(2) 
PARAMETRIC_REPRESENTATION_CONTEXT() REPRESENTATION_CONTEXT('2D SPACE',''
  ) );
#4869 = PCURVE('',#4870,#4875);
#4870 = PLANE('',#4871);
#4871 = AXIS2_PLACEMENT_3D('',#4872,#4873,#4874);
#4872 = CARTESIAN_POINT('',(36.8,0.9,18.));
#4873 = DIRECTION('',(0.,1.,0.));
#4874 = DIRECTION('',(1.,0.,0.));
#4875 = DEFINITIONAL_REPRESENTATION('',(#4876),#4879);
#4876 = B_SPLINE_CURVE_WITH_KNOTS('',1,(#4877,#4878),.UNSPECIFIED.,.F.,
  .F.,(2,2),(-15.,-9.),.PIECEWISE_BEZIER_KNOTS.);
#4877 = CARTESIAN_POINT('',(1.4,-6.));
#4878 = CARTESIAN_POINT('',(1.4,0.));
#4879 = ( GEOMETRIC_REPRESENTATION_CONTEXT(2) 
PARAMETRIC_REPRESENTATION_CONTEXT() REPRESENTATION_CONTEXT('2D SPACE',''
  ) );
#4880 = ORIENTED_EDGE('',*,*,#4881,.T.);
#4881 = EDGE_CURVE('',#4856,#4606,#4882,.T.);
#4882 = SURFACE_CURVE('',#4883,(#4887,#4893),.PCURVE_S1.);
#4883 = LINE('',#4884,#4885);
#4884 = CARTESIAN_POINT('',(38.2,-2.697039855571,18.));
#4885 = VECTOR('',#4886,1.);
#4886 = DIRECTION('',(0.,-1.,0.));
#4887 = PCURVE('',#2260,#4888);
#4888 = DEFINITIONAL_REPRESENTATION('',(#4889),#4892);
#4889 = B_SPLINE_CURVE_WITH_KNOTS('',1,(#4890,#4891),.UNSPECIFIED.,.F.,
  .F.,(2,2),(-3.597039855571,2.002960144429),.PIECEWISE_BEZIER_KNOTS.);
#4890 = CARTESIAN_POINT('',(0.9,-18.));
#4891 = CARTESIAN_POINT('',(6.5,-18.));
#4892 = ( GEOMETRIC_REPRESENTATION_CONTEXT(2) 
PARAMETRIC_REPRESENTATION_CONTEXT() REPRESENTATION_CONTEXT('2D SPACE',''
  ) );
#4893 = PCURVE('',#4643,#4894);
#4894 = DEFINITIONAL_REPRESENTATION('',(#4895),#4898);
#4895 = B_SPLINE_CURVE_WITH_KNOTS('',1,(#4896,#4897),.UNSPECIFIED.,.F.,
  .F.,(2,2),(-3.597039855571,2.002960144429),.PIECEWISE_BEZIER_KNOTS.);
#4896 = CARTESIAN_POINT('',(-0.517888150092,8.094079711143));
#4897 = CARTESIAN_POINT('',(-0.517888150092,2.494079711143));
#4898 = ( GEOMETRIC_REPRESENTATION_CONTEXT(2) 
PARAMETRIC_REPRESENTATION_CONTEXT() REPRESENTATION_CONTEXT('2D SPACE',''
  ) );
#4899 = ORIENTED_EDGE('',*,*,#4605,.F.);
#4900 = ADVANCED_FACE('',(#4901),#2340,.F.);
#4901 = FACE_BOUND('',#4902,.F.);
#4902 = EDGE_LOOP('',(#4903,#4904,#4927,#4955));
#4903 = ORIENTED_EDGE('',*,*,#2323,.T.);
#4904 = ORIENTED_EDGE('',*,*,#4905,.T.);
#4905 = EDGE_CURVE('',#2326,#4906,#4908,.T.);
#4906 = VERTEX_POINT('',#4907);
#4907 = CARTESIAN_POINT('',(-34.1,5.7,6.4));
#4908 = SURFACE_CURVE('',#4909,(#4913,#4920),.PCURVE_S1.);
#4909 = LINE('',#4910,#4911);
#4910 = CARTESIAN_POINT('',(-34.1,5.7,0.));
#4911 = VECTOR('',#4912,1.);
#4912 = DIRECTION('',(0.,0.,1.));
#4913 = PCURVE('',#2340,#4914);
#4914 = DEFINITIONAL_REPRESENTATION('',(#4915),#4919);
#4915 = LINE('',#4916,#4917);
#4916 = CARTESIAN_POINT('',(0.,0.));
#4917 = VECTOR('',#4918,1.);
#4918 = DIRECTION('',(0.,-1.));
#4919 = ( GEOMETRIC_REPRESENTATION_CONTEXT(2) 
PARAMETRIC_REPRESENTATION_CONTEXT() REPRESENTATION_CONTEXT('2D SPACE',''
  ) );
#4920 = PCURVE('',#2366,#4921);
#4921 = DEFINITIONAL_REPRESENTATION('',(#4922),#4926);
#4922 = LINE('',#4923,#4924);
#4923 = CARTESIAN_POINT('',(11.8,0.));
#4924 = VECTOR('',#4925,1.);
#4925 = DIRECTION('',(0.,-1.));
#4926 = ( GEOMETRIC_REPRESENTATION_CONTEXT(2) 
PARAMETRIC_REPRESENTATION_CONTEXT() REPRESENTATION_CONTEXT('2D SPACE',''
  ) );
#4927 = ORIENTED_EDGE('',*,*,#4928,.T.);
#4928 = EDGE_CURVE('',#4906,#4929,#4931,.T.);
#4929 = VERTEX_POINT('',#4930);
#4930 = CARTESIAN_POINT('',(-34.1,30.3,6.4));
#4931 = SURFACE_CURVE('',#4932,(#4936,#4943),.PCURVE_S1.);
#4932 = LINE('',#4933,#4934);
#4933 = CARTESIAN_POINT('',(-34.1,5.7,6.4));
#4934 = VECTOR('',#4935,1.);
#4935 = DIRECTION('',(0.,1.,0.));
#4936 = PCURVE('',#2340,#4937);
#4937 = DEFINITIONAL_REPRESENTATION('',(#4938),#4942);
#4938 = LINE('',#4939,#4940);
#4939 = CARTESIAN_POINT('',(0.,-6.4));
#4940 = VECTOR('',#4941,1.);
#4941 = DIRECTION('',(1.,0.));
#4942 = ( GEOMETRIC_REPRESENTATION_CONTEXT(2) 
PARAMETRIC_REPRESENTATION_CONTEXT() REPRESENTATION_CONTEXT('2D SPACE',''
  ) );
#4943 = PCURVE('',#4944,#4949);
#4944 = PLANE('',#4945);
#4945 = AXIS2_PLACEMENT_3D('',#4946,#4947,#4948);
#4946 = CARTESIAN_POINT('',(-40.,18.,6.4));
#4947 = DIRECTION('',(0.,0.,1.));
#4948 = DIRECTION('',(1.,0.,-0.));
#4949 = DEFINITIONAL_REPRESENTATION('',(#4950),#4954);
#4950 = LINE('',#4951,#4952);
#4951 = CARTESIAN_POINT('',(5.9,-12.3));
#4952 = VECTOR('',#4953,1.);
#4953 = DIRECTION('',(0.,1.));
#4954 = ( GEOMETRIC_REPRESENTATION_CONTEXT(2) 
PARAMETRIC_REPRESENTATION_CONTEXT() REPRESENTATION_CONTEXT('2D SPACE',''
  ) );
#4955 = ORIENTED_EDGE('',*,*,#4956,.F.);
#4956 = EDGE_CURVE('',#2324,#4929,#4957,.T.);
#4957 = SURFACE_CURVE('',#4958,(#4962,#4969),.PCURVE_S1.);
#4958 = LINE('',#4959,#4960);
#4959 = CARTESIAN_POINT('',(-34.1,30.3,0.));
#4960 = VECTOR('',#4961,1.);
#4961 = DIRECTION('',(0.,0.,1.));
#4962 = PCURVE('',#2340,#4963);
#4963 = DEFINITIONAL_REPRESENTATION('',(#4964),#4968);
#4964 = LINE('',#4965,#4966);
#4965 = CARTESIAN_POINT('',(24.6,0.));
#4966 = VECTOR('',#4967,1.);
#4967 = DIRECTION('',(0.,-1.));
#4968 = ( GEOMETRIC_REPRESENTATION_CONTEXT(2) 
PARAMETRIC_REPRESENTATION_CONTEXT() REPRESENTATION_CONTEXT('2D SPACE',''
  ) );
#4969 = PCURVE('',#2416,#4970);
#4970 = DEFINITIONAL_REPRESENTATION('',(#4971),#4975);
#4971 = LINE('',#4972,#4973);
#4972 = CARTESIAN_POINT('',(0.,-0.));
#4973 = VECTOR('',#4974,1.);
#4974 = DIRECTION('',(0.,-1.));
#4975 = ( GEOMETRIC_REPRESENTATION_CONTEXT(2) 
PARAMETRIC_REPRESENTATION_CONTEXT() REPRESENTATION_CONTEXT('2D SPACE',''
  ) );
#4976 = ADVANCED_FACE('',(#4977),#2416,.F.);
#4977 = FACE_BOUND('',#4978,.F.);
#4978 = EDGE_LOOP('',(#4979,#4980,#4981,#5004));
#4979 = ORIENTED_EDGE('',*,*,#2403,.T.);
#4980 = ORIENTED_EDGE('',*,*,#4956,.T.);
#4981 = ORIENTED_EDGE('',*,*,#4982,.T.);
#4982 = EDGE_CURVE('',#4929,#4983,#4985,.T.);
#4983 = VERTEX_POINT('',#4984);
#4984 = CARTESIAN_POINT('',(-45.9,30.3,6.4));
#4985 = SURFACE_CURVE('',#4986,(#4990,#4997),.PCURVE_S1.);
#4986 = LINE('',#4987,#4988);
#4987 = CARTESIAN_POINT('',(-34.1,30.3,6.4));
#4988 = VECTOR('',#4989,1.);
#4989 = DIRECTION('',(-1.,0.,0.));
#4990 = PCURVE('',#2416,#4991);
#4991 = DEFINITIONAL_REPRESENTATION('',(#4992),#4996);
#4992 = LINE('',#4993,#4994);
#4993 = CARTESIAN_POINT('',(0.,-6.4));
#4994 = VECTOR('',#4995,1.);
#4995 = DIRECTION('',(1.,0.));
#4996 = ( GEOMETRIC_REPRESENTATION_CONTEXT(2) 
PARAMETRIC_REPRESENTATION_CONTEXT() REPRESENTATION_CONTEXT('2D SPACE',''
  ) );
#4997 = PCURVE('',#4944,#4998);
#4998 = DEFINITIONAL_REPRESENTATION('',(#4999),#5003);
#4999 = LINE('',#5000,#5001);
#5000 = CARTESIAN_POINT('',(5.9,12.3));
#5001 = VECTOR('',#5002,1.);
#5002 = DIRECTION('',(-1.,0.));
#5003 = ( GEOMETRIC_REPRESENTATION_CONTEXT(2) 
PARAMETRIC_REPRESENTATION_CONTEXT() REPRESENTATION_CONTEXT('2D SPACE',''
  ) );
#5004 = ORIENTED_EDGE('',*,*,#5005,.F.);
#5005 = EDGE_CURVE('',#2378,#4983,#5006,.T.);
#5006 = SURFACE_CURVE('',#5007,(#5011,#5018),.PCURVE_S1.);
#5007 = LINE('',#5008,#5009);
#5008 = CARTESIAN_POINT('',(-45.9,30.3,0.));
#5009 = VECTOR('',#5010,1.);
#5010 = DIRECTION('',(0.,0.,1.));
#5011 = PCURVE('',#2416,#5012);
#5012 = DEFINITIONAL_REPRESENTATION('',(#5013),#5017);
#5013 = LINE('',#5014,#5015);
#5014 = CARTESIAN_POINT('',(11.8,0.));
#5015 = VECTOR('',#5016,1.);
#5016 = DIRECTION('',(0.,-1.));
#5017 = ( GEOMETRIC_REPRESENTATION_CONTEXT(2) 
PARAMETRIC_REPRESENTATION_CONTEXT() REPRESENTATION_CONTEXT('2D SPACE',''
  ) );
#5018 = PCURVE('',#2392,#5019);
#5019 = DEFINITIONAL_REPRESENTATION('',(#5020),#5024);
#5020 = LINE('',#5021,#5022);
#5021 = CARTESIAN_POINT('',(0.,0.));
#5022 = VECTOR('',#5023,1.);
#5023 = DIRECTION('',(0.,-1.));
#5024 = ( GEOMETRIC_REPRESENTATION_CONTEXT(2) 
PARAMETRIC_REPRESENTATION_CONTEXT() REPRESENTATION_CONTEXT('2D SPACE',''
  ) );
#5025 = ADVANCED_FACE('',(#5026),#2366,.F.);
#5026 = FACE_BOUND('',#5027,.F.);
#5027 = EDGE_LOOP('',(#5028,#5029,#5052,#5073));
#5028 = ORIENTED_EDGE('',*,*,#2351,.T.);
#5029 = ORIENTED_EDGE('',*,*,#5030,.T.);
#5030 = EDGE_CURVE('',#2352,#5031,#5033,.T.);
#5031 = VERTEX_POINT('',#5032);
#5032 = CARTESIAN_POINT('',(-45.9,5.7,6.4));
#5033 = SURFACE_CURVE('',#5034,(#5038,#5045),.PCURVE_S1.);
#5034 = LINE('',#5035,#5036);
#5035 = CARTESIAN_POINT('',(-45.9,5.7,0.));
#5036 = VECTOR('',#5037,1.);
#5037 = DIRECTION('',(0.,0.,1.));
#5038 = PCURVE('',#2366,#5039);
#5039 = DEFINITIONAL_REPRESENTATION('',(#5040),#5044);
#5040 = LINE('',#5041,#5042);
#5041 = CARTESIAN_POINT('',(0.,0.));
#5042 = VECTOR('',#5043,1.);
#5043 = DIRECTION('',(0.,-1.));
#5044 = ( GEOMETRIC_REPRESENTATION_CONTEXT(2) 
PARAMETRIC_REPRESENTATION_CONTEXT() REPRESENTATION_CONTEXT('2D SPACE',''
  ) );
#5045 = PCURVE('',#2392,#5046);
#5046 = DEFINITIONAL_REPRESENTATION('',(#5047),#5051);
#5047 = LINE('',#5048,#5049);
#5048 = CARTESIAN_POINT('',(24.6,0.));
#5049 = VECTOR('',#5050,1.);
#5050 = DIRECTION('',(0.,-1.));
#5051 = ( GEOMETRIC_REPRESENTATION_CONTEXT(2) 
PARAMETRIC_REPRESENTATION_CONTEXT() REPRESENTATION_CONTEXT('2D SPACE',''
  ) );
#5052 = ORIENTED_EDGE('',*,*,#5053,.T.);
#5053 = EDGE_CURVE('',#5031,#4906,#5054,.T.);
#5054 = SURFACE_CURVE('',#5055,(#5059,#5066),.PCURVE_S1.);
#5055 = LINE('',#5056,#5057);
#5056 = CARTESIAN_POINT('',(-45.9,5.7,6.4));
#5057 = VECTOR('',#5058,1.);
#5058 = DIRECTION('',(1.,0.,0.));
#5059 = PCURVE('',#2366,#5060);
#5060 = DEFINITIONAL_REPRESENTATION('',(#5061),#5065);
#5061 = LINE('',#5062,#5063);
#5062 = CARTESIAN_POINT('',(0.,-6.4));
#5063 = VECTOR('',#5064,1.);
#5064 = DIRECTION('',(1.,0.));
#5065 = ( GEOMETRIC_REPRESENTATION_CONTEXT(2) 
PARAMETRIC_REPRESENTATION_CONTEXT() REPRESENTATION_CONTEXT('2D SPACE',''
  ) );
#5066 = PCURVE('',#4944,#5067);
#5067 = DEFINITIONAL_REPRESENTATION('',(#5068),#5072);
#5068 = LINE('',#5069,#5070);
#5069 = CARTESIAN_POINT('',(-5.9,-12.3));
#5070 = VECTOR('',#5071,1.);
#5071 = DIRECTION('',(1.,0.));
#5072 = ( GEOMETRIC_REPRESENTATION_CONTEXT(2) 
PARAMETRIC_REPRESENTATION_CONTEXT() REPRESENTATION_CONTEXT('2D SPACE',''
  ) );
#5073 = ORIENTED_EDGE('',*,*,#4905,.F.);
#5074 = ADVANCED_FACE('',(#5075),#2392,.F.);
#5075 = FACE_BOUND('',#5076,.F.);
#5076 = EDGE_LOOP('',(#5077,#5078,#5079,#5100));
#5077 = ORIENTED_EDGE('',*,*,#2377,.T.);
#5078 = ORIENTED_EDGE('',*,*,#5005,.T.);
#5079 = ORIENTED_EDGE('',*,*,#5080,.T.);
#5080 = EDGE_CURVE('',#4983,#5031,#5081,.T.);
#5081 = SURFACE_CURVE('',#5082,(#5086,#5093),.PCURVE_S1.);
#5082 = LINE('',#5083,#5084);
#5083 = CARTESIAN_POINT('',(-45.9,30.3,6.4));
#5084 = VECTOR('',#5085,1.);
#5085 = DIRECTION('',(0.,-1.,0.));
#5086 = PCURVE('',#2392,#5087);
#5087 = DEFINITIONAL_REPRESENTATION('',(#5088),#5092);
#5088 = LINE('',#5089,#5090);
#5089 = CARTESIAN_POINT('',(0.,-6.4));
#5090 = VECTOR('',#5091,1.);
#5091 = DIRECTION('',(1.,0.));
#5092 = ( GEOMETRIC_REPRESENTATION_CONTEXT(2) 
PARAMETRIC_REPRESENTATION_CONTEXT() REPRESENTATION_CONTEXT('2D SPACE',''
  ) );
#5093 = PCURVE('',#4944,#5094);
#5094 = DEFINITIONAL_REPRESENTATION('',(#5095),#5099);
#5095 = LINE('',#5096,#5097);
#5096 = CARTESIAN_POINT('',(-5.9,12.3));
#5097 = VECTOR('',#5098,1.);
#5098 = DIRECTION('',(0.,-1.));
#5099 = ( GEOMETRIC_REPRESENTATION_CONTEXT(2) 
PARAMETRIC_REPRESENTATION_CONTEXT() REPRESENTATION_CONTEXT('2D SPACE',''
  ) );
#5100 = ORIENTED_EDGE('',*,*,#5030,.F.);
#5101 = ADVANCED_FACE('',(#5102),#2446,.F.);
#5102 = FACE_BOUND('',#5103,.F.);
#5103 = EDGE_LOOP('',(#5104,#5105,#5128,#5156));
#5104 = ORIENTED_EDGE('',*,*,#2429,.T.);
#5105 = ORIENTED_EDGE('',*,*,#5106,.T.);
#5106 = EDGE_CURVE('',#2432,#5107,#5109,.T.);
#5107 = VERTEX_POINT('',#5108);
#5108 = CARTESIAN_POINT('',(-22.1,5.5,6.4));
#5109 = SURFACE_CURVE('',#5110,(#5114,#5121),.PCURVE_S1.);
#5110 = LINE('',#5111,#5112);
#5111 = CARTESIAN_POINT('',(-22.1,5.5,0.));
#5112 = VECTOR('',#5113,1.);
#5113 = DIRECTION('',(0.,0.,1.));
#5114 = PCURVE('',#2446,#5115);
#5115 = DEFINITIONAL_REPRESENTATION('',(#5116),#5120);
#5116 = LINE('',#5117,#5118);
#5117 = CARTESIAN_POINT('',(0.,0.));
#5118 = VECTOR('',#5119,1.);
#5119 = DIRECTION('',(0.,-1.));
#5120 = ( GEOMETRIC_REPRESENTATION_CONTEXT(2) 
PARAMETRIC_REPRESENTATION_CONTEXT() REPRESENTATION_CONTEXT('2D SPACE',''
  ) );
#5121 = PCURVE('',#2472,#5122);
#5122 = DEFINITIONAL_REPRESENTATION('',(#5123),#5127);
#5123 = LINE('',#5124,#5125);
#5124 = CARTESIAN_POINT('',(11.8,0.));
#5125 = VECTOR('',#5126,1.);
#5126 = DIRECTION('',(0.,-1.));
#5127 = ( GEOMETRIC_REPRESENTATION_CONTEXT(2) 
PARAMETRIC_REPRESENTATION_CONTEXT() REPRESENTATION_CONTEXT('2D SPACE',''
  ) );
#5128 = ORIENTED_EDGE('',*,*,#5129,.T.);
#5129 = EDGE_CURVE('',#5107,#5130,#5132,.T.);
#5130 = VERTEX_POINT('',#5131);
#5131 = CARTESIAN_POINT('',(-22.1,30.5,6.4));
#5132 = SURFACE_CURVE('',#5133,(#5137,#5144),.PCURVE_S1.);
#5133 = LINE('',#5134,#5135);
#5134 = CARTESIAN_POINT('',(-22.1,5.5,6.4));
#5135 = VECTOR('',#5136,1.);
#5136 = DIRECTION('',(0.,1.,0.));
#5137 = PCURVE('',#2446,#5138);
#5138 = DEFINITIONAL_REPRESENTATION('',(#5139),#5143);
#5139 = LINE('',#5140,#5141);
#5140 = CARTESIAN_POINT('',(0.,-6.4));
#5141 = VECTOR('',#5142,1.);
#5142 = DIRECTION('',(1.,0.));
#5143 = ( GEOMETRIC_REPRESENTATION_CONTEXT(2) 
PARAMETRIC_REPRESENTATION_CONTEXT() REPRESENTATION_CONTEXT('2D SPACE',''
  ) );
#5144 = PCURVE('',#5145,#5150);
#5145 = PLANE('',#5146);
#5146 = AXIS2_PLACEMENT_3D('',#5147,#5148,#5149);
#5147 = CARTESIAN_POINT('',(-28.,18.,6.4));
#5148 = DIRECTION('',(0.,0.,1.));
#5149 = DIRECTION('',(1.,0.,-0.));
#5150 = DEFINITIONAL_REPRESENTATION('',(#5151),#5155);
#5151 = LINE('',#5152,#5153);
#5152 = CARTESIAN_POINT('',(5.9,-12.5));
#5153 = VECTOR('',#5154,1.);
#5154 = DIRECTION('',(0.,1.));
#5155 = ( GEOMETRIC_REPRESENTATION_CONTEXT(2) 
PARAMETRIC_REPRESENTATION_CONTEXT() REPRESENTATION_CONTEXT('2D SPACE',''
  ) );
#5156 = ORIENTED_EDGE('',*,*,#5157,.F.);
#5157 = EDGE_CURVE('',#2430,#5130,#5158,.T.);
#5158 = SURFACE_CURVE('',#5159,(#5163,#5170),.PCURVE_S1.);
#5159 = LINE('',#5160,#5161);
#5160 = CARTESIAN_POINT('',(-22.1,30.5,0.));
#5161 = VECTOR('',#5162,1.);
#5162 = DIRECTION('',(0.,0.,1.));
#5163 = PCURVE('',#2446,#5164);
#5164 = DEFINITIONAL_REPRESENTATION('',(#5165),#5169);
#5165 = LINE('',#5166,#5167);
#5166 = CARTESIAN_POINT('',(25.,0.));
#5167 = VECTOR('',#5168,1.);
#5168 = DIRECTION('',(0.,-1.));
#5169 = ( GEOMETRIC_REPRESENTATION_CONTEXT(2) 
PARAMETRIC_REPRESENTATION_CONTEXT() REPRESENTATION_CONTEXT('2D SPACE',''
  ) );
#5170 = PCURVE('',#2522,#5171);
#5171 = DEFINITIONAL_REPRESENTATION('',(#5172),#5176);
#5172 = LINE('',#5173,#5174);
#5173 = CARTESIAN_POINT('',(0.,-0.));
#5174 = VECTOR('',#5175,1.);
#5175 = DIRECTION('',(0.,-1.));
#5176 = ( GEOMETRIC_REPRESENTATION_CONTEXT(2) 
PARAMETRIC_REPRESENTATION_CONTEXT() REPRESENTATION_CONTEXT('2D SPACE',''
  ) );
#5177 = ADVANCED_FACE('',(#5178),#2522,.F.);
#5178 = FACE_BOUND('',#5179,.F.);
#5179 = EDGE_LOOP('',(#5180,#5181,#5182,#5205));
#5180 = ORIENTED_EDGE('',*,*,#2509,.T.);
#5181 = ORIENTED_EDGE('',*,*,#5157,.T.);
#5182 = ORIENTED_EDGE('',*,*,#5183,.T.);
#5183 = EDGE_CURVE('',#5130,#5184,#5186,.T.);
#5184 = VERTEX_POINT('',#5185);
#5185 = CARTESIAN_POINT('',(-33.9,30.5,6.4));
#5186 = SURFACE_CURVE('',#5187,(#5191,#5198),.PCURVE_S1.);
#5187 = LINE('',#5188,#5189);
#5188 = CARTESIAN_POINT('',(-22.1,30.5,6.4));
#5189 = VECTOR('',#5190,1.);
#5190 = DIRECTION('',(-1.,0.,0.));
#5191 = PCURVE('',#2522,#5192);
#5192 = DEFINITIONAL_REPRESENTATION('',(#5193),#5197);
#5193 = LINE('',#5194,#5195);
#5194 = CARTESIAN_POINT('',(0.,-6.4));
#5195 = VECTOR('',#5196,1.);
#5196 = DIRECTION('',(1.,0.));
#5197 = ( GEOMETRIC_REPRESENTATION_CONTEXT(2) 
PARAMETRIC_REPRESENTATION_CONTEXT() REPRESENTATION_CONTEXT('2D SPACE',''
  ) );
#5198 = PCURVE('',#5145,#5199);
#5199 = DEFINITIONAL_REPRESENTATION('',(#5200),#5204);
#5200 = LINE('',#5201,#5202);
#5201 = CARTESIAN_POINT('',(5.9,12.5));
#5202 = VECTOR('',#5203,1.);
#5203 = DIRECTION('',(-1.,0.));
#5204 = ( GEOMETRIC_REPRESENTATION_CONTEXT(2) 
PARAMETRIC_REPRESENTATION_CONTEXT() REPRESENTATION_CONTEXT('2D SPACE',''
  ) );
#5205 = ORIENTED_EDGE('',*,*,#5206,.F.);
#5206 = EDGE_CURVE('',#2484,#5184,#5207,.T.);
#5207 = SURFACE_CURVE('',#5208,(#5212,#5219),.PCURVE_S1.);
#5208 = LINE('',#5209,#5210);
#5209 = CARTESIAN_POINT('',(-33.9,30.5,0.));
#5210 = VECTOR('',#5211,1.);
#5211 = DIRECTION('',(0.,0.,1.));
#5212 = PCURVE('',#2522,#5213);
#5213 = DEFINITIONAL_REPRESENTATION('',(#5214),#5218);
#5214 = LINE('',#5215,#5216);
#5215 = CARTESIAN_POINT('',(11.8,0.));
#5216 = VECTOR('',#5217,1.);
#5217 = DIRECTION('',(0.,-1.));
#5218 = ( GEOMETRIC_REPRESENTATION_CONTEXT(2) 
PARAMETRIC_REPRESENTATION_CONTEXT() REPRESENTATION_CONTEXT('2D SPACE',''
  ) );
#5219 = PCURVE('',#2498,#5220);
#5220 = DEFINITIONAL_REPRESENTATION('',(#5221),#5225);
#5221 = LINE('',#5222,#5223);
#5222 = CARTESIAN_POINT('',(0.,0.));
#5223 = VECTOR('',#5224,1.);
#5224 = DIRECTION('',(0.,-1.));
#5225 = ( GEOMETRIC_REPRESENTATION_CONTEXT(2) 
PARAMETRIC_REPRESENTATION_CONTEXT() REPRESENTATION_CONTEXT('2D SPACE',''
  ) );
#5226 = ADVANCED_FACE('',(#5227),#2472,.F.);
#5227 = FACE_BOUND('',#5228,.F.);
#5228 = EDGE_LOOP('',(#5229,#5230,#5253,#5274));
#5229 = ORIENTED_EDGE('',*,*,#2457,.T.);
#5230 = ORIENTED_EDGE('',*,*,#5231,.T.);
#5231 = EDGE_CURVE('',#2458,#5232,#5234,.T.);
#5232 = VERTEX_POINT('',#5233);
#5233 = CARTESIAN_POINT('',(-33.9,5.5,6.4));
#5234 = SURFACE_CURVE('',#5235,(#5239,#5246),.PCURVE_S1.);
#5235 = LINE('',#5236,#5237);
#5236 = CARTESIAN_POINT('',(-33.9,5.5,0.));
#5237 = VECTOR('',#5238,1.);
#5238 = DIRECTION('',(0.,0.,1.));
#5239 = PCURVE('',#2472,#5240);
#5240 = DEFINITIONAL_REPRESENTATION('',(#5241),#5245);
#5241 = LINE('',#5242,#5243);
#5242 = CARTESIAN_POINT('',(0.,0.));
#5243 = VECTOR('',#5244,1.);
#5244 = DIRECTION('',(0.,-1.));
#5245 = ( GEOMETRIC_REPRESENTATION_CONTEXT(2) 
PARAMETRIC_REPRESENTATION_CONTEXT() REPRESENTATION_CONTEXT('2D SPACE',''
  ) );
#5246 = PCURVE('',#2498,#5247);
#5247 = DEFINITIONAL_REPRESENTATION('',(#5248),#5252);
#5248 = LINE('',#5249,#5250);
#5249 = CARTESIAN_POINT('',(25.,0.));
#5250 = VECTOR('',#5251,1.);
#5251 = DIRECTION('',(0.,-1.));
#5252 = ( GEOMETRIC_REPRESENTATION_CONTEXT(2) 
PARAMETRIC_REPRESENTATION_CONTEXT() REPRESENTATION_CONTEXT('2D SPACE',''
  ) );
#5253 = ORIENTED_EDGE('',*,*,#5254,.T.);
#5254 = EDGE_CURVE('',#5232,#5107,#5255,.T.);
#5255 = SURFACE_CURVE('',#5256,(#5260,#5267),.PCURVE_S1.);
#5256 = LINE('',#5257,#5258);
#5257 = CARTESIAN_POINT('',(-33.9,5.5,6.4));
#5258 = VECTOR('',#5259,1.);
#5259 = DIRECTION('',(1.,0.,0.));
#5260 = PCURVE('',#2472,#5261);
#5261 = DEFINITIONAL_REPRESENTATION('',(#5262),#5266);
#5262 = LINE('',#5263,#5264);
#5263 = CARTESIAN_POINT('',(0.,-6.4));
#5264 = VECTOR('',#5265,1.);
#5265 = DIRECTION('',(1.,0.));
#5266 = ( GEOMETRIC_REPRESENTATION_CONTEXT(2) 
PARAMETRIC_REPRESENTATION_CONTEXT() REPRESENTATION_CONTEXT('2D SPACE',''
  ) );
#5267 = PCURVE('',#5145,#5268);
#5268 = DEFINITIONAL_REPRESENTATION('',(#5269),#5273);
#5269 = LINE('',#5270,#5271);
#5270 = CARTESIAN_POINT('',(-5.9,-12.5));
#5271 = VECTOR('',#5272,1.);
#5272 = DIRECTION('',(1.,0.));
#5273 = ( GEOMETRIC_REPRESENTATION_CONTEXT(2) 
PARAMETRIC_REPRESENTATION_CONTEXT() REPRESENTATION_CONTEXT('2D SPACE',''
  ) );
#5274 = ORIENTED_EDGE('',*,*,#5106,.F.);
#5275 = ADVANCED_FACE('',(#5276),#2498,.F.);
#5276 = FACE_BOUND('',#5277,.F.);
#5277 = EDGE_LOOP('',(#5278,#5279,#5280,#5301));
#5278 = ORIENTED_EDGE('',*,*,#2483,.T.);
#5279 = ORIENTED_EDGE('',*,*,#5206,.T.);
#5280 = ORIENTED_EDGE('',*,*,#5281,.T.);
#5281 = EDGE_CURVE('',#5184,#5232,#5282,.T.);
#5282 = SURFACE_CURVE('',#5283,(#5287,#5294),.PCURVE_S1.);
#5283 = LINE('',#5284,#5285);
#5284 = CARTESIAN_POINT('',(-33.9,30.5,6.4));
#5285 = VECTOR('',#5286,1.);
#5286 = DIRECTION('',(0.,-1.,0.));
#5287 = PCURVE('',#2498,#5288);
#5288 = DEFINITIONAL_REPRESENTATION('',(#5289),#5293);
#5289 = LINE('',#5290,#5291);
#5290 = CARTESIAN_POINT('',(0.,-6.4));
#5291 = VECTOR('',#5292,1.);
#5292 = DIRECTION('',(1.,0.));
#5293 = ( GEOMETRIC_REPRESENTATION_CONTEXT(2) 
PARAMETRIC_REPRESENTATION_CONTEXT() REPRESENTATION_CONTEXT('2D SPACE',''
  ) );
#5294 = PCURVE('',#5145,#5295);
#5295 = DEFINITIONAL_REPRESENTATION('',(#5296),#5300);
#5296 = LINE('',#5297,#5298);
#5297 = CARTESIAN_POINT('',(-5.9,12.5));
#5298 = VECTOR('',#5299,1.);
#5299 = DIRECTION('',(0.,-1.));
#5300 = ( GEOMETRIC_REPRESENTATION_CONTEXT(2) 
PARAMETRIC_REPRESENTATION_CONTEXT() REPRESENTATION_CONTEXT('2D SPACE',''
  ) );
#5301 = ORIENTED_EDGE('',*,*,#5231,.F.);
#5302 = ADVANCED_FACE('',(#5303),#2552,.F.);
#5303 = FACE_BOUND('',#5304,.F.);
#5304 = EDGE_LOOP('',(#5305,#5306,#5329,#5357));
#5305 = ORIENTED_EDGE('',*,*,#2535,.T.);
#5306 = ORIENTED_EDGE('',*,*,#5307,.T.);
#5307 = EDGE_CURVE('',#2538,#5308,#5310,.T.);
#5308 = VERTEX_POINT('',#5309);
#5309 = CARTESIAN_POINT('',(-10.1,5.3,6.4));
#5310 = SURFACE_CURVE('',#5311,(#5315,#5322),.PCURVE_S1.);
#5311 = LINE('',#5312,#5313);
#5312 = CARTESIAN_POINT('',(-10.1,5.3,0.));
#5313 = VECTOR('',#5314,1.);
#5314 = DIRECTION('',(0.,0.,1.));
#5315 = PCURVE('',#2552,#5316);
#5316 = DEFINITIONAL_REPRESENTATION('',(#5317),#5321);
#5317 = LINE('',#5318,#5319);
#5318 = CARTESIAN_POINT('',(0.,0.));
#5319 = VECTOR('',#5320,1.);
#5320 = DIRECTION('',(0.,-1.));
#5321 = ( GEOMETRIC_REPRESENTATION_CONTEXT(2) 
PARAMETRIC_REPRESENTATION_CONTEXT() REPRESENTATION_CONTEXT('2D SPACE',''
  ) );
#5322 = PCURVE('',#2578,#5323);
#5323 = DEFINITIONAL_REPRESENTATION('',(#5324),#5328);
#5324 = LINE('',#5325,#5326);
#5325 = CARTESIAN_POINT('',(11.8,0.));
#5326 = VECTOR('',#5327,1.);
#5327 = DIRECTION('',(0.,-1.));
#5328 = ( GEOMETRIC_REPRESENTATION_CONTEXT(2) 
PARAMETRIC_REPRESENTATION_CONTEXT() REPRESENTATION_CONTEXT('2D SPACE',''
  ) );
#5329 = ORIENTED_EDGE('',*,*,#5330,.T.);
#5330 = EDGE_CURVE('',#5308,#5331,#5333,.T.);
#5331 = VERTEX_POINT('',#5332);
#5332 = CARTESIAN_POINT('',(-10.1,30.7,6.4));
#5333 = SURFACE_CURVE('',#5334,(#5338,#5345),.PCURVE_S1.);
#5334 = LINE('',#5335,#5336);
#5335 = CARTESIAN_POINT('',(-10.1,5.3,6.4));
#5336 = VECTOR('',#5337,1.);
#5337 = DIRECTION('',(0.,1.,0.));
#5338 = PCURVE('',#2552,#5339);
#5339 = DEFINITIONAL_REPRESENTATION('',(#5340),#5344);
#5340 = LINE('',#5341,#5342);
#5341 = CARTESIAN_POINT('',(0.,-6.4));
#5342 = VECTOR('',#5343,1.);
#5343 = DIRECTION('',(1.,0.));
#5344 = ( GEOMETRIC_REPRESENTATION_CONTEXT(2) 
PARAMETRIC_REPRESENTATION_CONTEXT() REPRESENTATION_CONTEXT('2D SPACE',''
  ) );
#5345 = PCURVE('',#5346,#5351);
#5346 = PLANE('',#5347);
#5347 = AXIS2_PLACEMENT_3D('',#5348,#5349,#5350);
#5348 = CARTESIAN_POINT('',(-16.,18.,6.4));
#5349 = DIRECTION('',(0.,0.,1.));
#5350 = DIRECTION('',(1.,0.,-0.));
#5351 = DEFINITIONAL_REPRESENTATION('',(#5352),#5356);
#5352 = LINE('',#5353,#5354);
#5353 = CARTESIAN_POINT('',(5.9,-12.7));
#5354 = VECTOR('',#5355,1.);
#5355 = DIRECTION('',(0.,1.));
#5356 = ( GEOMETRIC_REPRESENTATION_CONTEXT(2) 
PARAMETRIC_REPRESENTATION_CONTEXT() REPRESENTATION_CONTEXT('2D SPACE',''
  ) );
#5357 = ORIENTED_EDGE('',*,*,#5358,.F.);
#5358 = EDGE_CURVE('',#2536,#5331,#5359,.T.);
#5359 = SURFACE_CURVE('',#5360,(#5364,#5371),.PCURVE_S1.);
#5360 = LINE('',#5361,#5362);
#5361 = CARTESIAN_POINT('',(-10.1,30.7,0.));
#5362 = VECTOR('',#5363,1.);
#5363 = DIRECTION('',(0.,0.,1.));
#5364 = PCURVE('',#2552,#5365);
#5365 = DEFINITIONAL_REPRESENTATION('',(#5366),#5370);
#5366 = LINE('',#5367,#5368);
#5367 = CARTESIAN_POINT('',(25.4,0.));
#5368 = VECTOR('',#5369,1.);
#5369 = DIRECTION('',(0.,-1.));
#5370 = ( GEOMETRIC_REPRESENTATION_CONTEXT(2) 
PARAMETRIC_REPRESENTATION_CONTEXT() REPRESENTATION_CONTEXT('2D SPACE',''
  ) );
#5371 = PCURVE('',#2628,#5372);
#5372 = DEFINITIONAL_REPRESENTATION('',(#5373),#5377);
#5373 = LINE('',#5374,#5375);
#5374 = CARTESIAN_POINT('',(0.,-0.));
#5375 = VECTOR('',#5376,1.);
#5376 = DIRECTION('',(0.,-1.));
#5377 = ( GEOMETRIC_REPRESENTATION_CONTEXT(2) 
PARAMETRIC_REPRESENTATION_CONTEXT() REPRESENTATION_CONTEXT('2D SPACE',''
  ) );
#5378 = ADVANCED_FACE('',(#5379),#2628,.F.);
#5379 = FACE_BOUND('',#5380,.F.);
#5380 = EDGE_LOOP('',(#5381,#5382,#5383,#5406));
#5381 = ORIENTED_EDGE('',*,*,#2615,.T.);
#5382 = ORIENTED_EDGE('',*,*,#5358,.T.);
#5383 = ORIENTED_EDGE('',*,*,#5384,.T.);
#5384 = EDGE_CURVE('',#5331,#5385,#5387,.T.);
#5385 = VERTEX_POINT('',#5386);
#5386 = CARTESIAN_POINT('',(-21.9,30.7,6.4));
#5387 = SURFACE_CURVE('',#5388,(#5392,#5399),.PCURVE_S1.);
#5388 = LINE('',#5389,#5390);
#5389 = CARTESIAN_POINT('',(-10.1,30.7,6.4));
#5390 = VECTOR('',#5391,1.);
#5391 = DIRECTION('',(-1.,0.,0.));
#5392 = PCURVE('',#2628,#5393);
#5393 = DEFINITIONAL_REPRESENTATION('',(#5394),#5398);
#5394 = LINE('',#5395,#5396);
#5395 = CARTESIAN_POINT('',(0.,-6.4));
#5396 = VECTOR('',#5397,1.);
#5397 = DIRECTION('',(1.,0.));
#5398 = ( GEOMETRIC_REPRESENTATION_CONTEXT(2) 
PARAMETRIC_REPRESENTATION_CONTEXT() REPRESENTATION_CONTEXT('2D SPACE',''
  ) );
#5399 = PCURVE('',#5346,#5400);
#5400 = DEFINITIONAL_REPRESENTATION('',(#5401),#5405);
#5401 = LINE('',#5402,#5403);
#5402 = CARTESIAN_POINT('',(5.9,12.7));
#5403 = VECTOR('',#5404,1.);
#5404 = DIRECTION('',(-1.,0.));
#5405 = ( GEOMETRIC_REPRESENTATION_CONTEXT(2) 
PARAMETRIC_REPRESENTATION_CONTEXT() REPRESENTATION_CONTEXT('2D SPACE',''
  ) );
#5406 = ORIENTED_EDGE('',*,*,#5407,.F.);
#5407 = EDGE_CURVE('',#2590,#5385,#5408,.T.);
#5408 = SURFACE_CURVE('',#5409,(#5413,#5420),.PCURVE_S1.);
#5409 = LINE('',#5410,#5411);
#5410 = CARTESIAN_POINT('',(-21.9,30.7,0.));
#5411 = VECTOR('',#5412,1.);
#5412 = DIRECTION('',(0.,0.,1.));
#5413 = PCURVE('',#2628,#5414);
#5414 = DEFINITIONAL_REPRESENTATION('',(#5415),#5419);
#5415 = LINE('',#5416,#5417);
#5416 = CARTESIAN_POINT('',(11.8,0.));
#5417 = VECTOR('',#5418,1.);
#5418 = DIRECTION('',(0.,-1.));
#5419 = ( GEOMETRIC_REPRESENTATION_CONTEXT(2) 
PARAMETRIC_REPRESENTATION_CONTEXT() REPRESENTATION_CONTEXT('2D SPACE',''
  ) );
#5420 = PCURVE('',#2604,#5421);
#5421 = DEFINITIONAL_REPRESENTATION('',(#5422),#5426);
#5422 = LINE('',#5423,#5424);
#5423 = CARTESIAN_POINT('',(0.,0.));
#5424 = VECTOR('',#5425,1.);
#5425 = DIRECTION('',(0.,-1.));
#5426 = ( GEOMETRIC_REPRESENTATION_CONTEXT(2) 
PARAMETRIC_REPRESENTATION_CONTEXT() REPRESENTATION_CONTEXT('2D SPACE',''
  ) );
#5427 = ADVANCED_FACE('',(#5428),#2578,.F.);
#5428 = FACE_BOUND('',#5429,.F.);
#5429 = EDGE_LOOP('',(#5430,#5431,#5454,#5475));
#5430 = ORIENTED_EDGE('',*,*,#2563,.T.);
#5431 = ORIENTED_EDGE('',*,*,#5432,.T.);
#5432 = EDGE_CURVE('',#2564,#5433,#5435,.T.);
#5433 = VERTEX_POINT('',#5434);
#5434 = CARTESIAN_POINT('',(-21.9,5.3,6.4));
#5435 = SURFACE_CURVE('',#5436,(#5440,#5447),.PCURVE_S1.);
#5436 = LINE('',#5437,#5438);
#5437 = CARTESIAN_POINT('',(-21.9,5.3,0.));
#5438 = VECTOR('',#5439,1.);
#5439 = DIRECTION('',(0.,0.,1.));
#5440 = PCURVE('',#2578,#5441);
#5441 = DEFINITIONAL_REPRESENTATION('',(#5442),#5446);
#5442 = LINE('',#5443,#5444);
#5443 = CARTESIAN_POINT('',(0.,0.));
#5444 = VECTOR('',#5445,1.);
#5445 = DIRECTION('',(0.,-1.));
#5446 = ( GEOMETRIC_REPRESENTATION_CONTEXT(2) 
PARAMETRIC_REPRESENTATION_CONTEXT() REPRESENTATION_CONTEXT('2D SPACE',''
  ) );
#5447 = PCURVE('',#2604,#5448);
#5448 = DEFINITIONAL_REPRESENTATION('',(#5449),#5453);
#5449 = LINE('',#5450,#5451);
#5450 = CARTESIAN_POINT('',(25.4,0.));
#5451 = VECTOR('',#5452,1.);
#5452 = DIRECTION('',(0.,-1.));
#5453 = ( GEOMETRIC_REPRESENTATION_CONTEXT(2) 
PARAMETRIC_REPRESENTATION_CONTEXT() REPRESENTATION_CONTEXT('2D SPACE',''
  ) );
#5454 = ORIENTED_EDGE('',*,*,#5455,.T.);
#5455 = EDGE_CURVE('',#5433,#5308,#5456,.T.);
#5456 = SURFACE_CURVE('',#5457,(#5461,#5468),.PCURVE_S1.);
#5457 = LINE('',#5458,#5459);
#5458 = CARTESIAN_POINT('',(-21.9,5.3,6.4));
#5459 = VECTOR('',#5460,1.);
#5460 = DIRECTION('',(1.,0.,0.));
#5461 = PCURVE('',#2578,#5462);
#5462 = DEFINITIONAL_REPRESENTATION('',(#5463),#5467);
#5463 = LINE('',#5464,#5465);
#5464 = CARTESIAN_POINT('',(0.,-6.4));
#5465 = VECTOR('',#5466,1.);
#5466 = DIRECTION('',(1.,0.));
#5467 = ( GEOMETRIC_REPRESENTATION_CONTEXT(2) 
PARAMETRIC_REPRESENTATION_CONTEXT() REPRESENTATION_CONTEXT('2D SPACE',''
  ) );
#5468 = PCURVE('',#5346,#5469);
#5469 = DEFINITIONAL_REPRESENTATION('',(#5470),#5474);
#5470 = LINE('',#5471,#5472);
#5471 = CARTESIAN_POINT('',(-5.9,-12.7));
#5472 = VECTOR('',#5473,1.);
#5473 = DIRECTION('',(1.,0.));
#5474 = ( GEOMETRIC_REPRESENTATION_CONTEXT(2) 
PARAMETRIC_REPRESENTATION_CONTEXT() REPRESENTATION_CONTEXT('2D SPACE',''
  ) );
#5475 = ORIENTED_EDGE('',*,*,#5307,.F.);
#5476 = ADVANCED_FACE('',(#5477),#2604,.F.);
#5477 = FACE_BOUND('',#5478,.F.);
#5478 = EDGE_LOOP('',(#5479,#5480,#5481,#5502));
#5479 = ORIENTED_EDGE('',*,*,#2589,.T.);
#5480 = ORIENTED_EDGE('',*,*,#5407,.T.);
#5481 = ORIENTED_EDGE('',*,*,#5482,.T.);
#5482 = EDGE_CURVE('',#5385,#5433,#5483,.T.);
#5483 = SURFACE_CURVE('',#5484,(#5488,#5495),.PCURVE_S1.);
#5484 = LINE('',#5485,#5486);
#5485 = CARTESIAN_POINT('',(-21.9,30.7,6.4));
#5486 = VECTOR('',#5487,1.);
#5487 = DIRECTION('',(0.,-1.,0.));
#5488 = PCURVE('',#2604,#5489);
#5489 = DEFINITIONAL_REPRESENTATION('',(#5490),#5494);
#5490 = LINE('',#5491,#5492);
#5491 = CARTESIAN_POINT('',(0.,-6.4));
#5492 = VECTOR('',#5493,1.);
#5493 = DIRECTION('',(1.,0.));
#5494 = ( GEOMETRIC_REPRESENTATION_CONTEXT(2) 
PARAMETRIC_REPRESENTATION_CONTEXT() REPRESENTATION_CONTEXT('2D SPACE',''
  ) );
#5495 = PCURVE('',#5346,#5496);
#5496 = DEFINITIONAL_REPRESENTATION('',(#5497),#5501);
#5497 = LINE('',#5498,#5499);
#5498 = CARTESIAN_POINT('',(-5.9,12.7));
#5499 = VECTOR('',#5500,1.);
#5500 = DIRECTION('',(0.,-1.));
#5501 = ( GEOMETRIC_REPRESENTATION_CONTEXT(2) 
PARAMETRIC_REPRESENTATION_CONTEXT() REPRESENTATION_CONTEXT('2D SPACE',''
  ) );
#5502 = ORIENTED_EDGE('',*,*,#5432,.F.);
#5503 = ADVANCED_FACE('',(#5504),#3339,.T.);
#5504 = FACE_BOUND('',#5505,.T.);
#5505 = EDGE_LOOP('',(#5506,#5507,#5508,#5509));
#5506 = ORIENTED_EDGE('',*,*,#3448,.T.);
#5507 = ORIENTED_EDGE('',*,*,#3323,.T.);
#5508 = ORIENTED_EDGE('',*,*,#3377,.T.);
#5509 = ORIENTED_EDGE('',*,*,#3475,.T.);
#5510 = ADVANCED_FACE('',(#5511),#3540,.T.);
#5511 = FACE_BOUND('',#5512,.T.);
#5512 = EDGE_LOOP('',(#5513,#5514,#5515,#5516));
#5513 = ORIENTED_EDGE('',*,*,#3649,.T.);
#5514 = ORIENTED_EDGE('',*,*,#3524,.T.);
#5515 = ORIENTED_EDGE('',*,*,#3578,.T.);
#5516 = ORIENTED_EDGE('',*,*,#3676,.T.);
#5517 = ADVANCED_FACE('',(#5518),#3741,.T.);
#5518 = FACE_BOUND('',#5519,.T.);
#5519 = EDGE_LOOP('',(#5520,#5521,#5522,#5523));
#5520 = ORIENTED_EDGE('',*,*,#3850,.T.);
#5521 = ORIENTED_EDGE('',*,*,#3725,.T.);
#5522 = ORIENTED_EDGE('',*,*,#3779,.T.);
#5523 = ORIENTED_EDGE('',*,*,#3877,.T.);
#5524 = ADVANCED_FACE('',(#5525),#3941,.T.);
#5525 = FACE_BOUND('',#5526,.T.);
#5526 = EDGE_LOOP('',(#5527,#5528,#5529,#5530));
#5527 = ORIENTED_EDGE('',*,*,#3925,.T.);
#5528 = ORIENTED_EDGE('',*,*,#4028,.T.);
#5529 = ORIENTED_EDGE('',*,*,#4077,.T.);
#5530 = ORIENTED_EDGE('',*,*,#4001,.T.);
#5531 = ADVANCED_FACE('',(#5532),#4142,.T.);
#5532 = FACE_BOUND('',#5533,.T.);
#5533 = EDGE_LOOP('',(#5534,#5535,#5536,#5537));
#5534 = ORIENTED_EDGE('',*,*,#4126,.T.);
#5535 = ORIENTED_EDGE('',*,*,#4229,.T.);
#5536 = ORIENTED_EDGE('',*,*,#4278,.T.);
#5537 = ORIENTED_EDGE('',*,*,#4202,.T.);
#5538 = ADVANCED_FACE('',(#5539),#4344,.T.);
#5539 = FACE_BOUND('',#5540,.T.);
#5540 = EDGE_LOOP('',(#5541,#5542,#5543,#5544,#5572,#5600,#5628,#5656,
    #5684,#5705));
#5541 = ORIENTED_EDGE('',*,*,#4505,.T.);
#5542 = ORIENTED_EDGE('',*,*,#4328,.T.);
#5543 = ORIENTED_EDGE('',*,*,#4382,.T.);
#5544 = ORIENTED_EDGE('',*,*,#5545,.F.);
#5545 = EDGE_CURVE('',#5546,#4383,#5548,.T.);
#5546 = VERTEX_POINT('',#5547);
#5547 = CARTESIAN_POINT('',(1.2,-3.7,24.));
#5548 = SURFACE_CURVE('',#5549,(#5553,#5560),.PCURVE_S1.);
#5549 = LINE('',#5550,#5551);
#5550 = CARTESIAN_POINT('',(1.2,0.9,24.));
#5551 = VECTOR('',#5552,1.);
#5552 = DIRECTION('',(0.,-1.,0.));
#5553 = PCURVE('',#4344,#5554);
#5554 = DEFINITIONAL_REPRESENTATION('',(#5555),#5559);
#5555 = LINE('',#5556,#5557);
#5556 = CARTESIAN_POINT('',(2.,2.35));
#5557 = VECTOR('',#5558,1.);
#5558 = DIRECTION('',(0.,-1.));
#5559 = ( GEOMETRIC_REPRESENTATION_CONTEXT(2) 
PARAMETRIC_REPRESENTATION_CONTEXT() REPRESENTATION_CONTEXT('2D SPACE',''
  ) );
#5560 = PCURVE('',#5561,#5566);
#5561 = PLANE('',#5562);
#5562 = AXIS2_PLACEMENT_3D('',#5563,#5564,#5565);
#5563 = CARTESIAN_POINT('',(2.317888150092,-7.194079711143,24.));
#5564 = DIRECTION('',(0.,0.,1.));
#5565 = DIRECTION('',(1.,0.,-0.));
#5566 = DEFINITIONAL_REPRESENTATION('',(#5567),#5571);
#5567 = LINE('',#5568,#5569);
#5568 = CARTESIAN_POINT('',(-1.117888150092,8.094079711143));
#5569 = VECTOR('',#5570,1.);
#5570 = DIRECTION('',(0.,-1.));
#5571 = ( GEOMETRIC_REPRESENTATION_CONTEXT(2) 
PARAMETRIC_REPRESENTATION_CONTEXT() REPRESENTATION_CONTEXT('2D SPACE',''
  ) );
#5572 = ORIENTED_EDGE('',*,*,#5573,.F.);
#5573 = EDGE_CURVE('',#5574,#5546,#5576,.T.);
#5574 = VERTEX_POINT('',#5575);
#5575 = CARTESIAN_POINT('',(-0.8,-3.7,24.));
#5576 = SURFACE_CURVE('',#5577,(#5581,#5588),.PCURVE_S1.);
#5577 = LINE('',#5578,#5579);
#5578 = CARTESIAN_POINT('',(-0.8,-3.7,24.));
#5579 = VECTOR('',#5580,1.);
#5580 = DIRECTION('',(1.,0.,0.));
#5581 = PCURVE('',#4344,#5582);
#5582 = DEFINITIONAL_REPRESENTATION('',(#5583),#5587);
#5583 = LINE('',#5584,#5585);
#5584 = CARTESIAN_POINT('',(-1.110223024625E-16,-2.25));
#5585 = VECTOR('',#5586,1.);
#5586 = DIRECTION('',(1.,0.));
#5587 = ( GEOMETRIC_REPRESENTATION_CONTEXT(2) 
PARAMETRIC_REPRESENTATION_CONTEXT() REPRESENTATION_CONTEXT('2D SPACE',''
  ) );
#5588 = PCURVE('',#5589,#5594);
#5589 = PLANE('',#5590);
#5590 = AXIS2_PLACEMENT_3D('',#5591,#5592,#5593);
#5591 = CARTESIAN_POINT('',(-0.8,-3.7,24.));
#5592 = DIRECTION('',(0.,1.,0.));
#5593 = DIRECTION('',(1.,0.,0.));
#5594 = DEFINITIONAL_REPRESENTATION('',(#5595),#5599);
#5595 = LINE('',#5596,#5597);
#5596 = CARTESIAN_POINT('',(0.,0.));
#5597 = VECTOR('',#5598,1.);
#5598 = DIRECTION('',(1.,0.));
#5599 = ( GEOMETRIC_REPRESENTATION_CONTEXT(2) 
PARAMETRIC_REPRESENTATION_CONTEXT() REPRESENTATION_CONTEXT('2D SPACE',''
  ) );
#5600 = ORIENTED_EDGE('',*,*,#5601,.F.);
#5601 = EDGE_CURVE('',#5602,#5574,#5604,.T.);
#5602 = VERTEX_POINT('',#5603);
#5603 = CARTESIAN_POINT('',(-0.8,1.3,24.));
#5604 = SURFACE_CURVE('',#5605,(#5609,#5616),.PCURVE_S1.);
#5605 = LINE('',#5606,#5607);
#5606 = CARTESIAN_POINT('',(-0.8,1.3,24.));
#5607 = VECTOR('',#5608,1.);
#5608 = DIRECTION('',(0.,-1.,0.));
#5609 = PCURVE('',#4344,#5610);
#5610 = DEFINITIONAL_REPRESENTATION('',(#5611),#5615);
#5611 = LINE('',#5612,#5613);
#5612 = CARTESIAN_POINT('',(-1.110223024625E-16,2.75));
#5613 = VECTOR('',#5614,1.);
#5614 = DIRECTION('',(0.,-1.));
#5615 = ( GEOMETRIC_REPRESENTATION_CONTEXT(2) 
PARAMETRIC_REPRESENTATION_CONTEXT() REPRESENTATION_CONTEXT('2D SPACE',''
  ) );
#5616 = PCURVE('',#5617,#5622);
#5617 = PLANE('',#5618);
#5618 = AXIS2_PLACEMENT_3D('',#5619,#5620,#5621);
#5619 = CARTESIAN_POINT('',(-0.8,1.3,24.));
#5620 = DIRECTION('',(1.,0.,-0.));
#5621 = DIRECTION('',(0.,-1.,0.));
#5622 = DEFINITIONAL_REPRESENTATION('',(#5623),#5627);
#5623 = LINE('',#5624,#5625);
#5624 = CARTESIAN_POINT('',(0.,0.));
#5625 = VECTOR('',#5626,1.);
#5626 = DIRECTION('',(1.,0.));
#5627 = ( GEOMETRIC_REPRESENTATION_CONTEXT(2) 
PARAMETRIC_REPRESENTATION_CONTEXT() REPRESENTATION_CONTEXT('2D SPACE',''
  ) );
#5628 = ORIENTED_EDGE('',*,*,#5629,.F.);
#5629 = EDGE_CURVE('',#5630,#5602,#5632,.T.);
#5630 = VERTEX_POINT('',#5631);
#5631 = CARTESIAN_POINT('',(1.2,1.3,24.));
#5632 = SURFACE_CURVE('',#5633,(#5637,#5644),.PCURVE_S1.);
#5633 = LINE('',#5634,#5635);
#5634 = CARTESIAN_POINT('',(1.2,1.3,24.));
#5635 = VECTOR('',#5636,1.);
#5636 = DIRECTION('',(-1.,0.,0.));
#5637 = PCURVE('',#4344,#5638);
#5638 = DEFINITIONAL_REPRESENTATION('',(#5639),#5643);
#5639 = LINE('',#5640,#5641);
#5640 = CARTESIAN_POINT('',(2.,2.75));
#5641 = VECTOR('',#5642,1.);
#5642 = DIRECTION('',(-1.,0.));
#5643 = ( GEOMETRIC_REPRESENTATION_CONTEXT(2) 
PARAMETRIC_REPRESENTATION_CONTEXT() REPRESENTATION_CONTEXT('2D SPACE',''
  ) );
#5644 = PCURVE('',#5645,#5650);
#5645 = PLANE('',#5646);
#5646 = AXIS2_PLACEMENT_3D('',#5647,#5648,#5649);
#5647 = CARTESIAN_POINT('',(1.2,1.3,24.));
#5648 = DIRECTION('',(0.,-1.,0.));
#5649 = DIRECTION('',(-1.,0.,0.));
#5650 = DEFINITIONAL_REPRESENTATION('',(#5651),#5655);
#5651 = LINE('',#5652,#5653);
#5652 = CARTESIAN_POINT('',(0.,-0.));
#5653 = VECTOR('',#5654,1.);
#5654 = DIRECTION('',(1.,0.));
#5655 = ( GEOMETRIC_REPRESENTATION_CONTEXT(2) 
PARAMETRIC_REPRESENTATION_CONTEXT() REPRESENTATION_CONTEXT('2D SPACE',''
  ) );
#5656 = ORIENTED_EDGE('',*,*,#5657,.F.);
#5657 = EDGE_CURVE('',#5658,#5630,#5660,.T.);
#5658 = VERTEX_POINT('',#5659);
#5659 = CARTESIAN_POINT('',(1.2,0.9,24.));
#5660 = SURFACE_CURVE('',#5661,(#5665,#5672),.PCURVE_S1.);
#5661 = LINE('',#5662,#5663);
#5662 = CARTESIAN_POINT('',(1.2,-3.7,24.));
#5663 = VECTOR('',#5664,1.);
#5664 = DIRECTION('',(0.,1.,0.));
#5665 = PCURVE('',#4344,#5666);
#5666 = DEFINITIONAL_REPRESENTATION('',(#5667),#5671);
#5667 = LINE('',#5668,#5669);
#5668 = CARTESIAN_POINT('',(2.,-2.25));
#5669 = VECTOR('',#5670,1.);
#5670 = DIRECTION('',(0.,1.));
#5671 = ( GEOMETRIC_REPRESENTATION_CONTEXT(2) 
PARAMETRIC_REPRESENTATION_CONTEXT() REPRESENTATION_CONTEXT('2D SPACE',''
  ) );
#5672 = PCURVE('',#5673,#5678);
#5673 = PLANE('',#5674);
#5674 = AXIS2_PLACEMENT_3D('',#5675,#5676,#5677);
#5675 = CARTESIAN_POINT('',(1.2,-3.7,24.));
#5676 = DIRECTION('',(-1.,0.,0.));
#5677 = DIRECTION('',(0.,1.,0.));
#5678 = DEFINITIONAL_REPRESENTATION('',(#5679),#5683);
#5679 = LINE('',#5680,#5681);
#5680 = CARTESIAN_POINT('',(0.,0.));
#5681 = VECTOR('',#5682,1.);
#5682 = DIRECTION('',(1.,0.));
#5683 = ( GEOMETRIC_REPRESENTATION_CONTEXT(2) 
PARAMETRIC_REPRESENTATION_CONTEXT() REPRESENTATION_CONTEXT('2D SPACE',''
  ) );
#5684 = ORIENTED_EDGE('',*,*,#5685,.T.);
#5685 = EDGE_CURVE('',#5658,#4554,#5686,.T.);
#5686 = SURFACE_CURVE('',#5687,(#5691,#5698),.PCURVE_S1.);
#5687 = LINE('',#5688,#5689);
#5688 = CARTESIAN_POINT('',(1.2,0.9,24.));
#5689 = VECTOR('',#5690,1.);
#5690 = DIRECTION('',(1.,0.,0.));
#5691 = PCURVE('',#4344,#5692);
#5692 = DEFINITIONAL_REPRESENTATION('',(#5693),#5697);
#5693 = LINE('',#5694,#5695);
#5694 = CARTESIAN_POINT('',(2.,2.35));
#5695 = VECTOR('',#5696,1.);
#5696 = DIRECTION('',(1.,0.));
#5697 = ( GEOMETRIC_REPRESENTATION_CONTEXT(2) 
PARAMETRIC_REPRESENTATION_CONTEXT() REPRESENTATION_CONTEXT('2D SPACE',''
  ) );
#5698 = PCURVE('',#5561,#5699);
#5699 = DEFINITIONAL_REPRESENTATION('',(#5700),#5704);
#5700 = LINE('',#5701,#5702);
#5701 = CARTESIAN_POINT('',(-1.117888150092,8.094079711143));
#5702 = VECTOR('',#5703,1.);
#5703 = DIRECTION('',(1.,0.));
#5704 = ( GEOMETRIC_REPRESENTATION_CONTEXT(2) 
PARAMETRIC_REPRESENTATION_CONTEXT() REPRESENTATION_CONTEXT('2D SPACE',''
  ) );
#5705 = ORIENTED_EDGE('',*,*,#4579,.T.);
#5706 = ADVANCED_FACE('',(#5707),#4446,.F.);
#5707 = FACE_BOUND('',#5708,.F.);
#5708 = EDGE_LOOP('',(#5709,#5739,#5760,#5761,#5762,#5785,#5813));
#5709 = ORIENTED_EDGE('',*,*,#5710,.T.);
#5710 = EDGE_CURVE('',#5711,#5713,#5715,.T.);
#5711 = VERTEX_POINT('',#5712);
#5712 = CARTESIAN_POINT('',(3.2,-12.3,18.));
#5713 = VERTEX_POINT('',#5714);
#5714 = CARTESIAN_POINT('',(3.2,0.9,18.));
#5715 = SURFACE_CURVE('',#5716,(#5720,#5727),.PCURVE_S1.);
#5716 = LINE('',#5717,#5718);
#5717 = CARTESIAN_POINT('',(3.2,-12.3,18.));
#5718 = VECTOR('',#5719,1.);
#5719 = DIRECTION('',(0.,1.,0.));
#5720 = PCURVE('',#4446,#5721);
#5721 = DEFINITIONAL_REPRESENTATION('',(#5722),#5726);
#5722 = LINE('',#5723,#5724);
#5723 = CARTESIAN_POINT('',(0.882111849908,-5.105920288857));
#5724 = VECTOR('',#5725,1.);
#5725 = DIRECTION('',(0.,1.));
#5726 = ( GEOMETRIC_REPRESENTATION_CONTEXT(2) 
PARAMETRIC_REPRESENTATION_CONTEXT() REPRESENTATION_CONTEXT('2D SPACE',''
  ) );
#5727 = PCURVE('',#5728,#5733);
#5728 = PLANE('',#5729);
#5729 = AXIS2_PLACEMENT_3D('',#5730,#5731,#5732);
#5730 = CARTESIAN_POINT('',(3.2,-12.3,18.));
#5731 = DIRECTION('',(-1.,0.,0.));
#5732 = DIRECTION('',(0.,1.,0.));
#5733 = DEFINITIONAL_REPRESENTATION('',(#5734),#5738);
#5734 = LINE('',#5735,#5736);
#5735 = CARTESIAN_POINT('',(0.,0.));
#5736 = VECTOR('',#5737,1.);
#5737 = DIRECTION('',(1.,0.));
#5738 = ( GEOMETRIC_REPRESENTATION_CONTEXT(2) 
PARAMETRIC_REPRESENTATION_CONTEXT() REPRESENTATION_CONTEXT('2D SPACE',''
  ) );
#5739 = ORIENTED_EDGE('',*,*,#5740,.T.);
#5740 = EDGE_CURVE('',#5713,#4533,#5741,.T.);
#5741 = SURFACE_CURVE('',#5742,(#5746,#5753),.PCURVE_S1.);
#5742 = LINE('',#5743,#5744);
#5743 = CARTESIAN_POINT('',(3.2,0.9,18.));
#5744 = VECTOR('',#5745,1.);
#5745 = DIRECTION('',(-1.,0.,0.));
#5746 = PCURVE('',#4446,#5747);
#5747 = DEFINITIONAL_REPRESENTATION('',(#5748),#5752);
#5748 = LINE('',#5749,#5750);
#5749 = CARTESIAN_POINT('',(0.882111849908,8.094079711143));
#5750 = VECTOR('',#5751,1.);
#5751 = DIRECTION('',(-1.,0.));
#5752 = ( GEOMETRIC_REPRESENTATION_CONTEXT(2) 
PARAMETRIC_REPRESENTATION_CONTEXT() REPRESENTATION_CONTEXT('2D SPACE',''
  ) );
#5753 = PCURVE('',#4568,#5754);
#5754 = DEFINITIONAL_REPRESENTATION('',(#5755),#5759);
#5755 = LINE('',#5756,#5757);
#5756 = CARTESIAN_POINT('',(0.,-0.));
#5757 = VECTOR('',#5758,1.);
#5758 = DIRECTION('',(1.,0.));
#5759 = ( GEOMETRIC_REPRESENTATION_CONTEXT(2) 
PARAMETRIC_REPRESENTATION_CONTEXT() REPRESENTATION_CONTEXT('2D SPACE',''
  ) );
#5760 = ORIENTED_EDGE('',*,*,#4532,.T.);
#5761 = ORIENTED_EDGE('',*,*,#4431,.T.);
#5762 = ORIENTED_EDGE('',*,*,#5763,.T.);
#5763 = EDGE_CURVE('',#4406,#5764,#5766,.T.);
#5764 = VERTEX_POINT('',#5765);
#5765 = CARTESIAN_POINT('',(1.2,-14.7,18.));
#5766 = SURFACE_CURVE('',#5767,(#5771,#5778),.PCURVE_S1.);
#5767 = LINE('',#5768,#5769);
#5768 = CARTESIAN_POINT('',(1.2,0.9,18.));
#5769 = VECTOR('',#5770,1.);
#5770 = DIRECTION('',(0.,-1.,0.));
#5771 = PCURVE('',#4446,#5772);
#5772 = DEFINITIONAL_REPRESENTATION('',(#5773),#5777);
#5773 = LINE('',#5774,#5775);
#5774 = CARTESIAN_POINT('',(-1.117888150092,8.094079711143));
#5775 = VECTOR('',#5776,1.);
#5776 = DIRECTION('',(0.,-1.));
#5777 = ( GEOMETRIC_REPRESENTATION_CONTEXT(2) 
PARAMETRIC_REPRESENTATION_CONTEXT() REPRESENTATION_CONTEXT('2D SPACE',''
  ) );
#5778 = PCURVE('',#4420,#5779);
#5779 = DEFINITIONAL_REPRESENTATION('',(#5780),#5784);
#5780 = LINE('',#5781,#5782);
#5781 = CARTESIAN_POINT('',(0.,0.));
#5782 = VECTOR('',#5783,1.);
#5783 = DIRECTION('',(1.,0.));
#5784 = ( GEOMETRIC_REPRESENTATION_CONTEXT(2) 
PARAMETRIC_REPRESENTATION_CONTEXT() REPRESENTATION_CONTEXT('2D SPACE',''
  ) );
#5785 = ORIENTED_EDGE('',*,*,#5786,.T.);
#5786 = EDGE_CURVE('',#5764,#5787,#5789,.T.);
#5787 = VERTEX_POINT('',#5788);
#5788 = CARTESIAN_POINT('',(3.2,-14.7,18.));
#5789 = SURFACE_CURVE('',#5790,(#5794,#5801),.PCURVE_S1.);
#5790 = LINE('',#5791,#5792);
#5791 = CARTESIAN_POINT('',(1.2,-14.7,18.));
#5792 = VECTOR('',#5793,1.);
#5793 = DIRECTION('',(1.,0.,0.));
#5794 = PCURVE('',#4446,#5795);
#5795 = DEFINITIONAL_REPRESENTATION('',(#5796),#5800);
#5796 = LINE('',#5797,#5798);
#5797 = CARTESIAN_POINT('',(-1.117888150092,-7.505920288857));
#5798 = VECTOR('',#5799,1.);
#5799 = DIRECTION('',(1.,0.));
#5800 = ( GEOMETRIC_REPRESENTATION_CONTEXT(2) 
PARAMETRIC_REPRESENTATION_CONTEXT() REPRESENTATION_CONTEXT('2D SPACE',''
  ) );
#5801 = PCURVE('',#5802,#5807);
#5802 = PLANE('',#5803);
#5803 = AXIS2_PLACEMENT_3D('',#5804,#5805,#5806);
#5804 = CARTESIAN_POINT('',(1.2,-14.7,18.));
#5805 = DIRECTION('',(0.,1.,0.));
#5806 = DIRECTION('',(1.,0.,0.));
#5807 = DEFINITIONAL_REPRESENTATION('',(#5808),#5812);
#5808 = LINE('',#5809,#5810);
#5809 = CARTESIAN_POINT('',(0.,0.));
#5810 = VECTOR('',#5811,1.);
#5811 = DIRECTION('',(1.,0.));
#5812 = ( GEOMETRIC_REPRESENTATION_CONTEXT(2) 
PARAMETRIC_REPRESENTATION_CONTEXT() REPRESENTATION_CONTEXT('2D SPACE',''
  ) );
#5813 = ORIENTED_EDGE('',*,*,#5814,.T.);
#5814 = EDGE_CURVE('',#5787,#5711,#5815,.T.);
#5815 = SURFACE_CURVE('',#5816,(#5820,#5826),.PCURVE_S1.);
#5816 = LINE('',#5817,#5818);
#5817 = CARTESIAN_POINT('',(3.2,-19.59703985557,18.));
#5818 = VECTOR('',#5819,1.);
#5819 = DIRECTION('',(-0.,1.,0.));
#5820 = PCURVE('',#4446,#5821);
#5821 = DEFINITIONAL_REPRESENTATION('',(#5822),#5825);
#5822 = B_SPLINE_CURVE_WITH_KNOTS('',1,(#5823,#5824),.UNSPECIFIED.,.F.,
  .F.,(2,2),(4.897039855571,20.497039855571),.PIECEWISE_BEZIER_KNOTS.);
#5823 = CARTESIAN_POINT('',(0.882111849908,-7.505920288857));
#5824 = CARTESIAN_POINT('',(0.882111849908,8.094079711143));
#5825 = ( GEOMETRIC_REPRESENTATION_CONTEXT(2) 
PARAMETRIC_REPRESENTATION_CONTEXT() REPRESENTATION_CONTEXT('2D SPACE',''
  ) );
#5826 = PCURVE('',#5827,#5832);
#5827 = PLANE('',#5828);
#5828 = AXIS2_PLACEMENT_3D('',#5829,#5830,#5831);
#5829 = CARTESIAN_POINT('',(3.2,-32.,-1.));
#5830 = DIRECTION('',(1.,0.,-0.));
#5831 = DIRECTION('',(0.,0.,1.));
#5832 = DEFINITIONAL_REPRESENTATION('',(#5833),#5836);
#5833 = B_SPLINE_CURVE_WITH_KNOTS('',1,(#5834,#5835),.UNSPECIFIED.,.F.,
  .F.,(2,2),(4.897039855571,20.497039855571),.PIECEWISE_BEZIER_KNOTS.);
#5834 = CARTESIAN_POINT('',(19.,-17.3));
#5835 = CARTESIAN_POINT('',(19.,-32.9));
#5836 = ( GEOMETRIC_REPRESENTATION_CONTEXT(2) 
PARAMETRIC_REPRESENTATION_CONTEXT() REPRESENTATION_CONTEXT('2D SPACE',''
  ) );
#5837 = ADVANCED_FACE('',(#5838),#4420,.F.);
#5838 = FACE_BOUND('',#5839,.F.);
#5839 = EDGE_LOOP('',(#5840,#5841,#5842,#5870));
#5840 = ORIENTED_EDGE('',*,*,#5763,.F.);
#5841 = ORIENTED_EDGE('',*,*,#4405,.T.);
#5842 = ORIENTED_EDGE('',*,*,#5843,.T.);
#5843 = EDGE_CURVE('',#4383,#5844,#5846,.T.);
#5844 = VERTEX_POINT('',#5845);
#5845 = CARTESIAN_POINT('',(1.2,-14.7,24.));
#5846 = SURFACE_CURVE('',#5847,(#5851,#5858),.PCURVE_S1.);
#5847 = LINE('',#5848,#5849);
#5848 = CARTESIAN_POINT('',(1.2,0.9,24.));
#5849 = VECTOR('',#5850,1.);
#5850 = DIRECTION('',(0.,-1.,0.));
#5851 = PCURVE('',#4420,#5852);
#5852 = DEFINITIONAL_REPRESENTATION('',(#5853),#5857);
#5853 = LINE('',#5854,#5855);
#5854 = CARTESIAN_POINT('',(0.,-6.));
#5855 = VECTOR('',#5856,1.);
#5856 = DIRECTION('',(1.,0.));
#5857 = ( GEOMETRIC_REPRESENTATION_CONTEXT(2) 
PARAMETRIC_REPRESENTATION_CONTEXT() REPRESENTATION_CONTEXT('2D SPACE',''
  ) );
#5858 = PCURVE('',#5859,#5864);
#5859 = PLANE('',#5860);
#5860 = AXIS2_PLACEMENT_3D('',#5861,#5862,#5863);
#5861 = CARTESIAN_POINT('',(2.317888150092,-7.194079711143,24.));
#5862 = DIRECTION('',(0.,0.,1.));
#5863 = DIRECTION('',(1.,0.,-0.));
#5864 = DEFINITIONAL_REPRESENTATION('',(#5865),#5869);
#5865 = LINE('',#5866,#5867);
#5866 = CARTESIAN_POINT('',(-1.117888150092,8.094079711143));
#5867 = VECTOR('',#5868,1.);
#5868 = DIRECTION('',(0.,-1.));
#5869 = ( GEOMETRIC_REPRESENTATION_CONTEXT(2) 
PARAMETRIC_REPRESENTATION_CONTEXT() REPRESENTATION_CONTEXT('2D SPACE',''
  ) );
#5870 = ORIENTED_EDGE('',*,*,#5871,.F.);
#5871 = EDGE_CURVE('',#5764,#5844,#5872,.T.);
#5872 = SURFACE_CURVE('',#5873,(#5877,#5884),.PCURVE_S1.);
#5873 = LINE('',#5874,#5875);
#5874 = CARTESIAN_POINT('',(1.2,-14.7,18.));
#5875 = VECTOR('',#5876,1.);
#5876 = DIRECTION('',(0.,0.,1.));
#5877 = PCURVE('',#4420,#5878);
#5878 = DEFINITIONAL_REPRESENTATION('',(#5879),#5883);
#5879 = LINE('',#5880,#5881);
#5880 = CARTESIAN_POINT('',(15.6,0.));
#5881 = VECTOR('',#5882,1.);
#5882 = DIRECTION('',(0.,-1.));
#5883 = ( GEOMETRIC_REPRESENTATION_CONTEXT(2) 
PARAMETRIC_REPRESENTATION_CONTEXT() REPRESENTATION_CONTEXT('2D SPACE',''
  ) );
#5884 = PCURVE('',#5802,#5885);
#5885 = DEFINITIONAL_REPRESENTATION('',(#5886),#5890);
#5886 = LINE('',#5887,#5888);
#5887 = CARTESIAN_POINT('',(0.,0.));
#5888 = VECTOR('',#5889,1.);
#5889 = DIRECTION('',(0.,-1.));
#5890 = ( GEOMETRIC_REPRESENTATION_CONTEXT(2) 
PARAMETRIC_REPRESENTATION_CONTEXT() REPRESENTATION_CONTEXT('2D SPACE',''
  ) );
#5891 = ADVANCED_FACE('',(#5892),#4568,.F.);
#5892 = FACE_BOUND('',#5893,.F.);
#5893 = EDGE_LOOP('',(#5894,#5895,#5918,#5946,#5967));
#5894 = ORIENTED_EDGE('',*,*,#5740,.F.);
#5895 = ORIENTED_EDGE('',*,*,#5896,.T.);
#5896 = EDGE_CURVE('',#5713,#5897,#5899,.T.);
#5897 = VERTEX_POINT('',#5898);
#5898 = CARTESIAN_POINT('',(3.2,0.9,21.8));
#5899 = SURFACE_CURVE('',#5900,(#5904,#5911),.PCURVE_S1.);
#5900 = LINE('',#5901,#5902);
#5901 = CARTESIAN_POINT('',(3.2,0.9,18.));
#5902 = VECTOR('',#5903,1.);
#5903 = DIRECTION('',(0.,0.,1.));
#5904 = PCURVE('',#4568,#5905);
#5905 = DEFINITIONAL_REPRESENTATION('',(#5906),#5910);
#5906 = LINE('',#5907,#5908);
#5907 = CARTESIAN_POINT('',(0.,-0.));
#5908 = VECTOR('',#5909,1.);
#5909 = DIRECTION('',(0.,-1.));
#5910 = ( GEOMETRIC_REPRESENTATION_CONTEXT(2) 
PARAMETRIC_REPRESENTATION_CONTEXT() REPRESENTATION_CONTEXT('2D SPACE',''
  ) );
#5911 = PCURVE('',#5728,#5912);
#5912 = DEFINITIONAL_REPRESENTATION('',(#5913),#5917);
#5913 = LINE('',#5914,#5915);
#5914 = CARTESIAN_POINT('',(13.2,0.));
#5915 = VECTOR('',#5916,1.);
#5916 = DIRECTION('',(0.,-1.));
#5917 = ( GEOMETRIC_REPRESENTATION_CONTEXT(2) 
PARAMETRIC_REPRESENTATION_CONTEXT() REPRESENTATION_CONTEXT('2D SPACE',''
  ) );
#5918 = ORIENTED_EDGE('',*,*,#5919,.T.);
#5919 = EDGE_CURVE('',#5897,#5920,#5922,.T.);
#5920 = VERTEX_POINT('',#5921);
#5921 = CARTESIAN_POINT('',(3.2,0.9,24.));
#5922 = SURFACE_CURVE('',#5923,(#5927,#5934),.PCURVE_S1.);
#5923 = LINE('',#5924,#5925);
#5924 = CARTESIAN_POINT('',(3.2,0.9,18.));
#5925 = VECTOR('',#5926,1.);
#5926 = DIRECTION('',(0.,0.,1.));
#5927 = PCURVE('',#4568,#5928);
#5928 = DEFINITIONAL_REPRESENTATION('',(#5929),#5933);
#5929 = LINE('',#5930,#5931);
#5930 = CARTESIAN_POINT('',(0.,-0.));
#5931 = VECTOR('',#5932,1.);
#5932 = DIRECTION('',(0.,-1.));
#5933 = ( GEOMETRIC_REPRESENTATION_CONTEXT(2) 
PARAMETRIC_REPRESENTATION_CONTEXT() REPRESENTATION_CONTEXT('2D SPACE',''
  ) );
#5934 = PCURVE('',#5935,#5940);
#5935 = PLANE('',#5936);
#5936 = AXIS2_PLACEMENT_3D('',#5937,#5938,#5939);
#5937 = CARTESIAN_POINT('',(3.2,-12.3,18.));
#5938 = DIRECTION('',(-1.,0.,0.));
#5939 = DIRECTION('',(0.,1.,0.));
#5940 = DEFINITIONAL_REPRESENTATION('',(#5941),#5945);
#5941 = LINE('',#5942,#5943);
#5942 = CARTESIAN_POINT('',(13.2,0.));
#5943 = VECTOR('',#5944,1.);
#5944 = DIRECTION('',(0.,-1.));
#5945 = ( GEOMETRIC_REPRESENTATION_CONTEXT(2) 
PARAMETRIC_REPRESENTATION_CONTEXT() REPRESENTATION_CONTEXT('2D SPACE',''
  ) );
#5946 = ORIENTED_EDGE('',*,*,#5947,.F.);
#5947 = EDGE_CURVE('',#4554,#5920,#5948,.T.);
#5948 = SURFACE_CURVE('',#5949,(#5953,#5960),.PCURVE_S1.);
#5949 = LINE('',#5950,#5951);
#5950 = CARTESIAN_POINT('',(1.2,0.9,24.));
#5951 = VECTOR('',#5952,1.);
#5952 = DIRECTION('',(1.,0.,0.));
#5953 = PCURVE('',#4568,#5954);
#5954 = DEFINITIONAL_REPRESENTATION('',(#5955),#5959);
#5955 = LINE('',#5956,#5957);
#5956 = CARTESIAN_POINT('',(2.,-6.));
#5957 = VECTOR('',#5958,1.);
#5958 = DIRECTION('',(-1.,-0.));
#5959 = ( GEOMETRIC_REPRESENTATION_CONTEXT(2) 
PARAMETRIC_REPRESENTATION_CONTEXT() REPRESENTATION_CONTEXT('2D SPACE',''
  ) );
#5960 = PCURVE('',#5859,#5961);
#5961 = DEFINITIONAL_REPRESENTATION('',(#5962),#5966);
#5962 = LINE('',#5963,#5964);
#5963 = CARTESIAN_POINT('',(-1.117888150092,8.094079711143));
#5964 = VECTOR('',#5965,1.);
#5965 = DIRECTION('',(1.,0.));
#5966 = ( GEOMETRIC_REPRESENTATION_CONTEXT(2) 
PARAMETRIC_REPRESENTATION_CONTEXT() REPRESENTATION_CONTEXT('2D SPACE',''
  ) );
#5967 = ORIENTED_EDGE('',*,*,#4553,.T.);
#5968 = ADVANCED_FACE('',(#5969),#4696,.T.);
#5969 = FACE_BOUND('',#5970,.T.);
#5970 = EDGE_LOOP('',(#5971,#5999,#6027,#6055,#6083,#6111,#6132,#6133,
    #6134,#6135));
#5971 = ORIENTED_EDGE('',*,*,#5972,.T.);
#5972 = EDGE_CURVE('',#4833,#5973,#5975,.T.);
#5973 = VERTEX_POINT('',#5974);
#5974 = CARTESIAN_POINT('',(38.8,0.9,24.));
#5975 = SURFACE_CURVE('',#5976,(#5980,#5987),.PCURVE_S1.);
#5976 = LINE('',#5977,#5978);
#5977 = CARTESIAN_POINT('',(36.8,0.9,24.));
#5978 = VECTOR('',#5979,1.);
#5979 = DIRECTION('',(1.,0.,0.));
#5980 = PCURVE('',#4696,#5981);
#5981 = DEFINITIONAL_REPRESENTATION('',(#5982),#5986);
#5982 = LINE('',#5983,#5984);
#5983 = CARTESIAN_POINT('',(-4.,2.35));
#5984 = VECTOR('',#5985,1.);
#5985 = DIRECTION('',(1.,0.));
#5986 = ( GEOMETRIC_REPRESENTATION_CONTEXT(2) 
PARAMETRIC_REPRESENTATION_CONTEXT() REPRESENTATION_CONTEXT('2D SPACE',''
  ) );
#5987 = PCURVE('',#5988,#5993);
#5988 = PLANE('',#5989);
#5989 = AXIS2_PLACEMENT_3D('',#5990,#5991,#5992);
#5990 = CARTESIAN_POINT('',(37.682111849908,-7.194079711143,24.));
#5991 = DIRECTION('',(-0.,-0.,-1.));
#5992 = DIRECTION('',(-1.,0.,0.));
#5993 = DEFINITIONAL_REPRESENTATION('',(#5994),#5998);
#5994 = LINE('',#5995,#5996);
#5995 = CARTESIAN_POINT('',(0.882111849908,8.094079711143));
#5996 = VECTOR('',#5997,1.);
#5997 = DIRECTION('',(-1.,0.));
#5998 = ( GEOMETRIC_REPRESENTATION_CONTEXT(2) 
PARAMETRIC_REPRESENTATION_CONTEXT() REPRESENTATION_CONTEXT('2D SPACE',''
  ) );
#5999 = ORIENTED_EDGE('',*,*,#6000,.F.);
#6000 = EDGE_CURVE('',#6001,#5973,#6003,.T.);
#6001 = VERTEX_POINT('',#6002);
#6002 = CARTESIAN_POINT('',(38.8,1.3,24.));
#6003 = SURFACE_CURVE('',#6004,(#6008,#6015),.PCURVE_S1.);
#6004 = LINE('',#6005,#6006);
#6005 = CARTESIAN_POINT('',(38.8,1.3,24.));
#6006 = VECTOR('',#6007,1.);
#6007 = DIRECTION('',(0.,-1.,0.));
#6008 = PCURVE('',#4696,#6009);
#6009 = DEFINITIONAL_REPRESENTATION('',(#6010),#6014);
#6010 = LINE('',#6011,#6012);
#6011 = CARTESIAN_POINT('',(-2.,2.75));
#6012 = VECTOR('',#6013,1.);
#6013 = DIRECTION('',(0.,-1.));
#6014 = ( GEOMETRIC_REPRESENTATION_CONTEXT(2) 
PARAMETRIC_REPRESENTATION_CONTEXT() REPRESENTATION_CONTEXT('2D SPACE',''
  ) );
#6015 = PCURVE('',#6016,#6021);
#6016 = PLANE('',#6017);
#6017 = AXIS2_PLACEMENT_3D('',#6018,#6019,#6020);
#6018 = CARTESIAN_POINT('',(38.8,1.3,24.));
#6019 = DIRECTION('',(1.,0.,-0.));
#6020 = DIRECTION('',(0.,-1.,0.));
#6021 = DEFINITIONAL_REPRESENTATION('',(#6022),#6026);
#6022 = LINE('',#6023,#6024);
#6023 = CARTESIAN_POINT('',(0.,0.));
#6024 = VECTOR('',#6025,1.);
#6025 = DIRECTION('',(1.,0.));
#6026 = ( GEOMETRIC_REPRESENTATION_CONTEXT(2) 
PARAMETRIC_REPRESENTATION_CONTEXT() REPRESENTATION_CONTEXT('2D SPACE',''
  ) );
#6027 = ORIENTED_EDGE('',*,*,#6028,.F.);
#6028 = EDGE_CURVE('',#6029,#6001,#6031,.T.);
#6029 = VERTEX_POINT('',#6030);
#6030 = CARTESIAN_POINT('',(40.8,1.3,24.));
#6031 = SURFACE_CURVE('',#6032,(#6036,#6043),.PCURVE_S1.);
#6032 = LINE('',#6033,#6034);
#6033 = CARTESIAN_POINT('',(40.8,1.3,24.));
#6034 = VECTOR('',#6035,1.);
#6035 = DIRECTION('',(-1.,0.,0.));
#6036 = PCURVE('',#4696,#6037);
#6037 = DEFINITIONAL_REPRESENTATION('',(#6038),#6042);
#6038 = LINE('',#6039,#6040);
#6039 = CARTESIAN_POINT('',(0.,2.75));
#6040 = VECTOR('',#6041,1.);
#6041 = DIRECTION('',(-1.,0.));
#6042 = ( GEOMETRIC_REPRESENTATION_CONTEXT(2) 
PARAMETRIC_REPRESENTATION_CONTEXT() REPRESENTATION_CONTEXT('2D SPACE',''
  ) );
#6043 = PCURVE('',#6044,#6049);
#6044 = PLANE('',#6045);
#6045 = AXIS2_PLACEMENT_3D('',#6046,#6047,#6048);
#6046 = CARTESIAN_POINT('',(40.8,1.3,24.));
#6047 = DIRECTION('',(0.,-1.,0.));
#6048 = DIRECTION('',(-1.,0.,0.));
#6049 = DEFINITIONAL_REPRESENTATION('',(#6050),#6054);
#6050 = LINE('',#6051,#6052);
#6051 = CARTESIAN_POINT('',(0.,-0.));
#6052 = VECTOR('',#6053,1.);
#6053 = DIRECTION('',(1.,0.));
#6054 = ( GEOMETRIC_REPRESENTATION_CONTEXT(2) 
PARAMETRIC_REPRESENTATION_CONTEXT() REPRESENTATION_CONTEXT('2D SPACE',''
  ) );
#6055 = ORIENTED_EDGE('',*,*,#6056,.F.);
#6056 = EDGE_CURVE('',#6057,#6029,#6059,.T.);
#6057 = VERTEX_POINT('',#6058);
#6058 = CARTESIAN_POINT('',(40.8,-3.7,24.));
#6059 = SURFACE_CURVE('',#6060,(#6064,#6071),.PCURVE_S1.);
#6060 = LINE('',#6061,#6062);
#6061 = CARTESIAN_POINT('',(40.8,-3.7,24.));
#6062 = VECTOR('',#6063,1.);
#6063 = DIRECTION('',(0.,1.,0.));
#6064 = PCURVE('',#4696,#6065);
#6065 = DEFINITIONAL_REPRESENTATION('',(#6066),#6070);
#6066 = LINE('',#6067,#6068);
#6067 = CARTESIAN_POINT('',(0.,-2.25));
#6068 = VECTOR('',#6069,1.);
#6069 = DIRECTION('',(0.,1.));
#6070 = ( GEOMETRIC_REPRESENTATION_CONTEXT(2) 
PARAMETRIC_REPRESENTATION_CONTEXT() REPRESENTATION_CONTEXT('2D SPACE',''
  ) );
#6071 = PCURVE('',#6072,#6077);
#6072 = PLANE('',#6073);
#6073 = AXIS2_PLACEMENT_3D('',#6074,#6075,#6076);
#6074 = CARTESIAN_POINT('',(40.8,-3.7,24.));
#6075 = DIRECTION('',(-1.,0.,0.));
#6076 = DIRECTION('',(0.,1.,0.));
#6077 = DEFINITIONAL_REPRESENTATION('',(#6078),#6082);
#6078 = LINE('',#6079,#6080);
#6079 = CARTESIAN_POINT('',(0.,0.));
#6080 = VECTOR('',#6081,1.);
#6081 = DIRECTION('',(1.,0.));
#6082 = ( GEOMETRIC_REPRESENTATION_CONTEXT(2) 
PARAMETRIC_REPRESENTATION_CONTEXT() REPRESENTATION_CONTEXT('2D SPACE',''
  ) );
#6083 = ORIENTED_EDGE('',*,*,#6084,.F.);
#6084 = EDGE_CURVE('',#6085,#6057,#6087,.T.);
#6085 = VERTEX_POINT('',#6086);
#6086 = CARTESIAN_POINT('',(38.8,-3.7,24.));
#6087 = SURFACE_CURVE('',#6088,(#6092,#6099),.PCURVE_S1.);
#6088 = LINE('',#6089,#6090);
#6089 = CARTESIAN_POINT('',(38.8,-3.7,24.));
#6090 = VECTOR('',#6091,1.);
#6091 = DIRECTION('',(1.,0.,0.));
#6092 = PCURVE('',#4696,#6093);
#6093 = DEFINITIONAL_REPRESENTATION('',(#6094),#6098);
#6094 = LINE('',#6095,#6096);
#6095 = CARTESIAN_POINT('',(-2.,-2.25));
#6096 = VECTOR('',#6097,1.);
#6097 = DIRECTION('',(1.,0.));
#6098 = ( GEOMETRIC_REPRESENTATION_CONTEXT(2) 
PARAMETRIC_REPRESENTATION_CONTEXT() REPRESENTATION_CONTEXT('2D SPACE',''
  ) );
#6099 = PCURVE('',#6100,#6105);
#6100 = PLANE('',#6101);
#6101 = AXIS2_PLACEMENT_3D('',#6102,#6103,#6104);
#6102 = CARTESIAN_POINT('',(38.8,-3.7,24.));
#6103 = DIRECTION('',(0.,1.,0.));
#6104 = DIRECTION('',(1.,0.,0.));
#6105 = DEFINITIONAL_REPRESENTATION('',(#6106),#6110);
#6106 = LINE('',#6107,#6108);
#6107 = CARTESIAN_POINT('',(0.,0.));
#6108 = VECTOR('',#6109,1.);
#6109 = DIRECTION('',(1.,0.));
#6110 = ( GEOMETRIC_REPRESENTATION_CONTEXT(2) 
PARAMETRIC_REPRESENTATION_CONTEXT() REPRESENTATION_CONTEXT('2D SPACE',''
  ) );
#6111 = ORIENTED_EDGE('',*,*,#6112,.T.);
#6112 = EDGE_CURVE('',#6085,#4655,#6113,.T.);
#6113 = SURFACE_CURVE('',#6114,(#6118,#6125),.PCURVE_S1.);
#6114 = LINE('',#6115,#6116);
#6115 = CARTESIAN_POINT('',(38.8,0.9,24.));
#6116 = VECTOR('',#6117,1.);
#6117 = DIRECTION('',(0.,-1.,0.));
#6118 = PCURVE('',#4696,#6119);
#6119 = DEFINITIONAL_REPRESENTATION('',(#6120),#6124);
#6120 = LINE('',#6121,#6122);
#6121 = CARTESIAN_POINT('',(-2.,2.35));
#6122 = VECTOR('',#6123,1.);
#6123 = DIRECTION('',(0.,-1.));
#6124 = ( GEOMETRIC_REPRESENTATION_CONTEXT(2) 
PARAMETRIC_REPRESENTATION_CONTEXT() REPRESENTATION_CONTEXT('2D SPACE',''
  ) );
#6125 = PCURVE('',#5988,#6126);
#6126 = DEFINITIONAL_REPRESENTATION('',(#6127),#6131);
#6127 = LINE('',#6128,#6129);
#6128 = CARTESIAN_POINT('',(-1.117888150092,8.094079711143));
#6129 = VECTOR('',#6130,1.);
#6130 = DIRECTION('',(0.,-1.));
#6131 = ( GEOMETRIC_REPRESENTATION_CONTEXT(2) 
PARAMETRIC_REPRESENTATION_CONTEXT() REPRESENTATION_CONTEXT('2D SPACE',''
  ) );
#6132 = ORIENTED_EDGE('',*,*,#4680,.T.);
#6133 = ORIENTED_EDGE('',*,*,#4734,.T.);
#6134 = ORIENTED_EDGE('',*,*,#4783,.T.);
#6135 = ORIENTED_EDGE('',*,*,#4832,.T.);
#6136 = ADVANCED_FACE('',(#6137),#4669,.T.);
#6137 = FACE_BOUND('',#6138,.T.);
#6138 = EDGE_LOOP('',(#6139,#6162,#6163,#6191));
#6139 = ORIENTED_EDGE('',*,*,#6140,.F.);
#6140 = EDGE_CURVE('',#4629,#6141,#6143,.T.);
#6141 = VERTEX_POINT('',#6142);
#6142 = CARTESIAN_POINT('',(38.8,-14.7,18.));
#6143 = SURFACE_CURVE('',#6144,(#6148,#6155),.PCURVE_S1.);
#6144 = LINE('',#6145,#6146);
#6145 = CARTESIAN_POINT('',(38.8,0.9,18.));
#6146 = VECTOR('',#6147,1.);
#6147 = DIRECTION('',(0.,-1.,0.));
#6148 = PCURVE('',#4669,#6149);
#6149 = DEFINITIONAL_REPRESENTATION('',(#6150),#6154);
#6150 = LINE('',#6151,#6152);
#6151 = CARTESIAN_POINT('',(0.,0.));
#6152 = VECTOR('',#6153,1.);
#6153 = DIRECTION('',(1.,0.));
#6154 = ( GEOMETRIC_REPRESENTATION_CONTEXT(2) 
PARAMETRIC_REPRESENTATION_CONTEXT() REPRESENTATION_CONTEXT('2D SPACE',''
  ) );
#6155 = PCURVE('',#4643,#6156);
#6156 = DEFINITIONAL_REPRESENTATION('',(#6157),#6161);
#6157 = LINE('',#6158,#6159);
#6158 = CARTESIAN_POINT('',(-1.117888150092,8.094079711143));
#6159 = VECTOR('',#6160,1.);
#6160 = DIRECTION('',(0.,-1.));
#6161 = ( GEOMETRIC_REPRESENTATION_CONTEXT(2) 
PARAMETRIC_REPRESENTATION_CONTEXT() REPRESENTATION_CONTEXT('2D SPACE',''
  ) );
#6162 = ORIENTED_EDGE('',*,*,#4654,.T.);
#6163 = ORIENTED_EDGE('',*,*,#6164,.T.);
#6164 = EDGE_CURVE('',#4655,#6165,#6167,.T.);
#6165 = VERTEX_POINT('',#6166);
#6166 = CARTESIAN_POINT('',(38.8,-14.7,24.));
#6167 = SURFACE_CURVE('',#6168,(#6172,#6179),.PCURVE_S1.);
#6168 = LINE('',#6169,#6170);
#6169 = CARTESIAN_POINT('',(38.8,0.9,24.));
#6170 = VECTOR('',#6171,1.);
#6171 = DIRECTION('',(0.,-1.,0.));
#6172 = PCURVE('',#4669,#6173);
#6173 = DEFINITIONAL_REPRESENTATION('',(#6174),#6178);
#6174 = LINE('',#6175,#6176);
#6175 = CARTESIAN_POINT('',(0.,-6.));
#6176 = VECTOR('',#6177,1.);
#6177 = DIRECTION('',(1.,0.));
#6178 = ( GEOMETRIC_REPRESENTATION_CONTEXT(2) 
PARAMETRIC_REPRESENTATION_CONTEXT() REPRESENTATION_CONTEXT('2D SPACE',''
  ) );
#6179 = PCURVE('',#6180,#6185);
#6180 = PLANE('',#6181);
#6181 = AXIS2_PLACEMENT_3D('',#6182,#6183,#6184);
#6182 = CARTESIAN_POINT('',(37.682111849908,-7.194079711143,24.));
#6183 = DIRECTION('',(-0.,-0.,-1.));
#6184 = DIRECTION('',(-1.,0.,0.));
#6185 = DEFINITIONAL_REPRESENTATION('',(#6186),#6190);
#6186 = LINE('',#6187,#6188);
#6187 = CARTESIAN_POINT('',(-1.117888150092,8.094079711143));
#6188 = VECTOR('',#6189,1.);
#6189 = DIRECTION('',(0.,-1.));
#6190 = ( GEOMETRIC_REPRESENTATION_CONTEXT(2) 
PARAMETRIC_REPRESENTATION_CONTEXT() REPRESENTATION_CONTEXT('2D SPACE',''
  ) );
#6191 = ORIENTED_EDGE('',*,*,#6192,.F.);
#6192 = EDGE_CURVE('',#6141,#6165,#6193,.T.);
#6193 = SURFACE_CURVE('',#6194,(#6198,#6205),.PCURVE_S1.);
#6194 = LINE('',#6195,#6196);
#6195 = CARTESIAN_POINT('',(38.8,-14.7,18.));
#6196 = VECTOR('',#6197,1.);
#6197 = DIRECTION('',(0.,0.,1.));
#6198 = PCURVE('',#4669,#6199);
#6199 = DEFINITIONAL_REPRESENTATION('',(#6200),#6204);
#6200 = LINE('',#6201,#6202);
#6201 = CARTESIAN_POINT('',(15.6,0.));
#6202 = VECTOR('',#6203,1.);
#6203 = DIRECTION('',(0.,-1.));
#6204 = ( GEOMETRIC_REPRESENTATION_CONTEXT(2) 
PARAMETRIC_REPRESENTATION_CONTEXT() REPRESENTATION_CONTEXT('2D SPACE',''
  ) );
#6205 = PCURVE('',#6206,#6211);
#6206 = PLANE('',#6207);
#6207 = AXIS2_PLACEMENT_3D('',#6208,#6209,#6210);
#6208 = CARTESIAN_POINT('',(38.8,-14.7,18.));
#6209 = DIRECTION('',(0.,-1.,0.));
#6210 = DIRECTION('',(-1.,0.,0.));
#6211 = DEFINITIONAL_REPRESENTATION('',(#6212),#6216);
#6212 = LINE('',#6213,#6214);
#6213 = CARTESIAN_POINT('',(0.,-0.));
#6214 = VECTOR('',#6215,1.);
#6215 = DIRECTION('',(0.,-1.));
#6216 = ( GEOMETRIC_REPRESENTATION_CONTEXT(2) 
PARAMETRIC_REPRESENTATION_CONTEXT() REPRESENTATION_CONTEXT('2D SPACE',''
  ) );
#6217 = ADVANCED_FACE('',(#6218),#4643,.T.);
#6218 = FACE_BOUND('',#6219,.T.);
#6219 = EDGE_LOOP('',(#6220,#6243,#6244,#6245,#6246,#6269,#6295));
#6220 = ORIENTED_EDGE('',*,*,#6221,.F.);
#6221 = EDGE_CURVE('',#4856,#6222,#6224,.T.);
#6222 = VERTEX_POINT('',#6223);
#6223 = CARTESIAN_POINT('',(36.8,0.9,18.));
#6224 = SURFACE_CURVE('',#6225,(#6229,#6236),.PCURVE_S1.);
#6225 = LINE('',#6226,#6227);
#6226 = CARTESIAN_POINT('',(38.8,0.9,18.));
#6227 = VECTOR('',#6228,1.);
#6228 = DIRECTION('',(-1.,0.,0.));
#6229 = PCURVE('',#4643,#6230);
#6230 = DEFINITIONAL_REPRESENTATION('',(#6231),#6235);
#6231 = LINE('',#6232,#6233);
#6232 = CARTESIAN_POINT('',(-1.117888150092,8.094079711143));
#6233 = VECTOR('',#6234,1.);
#6234 = DIRECTION('',(1.,0.));
#6235 = ( GEOMETRIC_REPRESENTATION_CONTEXT(2) 
PARAMETRIC_REPRESENTATION_CONTEXT() REPRESENTATION_CONTEXT('2D SPACE',''
  ) );
#6236 = PCURVE('',#4870,#6237);
#6237 = DEFINITIONAL_REPRESENTATION('',(#6238),#6242);
#6238 = LINE('',#6239,#6240);
#6239 = CARTESIAN_POINT('',(2.,0.));
#6240 = VECTOR('',#6241,1.);
#6241 = DIRECTION('',(-1.,0.));
#6242 = ( GEOMETRIC_REPRESENTATION_CONTEXT(2) 
PARAMETRIC_REPRESENTATION_CONTEXT() REPRESENTATION_CONTEXT('2D SPACE',''
  ) );
#6243 = ORIENTED_EDGE('',*,*,#4881,.T.);
#6244 = ORIENTED_EDGE('',*,*,#4628,.T.);
#6245 = ORIENTED_EDGE('',*,*,#6140,.T.);
#6246 = ORIENTED_EDGE('',*,*,#6247,.F.);
#6247 = EDGE_CURVE('',#6248,#6141,#6250,.T.);
#6248 = VERTEX_POINT('',#6249);
#6249 = CARTESIAN_POINT('',(36.8,-14.7,18.));
#6250 = SURFACE_CURVE('',#6251,(#6255,#6262),.PCURVE_S1.);
#6251 = LINE('',#6252,#6253);
#6252 = CARTESIAN_POINT('',(35.8,-14.7,18.));
#6253 = VECTOR('',#6254,1.);
#6254 = DIRECTION('',(1.,0.,0.));
#6255 = PCURVE('',#4643,#6256);
#6256 = DEFINITIONAL_REPRESENTATION('',(#6257),#6261);
#6257 = LINE('',#6258,#6259);
#6258 = CARTESIAN_POINT('',(1.882111849908,-7.505920288857));
#6259 = VECTOR('',#6260,1.);
#6260 = DIRECTION('',(-1.,0.));
#6261 = ( GEOMETRIC_REPRESENTATION_CONTEXT(2) 
PARAMETRIC_REPRESENTATION_CONTEXT() REPRESENTATION_CONTEXT('2D SPACE',''
  ) );
#6262 = PCURVE('',#6206,#6263);
#6263 = DEFINITIONAL_REPRESENTATION('',(#6264),#6268);
#6264 = LINE('',#6265,#6266);
#6265 = CARTESIAN_POINT('',(3.,0.));
#6266 = VECTOR('',#6267,1.);
#6267 = DIRECTION('',(-1.,-0.));
#6268 = ( GEOMETRIC_REPRESENTATION_CONTEXT(2) 
PARAMETRIC_REPRESENTATION_CONTEXT() REPRESENTATION_CONTEXT('2D SPACE',''
  ) );
#6269 = ORIENTED_EDGE('',*,*,#6270,.F.);
#6270 = EDGE_CURVE('',#6271,#6248,#6273,.T.);
#6271 = VERTEX_POINT('',#6272);
#6272 = CARTESIAN_POINT('',(36.8,-12.3,18.));
#6273 = SURFACE_CURVE('',#6274,(#6278,#6284),.PCURVE_S1.);
#6274 = LINE('',#6275,#6276);
#6275 = CARTESIAN_POINT('',(36.8,-19.59703985557,18.));
#6276 = VECTOR('',#6277,1.);
#6277 = DIRECTION('',(0.,-1.,0.));
#6278 = PCURVE('',#4643,#6279);
#6279 = DEFINITIONAL_REPRESENTATION('',(#6280),#6283);
#6280 = B_SPLINE_CURVE_WITH_KNOTS('',1,(#6281,#6282),.UNSPECIFIED.,.F.,
  .F.,(2,2),(-20.49703985557,-4.897039855571),.PIECEWISE_BEZIER_KNOTS.);
#6281 = CARTESIAN_POINT('',(0.882111849908,8.094079711143));
#6282 = CARTESIAN_POINT('',(0.882111849908,-7.505920288857));
#6283 = ( GEOMETRIC_REPRESENTATION_CONTEXT(2) 
PARAMETRIC_REPRESENTATION_CONTEXT() REPRESENTATION_CONTEXT('2D SPACE',''
  ) );
#6284 = PCURVE('',#6285,#6290);
#6285 = PLANE('',#6286);
#6286 = AXIS2_PLACEMENT_3D('',#6287,#6288,#6289);
#6287 = CARTESIAN_POINT('',(36.8,-32.,-1.));
#6288 = DIRECTION('',(1.,0.,-0.));
#6289 = DIRECTION('',(0.,0.,1.));
#6290 = DEFINITIONAL_REPRESENTATION('',(#6291),#6294);
#6291 = B_SPLINE_CURVE_WITH_KNOTS('',1,(#6292,#6293),.UNSPECIFIED.,.F.,
  .F.,(2,2),(-20.49703985557,-4.897039855571),.PIECEWISE_BEZIER_KNOTS.);
#6292 = CARTESIAN_POINT('',(19.,-32.9));
#6293 = CARTESIAN_POINT('',(19.,-17.3));
#6294 = ( GEOMETRIC_REPRESENTATION_CONTEXT(2) 
PARAMETRIC_REPRESENTATION_CONTEXT() REPRESENTATION_CONTEXT('2D SPACE',''
  ) );
#6295 = ORIENTED_EDGE('',*,*,#6296,.T.);
#6296 = EDGE_CURVE('',#6271,#6222,#6297,.T.);
#6297 = SURFACE_CURVE('',#6298,(#6302,#6309),.PCURVE_S1.);
#6298 = LINE('',#6299,#6300);
#6299 = CARTESIAN_POINT('',(36.8,-12.3,18.));
#6300 = VECTOR('',#6301,1.);
#6301 = DIRECTION('',(0.,1.,0.));
#6302 = PCURVE('',#4643,#6303);
#6303 = DEFINITIONAL_REPRESENTATION('',(#6304),#6308);
#6304 = LINE('',#6305,#6306);
#6305 = CARTESIAN_POINT('',(0.882111849908,-5.105920288857));
#6306 = VECTOR('',#6307,1.);
#6307 = DIRECTION('',(0.,1.));
#6308 = ( GEOMETRIC_REPRESENTATION_CONTEXT(2) 
PARAMETRIC_REPRESENTATION_CONTEXT() REPRESENTATION_CONTEXT('2D SPACE',''
  ) );
#6309 = PCURVE('',#6310,#6315);
#6310 = PLANE('',#6311);
#6311 = AXIS2_PLACEMENT_3D('',#6312,#6313,#6314);
#6312 = CARTESIAN_POINT('',(36.8,-12.3,18.));
#6313 = DIRECTION('',(-1.,0.,0.));
#6314 = DIRECTION('',(0.,1.,0.));
#6315 = DEFINITIONAL_REPRESENTATION('',(#6316),#6320);
#6316 = LINE('',#6317,#6318);
#6317 = CARTESIAN_POINT('',(0.,0.));
#6318 = VECTOR('',#6319,1.);
#6319 = DIRECTION('',(1.,0.));
#6320 = ( GEOMETRIC_REPRESENTATION_CONTEXT(2) 
PARAMETRIC_REPRESENTATION_CONTEXT() REPRESENTATION_CONTEXT('2D SPACE',''
  ) );
#6321 = ADVANCED_FACE('',(#6322),#4870,.T.);
#6322 = FACE_BOUND('',#6323,.T.);
#6323 = EDGE_LOOP('',(#6324,#6325,#6348,#6376,#6397));
#6324 = ORIENTED_EDGE('',*,*,#6221,.T.);
#6325 = ORIENTED_EDGE('',*,*,#6326,.T.);
#6326 = EDGE_CURVE('',#6222,#6327,#6329,.T.);
#6327 = VERTEX_POINT('',#6328);
#6328 = CARTESIAN_POINT('',(36.8,0.9,21.8));
#6329 = SURFACE_CURVE('',#6330,(#6334,#6341),.PCURVE_S1.);
#6330 = LINE('',#6331,#6332);
#6331 = CARTESIAN_POINT('',(36.8,0.9,18.));
#6332 = VECTOR('',#6333,1.);
#6333 = DIRECTION('',(0.,0.,1.));
#6334 = PCURVE('',#4870,#6335);
#6335 = DEFINITIONAL_REPRESENTATION('',(#6336),#6340);
#6336 = LINE('',#6337,#6338);
#6337 = CARTESIAN_POINT('',(0.,0.));
#6338 = VECTOR('',#6339,1.);
#6339 = DIRECTION('',(0.,-1.));
#6340 = ( GEOMETRIC_REPRESENTATION_CONTEXT(2) 
PARAMETRIC_REPRESENTATION_CONTEXT() REPRESENTATION_CONTEXT('2D SPACE',''
  ) );
#6341 = PCURVE('',#6310,#6342);
#6342 = DEFINITIONAL_REPRESENTATION('',(#6343),#6347);
#6343 = LINE('',#6344,#6345);
#6344 = CARTESIAN_POINT('',(13.2,0.));
#6345 = VECTOR('',#6346,1.);
#6346 = DIRECTION('',(0.,-1.));
#6347 = ( GEOMETRIC_REPRESENTATION_CONTEXT(2) 
PARAMETRIC_REPRESENTATION_CONTEXT() REPRESENTATION_CONTEXT('2D SPACE',''
  ) );
#6348 = ORIENTED_EDGE('',*,*,#6349,.T.);
#6349 = EDGE_CURVE('',#6327,#6350,#6352,.T.);
#6350 = VERTEX_POINT('',#6351);
#6351 = CARTESIAN_POINT('',(36.8,0.9,24.));
#6352 = SURFACE_CURVE('',#6353,(#6357,#6364),.PCURVE_S1.);
#6353 = LINE('',#6354,#6355);
#6354 = CARTESIAN_POINT('',(36.8,0.9,18.));
#6355 = VECTOR('',#6356,1.);
#6356 = DIRECTION('',(0.,0.,1.));
#6357 = PCURVE('',#4870,#6358);
#6358 = DEFINITIONAL_REPRESENTATION('',(#6359),#6363);
#6359 = LINE('',#6360,#6361);
#6360 = CARTESIAN_POINT('',(0.,0.));
#6361 = VECTOR('',#6362,1.);
#6362 = DIRECTION('',(0.,-1.));
#6363 = ( GEOMETRIC_REPRESENTATION_CONTEXT(2) 
PARAMETRIC_REPRESENTATION_CONTEXT() REPRESENTATION_CONTEXT('2D SPACE',''
  ) );
#6364 = PCURVE('',#6365,#6370);
#6365 = PLANE('',#6366);
#6366 = AXIS2_PLACEMENT_3D('',#6367,#6368,#6369);
#6367 = CARTESIAN_POINT('',(36.8,-12.3,18.));
#6368 = DIRECTION('',(-1.,0.,0.));
#6369 = DIRECTION('',(0.,1.,0.));
#6370 = DEFINITIONAL_REPRESENTATION('',(#6371),#6375);
#6371 = LINE('',#6372,#6373);
#6372 = CARTESIAN_POINT('',(13.2,0.));
#6373 = VECTOR('',#6374,1.);
#6374 = DIRECTION('',(0.,-1.));
#6375 = ( GEOMETRIC_REPRESENTATION_CONTEXT(2) 
PARAMETRIC_REPRESENTATION_CONTEXT() REPRESENTATION_CONTEXT('2D SPACE',''
  ) );
#6376 = ORIENTED_EDGE('',*,*,#6377,.T.);
#6377 = EDGE_CURVE('',#6350,#4833,#6378,.T.);
#6378 = SURFACE_CURVE('',#6379,(#6383,#6390),.PCURVE_S1.);
#6379 = LINE('',#6380,#6381);
#6380 = CARTESIAN_POINT('',(36.8,0.9,24.));
#6381 = VECTOR('',#6382,1.);
#6382 = DIRECTION('',(1.,0.,0.));
#6383 = PCURVE('',#4870,#6384);
#6384 = DEFINITIONAL_REPRESENTATION('',(#6385),#6389);
#6385 = LINE('',#6386,#6387);
#6386 = CARTESIAN_POINT('',(0.,-6.));
#6387 = VECTOR('',#6388,1.);
#6388 = DIRECTION('',(1.,0.));
#6389 = ( GEOMETRIC_REPRESENTATION_CONTEXT(2) 
PARAMETRIC_REPRESENTATION_CONTEXT() REPRESENTATION_CONTEXT('2D SPACE',''
  ) );
#6390 = PCURVE('',#6180,#6391);
#6391 = DEFINITIONAL_REPRESENTATION('',(#6392),#6396);
#6392 = LINE('',#6393,#6394);
#6393 = CARTESIAN_POINT('',(0.882111849908,8.094079711143));
#6394 = VECTOR('',#6395,1.);
#6395 = DIRECTION('',(-1.,0.));
#6396 = ( GEOMETRIC_REPRESENTATION_CONTEXT(2) 
PARAMETRIC_REPRESENTATION_CONTEXT() REPRESENTATION_CONTEXT('2D SPACE',''
  ) );
#6397 = ORIENTED_EDGE('',*,*,#4855,.T.);
#6398 = ADVANCED_FACE('',(#6399),#4944,.T.);
#6399 = FACE_BOUND('',#6400,.T.);
#6400 = EDGE_LOOP('',(#6401,#6402,#6403,#6404));
#6401 = ORIENTED_EDGE('',*,*,#5053,.T.);
#6402 = ORIENTED_EDGE('',*,*,#4928,.T.);
#6403 = ORIENTED_EDGE('',*,*,#4982,.T.);
#6404 = ORIENTED_EDGE('',*,*,#5080,.T.);
#6405 = ADVANCED_FACE('',(#6406),#5145,.T.);
#6406 = FACE_BOUND('',#6407,.T.);
#6407 = EDGE_LOOP('',(#6408,#6409,#6410,#6411));
#6408 = ORIENTED_EDGE('',*,*,#5254,.T.);
#6409 = ORIENTED_EDGE('',*,*,#5129,.T.);
#6410 = ORIENTED_EDGE('',*,*,#5183,.T.);
#6411 = ORIENTED_EDGE('',*,*,#5281,.T.);
#6412 = ADVANCED_FACE('',(#6413),#5346,.T.);
#6413 = FACE_BOUND('',#6414,.T.);
#6414 = EDGE_LOOP('',(#6415,#6416,#6417,#6418));
#6415 = ORIENTED_EDGE('',*,*,#5455,.T.);
#6416 = ORIENTED_EDGE('',*,*,#5330,.T.);
#6417 = ORIENTED_EDGE('',*,*,#5384,.T.);
#6418 = ORIENTED_EDGE('',*,*,#5482,.T.);
#6419 = ADVANCED_FACE('',(#6420),#5561,.T.);
#6420 = FACE_BOUND('',#6421,.T.);
#6421 = EDGE_LOOP('',(#6422,#6423,#6444,#6445,#6468));
#6422 = ORIENTED_EDGE('',*,*,#5685,.F.);
#6423 = ORIENTED_EDGE('',*,*,#6424,.T.);
#6424 = EDGE_CURVE('',#5658,#5546,#6425,.T.);
#6425 = SURFACE_CURVE('',#6426,(#6430,#6437),.PCURVE_S1.);
#6426 = LINE('',#6427,#6428);
#6427 = CARTESIAN_POINT('',(1.2,0.9,24.));
#6428 = VECTOR('',#6429,1.);
#6429 = DIRECTION('',(0.,-1.,0.));
#6430 = PCURVE('',#5561,#6431);
#6431 = DEFINITIONAL_REPRESENTATION('',(#6432),#6436);
#6432 = LINE('',#6433,#6434);
#6433 = CARTESIAN_POINT('',(-1.117888150092,8.094079711143));
#6434 = VECTOR('',#6435,1.);
#6435 = DIRECTION('',(0.,-1.));
#6436 = ( GEOMETRIC_REPRESENTATION_CONTEXT(2) 
PARAMETRIC_REPRESENTATION_CONTEXT() REPRESENTATION_CONTEXT('2D SPACE',''
  ) );
#6437 = PCURVE('',#5673,#6438);
#6438 = DEFINITIONAL_REPRESENTATION('',(#6439),#6443);
#6439 = LINE('',#6440,#6441);
#6440 = CARTESIAN_POINT('',(4.6,0.));
#6441 = VECTOR('',#6442,1.);
#6442 = DIRECTION('',(-1.,0.));
#6443 = ( GEOMETRIC_REPRESENTATION_CONTEXT(2) 
PARAMETRIC_REPRESENTATION_CONTEXT() REPRESENTATION_CONTEXT('2D SPACE',''
  ) );
#6444 = ORIENTED_EDGE('',*,*,#5545,.T.);
#6445 = ORIENTED_EDGE('',*,*,#6446,.T.);
#6446 = EDGE_CURVE('',#4383,#6447,#6449,.T.);
#6447 = VERTEX_POINT('',#6448);
#6448 = CARTESIAN_POINT('',(1.8,-4.7,24.));
#6449 = SURFACE_CURVE('',#6450,(#6454,#6461),.PCURVE_S1.);
#6450 = LINE('',#6451,#6452);
#6451 = CARTESIAN_POINT('',(-3.4,-4.7,24.));
#6452 = VECTOR('',#6453,1.);
#6453 = DIRECTION('',(1.,0.,0.));
#6454 = PCURVE('',#5561,#6455);
#6455 = DEFINITIONAL_REPRESENTATION('',(#6456),#6460);
#6456 = LINE('',#6457,#6458);
#6457 = CARTESIAN_POINT('',(-5.717888150092,2.494079711143));
#6458 = VECTOR('',#6459,1.);
#6459 = DIRECTION('',(1.,0.));
#6460 = ( GEOMETRIC_REPRESENTATION_CONTEXT(2) 
PARAMETRIC_REPRESENTATION_CONTEXT() REPRESENTATION_CONTEXT('2D SPACE',''
  ) );
#6461 = PCURVE('',#5859,#6462);
#6462 = DEFINITIONAL_REPRESENTATION('',(#6463),#6467);
#6463 = LINE('',#6464,#6465);
#6464 = CARTESIAN_POINT('',(-5.717888150092,2.494079711143));
#6465 = VECTOR('',#6466,1.);
#6466 = DIRECTION('',(1.,0.));
#6467 = ( GEOMETRIC_REPRESENTATION_CONTEXT(2) 
PARAMETRIC_REPRESENTATION_CONTEXT() REPRESENTATION_CONTEXT('2D SPACE',''
  ) );
#6468 = ORIENTED_EDGE('',*,*,#6469,.T.);
#6469 = EDGE_CURVE('',#6447,#4554,#6470,.T.);
#6470 = SURFACE_CURVE('',#6471,(#6475,#6482),.PCURVE_S1.);
#6471 = LINE('',#6472,#6473);
#6472 = CARTESIAN_POINT('',(1.8,-4.7,24.));
#6473 = VECTOR('',#6474,1.);
#6474 = DIRECTION('',(0.,1.,0.));
#6475 = PCURVE('',#5561,#6476);
#6476 = DEFINITIONAL_REPRESENTATION('',(#6477),#6481);
#6477 = LINE('',#6478,#6479);
#6478 = CARTESIAN_POINT('',(-0.517888150092,2.494079711143));
#6479 = VECTOR('',#6480,1.);
#6480 = DIRECTION('',(0.,1.));
#6481 = ( GEOMETRIC_REPRESENTATION_CONTEXT(2) 
PARAMETRIC_REPRESENTATION_CONTEXT() REPRESENTATION_CONTEXT('2D SPACE',''
  ) );
#6482 = PCURVE('',#5859,#6483);
#6483 = DEFINITIONAL_REPRESENTATION('',(#6484),#6488);
#6484 = LINE('',#6485,#6486);
#6485 = CARTESIAN_POINT('',(-0.517888150092,2.494079711143));
#6486 = VECTOR('',#6487,1.);
#6487 = DIRECTION('',(0.,1.));
#6488 = ( GEOMETRIC_REPRESENTATION_CONTEXT(2) 
PARAMETRIC_REPRESENTATION_CONTEXT() REPRESENTATION_CONTEXT('2D SPACE',''
  ) );
#6489 = ADVANCED_FACE('',(#6490),#5673,.F.);
#6490 = FACE_BOUND('',#6491,.F.);
#6491 = EDGE_LOOP('',(#6492,#6515,#6543,#6564,#6565));
#6492 = ORIENTED_EDGE('',*,*,#6493,.T.);
#6493 = EDGE_CURVE('',#5546,#6494,#6496,.T.);
#6494 = VERTEX_POINT('',#6495);
#6495 = CARTESIAN_POINT('',(1.2,-3.7,28.));
#6496 = SURFACE_CURVE('',#6497,(#6501,#6508),.PCURVE_S1.);
#6497 = LINE('',#6498,#6499);
#6498 = CARTESIAN_POINT('',(1.2,-3.7,24.));
#6499 = VECTOR('',#6500,1.);
#6500 = DIRECTION('',(0.,0.,1.));
#6501 = PCURVE('',#5673,#6502);
#6502 = DEFINITIONAL_REPRESENTATION('',(#6503),#6507);
#6503 = LINE('',#6504,#6505);
#6504 = CARTESIAN_POINT('',(0.,0.));
#6505 = VECTOR('',#6506,1.);
#6506 = DIRECTION('',(0.,-1.));
#6507 = ( GEOMETRIC_REPRESENTATION_CONTEXT(2) 
PARAMETRIC_REPRESENTATION_CONTEXT() REPRESENTATION_CONTEXT('2D SPACE',''
  ) );
#6508 = PCURVE('',#5589,#6509);
#6509 = DEFINITIONAL_REPRESENTATION('',(#6510),#6514);
#6510 = LINE('',#6511,#6512);
#6511 = CARTESIAN_POINT('',(2.,0.));
#6512 = VECTOR('',#6513,1.);
#6513 = DIRECTION('',(0.,-1.));
#6514 = ( GEOMETRIC_REPRESENTATION_CONTEXT(2) 
PARAMETRIC_REPRESENTATION_CONTEXT() REPRESENTATION_CONTEXT('2D SPACE',''
  ) );
#6515 = ORIENTED_EDGE('',*,*,#6516,.T.);
#6516 = EDGE_CURVE('',#6494,#6517,#6519,.T.);
#6517 = VERTEX_POINT('',#6518);
#6518 = CARTESIAN_POINT('',(1.2,1.3,28.));
#6519 = SURFACE_CURVE('',#6520,(#6524,#6531),.PCURVE_S1.);
#6520 = LINE('',#6521,#6522);
#6521 = CARTESIAN_POINT('',(1.2,-3.7,28.));
#6522 = VECTOR('',#6523,1.);
#6523 = DIRECTION('',(0.,1.,0.));
#6524 = PCURVE('',#5673,#6525);
#6525 = DEFINITIONAL_REPRESENTATION('',(#6526),#6530);
#6526 = LINE('',#6527,#6528);
#6527 = CARTESIAN_POINT('',(0.,-4.));
#6528 = VECTOR('',#6529,1.);
#6529 = DIRECTION('',(1.,0.));
#6530 = ( GEOMETRIC_REPRESENTATION_CONTEXT(2) 
PARAMETRIC_REPRESENTATION_CONTEXT() REPRESENTATION_CONTEXT('2D SPACE',''
  ) );
#6531 = PCURVE('',#6532,#6537);
#6532 = PLANE('',#6533);
#6533 = AXIS2_PLACEMENT_3D('',#6534,#6535,#6536);
#6534 = CARTESIAN_POINT('',(0.2,-1.2,28.));
#6535 = DIRECTION('',(0.,0.,1.));
#6536 = DIRECTION('',(1.,0.,-0.));
#6537 = DEFINITIONAL_REPRESENTATION('',(#6538),#6542);
#6538 = LINE('',#6539,#6540);
#6539 = CARTESIAN_POINT('',(1.,-2.5));
#6540 = VECTOR('',#6541,1.);
#6541 = DIRECTION('',(0.,1.));
#6542 = ( GEOMETRIC_REPRESENTATION_CONTEXT(2) 
PARAMETRIC_REPRESENTATION_CONTEXT() REPRESENTATION_CONTEXT('2D SPACE',''
  ) );
#6543 = ORIENTED_EDGE('',*,*,#6544,.F.);
#6544 = EDGE_CURVE('',#5630,#6517,#6545,.T.);
#6545 = SURFACE_CURVE('',#6546,(#6550,#6557),.PCURVE_S1.);
#6546 = LINE('',#6547,#6548);
#6547 = CARTESIAN_POINT('',(1.2,1.3,24.));
#6548 = VECTOR('',#6549,1.);
#6549 = DIRECTION('',(0.,0.,1.));
#6550 = PCURVE('',#5673,#6551);
#6551 = DEFINITIONAL_REPRESENTATION('',(#6552),#6556);
#6552 = LINE('',#6553,#6554);
#6553 = CARTESIAN_POINT('',(5.,0.));
#6554 = VECTOR('',#6555,1.);
#6555 = DIRECTION('',(0.,-1.));
#6556 = ( GEOMETRIC_REPRESENTATION_CONTEXT(2) 
PARAMETRIC_REPRESENTATION_CONTEXT() REPRESENTATION_CONTEXT('2D SPACE',''
  ) );
#6557 = PCURVE('',#5645,#6558);
#6558 = DEFINITIONAL_REPRESENTATION('',(#6559),#6563);
#6559 = LINE('',#6560,#6561);
#6560 = CARTESIAN_POINT('',(0.,-0.));
#6561 = VECTOR('',#6562,1.);
#6562 = DIRECTION('',(0.,-1.));
#6563 = ( GEOMETRIC_REPRESENTATION_CONTEXT(2) 
PARAMETRIC_REPRESENTATION_CONTEXT() REPRESENTATION_CONTEXT('2D SPACE',''
  ) );
#6564 = ORIENTED_EDGE('',*,*,#5657,.F.);
#6565 = ORIENTED_EDGE('',*,*,#6424,.T.);
#6566 = ADVANCED_FACE('',(#6567),#5645,.F.);
#6567 = FACE_BOUND('',#6568,.F.);
#6568 = EDGE_LOOP('',(#6569,#6570,#6593,#6614));
#6569 = ORIENTED_EDGE('',*,*,#6544,.T.);
#6570 = ORIENTED_EDGE('',*,*,#6571,.T.);
#6571 = EDGE_CURVE('',#6517,#6572,#6574,.T.);
#6572 = VERTEX_POINT('',#6573);
#6573 = CARTESIAN_POINT('',(-0.8,1.3,28.));
#6574 = SURFACE_CURVE('',#6575,(#6579,#6586),.PCURVE_S1.);
#6575 = LINE('',#6576,#6577);
#6576 = CARTESIAN_POINT('',(1.2,1.3,28.));
#6577 = VECTOR('',#6578,1.);
#6578 = DIRECTION('',(-1.,0.,0.));
#6579 = PCURVE('',#5645,#6580);
#6580 = DEFINITIONAL_REPRESENTATION('',(#6581),#6585);
#6581 = LINE('',#6582,#6583);
#6582 = CARTESIAN_POINT('',(0.,-4.));
#6583 = VECTOR('',#6584,1.);
#6584 = DIRECTION('',(1.,0.));
#6585 = ( GEOMETRIC_REPRESENTATION_CONTEXT(2) 
PARAMETRIC_REPRESENTATION_CONTEXT() REPRESENTATION_CONTEXT('2D SPACE',''
  ) );
#6586 = PCURVE('',#6532,#6587);
#6587 = DEFINITIONAL_REPRESENTATION('',(#6588),#6592);
#6588 = LINE('',#6589,#6590);
#6589 = CARTESIAN_POINT('',(1.,2.5));
#6590 = VECTOR('',#6591,1.);
#6591 = DIRECTION('',(-1.,0.));
#6592 = ( GEOMETRIC_REPRESENTATION_CONTEXT(2) 
PARAMETRIC_REPRESENTATION_CONTEXT() REPRESENTATION_CONTEXT('2D SPACE',''
  ) );
#6593 = ORIENTED_EDGE('',*,*,#6594,.F.);
#6594 = EDGE_CURVE('',#5602,#6572,#6595,.T.);
#6595 = SURFACE_CURVE('',#6596,(#6600,#6607),.PCURVE_S1.);
#6596 = LINE('',#6597,#6598);
#6597 = CARTESIAN_POINT('',(-0.8,1.3,24.));
#6598 = VECTOR('',#6599,1.);
#6599 = DIRECTION('',(0.,0.,1.));
#6600 = PCURVE('',#5645,#6601);
#6601 = DEFINITIONAL_REPRESENTATION('',(#6602),#6606);
#6602 = LINE('',#6603,#6604);
#6603 = CARTESIAN_POINT('',(2.,0.));
#6604 = VECTOR('',#6605,1.);
#6605 = DIRECTION('',(0.,-1.));
#6606 = ( GEOMETRIC_REPRESENTATION_CONTEXT(2) 
PARAMETRIC_REPRESENTATION_CONTEXT() REPRESENTATION_CONTEXT('2D SPACE',''
  ) );
#6607 = PCURVE('',#5617,#6608);
#6608 = DEFINITIONAL_REPRESENTATION('',(#6609),#6613);
#6609 = LINE('',#6610,#6611);
#6610 = CARTESIAN_POINT('',(0.,0.));
#6611 = VECTOR('',#6612,1.);
#6612 = DIRECTION('',(0.,-1.));
#6613 = ( GEOMETRIC_REPRESENTATION_CONTEXT(2) 
PARAMETRIC_REPRESENTATION_CONTEXT() REPRESENTATION_CONTEXT('2D SPACE',''
  ) );
#6614 = ORIENTED_EDGE('',*,*,#5629,.F.);
#6615 = ADVANCED_FACE('',(#6616),#5617,.F.);
#6616 = FACE_BOUND('',#6617,.F.);
#6617 = EDGE_LOOP('',(#6618,#6619,#6642,#6663));
#6618 = ORIENTED_EDGE('',*,*,#6594,.T.);
#6619 = ORIENTED_EDGE('',*,*,#6620,.T.);
#6620 = EDGE_CURVE('',#6572,#6621,#6623,.T.);
#6621 = VERTEX_POINT('',#6622);
#6622 = CARTESIAN_POINT('',(-0.8,-3.7,28.));
#6623 = SURFACE_CURVE('',#6624,(#6628,#6635),.PCURVE_S1.);
#6624 = LINE('',#6625,#6626);
#6625 = CARTESIAN_POINT('',(-0.8,1.3,28.));
#6626 = VECTOR('',#6627,1.);
#6627 = DIRECTION('',(0.,-1.,0.));
#6628 = PCURVE('',#5617,#6629);
#6629 = DEFINITIONAL_REPRESENTATION('',(#6630),#6634);
#6630 = LINE('',#6631,#6632);
#6631 = CARTESIAN_POINT('',(0.,-4.));
#6632 = VECTOR('',#6633,1.);
#6633 = DIRECTION('',(1.,0.));
#6634 = ( GEOMETRIC_REPRESENTATION_CONTEXT(2) 
PARAMETRIC_REPRESENTATION_CONTEXT() REPRESENTATION_CONTEXT('2D SPACE',''
  ) );
#6635 = PCURVE('',#6532,#6636);
#6636 = DEFINITIONAL_REPRESENTATION('',(#6637),#6641);
#6637 = LINE('',#6638,#6639);
#6638 = CARTESIAN_POINT('',(-1.,2.5));
#6639 = VECTOR('',#6640,1.);
#6640 = DIRECTION('',(0.,-1.));
#6641 = ( GEOMETRIC_REPRESENTATION_CONTEXT(2) 
PARAMETRIC_REPRESENTATION_CONTEXT() REPRESENTATION_CONTEXT('2D SPACE',''
  ) );
#6642 = ORIENTED_EDGE('',*,*,#6643,.F.);
#6643 = EDGE_CURVE('',#5574,#6621,#6644,.T.);
#6644 = SURFACE_CURVE('',#6645,(#6649,#6656),.PCURVE_S1.);
#6645 = LINE('',#6646,#6647);
#6646 = CARTESIAN_POINT('',(-0.8,-3.7,24.));
#6647 = VECTOR('',#6648,1.);
#6648 = DIRECTION('',(0.,0.,1.));
#6649 = PCURVE('',#5617,#6650);
#6650 = DEFINITIONAL_REPRESENTATION('',(#6651),#6655);
#6651 = LINE('',#6652,#6653);
#6652 = CARTESIAN_POINT('',(5.,0.));
#6653 = VECTOR('',#6654,1.);
#6654 = DIRECTION('',(0.,-1.));
#6655 = ( GEOMETRIC_REPRESENTATION_CONTEXT(2) 
PARAMETRIC_REPRESENTATION_CONTEXT() REPRESENTATION_CONTEXT('2D SPACE',''
  ) );
#6656 = PCURVE('',#5589,#6657);
#6657 = DEFINITIONAL_REPRESENTATION('',(#6658),#6662);
#6658 = LINE('',#6659,#6660);
#6659 = CARTESIAN_POINT('',(0.,0.));
#6660 = VECTOR('',#6661,1.);
#6661 = DIRECTION('',(0.,-1.));
#6662 = ( GEOMETRIC_REPRESENTATION_CONTEXT(2) 
PARAMETRIC_REPRESENTATION_CONTEXT() REPRESENTATION_CONTEXT('2D SPACE',''
  ) );
#6663 = ORIENTED_EDGE('',*,*,#5601,.F.);
#6664 = ADVANCED_FACE('',(#6665),#5589,.F.);
#6665 = FACE_BOUND('',#6666,.F.);
#6666 = EDGE_LOOP('',(#6667,#6668,#6689,#6690));
#6667 = ORIENTED_EDGE('',*,*,#6643,.T.);
#6668 = ORIENTED_EDGE('',*,*,#6669,.T.);
#6669 = EDGE_CURVE('',#6621,#6494,#6670,.T.);
#6670 = SURFACE_CURVE('',#6671,(#6675,#6682),.PCURVE_S1.);
#6671 = LINE('',#6672,#6673);
#6672 = CARTESIAN_POINT('',(-0.8,-3.7,28.));
#6673 = VECTOR('',#6674,1.);
#6674 = DIRECTION('',(1.,0.,0.));
#6675 = PCURVE('',#5589,#6676);
#6676 = DEFINITIONAL_REPRESENTATION('',(#6677),#6681);
#6677 = LINE('',#6678,#6679);
#6678 = CARTESIAN_POINT('',(0.,-4.));
#6679 = VECTOR('',#6680,1.);
#6680 = DIRECTION('',(1.,0.));
#6681 = ( GEOMETRIC_REPRESENTATION_CONTEXT(2) 
PARAMETRIC_REPRESENTATION_CONTEXT() REPRESENTATION_CONTEXT('2D SPACE',''
  ) );
#6682 = PCURVE('',#6532,#6683);
#6683 = DEFINITIONAL_REPRESENTATION('',(#6684),#6688);
#6684 = LINE('',#6685,#6686);
#6685 = CARTESIAN_POINT('',(-1.,-2.5));
#6686 = VECTOR('',#6687,1.);
#6687 = DIRECTION('',(1.,0.));
#6688 = ( GEOMETRIC_REPRESENTATION_CONTEXT(2) 
PARAMETRIC_REPRESENTATION_CONTEXT() REPRESENTATION_CONTEXT('2D SPACE',''
  ) );
#6689 = ORIENTED_EDGE('',*,*,#6493,.F.);
#6690 = ORIENTED_EDGE('',*,*,#5573,.F.);
#6691 = ADVANCED_FACE('',(#6692),#5728,.F.);
#6692 = FACE_BOUND('',#6693,.F.);
#6693 = EDGE_LOOP('',(#6694,#6695,#6718,#6739));
#6694 = ORIENTED_EDGE('',*,*,#5710,.F.);
#6695 = ORIENTED_EDGE('',*,*,#6696,.T.);
#6696 = EDGE_CURVE('',#5711,#6697,#6699,.T.);
#6697 = VERTEX_POINT('',#6698);
#6698 = CARTESIAN_POINT('',(3.2,-12.3,21.8));
#6699 = SURFACE_CURVE('',#6700,(#6704,#6711),.PCURVE_S1.);
#6700 = LINE('',#6701,#6702);
#6701 = CARTESIAN_POINT('',(3.2,-12.3,18.));
#6702 = VECTOR('',#6703,1.);
#6703 = DIRECTION('',(0.,0.,1.));
#6704 = PCURVE('',#5728,#6705);
#6705 = DEFINITIONAL_REPRESENTATION('',(#6706),#6710);
#6706 = LINE('',#6707,#6708);
#6707 = CARTESIAN_POINT('',(0.,0.));
#6708 = VECTOR('',#6709,1.);
#6709 = DIRECTION('',(0.,-1.));
#6710 = ( GEOMETRIC_REPRESENTATION_CONTEXT(2) 
PARAMETRIC_REPRESENTATION_CONTEXT() REPRESENTATION_CONTEXT('2D SPACE',''
  ) );
#6711 = PCURVE('',#5827,#6712);
#6712 = DEFINITIONAL_REPRESENTATION('',(#6713),#6717);
#6713 = LINE('',#6714,#6715);
#6714 = CARTESIAN_POINT('',(19.,-19.7));
#6715 = VECTOR('',#6716,1.);
#6716 = DIRECTION('',(1.,0.));
#6717 = ( GEOMETRIC_REPRESENTATION_CONTEXT(2) 
PARAMETRIC_REPRESENTATION_CONTEXT() REPRESENTATION_CONTEXT('2D SPACE',''
  ) );
#6718 = ORIENTED_EDGE('',*,*,#6719,.T.);
#6719 = EDGE_CURVE('',#6697,#5897,#6720,.T.);
#6720 = SURFACE_CURVE('',#6721,(#6725,#6732),.PCURVE_S1.);
#6721 = LINE('',#6722,#6723);
#6722 = CARTESIAN_POINT('',(3.2,-32.,21.8));
#6723 = VECTOR('',#6724,1.);
#6724 = DIRECTION('',(-0.,1.,0.));
#6725 = PCURVE('',#5728,#6726);
#6726 = DEFINITIONAL_REPRESENTATION('',(#6727),#6731);
#6727 = LINE('',#6728,#6729);
#6728 = CARTESIAN_POINT('',(-19.7,-3.8));
#6729 = VECTOR('',#6730,1.);
#6730 = DIRECTION('',(1.,0.));
#6731 = ( GEOMETRIC_REPRESENTATION_CONTEXT(2) 
PARAMETRIC_REPRESENTATION_CONTEXT() REPRESENTATION_CONTEXT('2D SPACE',''
  ) );
#6732 = PCURVE('',#5935,#6733);
#6733 = DEFINITIONAL_REPRESENTATION('',(#6734),#6738);
#6734 = LINE('',#6735,#6736);
#6735 = CARTESIAN_POINT('',(-19.7,-3.8));
#6736 = VECTOR('',#6737,1.);
#6737 = DIRECTION('',(1.,0.));
#6738 = ( GEOMETRIC_REPRESENTATION_CONTEXT(2) 
PARAMETRIC_REPRESENTATION_CONTEXT() REPRESENTATION_CONTEXT('2D SPACE',''
  ) );
#6739 = ORIENTED_EDGE('',*,*,#5896,.F.);
#6740 = ADVANCED_FACE('',(#6741),#5827,.T.);
#6741 = FACE_BOUND('',#6742,.T.);
#6742 = EDGE_LOOP('',(#6743,#6771,#6790,#6791));
#6743 = ORIENTED_EDGE('',*,*,#6744,.F.);
#6744 = EDGE_CURVE('',#6745,#6697,#6747,.T.);
#6745 = VERTEX_POINT('',#6746);
#6746 = CARTESIAN_POINT('',(3.2,-14.7,21.8));
#6747 = SURFACE_CURVE('',#6748,(#6752,#6759),.PCURVE_S1.);
#6748 = LINE('',#6749,#6750);
#6749 = CARTESIAN_POINT('',(3.2,-32.,21.8));
#6750 = VECTOR('',#6751,1.);
#6751 = DIRECTION('',(-0.,1.,0.));
#6752 = PCURVE('',#5827,#6753);
#6753 = DEFINITIONAL_REPRESENTATION('',(#6754),#6758);
#6754 = LINE('',#6755,#6756);
#6755 = CARTESIAN_POINT('',(22.8,0.));
#6756 = VECTOR('',#6757,1.);
#6757 = DIRECTION('',(0.,-1.));
#6758 = ( GEOMETRIC_REPRESENTATION_CONTEXT(2) 
PARAMETRIC_REPRESENTATION_CONTEXT() REPRESENTATION_CONTEXT('2D SPACE',''
  ) );
#6759 = PCURVE('',#6760,#6765);
#6760 = PLANE('',#6761);
#6761 = AXIS2_PLACEMENT_3D('',#6762,#6763,#6764);
#6762 = CARTESIAN_POINT('',(3.2,-32.,21.8));
#6763 = DIRECTION('',(0.,0.,1.));
#6764 = DIRECTION('',(1.,0.,-0.));
#6765 = DEFINITIONAL_REPRESENTATION('',(#6766),#6770);
#6766 = LINE('',#6767,#6768);
#6767 = CARTESIAN_POINT('',(0.,0.));
#6768 = VECTOR('',#6769,1.);
#6769 = DIRECTION('',(0.,1.));
#6770 = ( GEOMETRIC_REPRESENTATION_CONTEXT(2) 
PARAMETRIC_REPRESENTATION_CONTEXT() REPRESENTATION_CONTEXT('2D SPACE',''
  ) );
#6771 = ORIENTED_EDGE('',*,*,#6772,.T.);
#6772 = EDGE_CURVE('',#6745,#5787,#6773,.T.);
#6773 = SURFACE_CURVE('',#6774,(#6778,#6784),.PCURVE_S1.);
#6774 = LINE('',#6775,#6776);
#6775 = CARTESIAN_POINT('',(3.2,-14.7,8.5));
#6776 = VECTOR('',#6777,1.);
#6777 = DIRECTION('',(-0.,0.,-1.));
#6778 = PCURVE('',#5827,#6779);
#6779 = DEFINITIONAL_REPRESENTATION('',(#6780),#6783);
#6780 = B_SPLINE_CURVE_WITH_KNOTS('',1,(#6781,#6782),.UNSPECIFIED.,.F.,
  .F.,(2,2),(-13.3,-9.5),.PIECEWISE_BEZIER_KNOTS.);
#6781 = CARTESIAN_POINT('',(22.8,-17.3));
#6782 = CARTESIAN_POINT('',(19.,-17.3));
#6783 = ( GEOMETRIC_REPRESENTATION_CONTEXT(2) 
PARAMETRIC_REPRESENTATION_CONTEXT() REPRESENTATION_CONTEXT('2D SPACE',''
  ) );
#6784 = PCURVE('',#5802,#6785);
#6785 = DEFINITIONAL_REPRESENTATION('',(#6786),#6789);
#6786 = B_SPLINE_CURVE_WITH_KNOTS('',1,(#6787,#6788),.UNSPECIFIED.,.F.,
  .F.,(2,2),(-13.3,-9.5),.PIECEWISE_BEZIER_KNOTS.);
#6787 = CARTESIAN_POINT('',(2.,-3.8));
#6788 = CARTESIAN_POINT('',(2.,0.));
#6789 = ( GEOMETRIC_REPRESENTATION_CONTEXT(2) 
PARAMETRIC_REPRESENTATION_CONTEXT() REPRESENTATION_CONTEXT('2D SPACE',''
  ) );
#6790 = ORIENTED_EDGE('',*,*,#5814,.T.);
#6791 = ORIENTED_EDGE('',*,*,#6696,.T.);
#6792 = ADVANCED_FACE('',(#6793),#5802,.F.);
#6793 = FACE_BOUND('',#6794,.F.);
#6794 = EDGE_LOOP('',(#6795,#6796,#6797,#6820,#6848,#6867));
#6795 = ORIENTED_EDGE('',*,*,#5786,.F.);
#6796 = ORIENTED_EDGE('',*,*,#5871,.T.);
#6797 = ORIENTED_EDGE('',*,*,#6798,.F.);
#6798 = EDGE_CURVE('',#6799,#5844,#6801,.T.);
#6799 = VERTEX_POINT('',#6800);
#6800 = CARTESIAN_POINT('',(4.2,-14.7,24.));
#6801 = SURFACE_CURVE('',#6802,(#6806,#6813),.PCURVE_S1.);
#6802 = LINE('',#6803,#6804);
#6803 = CARTESIAN_POINT('',(4.2,-14.7,24.));
#6804 = VECTOR('',#6805,1.);
#6805 = DIRECTION('',(-1.,0.,0.));
#6806 = PCURVE('',#5802,#6807);
#6807 = DEFINITIONAL_REPRESENTATION('',(#6808),#6812);
#6808 = LINE('',#6809,#6810);
#6809 = CARTESIAN_POINT('',(3.,-6.));
#6810 = VECTOR('',#6811,1.);
#6811 = DIRECTION('',(-1.,0.));
#6812 = ( GEOMETRIC_REPRESENTATION_CONTEXT(2) 
PARAMETRIC_REPRESENTATION_CONTEXT() REPRESENTATION_CONTEXT('2D SPACE',''
  ) );
#6813 = PCURVE('',#5859,#6814);
#6814 = DEFINITIONAL_REPRESENTATION('',(#6815),#6819);
#6815 = LINE('',#6816,#6817);
#6816 = CARTESIAN_POINT('',(1.882111849908,-7.505920288857));
#6817 = VECTOR('',#6818,1.);
#6818 = DIRECTION('',(-1.,0.));
#6819 = ( GEOMETRIC_REPRESENTATION_CONTEXT(2) 
PARAMETRIC_REPRESENTATION_CONTEXT() REPRESENTATION_CONTEXT('2D SPACE',''
  ) );
#6820 = ORIENTED_EDGE('',*,*,#6821,.F.);
#6821 = EDGE_CURVE('',#6822,#6799,#6824,.T.);
#6822 = VERTEX_POINT('',#6823);
#6823 = CARTESIAN_POINT('',(4.2,-14.7,21.8));
#6824 = SURFACE_CURVE('',#6825,(#6829,#6836),.PCURVE_S1.);
#6825 = LINE('',#6826,#6827);
#6826 = CARTESIAN_POINT('',(4.2,-14.7,18.));
#6827 = VECTOR('',#6828,1.);
#6828 = DIRECTION('',(0.,0.,1.));
#6829 = PCURVE('',#5802,#6830);
#6830 = DEFINITIONAL_REPRESENTATION('',(#6831),#6835);
#6831 = LINE('',#6832,#6833);
#6832 = CARTESIAN_POINT('',(3.,0.));
#6833 = VECTOR('',#6834,1.);
#6834 = DIRECTION('',(0.,-1.));
#6835 = ( GEOMETRIC_REPRESENTATION_CONTEXT(2) 
PARAMETRIC_REPRESENTATION_CONTEXT() REPRESENTATION_CONTEXT('2D SPACE',''
  ) );
#6836 = PCURVE('',#6837,#6842);
#6837 = PLANE('',#6838);
#6838 = AXIS2_PLACEMENT_3D('',#6839,#6840,#6841);
#6839 = CARTESIAN_POINT('',(4.2,-14.7,18.));
#6840 = DIRECTION('',(-1.,0.,0.));
#6841 = DIRECTION('',(0.,1.,0.));
#6842 = DEFINITIONAL_REPRESENTATION('',(#6843),#6847);
#6843 = LINE('',#6844,#6845);
#6844 = CARTESIAN_POINT('',(0.,0.));
#6845 = VECTOR('',#6846,1.);
#6846 = DIRECTION('',(0.,-1.));
#6847 = ( GEOMETRIC_REPRESENTATION_CONTEXT(2) 
PARAMETRIC_REPRESENTATION_CONTEXT() REPRESENTATION_CONTEXT('2D SPACE',''
  ) );
#6848 = ORIENTED_EDGE('',*,*,#6849,.F.);
#6849 = EDGE_CURVE('',#6745,#6822,#6850,.T.);
#6850 = SURFACE_CURVE('',#6851,(#6855,#6861),.PCURVE_S1.);
#6851 = LINE('',#6852,#6853);
#6852 = CARTESIAN_POINT('',(2.2,-14.7,21.8));
#6853 = VECTOR('',#6854,1.);
#6854 = DIRECTION('',(1.,0.,0.));
#6855 = PCURVE('',#5802,#6856);
#6856 = DEFINITIONAL_REPRESENTATION('',(#6857),#6860);
#6857 = B_SPLINE_CURVE_WITH_KNOTS('',1,(#6858,#6859),.UNSPECIFIED.,.F.,
  .F.,(2,2),(1.,2.),.PIECEWISE_BEZIER_KNOTS.);
#6858 = CARTESIAN_POINT('',(2.,-3.8));
#6859 = CARTESIAN_POINT('',(3.,-3.8));
#6860 = ( GEOMETRIC_REPRESENTATION_CONTEXT(2) 
PARAMETRIC_REPRESENTATION_CONTEXT() REPRESENTATION_CONTEXT('2D SPACE',''
  ) );
#6861 = PCURVE('',#6760,#6862);
#6862 = DEFINITIONAL_REPRESENTATION('',(#6863),#6866);
#6863 = B_SPLINE_CURVE_WITH_KNOTS('',1,(#6864,#6865),.UNSPECIFIED.,.F.,
  .F.,(2,2),(1.,2.),.PIECEWISE_BEZIER_KNOTS.);
#6864 = CARTESIAN_POINT('',(0.,17.3));
#6865 = CARTESIAN_POINT('',(1.,17.3));
#6866 = ( GEOMETRIC_REPRESENTATION_CONTEXT(2) 
PARAMETRIC_REPRESENTATION_CONTEXT() REPRESENTATION_CONTEXT('2D SPACE',''
  ) );
#6867 = ORIENTED_EDGE('',*,*,#6772,.T.);
#6868 = ADVANCED_FACE('',(#6869),#5859,.T.);
#6869 = FACE_BOUND('',#6870,.T.);
#6870 = EDGE_LOOP('',(#6871,#6872,#6873,#6874,#6897,#6925,#6953,#6974,
    #6975));
#6871 = ORIENTED_EDGE('',*,*,#6446,.F.);
#6872 = ORIENTED_EDGE('',*,*,#5843,.T.);
#6873 = ORIENTED_EDGE('',*,*,#6798,.F.);
#6874 = ORIENTED_EDGE('',*,*,#6875,.T.);
#6875 = EDGE_CURVE('',#6799,#6876,#6878,.T.);
#6876 = VERTEX_POINT('',#6877);
#6877 = CARTESIAN_POINT('',(4.2,-13.1,24.));
#6878 = SURFACE_CURVE('',#6879,(#6883,#6890),.PCURVE_S1.);
#6879 = LINE('',#6880,#6881);
#6880 = CARTESIAN_POINT('',(4.2,-14.7,24.));
#6881 = VECTOR('',#6882,1.);
#6882 = DIRECTION('',(0.,1.,0.));
#6883 = PCURVE('',#5859,#6884);
#6884 = DEFINITIONAL_REPRESENTATION('',(#6885),#6889);
#6885 = LINE('',#6886,#6887);
#6886 = CARTESIAN_POINT('',(1.882111849908,-7.505920288857));
#6887 = VECTOR('',#6888,1.);
#6888 = DIRECTION('',(0.,1.));
#6889 = ( GEOMETRIC_REPRESENTATION_CONTEXT(2) 
PARAMETRIC_REPRESENTATION_CONTEXT() REPRESENTATION_CONTEXT('2D SPACE',''
  ) );
#6890 = PCURVE('',#6837,#6891);
#6891 = DEFINITIONAL_REPRESENTATION('',(#6892),#6896);
#6892 = LINE('',#6893,#6894);
#6893 = CARTESIAN_POINT('',(0.,-6.));
#6894 = VECTOR('',#6895,1.);
#6895 = DIRECTION('',(1.,0.));
#6896 = ( GEOMETRIC_REPRESENTATION_CONTEXT(2) 
PARAMETRIC_REPRESENTATION_CONTEXT() REPRESENTATION_CONTEXT('2D SPACE',''
  ) );
#6897 = ORIENTED_EDGE('',*,*,#6898,.T.);
#6898 = EDGE_CURVE('',#6876,#6899,#6901,.T.);
#6899 = VERTEX_POINT('',#6900);
#6900 = CARTESIAN_POINT('',(3.4,-12.3,24.));
#6901 = SURFACE_CURVE('',#6902,(#6906,#6913),.PCURVE_S1.);
#6902 = LINE('',#6903,#6904);
#6903 = CARTESIAN_POINT('',(4.2,-13.1,24.));
#6904 = VECTOR('',#6905,1.);
#6905 = DIRECTION('',(-0.707106781187,0.707106781187,0.));
#6906 = PCURVE('',#5859,#6907);
#6907 = DEFINITIONAL_REPRESENTATION('',(#6908),#6912);
#6908 = LINE('',#6909,#6910);
#6909 = CARTESIAN_POINT('',(1.882111849908,-5.905920288857));
#6910 = VECTOR('',#6911,1.);
#6911 = DIRECTION('',(-0.707106781187,0.707106781187));
#6912 = ( GEOMETRIC_REPRESENTATION_CONTEXT(2) 
PARAMETRIC_REPRESENTATION_CONTEXT() REPRESENTATION_CONTEXT('2D SPACE',''
  ) );
#6913 = PCURVE('',#6914,#6919);
#6914 = PLANE('',#6915);
#6915 = AXIS2_PLACEMENT_3D('',#6916,#6917,#6918);
#6916 = CARTESIAN_POINT('',(4.2,-13.1,18.));
#6917 = DIRECTION('',(-0.707106781187,-0.707106781187,0.));
#6918 = DIRECTION('',(-0.707106781187,0.707106781187,0.));
#6919 = DEFINITIONAL_REPRESENTATION('',(#6920),#6924);
#6920 = LINE('',#6921,#6922);
#6921 = CARTESIAN_POINT('',(0.,-6.));
#6922 = VECTOR('',#6923,1.);
#6923 = DIRECTION('',(1.,0.));
#6924 = ( GEOMETRIC_REPRESENTATION_CONTEXT(2) 
PARAMETRIC_REPRESENTATION_CONTEXT() REPRESENTATION_CONTEXT('2D SPACE',''
  ) );
#6925 = ORIENTED_EDGE('',*,*,#6926,.T.);
#6926 = EDGE_CURVE('',#6899,#6927,#6929,.T.);
#6927 = VERTEX_POINT('',#6928);
#6928 = CARTESIAN_POINT('',(3.2,-12.3,24.));
#6929 = SURFACE_CURVE('',#6930,(#6934,#6941),.PCURVE_S1.);
#6930 = LINE('',#6931,#6932);
#6931 = CARTESIAN_POINT('',(3.4,-12.3,24.));
#6932 = VECTOR('',#6933,1.);
#6933 = DIRECTION('',(-1.,0.,0.));
#6934 = PCURVE('',#5859,#6935);
#6935 = DEFINITIONAL_REPRESENTATION('',(#6936),#6940);
#6936 = LINE('',#6937,#6938);
#6937 = CARTESIAN_POINT('',(1.082111849908,-5.105920288857));
#6938 = VECTOR('',#6939,1.);
#6939 = DIRECTION('',(-1.,0.));
#6940 = ( GEOMETRIC_REPRESENTATION_CONTEXT(2) 
PARAMETRIC_REPRESENTATION_CONTEXT() REPRESENTATION_CONTEXT('2D SPACE',''
  ) );
#6941 = PCURVE('',#6942,#6947);
#6942 = PLANE('',#6943);
#6943 = AXIS2_PLACEMENT_3D('',#6944,#6945,#6946);
#6944 = CARTESIAN_POINT('',(3.4,-12.3,18.));
#6945 = DIRECTION('',(0.,-1.,0.));
#6946 = DIRECTION('',(-1.,0.,0.));
#6947 = DEFINITIONAL_REPRESENTATION('',(#6948),#6952);
#6948 = LINE('',#6949,#6950);
#6949 = CARTESIAN_POINT('',(0.,-6.));
#6950 = VECTOR('',#6951,1.);
#6951 = DIRECTION('',(1.,0.));
#6952 = ( GEOMETRIC_REPRESENTATION_CONTEXT(2) 
PARAMETRIC_REPRESENTATION_CONTEXT() REPRESENTATION_CONTEXT('2D SPACE',''
  ) );
#6953 = ORIENTED_EDGE('',*,*,#6954,.T.);
#6954 = EDGE_CURVE('',#6927,#5920,#6955,.T.);
#6955 = SURFACE_CURVE('',#6956,(#6960,#6967),.PCURVE_S1.);
#6956 = LINE('',#6957,#6958);
#6957 = CARTESIAN_POINT('',(3.2,-12.3,24.));
#6958 = VECTOR('',#6959,1.);
#6959 = DIRECTION('',(0.,1.,0.));
#6960 = PCURVE('',#5859,#6961);
#6961 = DEFINITIONAL_REPRESENTATION('',(#6962),#6966);
#6962 = LINE('',#6963,#6964);
#6963 = CARTESIAN_POINT('',(0.882111849908,-5.105920288857));
#6964 = VECTOR('',#6965,1.);
#6965 = DIRECTION('',(0.,1.));
#6966 = ( GEOMETRIC_REPRESENTATION_CONTEXT(2) 
PARAMETRIC_REPRESENTATION_CONTEXT() REPRESENTATION_CONTEXT('2D SPACE',''
  ) );
#6967 = PCURVE('',#5935,#6968);
#6968 = DEFINITIONAL_REPRESENTATION('',(#6969),#6973);
#6969 = LINE('',#6970,#6971);
#6970 = CARTESIAN_POINT('',(0.,-6.));
#6971 = VECTOR('',#6972,1.);
#6972 = DIRECTION('',(1.,0.));
#6973 = ( GEOMETRIC_REPRESENTATION_CONTEXT(2) 
PARAMETRIC_REPRESENTATION_CONTEXT() REPRESENTATION_CONTEXT('2D SPACE',''
  ) );
#6974 = ORIENTED_EDGE('',*,*,#5947,.F.);
#6975 = ORIENTED_EDGE('',*,*,#6469,.F.);
#6976 = ADVANCED_FACE('',(#6977),#5935,.F.);
#6977 = FACE_BOUND('',#6978,.F.);
#6978 = EDGE_LOOP('',(#6979,#6980,#7001,#7002));
#6979 = ORIENTED_EDGE('',*,*,#6719,.F.);
#6980 = ORIENTED_EDGE('',*,*,#6981,.T.);
#6981 = EDGE_CURVE('',#6697,#6927,#6982,.T.);
#6982 = SURFACE_CURVE('',#6983,(#6987,#6994),.PCURVE_S1.);
#6983 = LINE('',#6984,#6985);
#6984 = CARTESIAN_POINT('',(3.2,-12.3,18.));
#6985 = VECTOR('',#6986,1.);
#6986 = DIRECTION('',(0.,0.,1.));
#6987 = PCURVE('',#5935,#6988);
#6988 = DEFINITIONAL_REPRESENTATION('',(#6989),#6993);
#6989 = LINE('',#6990,#6991);
#6990 = CARTESIAN_POINT('',(0.,0.));
#6991 = VECTOR('',#6992,1.);
#6992 = DIRECTION('',(0.,-1.));
#6993 = ( GEOMETRIC_REPRESENTATION_CONTEXT(2) 
PARAMETRIC_REPRESENTATION_CONTEXT() REPRESENTATION_CONTEXT('2D SPACE',''
  ) );
#6994 = PCURVE('',#6942,#6995);
#6995 = DEFINITIONAL_REPRESENTATION('',(#6996),#7000);
#6996 = LINE('',#6997,#6998);
#6997 = CARTESIAN_POINT('',(0.2,0.));
#6998 = VECTOR('',#6999,1.);
#6999 = DIRECTION('',(0.,-1.));
#7000 = ( GEOMETRIC_REPRESENTATION_CONTEXT(2) 
PARAMETRIC_REPRESENTATION_CONTEXT() REPRESENTATION_CONTEXT('2D SPACE',''
  ) );
#7001 = ORIENTED_EDGE('',*,*,#6954,.T.);
#7002 = ORIENTED_EDGE('',*,*,#5919,.F.);
#7003 = ADVANCED_FACE('',(#7004),#5988,.F.);
#7004 = FACE_BOUND('',#7005,.F.);
#7005 = EDGE_LOOP('',(#7006,#7007,#7028,#7029,#7052));
#7006 = ORIENTED_EDGE('',*,*,#5972,.T.);
#7007 = ORIENTED_EDGE('',*,*,#7008,.T.);
#7008 = EDGE_CURVE('',#5973,#6085,#7009,.T.);
#7009 = SURFACE_CURVE('',#7010,(#7014,#7021),.PCURVE_S1.);
#7010 = LINE('',#7011,#7012);
#7011 = CARTESIAN_POINT('',(38.8,0.9,24.));
#7012 = VECTOR('',#7013,1.);
#7013 = DIRECTION('',(0.,-1.,0.));
#7014 = PCURVE('',#5988,#7015);
#7015 = DEFINITIONAL_REPRESENTATION('',(#7016),#7020);
#7016 = LINE('',#7017,#7018);
#7017 = CARTESIAN_POINT('',(-1.117888150092,8.094079711143));
#7018 = VECTOR('',#7019,1.);
#7019 = DIRECTION('',(0.,-1.));
#7020 = ( GEOMETRIC_REPRESENTATION_CONTEXT(2) 
PARAMETRIC_REPRESENTATION_CONTEXT() REPRESENTATION_CONTEXT('2D SPACE',''
  ) );
#7021 = PCURVE('',#6016,#7022);
#7022 = DEFINITIONAL_REPRESENTATION('',(#7023),#7027);
#7023 = LINE('',#7024,#7025);
#7024 = CARTESIAN_POINT('',(0.4,0.));
#7025 = VECTOR('',#7026,1.);
#7026 = DIRECTION('',(1.,0.));
#7027 = ( GEOMETRIC_REPRESENTATION_CONTEXT(2) 
PARAMETRIC_REPRESENTATION_CONTEXT() REPRESENTATION_CONTEXT('2D SPACE',''
  ) );
#7028 = ORIENTED_EDGE('',*,*,#6112,.T.);
#7029 = ORIENTED_EDGE('',*,*,#7030,.F.);
#7030 = EDGE_CURVE('',#7031,#4655,#7033,.T.);
#7031 = VERTEX_POINT('',#7032);
#7032 = CARTESIAN_POINT('',(38.2,-4.7,24.));
#7033 = SURFACE_CURVE('',#7034,(#7038,#7045),.PCURVE_S1.);
#7034 = LINE('',#7035,#7036);
#7035 = CARTESIAN_POINT('',(38.2,-4.7,24.));
#7036 = VECTOR('',#7037,1.);
#7037 = DIRECTION('',(1.,0.,0.));
#7038 = PCURVE('',#5988,#7039);
#7039 = DEFINITIONAL_REPRESENTATION('',(#7040),#7044);
#7040 = LINE('',#7041,#7042);
#7041 = CARTESIAN_POINT('',(-0.517888150092,2.494079711143));
#7042 = VECTOR('',#7043,1.);
#7043 = DIRECTION('',(-1.,0.));
#7044 = ( GEOMETRIC_REPRESENTATION_CONTEXT(2) 
PARAMETRIC_REPRESENTATION_CONTEXT() REPRESENTATION_CONTEXT('2D SPACE',''
  ) );
#7045 = PCURVE('',#6180,#7046);
#7046 = DEFINITIONAL_REPRESENTATION('',(#7047),#7051);
#7047 = LINE('',#7048,#7049);
#7048 = CARTESIAN_POINT('',(-0.517888150092,2.494079711143));
#7049 = VECTOR('',#7050,1.);
#7050 = DIRECTION('',(-1.,0.));
#7051 = ( GEOMETRIC_REPRESENTATION_CONTEXT(2) 
PARAMETRIC_REPRESENTATION_CONTEXT() REPRESENTATION_CONTEXT('2D SPACE',''
  ) );
#7052 = ORIENTED_EDGE('',*,*,#7053,.F.);
#7053 = EDGE_CURVE('',#4833,#7031,#7054,.T.);
#7054 = SURFACE_CURVE('',#7055,(#7059,#7066),.PCURVE_S1.);
#7055 = LINE('',#7056,#7057);
#7056 = CARTESIAN_POINT('',(38.2,1.8,24.));
#7057 = VECTOR('',#7058,1.);
#7058 = DIRECTION('',(0.,-1.,0.));
#7059 = PCURVE('',#5988,#7060);
#7060 = DEFINITIONAL_REPRESENTATION('',(#7061),#7065);
#7061 = LINE('',#7062,#7063);
#7062 = CARTESIAN_POINT('',(-0.517888150092,8.994079711143));
#7063 = VECTOR('',#7064,1.);
#7064 = DIRECTION('',(0.,-1.));
#7065 = ( GEOMETRIC_REPRESENTATION_CONTEXT(2) 
PARAMETRIC_REPRESENTATION_CONTEXT() REPRESENTATION_CONTEXT('2D SPACE',''
  ) );
#7066 = PCURVE('',#6180,#7067);
#7067 = DEFINITIONAL_REPRESENTATION('',(#7068),#7072);
#7068 = LINE('',#7069,#7070);
#7069 = CARTESIAN_POINT('',(-0.517888150092,8.994079711143));
#7070 = VECTOR('',#7071,1.);
#7071 = DIRECTION('',(0.,-1.));
#7072 = ( GEOMETRIC_REPRESENTATION_CONTEXT(2) 
PARAMETRIC_REPRESENTATION_CONTEXT() REPRESENTATION_CONTEXT('2D SPACE',''
  ) );
#7073 = ADVANCED_FACE('',(#7074),#6100,.F.);
#7074 = FACE_BOUND('',#7075,.F.);
#7075 = EDGE_LOOP('',(#7076,#7099,#7127,#7148));
#7076 = ORIENTED_EDGE('',*,*,#7077,.T.);
#7077 = EDGE_CURVE('',#6085,#7078,#7080,.T.);
#7078 = VERTEX_POINT('',#7079);
#7079 = CARTESIAN_POINT('',(38.8,-3.7,28.));
#7080 = SURFACE_CURVE('',#7081,(#7085,#7092),.PCURVE_S1.);
#7081 = LINE('',#7082,#7083);
#7082 = CARTESIAN_POINT('',(38.8,-3.7,24.));
#7083 = VECTOR('',#7084,1.);
#7084 = DIRECTION('',(0.,0.,1.));
#7085 = PCURVE('',#6100,#7086);
#7086 = DEFINITIONAL_REPRESENTATION('',(#7087),#7091);
#7087 = LINE('',#7088,#7089);
#7088 = CARTESIAN_POINT('',(0.,0.));
#7089 = VECTOR('',#7090,1.);
#7090 = DIRECTION('',(0.,-1.));
#7091 = ( GEOMETRIC_REPRESENTATION_CONTEXT(2) 
PARAMETRIC_REPRESENTATION_CONTEXT() REPRESENTATION_CONTEXT('2D SPACE',''
  ) );
#7092 = PCURVE('',#6016,#7093);
#7093 = DEFINITIONAL_REPRESENTATION('',(#7094),#7098);
#7094 = LINE('',#7095,#7096);
#7095 = CARTESIAN_POINT('',(5.,0.));
#7096 = VECTOR('',#7097,1.);
#7097 = DIRECTION('',(0.,-1.));
#7098 = ( GEOMETRIC_REPRESENTATION_CONTEXT(2) 
PARAMETRIC_REPRESENTATION_CONTEXT() REPRESENTATION_CONTEXT('2D SPACE',''
  ) );
#7099 = ORIENTED_EDGE('',*,*,#7100,.T.);
#7100 = EDGE_CURVE('',#7078,#7101,#7103,.T.);
#7101 = VERTEX_POINT('',#7102);
#7102 = CARTESIAN_POINT('',(40.8,-3.7,28.));
#7103 = SURFACE_CURVE('',#7104,(#7108,#7115),.PCURVE_S1.);
#7104 = LINE('',#7105,#7106);
#7105 = CARTESIAN_POINT('',(38.8,-3.7,28.));
#7106 = VECTOR('',#7107,1.);
#7107 = DIRECTION('',(1.,0.,0.));
#7108 = PCURVE('',#6100,#7109);
#7109 = DEFINITIONAL_REPRESENTATION('',(#7110),#7114);
#7110 = LINE('',#7111,#7112);
#7111 = CARTESIAN_POINT('',(0.,-4.));
#7112 = VECTOR('',#7113,1.);
#7113 = DIRECTION('',(1.,0.));
#7114 = ( GEOMETRIC_REPRESENTATION_CONTEXT(2) 
PARAMETRIC_REPRESENTATION_CONTEXT() REPRESENTATION_CONTEXT('2D SPACE',''
  ) );
#7115 = PCURVE('',#7116,#7121);
#7116 = PLANE('',#7117);
#7117 = AXIS2_PLACEMENT_3D('',#7118,#7119,#7120);
#7118 = CARTESIAN_POINT('',(39.8,-1.2,28.));
#7119 = DIRECTION('',(0.,0.,1.));
#7120 = DIRECTION('',(1.,0.,-0.));
#7121 = DEFINITIONAL_REPRESENTATION('',(#7122),#7126);
#7122 = LINE('',#7123,#7124);
#7123 = CARTESIAN_POINT('',(-1.,-2.5));
#7124 = VECTOR('',#7125,1.);
#7125 = DIRECTION('',(1.,0.));
#7126 = ( GEOMETRIC_REPRESENTATION_CONTEXT(2) 
PARAMETRIC_REPRESENTATION_CONTEXT() REPRESENTATION_CONTEXT('2D SPACE',''
  ) );
#7127 = ORIENTED_EDGE('',*,*,#7128,.F.);
#7128 = EDGE_CURVE('',#6057,#7101,#7129,.T.);
#7129 = SURFACE_CURVE('',#7130,(#7134,#7141),.PCURVE_S1.);
#7130 = LINE('',#7131,#7132);
#7131 = CARTESIAN_POINT('',(40.8,-3.7,24.));
#7132 = VECTOR('',#7133,1.);
#7133 = DIRECTION('',(0.,0.,1.));
#7134 = PCURVE('',#6100,#7135);
#7135 = DEFINITIONAL_REPRESENTATION('',(#7136),#7140);
#7136 = LINE('',#7137,#7138);
#7137 = CARTESIAN_POINT('',(2.,0.));
#7138 = VECTOR('',#7139,1.);
#7139 = DIRECTION('',(0.,-1.));
#7140 = ( GEOMETRIC_REPRESENTATION_CONTEXT(2) 
PARAMETRIC_REPRESENTATION_CONTEXT() REPRESENTATION_CONTEXT('2D SPACE',''
  ) );
#7141 = PCURVE('',#6072,#7142);
#7142 = DEFINITIONAL_REPRESENTATION('',(#7143),#7147);
#7143 = LINE('',#7144,#7145);
#7144 = CARTESIAN_POINT('',(0.,0.));
#7145 = VECTOR('',#7146,1.);
#7146 = DIRECTION('',(0.,-1.));
#7147 = ( GEOMETRIC_REPRESENTATION_CONTEXT(2) 
PARAMETRIC_REPRESENTATION_CONTEXT() REPRESENTATION_CONTEXT('2D SPACE',''
  ) );
#7148 = ORIENTED_EDGE('',*,*,#6084,.F.);
#7149 = ADVANCED_FACE('',(#7150),#6072,.F.);
#7150 = FACE_BOUND('',#7151,.F.);
#7151 = EDGE_LOOP('',(#7152,#7153,#7176,#7197));
#7152 = ORIENTED_EDGE('',*,*,#7128,.T.);
#7153 = ORIENTED_EDGE('',*,*,#7154,.T.);
#7154 = EDGE_CURVE('',#7101,#7155,#7157,.T.);
#7155 = VERTEX_POINT('',#7156);
#7156 = CARTESIAN_POINT('',(40.8,1.3,28.));
#7157 = SURFACE_CURVE('',#7158,(#7162,#7169),.PCURVE_S1.);
#7158 = LINE('',#7159,#7160);
#7159 = CARTESIAN_POINT('',(40.8,-3.7,28.));
#7160 = VECTOR('',#7161,1.);
#7161 = DIRECTION('',(0.,1.,0.));
#7162 = PCURVE('',#6072,#7163);
#7163 = DEFINITIONAL_REPRESENTATION('',(#7164),#7168);
#7164 = LINE('',#7165,#7166);
#7165 = CARTESIAN_POINT('',(0.,-4.));
#7166 = VECTOR('',#7167,1.);
#7167 = DIRECTION('',(1.,0.));
#7168 = ( GEOMETRIC_REPRESENTATION_CONTEXT(2) 
PARAMETRIC_REPRESENTATION_CONTEXT() REPRESENTATION_CONTEXT('2D SPACE',''
  ) );
#7169 = PCURVE('',#7116,#7170);
#7170 = DEFINITIONAL_REPRESENTATION('',(#7171),#7175);
#7171 = LINE('',#7172,#7173);
#7172 = CARTESIAN_POINT('',(1.,-2.5));
#7173 = VECTOR('',#7174,1.);
#7174 = DIRECTION('',(0.,1.));
#7175 = ( GEOMETRIC_REPRESENTATION_CONTEXT(2) 
PARAMETRIC_REPRESENTATION_CONTEXT() REPRESENTATION_CONTEXT('2D SPACE',''
  ) );
#7176 = ORIENTED_EDGE('',*,*,#7177,.F.);
#7177 = EDGE_CURVE('',#6029,#7155,#7178,.T.);
#7178 = SURFACE_CURVE('',#7179,(#7183,#7190),.PCURVE_S1.);
#7179 = LINE('',#7180,#7181);
#7180 = CARTESIAN_POINT('',(40.8,1.3,24.));
#7181 = VECTOR('',#7182,1.);
#7182 = DIRECTION('',(0.,0.,1.));
#7183 = PCURVE('',#6072,#7184);
#7184 = DEFINITIONAL_REPRESENTATION('',(#7185),#7189);
#7185 = LINE('',#7186,#7187);
#7186 = CARTESIAN_POINT('',(5.,0.));
#7187 = VECTOR('',#7188,1.);
#7188 = DIRECTION('',(0.,-1.));
#7189 = ( GEOMETRIC_REPRESENTATION_CONTEXT(2) 
PARAMETRIC_REPRESENTATION_CONTEXT() REPRESENTATION_CONTEXT('2D SPACE',''
  ) );
#7190 = PCURVE('',#6044,#7191);
#7191 = DEFINITIONAL_REPRESENTATION('',(#7192),#7196);
#7192 = LINE('',#7193,#7194);
#7193 = CARTESIAN_POINT('',(0.,-0.));
#7194 = VECTOR('',#7195,1.);
#7195 = DIRECTION('',(0.,-1.));
#7196 = ( GEOMETRIC_REPRESENTATION_CONTEXT(2) 
PARAMETRIC_REPRESENTATION_CONTEXT() REPRESENTATION_CONTEXT('2D SPACE',''
  ) );
#7197 = ORIENTED_EDGE('',*,*,#6056,.F.);
#7198 = ADVANCED_FACE('',(#7199),#6044,.F.);
#7199 = FACE_BOUND('',#7200,.F.);
#7200 = EDGE_LOOP('',(#7201,#7202,#7225,#7246));
#7201 = ORIENTED_EDGE('',*,*,#7177,.T.);
#7202 = ORIENTED_EDGE('',*,*,#7203,.T.);
#7203 = EDGE_CURVE('',#7155,#7204,#7206,.T.);
#7204 = VERTEX_POINT('',#7205);
#7205 = CARTESIAN_POINT('',(38.8,1.3,28.));
#7206 = SURFACE_CURVE('',#7207,(#7211,#7218),.PCURVE_S1.);
#7207 = LINE('',#7208,#7209);
#7208 = CARTESIAN_POINT('',(40.8,1.3,28.));
#7209 = VECTOR('',#7210,1.);
#7210 = DIRECTION('',(-1.,0.,0.));
#7211 = PCURVE('',#6044,#7212);
#7212 = DEFINITIONAL_REPRESENTATION('',(#7213),#7217);
#7213 = LINE('',#7214,#7215);
#7214 = CARTESIAN_POINT('',(0.,-4.));
#7215 = VECTOR('',#7216,1.);
#7216 = DIRECTION('',(1.,0.));
#7217 = ( GEOMETRIC_REPRESENTATION_CONTEXT(2) 
PARAMETRIC_REPRESENTATION_CONTEXT() REPRESENTATION_CONTEXT('2D SPACE',''
  ) );
#7218 = PCURVE('',#7116,#7219);
#7219 = DEFINITIONAL_REPRESENTATION('',(#7220),#7224);
#7220 = LINE('',#7221,#7222);
#7221 = CARTESIAN_POINT('',(1.,2.5));
#7222 = VECTOR('',#7223,1.);
#7223 = DIRECTION('',(-1.,0.));
#7224 = ( GEOMETRIC_REPRESENTATION_CONTEXT(2) 
PARAMETRIC_REPRESENTATION_CONTEXT() REPRESENTATION_CONTEXT('2D SPACE',''
  ) );
#7225 = ORIENTED_EDGE('',*,*,#7226,.F.);
#7226 = EDGE_CURVE('',#6001,#7204,#7227,.T.);
#7227 = SURFACE_CURVE('',#7228,(#7232,#7239),.PCURVE_S1.);
#7228 = LINE('',#7229,#7230);
#7229 = CARTESIAN_POINT('',(38.8,1.3,24.));
#7230 = VECTOR('',#7231,1.);
#7231 = DIRECTION('',(0.,0.,1.));
#7232 = PCURVE('',#6044,#7233);
#7233 = DEFINITIONAL_REPRESENTATION('',(#7234),#7238);
#7234 = LINE('',#7235,#7236);
#7235 = CARTESIAN_POINT('',(2.,0.));
#7236 = VECTOR('',#7237,1.);
#7237 = DIRECTION('',(0.,-1.));
#7238 = ( GEOMETRIC_REPRESENTATION_CONTEXT(2) 
PARAMETRIC_REPRESENTATION_CONTEXT() REPRESENTATION_CONTEXT('2D SPACE',''
  ) );
#7239 = PCURVE('',#6016,#7240);
#7240 = DEFINITIONAL_REPRESENTATION('',(#7241),#7245);
#7241 = LINE('',#7242,#7243);
#7242 = CARTESIAN_POINT('',(0.,0.));
#7243 = VECTOR('',#7244,1.);
#7244 = DIRECTION('',(0.,-1.));
#7245 = ( GEOMETRIC_REPRESENTATION_CONTEXT(2) 
PARAMETRIC_REPRESENTATION_CONTEXT() REPRESENTATION_CONTEXT('2D SPACE',''
  ) );
#7246 = ORIENTED_EDGE('',*,*,#6028,.F.);
#7247 = ADVANCED_FACE('',(#7248),#6016,.F.);
#7248 = FACE_BOUND('',#7249,.F.);
#7249 = EDGE_LOOP('',(#7250,#7251,#7272,#7273,#7274));
#7250 = ORIENTED_EDGE('',*,*,#7226,.T.);
#7251 = ORIENTED_EDGE('',*,*,#7252,.T.);
#7252 = EDGE_CURVE('',#7204,#7078,#7253,.T.);
#7253 = SURFACE_CURVE('',#7254,(#7258,#7265),.PCURVE_S1.);
#7254 = LINE('',#7255,#7256);
#7255 = CARTESIAN_POINT('',(38.8,1.3,28.));
#7256 = VECTOR('',#7257,1.);
#7257 = DIRECTION('',(0.,-1.,0.));
#7258 = PCURVE('',#6016,#7259);
#7259 = DEFINITIONAL_REPRESENTATION('',(#7260),#7264);
#7260 = LINE('',#7261,#7262);
#7261 = CARTESIAN_POINT('',(0.,-4.));
#7262 = VECTOR('',#7263,1.);
#7263 = DIRECTION('',(1.,0.));
#7264 = ( GEOMETRIC_REPRESENTATION_CONTEXT(2) 
PARAMETRIC_REPRESENTATION_CONTEXT() REPRESENTATION_CONTEXT('2D SPACE',''
  ) );
#7265 = PCURVE('',#7116,#7266);
#7266 = DEFINITIONAL_REPRESENTATION('',(#7267),#7271);
#7267 = LINE('',#7268,#7269);
#7268 = CARTESIAN_POINT('',(-1.,2.5));
#7269 = VECTOR('',#7270,1.);
#7270 = DIRECTION('',(0.,-1.));
#7271 = ( GEOMETRIC_REPRESENTATION_CONTEXT(2) 
PARAMETRIC_REPRESENTATION_CONTEXT() REPRESENTATION_CONTEXT('2D SPACE',''
  ) );
#7272 = ORIENTED_EDGE('',*,*,#7077,.F.);
#7273 = ORIENTED_EDGE('',*,*,#7008,.F.);
#7274 = ORIENTED_EDGE('',*,*,#6000,.F.);
#7275 = ADVANCED_FACE('',(#7276),#6206,.T.);
#7276 = FACE_BOUND('',#7277,.T.);
#7277 = EDGE_LOOP('',(#7278,#7279,#7280,#7303,#7331,#7357));
#7278 = ORIENTED_EDGE('',*,*,#6247,.T.);
#7279 = ORIENTED_EDGE('',*,*,#6192,.T.);
#7280 = ORIENTED_EDGE('',*,*,#7281,.T.);
#7281 = EDGE_CURVE('',#6165,#7282,#7284,.T.);
#7282 = VERTEX_POINT('',#7283);
#7283 = CARTESIAN_POINT('',(35.8,-14.7,24.));
#7284 = SURFACE_CURVE('',#7285,(#7289,#7296),.PCURVE_S1.);
#7285 = LINE('',#7286,#7287);
#7286 = CARTESIAN_POINT('',(38.8,-14.7,24.));
#7287 = VECTOR('',#7288,1.);
#7288 = DIRECTION('',(-1.,0.,0.));
#7289 = PCURVE('',#6206,#7290);
#7290 = DEFINITIONAL_REPRESENTATION('',(#7291),#7295);
#7291 = LINE('',#7292,#7293);
#7292 = CARTESIAN_POINT('',(0.,-6.));
#7293 = VECTOR('',#7294,1.);
#7294 = DIRECTION('',(1.,0.));
#7295 = ( GEOMETRIC_REPRESENTATION_CONTEXT(2) 
PARAMETRIC_REPRESENTATION_CONTEXT() REPRESENTATION_CONTEXT('2D SPACE',''
  ) );
#7296 = PCURVE('',#6180,#7297);
#7297 = DEFINITIONAL_REPRESENTATION('',(#7298),#7302);
#7298 = LINE('',#7299,#7300);
#7299 = CARTESIAN_POINT('',(-1.117888150092,-7.505920288857));
#7300 = VECTOR('',#7301,1.);
#7301 = DIRECTION('',(1.,0.));
#7302 = ( GEOMETRIC_REPRESENTATION_CONTEXT(2) 
PARAMETRIC_REPRESENTATION_CONTEXT() REPRESENTATION_CONTEXT('2D SPACE',''
  ) );
#7303 = ORIENTED_EDGE('',*,*,#7304,.F.);
#7304 = EDGE_CURVE('',#7305,#7282,#7307,.T.);
#7305 = VERTEX_POINT('',#7306);
#7306 = CARTESIAN_POINT('',(35.8,-14.7,21.8));
#7307 = SURFACE_CURVE('',#7308,(#7312,#7319),.PCURVE_S1.);
#7308 = LINE('',#7309,#7310);
#7309 = CARTESIAN_POINT('',(35.8,-14.7,18.));
#7310 = VECTOR('',#7311,1.);
#7311 = DIRECTION('',(0.,0.,1.));
#7312 = PCURVE('',#6206,#7313);
#7313 = DEFINITIONAL_REPRESENTATION('',(#7314),#7318);
#7314 = LINE('',#7315,#7316);
#7315 = CARTESIAN_POINT('',(3.,0.));
#7316 = VECTOR('',#7317,1.);
#7317 = DIRECTION('',(0.,-1.));
#7318 = ( GEOMETRIC_REPRESENTATION_CONTEXT(2) 
PARAMETRIC_REPRESENTATION_CONTEXT() REPRESENTATION_CONTEXT('2D SPACE',''
  ) );
#7319 = PCURVE('',#7320,#7325);
#7320 = PLANE('',#7321);
#7321 = AXIS2_PLACEMENT_3D('',#7322,#7323,#7324);
#7322 = CARTESIAN_POINT('',(35.8,-14.7,18.));
#7323 = DIRECTION('',(-1.,0.,0.));
#7324 = DIRECTION('',(0.,1.,0.));
#7325 = DEFINITIONAL_REPRESENTATION('',(#7326),#7330);
#7326 = LINE('',#7327,#7328);
#7327 = CARTESIAN_POINT('',(0.,0.));
#7328 = VECTOR('',#7329,1.);
#7329 = DIRECTION('',(0.,-1.));
#7330 = ( GEOMETRIC_REPRESENTATION_CONTEXT(2) 
PARAMETRIC_REPRESENTATION_CONTEXT() REPRESENTATION_CONTEXT('2D SPACE',''
  ) );
#7331 = ORIENTED_EDGE('',*,*,#7332,.F.);
#7332 = EDGE_CURVE('',#7333,#7305,#7335,.T.);
#7333 = VERTEX_POINT('',#7334);
#7334 = CARTESIAN_POINT('',(36.8,-14.7,21.8));
#7335 = SURFACE_CURVE('',#7336,(#7340,#7346),.PCURVE_S1.);
#7336 = LINE('',#7337,#7338);
#7337 = CARTESIAN_POINT('',(21.,-14.7,21.8));
#7338 = VECTOR('',#7339,1.);
#7339 = DIRECTION('',(-1.,0.,0.));
#7340 = PCURVE('',#6206,#7341);
#7341 = DEFINITIONAL_REPRESENTATION('',(#7342),#7345);
#7342 = B_SPLINE_CURVE_WITH_KNOTS('',1,(#7343,#7344),.UNSPECIFIED.,.F.,
  .F.,(2,2),(-15.8,-14.8),.PIECEWISE_BEZIER_KNOTS.);
#7343 = CARTESIAN_POINT('',(2.,-3.8));
#7344 = CARTESIAN_POINT('',(3.,-3.8));
#7345 = ( GEOMETRIC_REPRESENTATION_CONTEXT(2) 
PARAMETRIC_REPRESENTATION_CONTEXT() REPRESENTATION_CONTEXT('2D SPACE',''
  ) );
#7346 = PCURVE('',#7347,#7352);
#7347 = PLANE('',#7348);
#7348 = AXIS2_PLACEMENT_3D('',#7349,#7350,#7351);
#7349 = CARTESIAN_POINT('',(3.2,-32.,21.8));
#7350 = DIRECTION('',(0.,0.,1.));
#7351 = DIRECTION('',(1.,0.,-0.));
#7352 = DEFINITIONAL_REPRESENTATION('',(#7353),#7356);
#7353 = B_SPLINE_CURVE_WITH_KNOTS('',1,(#7354,#7355),.UNSPECIFIED.,.F.,
  .F.,(2,2),(-15.8,-14.8),.PIECEWISE_BEZIER_KNOTS.);
#7354 = CARTESIAN_POINT('',(33.6,17.3));
#7355 = CARTESIAN_POINT('',(32.6,17.3));
#7356 = ( GEOMETRIC_REPRESENTATION_CONTEXT(2) 
PARAMETRIC_REPRESENTATION_CONTEXT() REPRESENTATION_CONTEXT('2D SPACE',''
  ) );
#7357 = ORIENTED_EDGE('',*,*,#7358,.F.);
#7358 = EDGE_CURVE('',#6248,#7333,#7359,.T.);
#7359 = SURFACE_CURVE('',#7360,(#7364,#7370),.PCURVE_S1.);
#7360 = LINE('',#7361,#7362);
#7361 = CARTESIAN_POINT('',(36.8,-14.7,8.5));
#7362 = VECTOR('',#7363,1.);
#7363 = DIRECTION('',(0.,0.,1.));
#7364 = PCURVE('',#6206,#7365);
#7365 = DEFINITIONAL_REPRESENTATION('',(#7366),#7369);
#7366 = B_SPLINE_CURVE_WITH_KNOTS('',1,(#7367,#7368),.UNSPECIFIED.,.F.,
  .F.,(2,2),(9.5,13.3),.PIECEWISE_BEZIER_KNOTS.);
#7367 = CARTESIAN_POINT('',(2.,0.));
#7368 = CARTESIAN_POINT('',(2.,-3.8));
#7369 = ( GEOMETRIC_REPRESENTATION_CONTEXT(2) 
PARAMETRIC_REPRESENTATION_CONTEXT() REPRESENTATION_CONTEXT('2D SPACE',''
  ) );
#7370 = PCURVE('',#6285,#7371);
#7371 = DEFINITIONAL_REPRESENTATION('',(#7372),#7375);
#7372 = B_SPLINE_CURVE_WITH_KNOTS('',1,(#7373,#7374),.UNSPECIFIED.,.F.,
  .F.,(2,2),(9.5,13.3),.PIECEWISE_BEZIER_KNOTS.);
#7373 = CARTESIAN_POINT('',(19.,-17.3));
#7374 = CARTESIAN_POINT('',(22.8,-17.3));
#7375 = ( GEOMETRIC_REPRESENTATION_CONTEXT(2) 
PARAMETRIC_REPRESENTATION_CONTEXT() REPRESENTATION_CONTEXT('2D SPACE',''
  ) );
#7376 = ADVANCED_FACE('',(#7377),#6180,.F.);
#7377 = FACE_BOUND('',#7378,.F.);
#7378 = EDGE_LOOP('',(#7379,#7380,#7381,#7382,#7405,#7433,#7461,#7482,
    #7483));
#7379 = ORIENTED_EDGE('',*,*,#7030,.T.);
#7380 = ORIENTED_EDGE('',*,*,#6164,.T.);
#7381 = ORIENTED_EDGE('',*,*,#7281,.T.);
#7382 = ORIENTED_EDGE('',*,*,#7383,.T.);
#7383 = EDGE_CURVE('',#7282,#7384,#7386,.T.);
#7384 = VERTEX_POINT('',#7385);
#7385 = CARTESIAN_POINT('',(35.8,-13.1,24.));
#7386 = SURFACE_CURVE('',#7387,(#7391,#7398),.PCURVE_S1.);
#7387 = LINE('',#7388,#7389);
#7388 = CARTESIAN_POINT('',(35.8,-14.7,24.));
#7389 = VECTOR('',#7390,1.);
#7390 = DIRECTION('',(0.,1.,0.));
#7391 = PCURVE('',#6180,#7392);
#7392 = DEFINITIONAL_REPRESENTATION('',(#7393),#7397);
#7393 = LINE('',#7394,#7395);
#7394 = CARTESIAN_POINT('',(1.882111849908,-7.505920288857));
#7395 = VECTOR('',#7396,1.);
#7396 = DIRECTION('',(0.,1.));
#7397 = ( GEOMETRIC_REPRESENTATION_CONTEXT(2) 
PARAMETRIC_REPRESENTATION_CONTEXT() REPRESENTATION_CONTEXT('2D SPACE',''
  ) );
#7398 = PCURVE('',#7320,#7399);
#7399 = DEFINITIONAL_REPRESENTATION('',(#7400),#7404);
#7400 = LINE('',#7401,#7402);
#7401 = CARTESIAN_POINT('',(0.,-6.));
#7402 = VECTOR('',#7403,1.);
#7403 = DIRECTION('',(1.,0.));
#7404 = ( GEOMETRIC_REPRESENTATION_CONTEXT(2) 
PARAMETRIC_REPRESENTATION_CONTEXT() REPRESENTATION_CONTEXT('2D SPACE',''
  ) );
#7405 = ORIENTED_EDGE('',*,*,#7406,.T.);
#7406 = EDGE_CURVE('',#7384,#7407,#7409,.T.);
#7407 = VERTEX_POINT('',#7408);
#7408 = CARTESIAN_POINT('',(36.6,-12.3,24.));
#7409 = SURFACE_CURVE('',#7410,(#7414,#7421),.PCURVE_S1.);
#7410 = LINE('',#7411,#7412);
#7411 = CARTESIAN_POINT('',(35.8,-13.1,24.));
#7412 = VECTOR('',#7413,1.);
#7413 = DIRECTION('',(0.707106781187,0.707106781187,0.));
#7414 = PCURVE('',#6180,#7415);
#7415 = DEFINITIONAL_REPRESENTATION('',(#7416),#7420);
#7416 = LINE('',#7417,#7418);
#7417 = CARTESIAN_POINT('',(1.882111849908,-5.905920288857));
#7418 = VECTOR('',#7419,1.);
#7419 = DIRECTION('',(-0.707106781187,0.707106781187));
#7420 = ( GEOMETRIC_REPRESENTATION_CONTEXT(2) 
PARAMETRIC_REPRESENTATION_CONTEXT() REPRESENTATION_CONTEXT('2D SPACE',''
  ) );
#7421 = PCURVE('',#7422,#7427);
#7422 = PLANE('',#7423);
#7423 = AXIS2_PLACEMENT_3D('',#7424,#7425,#7426);
#7424 = CARTESIAN_POINT('',(35.8,-13.1,18.));
#7425 = DIRECTION('',(-0.707106781187,0.707106781187,0.));
#7426 = DIRECTION('',(0.707106781187,0.707106781187,0.));
#7427 = DEFINITIONAL_REPRESENTATION('',(#7428),#7432);
#7428 = LINE('',#7429,#7430);
#7429 = CARTESIAN_POINT('',(0.,-6.));
#7430 = VECTOR('',#7431,1.);
#7431 = DIRECTION('',(1.,0.));
#7432 = ( GEOMETRIC_REPRESENTATION_CONTEXT(2) 
PARAMETRIC_REPRESENTATION_CONTEXT() REPRESENTATION_CONTEXT('2D SPACE',''
  ) );
#7433 = ORIENTED_EDGE('',*,*,#7434,.T.);
#7434 = EDGE_CURVE('',#7407,#7435,#7437,.T.);
#7435 = VERTEX_POINT('',#7436);
#7436 = CARTESIAN_POINT('',(36.8,-12.3,24.));
#7437 = SURFACE_CURVE('',#7438,(#7442,#7449),.PCURVE_S1.);
#7438 = LINE('',#7439,#7440);
#7439 = CARTESIAN_POINT('',(36.6,-12.3,24.));
#7440 = VECTOR('',#7441,1.);
#7441 = DIRECTION('',(1.,0.,0.));
#7442 = PCURVE('',#6180,#7443);
#7443 = DEFINITIONAL_REPRESENTATION('',(#7444),#7448);
#7444 = LINE('',#7445,#7446);
#7445 = CARTESIAN_POINT('',(1.082111849908,-5.105920288857));
#7446 = VECTOR('',#7447,1.);
#7447 = DIRECTION('',(-1.,0.));
#7448 = ( GEOMETRIC_REPRESENTATION_CONTEXT(2) 
PARAMETRIC_REPRESENTATION_CONTEXT() REPRESENTATION_CONTEXT('2D SPACE',''
  ) );
#7449 = PCURVE('',#7450,#7455);
#7450 = PLANE('',#7451);
#7451 = AXIS2_PLACEMENT_3D('',#7452,#7453,#7454);
#7452 = CARTESIAN_POINT('',(36.6,-12.3,18.));
#7453 = DIRECTION('',(0.,1.,0.));
#7454 = DIRECTION('',(1.,0.,0.));
#7455 = DEFINITIONAL_REPRESENTATION('',(#7456),#7460);
#7456 = LINE('',#7457,#7458);
#7457 = CARTESIAN_POINT('',(0.,-6.));
#7458 = VECTOR('',#7459,1.);
#7459 = DIRECTION('',(1.,0.));
#7460 = ( GEOMETRIC_REPRESENTATION_CONTEXT(2) 
PARAMETRIC_REPRESENTATION_CONTEXT() REPRESENTATION_CONTEXT('2D SPACE',''
  ) );
#7461 = ORIENTED_EDGE('',*,*,#7462,.T.);
#7462 = EDGE_CURVE('',#7435,#6350,#7463,.T.);
#7463 = SURFACE_CURVE('',#7464,(#7468,#7475),.PCURVE_S1.);
#7464 = LINE('',#7465,#7466);
#7465 = CARTESIAN_POINT('',(36.8,-12.3,24.));
#7466 = VECTOR('',#7467,1.);
#7467 = DIRECTION('',(0.,1.,0.));
#7468 = PCURVE('',#6180,#7469);
#7469 = DEFINITIONAL_REPRESENTATION('',(#7470),#7474);
#7470 = LINE('',#7471,#7472);
#7471 = CARTESIAN_POINT('',(0.882111849908,-5.105920288857));
#7472 = VECTOR('',#7473,1.);
#7473 = DIRECTION('',(0.,1.));
#7474 = ( GEOMETRIC_REPRESENTATION_CONTEXT(2) 
PARAMETRIC_REPRESENTATION_CONTEXT() REPRESENTATION_CONTEXT('2D SPACE',''
  ) );
#7475 = PCURVE('',#6365,#7476);
#7476 = DEFINITIONAL_REPRESENTATION('',(#7477),#7481);
#7477 = LINE('',#7478,#7479);
#7478 = CARTESIAN_POINT('',(0.,-6.));
#7479 = VECTOR('',#7480,1.);
#7480 = DIRECTION('',(1.,0.));
#7481 = ( GEOMETRIC_REPRESENTATION_CONTEXT(2) 
PARAMETRIC_REPRESENTATION_CONTEXT() REPRESENTATION_CONTEXT('2D SPACE',''
  ) );
#7482 = ORIENTED_EDGE('',*,*,#6377,.T.);
#7483 = ORIENTED_EDGE('',*,*,#7053,.T.);
#7484 = ADVANCED_FACE('',(#7485),#6310,.T.);
#7485 = FACE_BOUND('',#7486,.T.);
#7486 = EDGE_LOOP('',(#7487,#7488,#7511,#7532));
#7487 = ORIENTED_EDGE('',*,*,#6296,.F.);
#7488 = ORIENTED_EDGE('',*,*,#7489,.T.);
#7489 = EDGE_CURVE('',#6271,#7490,#7492,.T.);
#7490 = VERTEX_POINT('',#7491);
#7491 = CARTESIAN_POINT('',(36.8,-12.3,21.8));
#7492 = SURFACE_CURVE('',#7493,(#7497,#7504),.PCURVE_S1.);
#7493 = LINE('',#7494,#7495);
#7494 = CARTESIAN_POINT('',(36.8,-12.3,18.));
#7495 = VECTOR('',#7496,1.);
#7496 = DIRECTION('',(0.,0.,1.));
#7497 = PCURVE('',#6310,#7498);
#7498 = DEFINITIONAL_REPRESENTATION('',(#7499),#7503);
#7499 = LINE('',#7500,#7501);
#7500 = CARTESIAN_POINT('',(0.,0.));
#7501 = VECTOR('',#7502,1.);
#7502 = DIRECTION('',(0.,-1.));
#7503 = ( GEOMETRIC_REPRESENTATION_CONTEXT(2) 
PARAMETRIC_REPRESENTATION_CONTEXT() REPRESENTATION_CONTEXT('2D SPACE',''
  ) );
#7504 = PCURVE('',#6285,#7505);
#7505 = DEFINITIONAL_REPRESENTATION('',(#7506),#7510);
#7506 = LINE('',#7507,#7508);
#7507 = CARTESIAN_POINT('',(19.,-19.7));
#7508 = VECTOR('',#7509,1.);
#7509 = DIRECTION('',(1.,0.));
#7510 = ( GEOMETRIC_REPRESENTATION_CONTEXT(2) 
PARAMETRIC_REPRESENTATION_CONTEXT() REPRESENTATION_CONTEXT('2D SPACE',''
  ) );
#7511 = ORIENTED_EDGE('',*,*,#7512,.T.);
#7512 = EDGE_CURVE('',#7490,#6327,#7513,.T.);
#7513 = SURFACE_CURVE('',#7514,(#7518,#7525),.PCURVE_S1.);
#7514 = LINE('',#7515,#7516);
#7515 = CARTESIAN_POINT('',(36.8,-32.,21.8));
#7516 = VECTOR('',#7517,1.);
#7517 = DIRECTION('',(-0.,1.,0.));
#7518 = PCURVE('',#6310,#7519);
#7519 = DEFINITIONAL_REPRESENTATION('',(#7520),#7524);
#7520 = LINE('',#7521,#7522);
#7521 = CARTESIAN_POINT('',(-19.7,-3.8));
#7522 = VECTOR('',#7523,1.);
#7523 = DIRECTION('',(1.,0.));
#7524 = ( GEOMETRIC_REPRESENTATION_CONTEXT(2) 
PARAMETRIC_REPRESENTATION_CONTEXT() REPRESENTATION_CONTEXT('2D SPACE',''
  ) );
#7525 = PCURVE('',#6365,#7526);
#7526 = DEFINITIONAL_REPRESENTATION('',(#7527),#7531);
#7527 = LINE('',#7528,#7529);
#7528 = CARTESIAN_POINT('',(-19.7,-3.8));
#7529 = VECTOR('',#7530,1.);
#7530 = DIRECTION('',(1.,0.));
#7531 = ( GEOMETRIC_REPRESENTATION_CONTEXT(2) 
PARAMETRIC_REPRESENTATION_CONTEXT() REPRESENTATION_CONTEXT('2D SPACE',''
  ) );
#7532 = ORIENTED_EDGE('',*,*,#6326,.F.);
#7533 = ADVANCED_FACE('',(#7534),#6285,.F.);
#7534 = FACE_BOUND('',#7535,.F.);
#7535 = EDGE_LOOP('',(#7536,#7557,#7558,#7559));
#7536 = ORIENTED_EDGE('',*,*,#7537,.F.);
#7537 = EDGE_CURVE('',#7333,#7490,#7538,.T.);
#7538 = SURFACE_CURVE('',#7539,(#7543,#7550),.PCURVE_S1.);
#7539 = LINE('',#7540,#7541);
#7540 = CARTESIAN_POINT('',(36.8,-32.,21.8));
#7541 = VECTOR('',#7542,1.);
#7542 = DIRECTION('',(-0.,1.,0.));
#7543 = PCURVE('',#6285,#7544);
#7544 = DEFINITIONAL_REPRESENTATION('',(#7545),#7549);
#7545 = LINE('',#7546,#7547);
#7546 = CARTESIAN_POINT('',(22.8,0.));
#7547 = VECTOR('',#7548,1.);
#7548 = DIRECTION('',(0.,-1.));
#7549 = ( GEOMETRIC_REPRESENTATION_CONTEXT(2) 
PARAMETRIC_REPRESENTATION_CONTEXT() REPRESENTATION_CONTEXT('2D SPACE',''
  ) );
#7550 = PCURVE('',#7347,#7551);
#7551 = DEFINITIONAL_REPRESENTATION('',(#7552),#7556);
#7552 = LINE('',#7553,#7554);
#7553 = CARTESIAN_POINT('',(33.6,0.));
#7554 = VECTOR('',#7555,1.);
#7555 = DIRECTION('',(0.,1.));
#7556 = ( GEOMETRIC_REPRESENTATION_CONTEXT(2) 
PARAMETRIC_REPRESENTATION_CONTEXT() REPRESENTATION_CONTEXT('2D SPACE',''
  ) );
#7557 = ORIENTED_EDGE('',*,*,#7358,.F.);
#7558 = ORIENTED_EDGE('',*,*,#6270,.F.);
#7559 = ORIENTED_EDGE('',*,*,#7489,.T.);
#7560 = ADVANCED_FACE('',(#7561),#6365,.T.);
#7561 = FACE_BOUND('',#7562,.T.);
#7562 = EDGE_LOOP('',(#7563,#7564,#7585,#7586));
#7563 = ORIENTED_EDGE('',*,*,#7512,.F.);
#7564 = ORIENTED_EDGE('',*,*,#7565,.T.);
#7565 = EDGE_CURVE('',#7490,#7435,#7566,.T.);
#7566 = SURFACE_CURVE('',#7567,(#7571,#7578),.PCURVE_S1.);
#7567 = LINE('',#7568,#7569);
#7568 = CARTESIAN_POINT('',(36.8,-12.3,18.));
#7569 = VECTOR('',#7570,1.);
#7570 = DIRECTION('',(0.,0.,1.));
#7571 = PCURVE('',#6365,#7572);
#7572 = DEFINITIONAL_REPRESENTATION('',(#7573),#7577);
#7573 = LINE('',#7574,#7575);
#7574 = CARTESIAN_POINT('',(0.,0.));
#7575 = VECTOR('',#7576,1.);
#7576 = DIRECTION('',(0.,-1.));
#7577 = ( GEOMETRIC_REPRESENTATION_CONTEXT(2) 
PARAMETRIC_REPRESENTATION_CONTEXT() REPRESENTATION_CONTEXT('2D SPACE',''
  ) );
#7578 = PCURVE('',#7450,#7579);
#7579 = DEFINITIONAL_REPRESENTATION('',(#7580),#7584);
#7580 = LINE('',#7581,#7582);
#7581 = CARTESIAN_POINT('',(0.2,0.));
#7582 = VECTOR('',#7583,1.);
#7583 = DIRECTION('',(0.,-1.));
#7584 = ( GEOMETRIC_REPRESENTATION_CONTEXT(2) 
PARAMETRIC_REPRESENTATION_CONTEXT() REPRESENTATION_CONTEXT('2D SPACE',''
  ) );
#7585 = ORIENTED_EDGE('',*,*,#7462,.T.);
#7586 = ORIENTED_EDGE('',*,*,#6349,.F.);
#7587 = ADVANCED_FACE('',(#7588),#6532,.T.);
#7588 = FACE_BOUND('',#7589,.T.);
#7589 = EDGE_LOOP('',(#7590,#7591,#7592,#7593));
#7590 = ORIENTED_EDGE('',*,*,#6669,.T.);
#7591 = ORIENTED_EDGE('',*,*,#6516,.T.);
#7592 = ORIENTED_EDGE('',*,*,#6571,.T.);
#7593 = ORIENTED_EDGE('',*,*,#6620,.T.);
#7594 = ADVANCED_FACE('',(#7595),#6760,.F.);
#7595 = FACE_BOUND('',#7596,.F.);
#7596 = EDGE_LOOP('',(#7597,#7618,#7619,#7620,#7641));
#7597 = ORIENTED_EDGE('',*,*,#7598,.T.);
#7598 = EDGE_CURVE('',#7599,#6697,#7601,.T.);
#7599 = VERTEX_POINT('',#7600);
#7600 = CARTESIAN_POINT('',(3.4,-12.3,21.8));
#7601 = SURFACE_CURVE('',#7602,(#7606,#7612),.PCURVE_S1.);
#7602 = LINE('',#7603,#7604);
#7603 = CARTESIAN_POINT('',(3.3,-12.3,21.8));
#7604 = VECTOR('',#7605,1.);
#7605 = DIRECTION('',(-1.,0.,0.));
#7606 = PCURVE('',#6760,#7607);
#7607 = DEFINITIONAL_REPRESENTATION('',(#7608),#7611);
#7608 = B_SPLINE_CURVE_WITH_KNOTS('',1,(#7609,#7610),.UNSPECIFIED.,.F.,
  .F.,(2,2),(-1.E-01,1.E-01),.PIECEWISE_BEZIER_KNOTS.);
#7609 = CARTESIAN_POINT('',(0.2,19.7));
#7610 = CARTESIAN_POINT('',(0.,19.7));
#7611 = ( GEOMETRIC_REPRESENTATION_CONTEXT(2) 
PARAMETRIC_REPRESENTATION_CONTEXT() REPRESENTATION_CONTEXT('2D SPACE',''
  ) );
#7612 = PCURVE('',#6942,#7613);
#7613 = DEFINITIONAL_REPRESENTATION('',(#7614),#7617);
#7614 = B_SPLINE_CURVE_WITH_KNOTS('',1,(#7615,#7616),.UNSPECIFIED.,.F.,
  .F.,(2,2),(-1.E-01,1.E-01),.PIECEWISE_BEZIER_KNOTS.);
#7615 = CARTESIAN_POINT('',(0.,-3.8));
#7616 = CARTESIAN_POINT('',(0.2,-3.8));
#7617 = ( GEOMETRIC_REPRESENTATION_CONTEXT(2) 
PARAMETRIC_REPRESENTATION_CONTEXT() REPRESENTATION_CONTEXT('2D SPACE',''
  ) );
#7618 = ORIENTED_EDGE('',*,*,#6744,.F.);
#7619 = ORIENTED_EDGE('',*,*,#6849,.T.);
#7620 = ORIENTED_EDGE('',*,*,#7621,.T.);
#7621 = EDGE_CURVE('',#6822,#7622,#7624,.T.);
#7622 = VERTEX_POINT('',#7623);
#7623 = CARTESIAN_POINT('',(4.2,-13.1,21.8));
#7624 = SURFACE_CURVE('',#7625,(#7629,#7635),.PCURVE_S1.);
#7625 = LINE('',#7626,#7627);
#7626 = CARTESIAN_POINT('',(4.2,-23.35,21.8));
#7627 = VECTOR('',#7628,1.);
#7628 = DIRECTION('',(0.,1.,-0.));
#7629 = PCURVE('',#6760,#7630);
#7630 = DEFINITIONAL_REPRESENTATION('',(#7631),#7634);
#7631 = B_SPLINE_CURVE_WITH_KNOTS('',1,(#7632,#7633),.UNSPECIFIED.,.F.,
  .F.,(2,2),(8.65,10.25),.PIECEWISE_BEZIER_KNOTS.);
#7632 = CARTESIAN_POINT('',(1.,17.3));
#7633 = CARTESIAN_POINT('',(1.,18.9));
#7634 = ( GEOMETRIC_REPRESENTATION_CONTEXT(2) 
PARAMETRIC_REPRESENTATION_CONTEXT() REPRESENTATION_CONTEXT('2D SPACE',''
  ) );
#7635 = PCURVE('',#6837,#7636);
#7636 = DEFINITIONAL_REPRESENTATION('',(#7637),#7640);
#7637 = B_SPLINE_CURVE_WITH_KNOTS('',1,(#7638,#7639),.UNSPECIFIED.,.F.,
  .F.,(2,2),(8.65,10.25),.PIECEWISE_BEZIER_KNOTS.);
#7638 = CARTESIAN_POINT('',(0.,-3.8));
#7639 = CARTESIAN_POINT('',(1.6,-3.8));
#7640 = ( GEOMETRIC_REPRESENTATION_CONTEXT(2) 
PARAMETRIC_REPRESENTATION_CONTEXT() REPRESENTATION_CONTEXT('2D SPACE',''
  ) );
#7641 = ORIENTED_EDGE('',*,*,#7642,.T.);
#7642 = EDGE_CURVE('',#7622,#7599,#7643,.T.);
#7643 = SURFACE_CURVE('',#7644,(#7648,#7654),.PCURVE_S1.);
#7644 = LINE('',#7645,#7646);
#7645 = CARTESIAN_POINT('',(8.675,-17.575,21.8));
#7646 = VECTOR('',#7647,1.);
#7647 = DIRECTION('',(-0.707106781187,0.707106781187,0.));
#7648 = PCURVE('',#6760,#7649);
#7649 = DEFINITIONAL_REPRESENTATION('',(#7650),#7653);
#7650 = B_SPLINE_CURVE_WITH_KNOTS('',1,(#7651,#7652),.UNSPECIFIED.,.F.,
  .F.,(2,2),(6.32860569162,7.459976541518),.PIECEWISE_BEZIER_KNOTS.);
#7651 = CARTESIAN_POINT('',(1.,18.9));
#7652 = CARTESIAN_POINT('',(0.2,19.7));
#7653 = ( GEOMETRIC_REPRESENTATION_CONTEXT(2) 
PARAMETRIC_REPRESENTATION_CONTEXT() REPRESENTATION_CONTEXT('2D SPACE',''
  ) );
#7654 = PCURVE('',#6914,#7655);
#7655 = DEFINITIONAL_REPRESENTATION('',(#7656),#7659);
#7656 = B_SPLINE_CURVE_WITH_KNOTS('',1,(#7657,#7658),.UNSPECIFIED.,.F.,
  .F.,(2,2),(6.32860569162,7.459976541518),.PIECEWISE_BEZIER_KNOTS.);
#7657 = CARTESIAN_POINT('',(0.,-3.8));
#7658 = CARTESIAN_POINT('',(1.131370849898,-3.8));
#7659 = ( GEOMETRIC_REPRESENTATION_CONTEXT(2) 
PARAMETRIC_REPRESENTATION_CONTEXT() REPRESENTATION_CONTEXT('2D SPACE',''
  ) );
#7660 = ADVANCED_FACE('',(#7661),#6837,.F.);
#7661 = FACE_BOUND('',#7662,.F.);
#7662 = EDGE_LOOP('',(#7663,#7664,#7665,#7666));
#7663 = ORIENTED_EDGE('',*,*,#7621,.F.);
#7664 = ORIENTED_EDGE('',*,*,#6821,.T.);
#7665 = ORIENTED_EDGE('',*,*,#6875,.T.);
#7666 = ORIENTED_EDGE('',*,*,#7667,.F.);
#7667 = EDGE_CURVE('',#7622,#6876,#7668,.T.);
#7668 = SURFACE_CURVE('',#7669,(#7673,#7680),.PCURVE_S1.);
#7669 = LINE('',#7670,#7671);
#7670 = CARTESIAN_POINT('',(4.2,-13.1,18.));
#7671 = VECTOR('',#7672,1.);
#7672 = DIRECTION('',(0.,0.,1.));
#7673 = PCURVE('',#6837,#7674);
#7674 = DEFINITIONAL_REPRESENTATION('',(#7675),#7679);
#7675 = LINE('',#7676,#7677);
#7676 = CARTESIAN_POINT('',(1.6,0.));
#7677 = VECTOR('',#7678,1.);
#7678 = DIRECTION('',(0.,-1.));
#7679 = ( GEOMETRIC_REPRESENTATION_CONTEXT(2) 
PARAMETRIC_REPRESENTATION_CONTEXT() REPRESENTATION_CONTEXT('2D SPACE',''
  ) );
#7680 = PCURVE('',#6914,#7681);
#7681 = DEFINITIONAL_REPRESENTATION('',(#7682),#7686);
#7682 = LINE('',#7683,#7684);
#7683 = CARTESIAN_POINT('',(0.,0.));
#7684 = VECTOR('',#7685,1.);
#7685 = DIRECTION('',(0.,-1.));
#7686 = ( GEOMETRIC_REPRESENTATION_CONTEXT(2) 
PARAMETRIC_REPRESENTATION_CONTEXT() REPRESENTATION_CONTEXT('2D SPACE',''
  ) );
#7687 = ADVANCED_FACE('',(#7688),#6942,.F.);
#7688 = FACE_BOUND('',#7689,.F.);
#7689 = EDGE_LOOP('',(#7690,#7691,#7712,#7713));
#7690 = ORIENTED_EDGE('',*,*,#7598,.F.);
#7691 = ORIENTED_EDGE('',*,*,#7692,.T.);
#7692 = EDGE_CURVE('',#7599,#6899,#7693,.T.);
#7693 = SURFACE_CURVE('',#7694,(#7698,#7705),.PCURVE_S1.);
#7694 = LINE('',#7695,#7696);
#7695 = CARTESIAN_POINT('',(3.4,-12.3,18.));
#7696 = VECTOR('',#7697,1.);
#7697 = DIRECTION('',(0.,0.,1.));
#7698 = PCURVE('',#6942,#7699);
#7699 = DEFINITIONAL_REPRESENTATION('',(#7700),#7704);
#7700 = LINE('',#7701,#7702);
#7701 = CARTESIAN_POINT('',(0.,-0.));
#7702 = VECTOR('',#7703,1.);
#7703 = DIRECTION('',(0.,-1.));
#7704 = ( GEOMETRIC_REPRESENTATION_CONTEXT(2) 
PARAMETRIC_REPRESENTATION_CONTEXT() REPRESENTATION_CONTEXT('2D SPACE',''
  ) );
#7705 = PCURVE('',#6914,#7706);
#7706 = DEFINITIONAL_REPRESENTATION('',(#7707),#7711);
#7707 = LINE('',#7708,#7709);
#7708 = CARTESIAN_POINT('',(1.131370849898,0.));
#7709 = VECTOR('',#7710,1.);
#7710 = DIRECTION('',(0.,-1.));
#7711 = ( GEOMETRIC_REPRESENTATION_CONTEXT(2) 
PARAMETRIC_REPRESENTATION_CONTEXT() REPRESENTATION_CONTEXT('2D SPACE',''
  ) );
#7712 = ORIENTED_EDGE('',*,*,#6926,.T.);
#7713 = ORIENTED_EDGE('',*,*,#6981,.F.);
#7714 = ADVANCED_FACE('',(#7715),#6914,.F.);
#7715 = FACE_BOUND('',#7716,.F.);
#7716 = EDGE_LOOP('',(#7717,#7718,#7719,#7720));
#7717 = ORIENTED_EDGE('',*,*,#7642,.F.);
#7718 = ORIENTED_EDGE('',*,*,#7667,.T.);
#7719 = ORIENTED_EDGE('',*,*,#6898,.T.);
#7720 = ORIENTED_EDGE('',*,*,#7692,.F.);
#7721 = ADVANCED_FACE('',(#7722),#7116,.T.);
#7722 = FACE_BOUND('',#7723,.T.);
#7723 = EDGE_LOOP('',(#7724,#7725,#7726,#7727));
#7724 = ORIENTED_EDGE('',*,*,#7100,.T.);
#7725 = ORIENTED_EDGE('',*,*,#7154,.T.);
#7726 = ORIENTED_EDGE('',*,*,#7203,.T.);
#7727 = ORIENTED_EDGE('',*,*,#7252,.T.);
#7728 = ADVANCED_FACE('',(#7729),#7347,.F.);
#7729 = FACE_BOUND('',#7730,.F.);
#7730 = EDGE_LOOP('',(#7731,#7732,#7733,#7754,#7775));
#7731 = ORIENTED_EDGE('',*,*,#7332,.F.);
#7732 = ORIENTED_EDGE('',*,*,#7537,.T.);
#7733 = ORIENTED_EDGE('',*,*,#7734,.F.);
#7734 = EDGE_CURVE('',#7735,#7490,#7737,.T.);
#7735 = VERTEX_POINT('',#7736);
#7736 = CARTESIAN_POINT('',(36.6,-12.3,21.8));
#7737 = SURFACE_CURVE('',#7738,(#7742,#7748),.PCURVE_S1.);
#7738 = LINE('',#7739,#7740);
#7739 = CARTESIAN_POINT('',(19.9,-12.3,21.8));
#7740 = VECTOR('',#7741,1.);
#7741 = DIRECTION('',(1.,0.,0.));
#7742 = PCURVE('',#7347,#7743);
#7743 = DEFINITIONAL_REPRESENTATION('',(#7744),#7747);
#7744 = B_SPLINE_CURVE_WITH_KNOTS('',1,(#7745,#7746),.UNSPECIFIED.,.F.,
  .F.,(2,2),(16.7,16.9),.PIECEWISE_BEZIER_KNOTS.);
#7745 = CARTESIAN_POINT('',(33.4,19.7));
#7746 = CARTESIAN_POINT('',(33.6,19.7));
#7747 = ( GEOMETRIC_REPRESENTATION_CONTEXT(2) 
PARAMETRIC_REPRESENTATION_CONTEXT() REPRESENTATION_CONTEXT('2D SPACE',''
  ) );
#7748 = PCURVE('',#7450,#7749);
#7749 = DEFINITIONAL_REPRESENTATION('',(#7750),#7753);
#7750 = B_SPLINE_CURVE_WITH_KNOTS('',1,(#7751,#7752),.UNSPECIFIED.,.F.,
  .F.,(2,2),(16.7,16.9),.PIECEWISE_BEZIER_KNOTS.);
#7751 = CARTESIAN_POINT('',(0.,-3.8));
#7752 = CARTESIAN_POINT('',(0.2,-3.8));
#7753 = ( GEOMETRIC_REPRESENTATION_CONTEXT(2) 
PARAMETRIC_REPRESENTATION_CONTEXT() REPRESENTATION_CONTEXT('2D SPACE',''
  ) );
#7754 = ORIENTED_EDGE('',*,*,#7755,.F.);
#7755 = EDGE_CURVE('',#7756,#7735,#7758,.T.);
#7756 = VERTEX_POINT('',#7757);
#7757 = CARTESIAN_POINT('',(35.8,-13.1,21.8));
#7758 = SURFACE_CURVE('',#7759,(#7763,#7769),.PCURVE_S1.);
#7759 = LINE('',#7760,#7761);
#7760 = CARTESIAN_POINT('',(22.925,-25.975,21.8));
#7761 = VECTOR('',#7762,1.);
#7762 = DIRECTION('',(0.707106781187,0.707106781187,-0.));
#7763 = PCURVE('',#7347,#7764);
#7764 = DEFINITIONAL_REPRESENTATION('',(#7765),#7768);
#7765 = B_SPLINE_CURVE_WITH_KNOTS('',1,(#7766,#7767),.UNSPECIFIED.,.F.,
  .F.,(2,2),(18.207999615554,19.339370465452),.PIECEWISE_BEZIER_KNOTS.);
#7766 = CARTESIAN_POINT('',(32.6,18.9));
#7767 = CARTESIAN_POINT('',(33.4,19.7));
#7768 = ( GEOMETRIC_REPRESENTATION_CONTEXT(2) 
PARAMETRIC_REPRESENTATION_CONTEXT() REPRESENTATION_CONTEXT('2D SPACE',''
  ) );
#7769 = PCURVE('',#7422,#7770);
#7770 = DEFINITIONAL_REPRESENTATION('',(#7771),#7774);
#7771 = B_SPLINE_CURVE_WITH_KNOTS('',1,(#7772,#7773),.UNSPECIFIED.,.F.,
  .F.,(2,2),(18.207999615554,19.339370465452),.PIECEWISE_BEZIER_KNOTS.);
#7772 = CARTESIAN_POINT('',(0.,-3.8));
#7773 = CARTESIAN_POINT('',(1.131370849898,-3.8));
#7774 = ( GEOMETRIC_REPRESENTATION_CONTEXT(2) 
PARAMETRIC_REPRESENTATION_CONTEXT() REPRESENTATION_CONTEXT('2D SPACE',''
  ) );
#7775 = ORIENTED_EDGE('',*,*,#7776,.F.);
#7776 = EDGE_CURVE('',#7305,#7756,#7777,.T.);
#7777 = SURFACE_CURVE('',#7778,(#7782,#7788),.PCURVE_S1.);
#7778 = LINE('',#7779,#7780);
#7779 = CARTESIAN_POINT('',(35.8,-23.35,21.8));
#7780 = VECTOR('',#7781,1.);
#7781 = DIRECTION('',(0.,1.,-0.));
#7782 = PCURVE('',#7347,#7783);
#7783 = DEFINITIONAL_REPRESENTATION('',(#7784),#7787);
#7784 = B_SPLINE_CURVE_WITH_KNOTS('',1,(#7785,#7786),.UNSPECIFIED.,.F.,
  .F.,(2,2),(8.65,10.25),.PIECEWISE_BEZIER_KNOTS.);
#7785 = CARTESIAN_POINT('',(32.6,17.3));
#7786 = CARTESIAN_POINT('',(32.6,18.9));
#7787 = ( GEOMETRIC_REPRESENTATION_CONTEXT(2) 
PARAMETRIC_REPRESENTATION_CONTEXT() REPRESENTATION_CONTEXT('2D SPACE',''
  ) );
#7788 = PCURVE('',#7320,#7789);
#7789 = DEFINITIONAL_REPRESENTATION('',(#7790),#7793);
#7790 = B_SPLINE_CURVE_WITH_KNOTS('',1,(#7791,#7792),.UNSPECIFIED.,.F.,
  .F.,(2,2),(8.65,10.25),.PIECEWISE_BEZIER_KNOTS.);
#7791 = CARTESIAN_POINT('',(0.,-3.8));
#7792 = CARTESIAN_POINT('',(1.6,-3.8));
#7793 = ( GEOMETRIC_REPRESENTATION_CONTEXT(2) 
PARAMETRIC_REPRESENTATION_CONTEXT() REPRESENTATION_CONTEXT('2D SPACE',''
  ) );
#7794 = ADVANCED_FACE('',(#7795),#7320,.T.);
#7795 = FACE_BOUND('',#7796,.T.);
#7796 = EDGE_LOOP('',(#7797,#7798,#7799,#7800));
#7797 = ORIENTED_EDGE('',*,*,#7776,.F.);
#7798 = ORIENTED_EDGE('',*,*,#7304,.T.);
#7799 = ORIENTED_EDGE('',*,*,#7383,.T.);
#7800 = ORIENTED_EDGE('',*,*,#7801,.F.);
#7801 = EDGE_CURVE('',#7756,#7384,#7802,.T.);
#7802 = SURFACE_CURVE('',#7803,(#7807,#7814),.PCURVE_S1.);
#7803 = LINE('',#7804,#7805);
#7804 = CARTESIAN_POINT('',(35.8,-13.1,18.));
#7805 = VECTOR('',#7806,1.);
#7806 = DIRECTION('',(0.,0.,1.));
#7807 = PCURVE('',#7320,#7808);
#7808 = DEFINITIONAL_REPRESENTATION('',(#7809),#7813);
#7809 = LINE('',#7810,#7811);
#7810 = CARTESIAN_POINT('',(1.6,0.));
#7811 = VECTOR('',#7812,1.);
#7812 = DIRECTION('',(0.,-1.));
#7813 = ( GEOMETRIC_REPRESENTATION_CONTEXT(2) 
PARAMETRIC_REPRESENTATION_CONTEXT() REPRESENTATION_CONTEXT('2D SPACE',''
  ) );
#7814 = PCURVE('',#7422,#7815);
#7815 = DEFINITIONAL_REPRESENTATION('',(#7816),#7820);
#7816 = LINE('',#7817,#7818);
#7817 = CARTESIAN_POINT('',(0.,0.));
#7818 = VECTOR('',#7819,1.);
#7819 = DIRECTION('',(0.,-1.));
#7820 = ( GEOMETRIC_REPRESENTATION_CONTEXT(2) 
PARAMETRIC_REPRESENTATION_CONTEXT() REPRESENTATION_CONTEXT('2D SPACE',''
  ) );
#7821 = ADVANCED_FACE('',(#7822),#7450,.T.);
#7822 = FACE_BOUND('',#7823,.T.);
#7823 = EDGE_LOOP('',(#7824,#7825,#7846,#7847));
#7824 = ORIENTED_EDGE('',*,*,#7734,.F.);
#7825 = ORIENTED_EDGE('',*,*,#7826,.T.);
#7826 = EDGE_CURVE('',#7735,#7407,#7827,.T.);
#7827 = SURFACE_CURVE('',#7828,(#7832,#7839),.PCURVE_S1.);
#7828 = LINE('',#7829,#7830);
#7829 = CARTESIAN_POINT('',(36.6,-12.3,18.));
#7830 = VECTOR('',#7831,1.);
#7831 = DIRECTION('',(0.,0.,1.));
#7832 = PCURVE('',#7450,#7833);
#7833 = DEFINITIONAL_REPRESENTATION('',(#7834),#7838);
#7834 = LINE('',#7835,#7836);
#7835 = CARTESIAN_POINT('',(0.,0.));
#7836 = VECTOR('',#7837,1.);
#7837 = DIRECTION('',(0.,-1.));
#7838 = ( GEOMETRIC_REPRESENTATION_CONTEXT(2) 
PARAMETRIC_REPRESENTATION_CONTEXT() REPRESENTATION_CONTEXT('2D SPACE',''
  ) );
#7839 = PCURVE('',#7422,#7840);
#7840 = DEFINITIONAL_REPRESENTATION('',(#7841),#7845);
#7841 = LINE('',#7842,#7843);
#7842 = CARTESIAN_POINT('',(1.131370849898,0.));
#7843 = VECTOR('',#7844,1.);
#7844 = DIRECTION('',(0.,-1.));
#7845 = ( GEOMETRIC_REPRESENTATION_CONTEXT(2) 
PARAMETRIC_REPRESENTATION_CONTEXT() REPRESENTATION_CONTEXT('2D SPACE',''
  ) );
#7846 = ORIENTED_EDGE('',*,*,#7434,.T.);
#7847 = ORIENTED_EDGE('',*,*,#7565,.F.);
#7848 = ADVANCED_FACE('',(#7849),#7422,.T.);
#7849 = FACE_BOUND('',#7850,.T.);
#7850 = EDGE_LOOP('',(#7851,#7852,#7853,#7854));
#7851 = ORIENTED_EDGE('',*,*,#7755,.F.);
#7852 = ORIENTED_EDGE('',*,*,#7801,.T.);
#7853 = ORIENTED_EDGE('',*,*,#7406,.T.);
#7854 = ORIENTED_EDGE('',*,*,#7826,.F.);
#7855 = ORIENTED_CLOSED_SHELL('',*,#7856,.F.);
#7856 = CLOSED_SHELL('',(#7857,#7977,#8063,#8139,#8188,#8237,#8313,#8340
    ,#8367,#8394));
#7857 = ADVANCED_FACE('',(#7858),#7872,.F.);
#7858 = FACE_BOUND('',#7859,.F.);
#7859 = EDGE_LOOP('',(#7860,#7895,#7923,#7951));
#7860 = ORIENTED_EDGE('',*,*,#7861,.T.);
#7861 = EDGE_CURVE('',#7862,#7864,#7866,.T.);
#7862 = VERTEX_POINT('',#7863);
#7863 = CARTESIAN_POINT('',(-43.,-31.3,3.2));
#7864 = VERTEX_POINT('',#7865);
#7865 = CARTESIAN_POINT('',(-43.,-31.3,4.2));
#7866 = SURFACE_CURVE('',#7867,(#7871,#7883),.PCURVE_S1.);
#7867 = LINE('',#7868,#7869);
#7868 = CARTESIAN_POINT('',(-43.,-31.3,3.2));
#7869 = VECTOR('',#7870,1.);
#7870 = DIRECTION('',(0.,0.,1.));
#7871 = PCURVE('',#7872,#7877);
#7872 = PLANE('',#7873);
#7873 = AXIS2_PLACEMENT_3D('',#7874,#7875,#7876);
#7874 = CARTESIAN_POINT('',(-43.,-31.3,3.2));
#7875 = DIRECTION('',(0.,1.,0.));
#7876 = DIRECTION('',(1.,0.,0.));
#7877 = DEFINITIONAL_REPRESENTATION('',(#7878),#7882);
#7878 = LINE('',#7879,#7880);
#7879 = CARTESIAN_POINT('',(0.,0.));
#7880 = VECTOR('',#7881,1.);
#7881 = DIRECTION('',(0.,-1.));
#7882 = ( GEOMETRIC_REPRESENTATION_CONTEXT(2) 
PARAMETRIC_REPRESENTATION_CONTEXT() REPRESENTATION_CONTEXT('2D SPACE',''
  ) );
#7883 = PCURVE('',#7884,#7889);
#7884 = PLANE('',#7885);
#7885 = AXIS2_PLACEMENT_3D('',#7886,#7887,#7888);
#7886 = CARTESIAN_POINT('',(-45.,-31.3,3.2));
#7887 = DIRECTION('',(0.,1.,0.));
#7888 = DIRECTION('',(1.,0.,0.));
#7889 = DEFINITIONAL_REPRESENTATION('',(#7890),#7894);
#7890 = LINE('',#7891,#7892);
#7891 = CARTESIAN_POINT('',(2.,0.));
#7892 = VECTOR('',#7893,1.);
#7893 = DIRECTION('',(0.,-1.));
#7894 = ( GEOMETRIC_REPRESENTATION_CONTEXT(2) 
PARAMETRIC_REPRESENTATION_CONTEXT() REPRESENTATION_CONTEXT('2D SPACE',''
  ) );
#7895 = ORIENTED_EDGE('',*,*,#7896,.T.);
#7896 = EDGE_CURVE('',#7864,#7897,#7899,.T.);
#7897 = VERTEX_POINT('',#7898);
#7898 = CARTESIAN_POINT('',(-36.,-31.3,4.2));
#7899 = SURFACE_CURVE('',#7900,(#7904,#7911),.PCURVE_S1.);
#7900 = LINE('',#7901,#7902);
#7901 = CARTESIAN_POINT('',(-43.,-31.3,4.2));
#7902 = VECTOR('',#7903,1.);
#7903 = DIRECTION('',(1.,0.,0.));
#7904 = PCURVE('',#7872,#7905);
#7905 = DEFINITIONAL_REPRESENTATION('',(#7906),#7910);
#7906 = LINE('',#7907,#7908);
#7907 = CARTESIAN_POINT('',(0.,-1.));
#7908 = VECTOR('',#7909,1.);
#7909 = DIRECTION('',(1.,0.));
#7910 = ( GEOMETRIC_REPRESENTATION_CONTEXT(2) 
PARAMETRIC_REPRESENTATION_CONTEXT() REPRESENTATION_CONTEXT('2D SPACE',''
  ) );
#7911 = PCURVE('',#7912,#7917);
#7912 = PLANE('',#7913);
#7913 = AXIS2_PLACEMENT_3D('',#7914,#7915,#7916);
#7914 = CARTESIAN_POINT('',(-39.5,-29.,4.2));
#7915 = DIRECTION('',(0.,0.,1.));
#7916 = DIRECTION('',(1.,0.,-0.));
#7917 = DEFINITIONAL_REPRESENTATION('',(#7918),#7922);
#7918 = LINE('',#7919,#7920);
#7919 = CARTESIAN_POINT('',(-3.5,-2.3));
#7920 = VECTOR('',#7921,1.);
#7921 = DIRECTION('',(1.,0.));
#7922 = ( GEOMETRIC_REPRESENTATION_CONTEXT(2) 
PARAMETRIC_REPRESENTATION_CONTEXT() REPRESENTATION_CONTEXT('2D SPACE',''
  ) );
#7923 = ORIENTED_EDGE('',*,*,#7924,.F.);
#7924 = EDGE_CURVE('',#7925,#7897,#7927,.T.);
#7925 = VERTEX_POINT('',#7926);
#7926 = CARTESIAN_POINT('',(-36.,-31.3,3.2));
#7927 = SURFACE_CURVE('',#7928,(#7932,#7939),.PCURVE_S1.);
#7928 = LINE('',#7929,#7930);
#7929 = CARTESIAN_POINT('',(-36.,-31.3,3.2));
#7930 = VECTOR('',#7931,1.);
#7931 = DIRECTION('',(0.,0.,1.));
#7932 = PCURVE('',#7872,#7933);
#7933 = DEFINITIONAL_REPRESENTATION('',(#7934),#7938);
#7934 = LINE('',#7935,#7936);
#7935 = CARTESIAN_POINT('',(7.,0.));
#7936 = VECTOR('',#7937,1.);
#7937 = DIRECTION('',(0.,-1.));
#7938 = ( GEOMETRIC_REPRESENTATION_CONTEXT(2) 
PARAMETRIC_REPRESENTATION_CONTEXT() REPRESENTATION_CONTEXT('2D SPACE',''
  ) );
#7939 = PCURVE('',#7940,#7945);
#7940 = PLANE('',#7941);
#7941 = AXIS2_PLACEMENT_3D('',#7942,#7943,#7944);
#7942 = CARTESIAN_POINT('',(-36.,-31.3,3.2));
#7943 = DIRECTION('',(-1.,0.,0.));
#7944 = DIRECTION('',(0.,1.,0.));
#7945 = DEFINITIONAL_REPRESENTATION('',(#7946),#7950);
#7946 = LINE('',#7947,#7948);
#7947 = CARTESIAN_POINT('',(0.,0.));
#7948 = VECTOR('',#7949,1.);
#7949 = DIRECTION('',(0.,-1.));
#7950 = ( GEOMETRIC_REPRESENTATION_CONTEXT(2) 
PARAMETRIC_REPRESENTATION_CONTEXT() REPRESENTATION_CONTEXT('2D SPACE',''
  ) );
#7951 = ORIENTED_EDGE('',*,*,#7952,.F.);
#7952 = EDGE_CURVE('',#7862,#7925,#7953,.T.);
#7953 = SURFACE_CURVE('',#7954,(#7958,#7965),.PCURVE_S1.);
#7954 = LINE('',#7955,#7956);
#7955 = CARTESIAN_POINT('',(-43.,-31.3,3.2));
#7956 = VECTOR('',#7957,1.);
#7957 = DIRECTION('',(1.,0.,0.));
#7958 = PCURVE('',#7872,#7959);
#7959 = DEFINITIONAL_REPRESENTATION('',(#7960),#7964);
#7960 = LINE('',#7961,#7962);
#7961 = CARTESIAN_POINT('',(0.,0.));
#7962 = VECTOR('',#7963,1.);
#7963 = DIRECTION('',(1.,0.));
#7964 = ( GEOMETRIC_REPRESENTATION_CONTEXT(2) 
PARAMETRIC_REPRESENTATION_CONTEXT() REPRESENTATION_CONTEXT('2D SPACE',''
  ) );
#7965 = PCURVE('',#7966,#7971);
#7966 = PLANE('',#7967);
#7967 = AXIS2_PLACEMENT_3D('',#7968,#7969,#7970);
#7968 = CARTESIAN_POINT('',(-39.5,-29.,3.2));
#7969 = DIRECTION('',(0.,0.,1.));
#7970 = DIRECTION('',(1.,0.,-0.));
#7971 = DEFINITIONAL_REPRESENTATION('',(#7972),#7976);
#7972 = LINE('',#7973,#7974);
#7973 = CARTESIAN_POINT('',(-3.5,-2.3));
#7974 = VECTOR('',#7975,1.);
#7975 = DIRECTION('',(1.,0.));
#7976 = ( GEOMETRIC_REPRESENTATION_CONTEXT(2) 
PARAMETRIC_REPRESENTATION_CONTEXT() REPRESENTATION_CONTEXT('2D SPACE',''
  ) );
#7977 = ADVANCED_FACE('',(#7978),#7884,.F.);
#7978 = FACE_BOUND('',#7979,.F.);
#7979 = EDGE_LOOP('',(#7980,#8010,#8036,#8037));
#7980 = ORIENTED_EDGE('',*,*,#7981,.T.);
#7981 = EDGE_CURVE('',#7982,#7984,#7986,.T.);
#7982 = VERTEX_POINT('',#7983);
#7983 = CARTESIAN_POINT('',(-45.,-31.3,3.2));
#7984 = VERTEX_POINT('',#7985);
#7985 = CARTESIAN_POINT('',(-45.,-31.3,4.2));
#7986 = SURFACE_CURVE('',#7987,(#7991,#7998),.PCURVE_S1.);
#7987 = LINE('',#7988,#7989);
#7988 = CARTESIAN_POINT('',(-45.,-31.3,3.2));
#7989 = VECTOR('',#7990,1.);
#7990 = DIRECTION('',(0.,0.,1.));
#7991 = PCURVE('',#7884,#7992);
#7992 = DEFINITIONAL_REPRESENTATION('',(#7993),#7997);
#7993 = LINE('',#7994,#7995);
#7994 = CARTESIAN_POINT('',(0.,0.));
#7995 = VECTOR('',#7996,1.);
#7996 = DIRECTION('',(0.,-1.));
#7997 = ( GEOMETRIC_REPRESENTATION_CONTEXT(2) 
PARAMETRIC_REPRESENTATION_CONTEXT() REPRESENTATION_CONTEXT('2D SPACE',''
  ) );
#7998 = PCURVE('',#7999,#8004);
#7999 = PLANE('',#8000);
#8000 = AXIS2_PLACEMENT_3D('',#8001,#8002,#8003);
#8001 = CARTESIAN_POINT('',(-45.,-26.7,3.2));
#8002 = DIRECTION('',(1.,0.,-0.));
#8003 = DIRECTION('',(0.,-1.,0.));
#8004 = DEFINITIONAL_REPRESENTATION('',(#8005),#8009);
#8005 = LINE('',#8006,#8007);
#8006 = CARTESIAN_POINT('',(4.6,0.));
#8007 = VECTOR('',#8008,1.);
#8008 = DIRECTION('',(0.,-1.));
#8009 = ( GEOMETRIC_REPRESENTATION_CONTEXT(2) 
PARAMETRIC_REPRESENTATION_CONTEXT() REPRESENTATION_CONTEXT('2D SPACE',''
  ) );
#8010 = ORIENTED_EDGE('',*,*,#8011,.T.);
#8011 = EDGE_CURVE('',#7984,#7864,#8012,.T.);
#8012 = SURFACE_CURVE('',#8013,(#8017,#8024),.PCURVE_S1.);
#8013 = LINE('',#8014,#8015);
#8014 = CARTESIAN_POINT('',(-45.,-31.3,4.2));
#8015 = VECTOR('',#8016,1.);
#8016 = DIRECTION('',(1.,0.,0.));
#8017 = PCURVE('',#7884,#8018);
#8018 = DEFINITIONAL_REPRESENTATION('',(#8019),#8023);
#8019 = LINE('',#8020,#8021);
#8020 = CARTESIAN_POINT('',(0.,-1.));
#8021 = VECTOR('',#8022,1.);
#8022 = DIRECTION('',(1.,0.));
#8023 = ( GEOMETRIC_REPRESENTATION_CONTEXT(2) 
PARAMETRIC_REPRESENTATION_CONTEXT() REPRESENTATION_CONTEXT('2D SPACE',''
  ) );
#8024 = PCURVE('',#8025,#8030);
#8025 = PLANE('',#8026);
#8026 = AXIS2_PLACEMENT_3D('',#8027,#8028,#8029);
#8027 = CARTESIAN_POINT('',(-44.,-29.,4.2));
#8028 = DIRECTION('',(0.,0.,1.));
#8029 = DIRECTION('',(1.,0.,-0.));
#8030 = DEFINITIONAL_REPRESENTATION('',(#8031),#8035);
#8031 = LINE('',#8032,#8033);
#8032 = CARTESIAN_POINT('',(-1.,-2.3));
#8033 = VECTOR('',#8034,1.);
#8034 = DIRECTION('',(1.,0.));
#8035 = ( GEOMETRIC_REPRESENTATION_CONTEXT(2) 
PARAMETRIC_REPRESENTATION_CONTEXT() REPRESENTATION_CONTEXT('2D SPACE',''
  ) );
#8036 = ORIENTED_EDGE('',*,*,#7861,.F.);
#8037 = ORIENTED_EDGE('',*,*,#8038,.F.);
#8038 = EDGE_CURVE('',#7982,#7862,#8039,.T.);
#8039 = SURFACE_CURVE('',#8040,(#8044,#8051),.PCURVE_S1.);
#8040 = LINE('',#8041,#8042);
#8041 = CARTESIAN_POINT('',(-45.,-31.3,3.2));
#8042 = VECTOR('',#8043,1.);
#8043 = DIRECTION('',(1.,0.,0.));
#8044 = PCURVE('',#7884,#8045);
#8045 = DEFINITIONAL_REPRESENTATION('',(#8046),#8050);
#8046 = LINE('',#8047,#8048);
#8047 = CARTESIAN_POINT('',(0.,0.));
#8048 = VECTOR('',#8049,1.);
#8049 = DIRECTION('',(1.,0.));
#8050 = ( GEOMETRIC_REPRESENTATION_CONTEXT(2) 
PARAMETRIC_REPRESENTATION_CONTEXT() REPRESENTATION_CONTEXT('2D SPACE',''
  ) );
#8051 = PCURVE('',#8052,#8057);
#8052 = PLANE('',#8053);
#8053 = AXIS2_PLACEMENT_3D('',#8054,#8055,#8056);
#8054 = CARTESIAN_POINT('',(-44.,-29.,3.2));
#8055 = DIRECTION('',(0.,0.,1.));
#8056 = DIRECTION('',(1.,0.,-0.));
#8057 = DEFINITIONAL_REPRESENTATION('',(#8058),#8062);
#8058 = LINE('',#8059,#8060);
#8059 = CARTESIAN_POINT('',(-1.,-2.3));
#8060 = VECTOR('',#8061,1.);
#8061 = DIRECTION('',(1.,0.));
#8062 = ( GEOMETRIC_REPRESENTATION_CONTEXT(2) 
PARAMETRIC_REPRESENTATION_CONTEXT() REPRESENTATION_CONTEXT('2D SPACE',''
  ) );
#8063 = ADVANCED_FACE('',(#8064),#7940,.F.);
#8064 = FACE_BOUND('',#8065,.F.);
#8065 = EDGE_LOOP('',(#8066,#8067,#8090,#8118));
#8066 = ORIENTED_EDGE('',*,*,#7924,.T.);
#8067 = ORIENTED_EDGE('',*,*,#8068,.T.);
#8068 = EDGE_CURVE('',#7897,#8069,#8071,.T.);
#8069 = VERTEX_POINT('',#8070);
#8070 = CARTESIAN_POINT('',(-36.,-26.7,4.2));
#8071 = SURFACE_CURVE('',#8072,(#8076,#8083),.PCURVE_S1.);
#8072 = LINE('',#8073,#8074);
#8073 = CARTESIAN_POINT('',(-36.,-31.3,4.2));
#8074 = VECTOR('',#8075,1.);
#8075 = DIRECTION('',(0.,1.,0.));
#8076 = PCURVE('',#7940,#8077);
#8077 = DEFINITIONAL_REPRESENTATION('',(#8078),#8082);
#8078 = LINE('',#8079,#8080);
#8079 = CARTESIAN_POINT('',(0.,-1.));
#8080 = VECTOR('',#8081,1.);
#8081 = DIRECTION('',(1.,0.));
#8082 = ( GEOMETRIC_REPRESENTATION_CONTEXT(2) 
PARAMETRIC_REPRESENTATION_CONTEXT() REPRESENTATION_CONTEXT('2D SPACE',''
  ) );
#8083 = PCURVE('',#7912,#8084);
#8084 = DEFINITIONAL_REPRESENTATION('',(#8085),#8089);
#8085 = LINE('',#8086,#8087);
#8086 = CARTESIAN_POINT('',(3.5,-2.3));
#8087 = VECTOR('',#8088,1.);
#8088 = DIRECTION('',(0.,1.));
#8089 = ( GEOMETRIC_REPRESENTATION_CONTEXT(2) 
PARAMETRIC_REPRESENTATION_CONTEXT() REPRESENTATION_CONTEXT('2D SPACE',''
  ) );
#8090 = ORIENTED_EDGE('',*,*,#8091,.F.);
#8091 = EDGE_CURVE('',#8092,#8069,#8094,.T.);
#8092 = VERTEX_POINT('',#8093);
#8093 = CARTESIAN_POINT('',(-36.,-26.7,3.2));
#8094 = SURFACE_CURVE('',#8095,(#8099,#8106),.PCURVE_S1.);
#8095 = LINE('',#8096,#8097);
#8096 = CARTESIAN_POINT('',(-36.,-26.7,3.2));
#8097 = VECTOR('',#8098,1.);
#8098 = DIRECTION('',(0.,0.,1.));
#8099 = PCURVE('',#7940,#8100);
#8100 = DEFINITIONAL_REPRESENTATION('',(#8101),#8105);
#8101 = LINE('',#8102,#8103);
#8102 = CARTESIAN_POINT('',(4.6,0.));
#8103 = VECTOR('',#8104,1.);
#8104 = DIRECTION('',(0.,-1.));
#8105 = ( GEOMETRIC_REPRESENTATION_CONTEXT(2) 
PARAMETRIC_REPRESENTATION_CONTEXT() REPRESENTATION_CONTEXT('2D SPACE',''
  ) );
#8106 = PCURVE('',#8107,#8112);
#8107 = PLANE('',#8108);
#8108 = AXIS2_PLACEMENT_3D('',#8109,#8110,#8111);
#8109 = CARTESIAN_POINT('',(-36.,-26.7,3.2));
#8110 = DIRECTION('',(0.,-1.,0.));
#8111 = DIRECTION('',(-1.,0.,0.));
#8112 = DEFINITIONAL_REPRESENTATION('',(#8113),#8117);
#8113 = LINE('',#8114,#8115);
#8114 = CARTESIAN_POINT('',(0.,-0.));
#8115 = VECTOR('',#8116,1.);
#8116 = DIRECTION('',(0.,-1.));
#8117 = ( GEOMETRIC_REPRESENTATION_CONTEXT(2) 
PARAMETRIC_REPRESENTATION_CONTEXT() REPRESENTATION_CONTEXT('2D SPACE',''
  ) );
#8118 = ORIENTED_EDGE('',*,*,#8119,.F.);
#8119 = EDGE_CURVE('',#7925,#8092,#8120,.T.);
#8120 = SURFACE_CURVE('',#8121,(#8125,#8132),.PCURVE_S1.);
#8121 = LINE('',#8122,#8123);
#8122 = CARTESIAN_POINT('',(-36.,-31.3,3.2));
#8123 = VECTOR('',#8124,1.);
#8124 = DIRECTION('',(0.,1.,0.));
#8125 = PCURVE('',#7940,#8126);
#8126 = DEFINITIONAL_REPRESENTATION('',(#8127),#8131);
#8127 = LINE('',#8128,#8129);
#8128 = CARTESIAN_POINT('',(0.,0.));
#8129 = VECTOR('',#8130,1.);
#8130 = DIRECTION('',(1.,0.));
#8131 = ( GEOMETRIC_REPRESENTATION_CONTEXT(2) 
PARAMETRIC_REPRESENTATION_CONTEXT() REPRESENTATION_CONTEXT('2D SPACE',''
  ) );
#8132 = PCURVE('',#7966,#8133);
#8133 = DEFINITIONAL_REPRESENTATION('',(#8134),#8138);
#8134 = LINE('',#8135,#8136);
#8135 = CARTESIAN_POINT('',(3.5,-2.3));
#8136 = VECTOR('',#8137,1.);
#8137 = DIRECTION('',(0.,1.));
#8138 = ( GEOMETRIC_REPRESENTATION_CONTEXT(2) 
PARAMETRIC_REPRESENTATION_CONTEXT() REPRESENTATION_CONTEXT('2D SPACE',''
  ) );
#8139 = ADVANCED_FACE('',(#8140),#7966,.F.);
#8140 = FACE_BOUND('',#8141,.F.);
#8141 = EDGE_LOOP('',(#8142,#8143,#8144,#8167));
#8142 = ORIENTED_EDGE('',*,*,#7952,.T.);
#8143 = ORIENTED_EDGE('',*,*,#8119,.T.);
#8144 = ORIENTED_EDGE('',*,*,#8145,.T.);
#8145 = EDGE_CURVE('',#8092,#8146,#8148,.T.);
#8146 = VERTEX_POINT('',#8147);
#8147 = CARTESIAN_POINT('',(-43.,-26.7,3.2));
#8148 = SURFACE_CURVE('',#8149,(#8153,#8160),.PCURVE_S1.);
#8149 = LINE('',#8150,#8151);
#8150 = CARTESIAN_POINT('',(-36.,-26.7,3.2));
#8151 = VECTOR('',#8152,1.);
#8152 = DIRECTION('',(-1.,0.,0.));
#8153 = PCURVE('',#7966,#8154);
#8154 = DEFINITIONAL_REPRESENTATION('',(#8155),#8159);
#8155 = LINE('',#8156,#8157);
#8156 = CARTESIAN_POINT('',(3.5,2.3));
#8157 = VECTOR('',#8158,1.);
#8158 = DIRECTION('',(-1.,0.));
#8159 = ( GEOMETRIC_REPRESENTATION_CONTEXT(2) 
PARAMETRIC_REPRESENTATION_CONTEXT() REPRESENTATION_CONTEXT('2D SPACE',''
  ) );
#8160 = PCURVE('',#8107,#8161);
#8161 = DEFINITIONAL_REPRESENTATION('',(#8162),#8166);
#8162 = LINE('',#8163,#8164);
#8163 = CARTESIAN_POINT('',(0.,-0.));
#8164 = VECTOR('',#8165,1.);
#8165 = DIRECTION('',(1.,0.));
#8166 = ( GEOMETRIC_REPRESENTATION_CONTEXT(2) 
PARAMETRIC_REPRESENTATION_CONTEXT() REPRESENTATION_CONTEXT('2D SPACE',''
  ) );
#8167 = ORIENTED_EDGE('',*,*,#8168,.T.);
#8168 = EDGE_CURVE('',#8146,#7862,#8169,.T.);
#8169 = SURFACE_CURVE('',#8170,(#8174,#8181),.PCURVE_S1.);
#8170 = LINE('',#8171,#8172);
#8171 = CARTESIAN_POINT('',(-43.,-26.7,3.2));
#8172 = VECTOR('',#8173,1.);
#8173 = DIRECTION('',(0.,-1.,0.));
#8174 = PCURVE('',#7966,#8175);
#8175 = DEFINITIONAL_REPRESENTATION('',(#8176),#8180);
#8176 = LINE('',#8177,#8178);
#8177 = CARTESIAN_POINT('',(-3.5,2.3));
#8178 = VECTOR('',#8179,1.);
#8179 = DIRECTION('',(0.,-1.));
#8180 = ( GEOMETRIC_REPRESENTATION_CONTEXT(2) 
PARAMETRIC_REPRESENTATION_CONTEXT() REPRESENTATION_CONTEXT('2D SPACE',''
  ) );
#8181 = PCURVE('',#8052,#8182);
#8182 = DEFINITIONAL_REPRESENTATION('',(#8183),#8187);
#8183 = LINE('',#8184,#8185);
#8184 = CARTESIAN_POINT('',(1.,2.3));
#8185 = VECTOR('',#8186,1.);
#8186 = DIRECTION('',(0.,-1.));
#8187 = ( GEOMETRIC_REPRESENTATION_CONTEXT(2) 
PARAMETRIC_REPRESENTATION_CONTEXT() REPRESENTATION_CONTEXT('2D SPACE',''
  ) );
#8188 = ADVANCED_FACE('',(#8189),#7912,.T.);
#8189 = FACE_BOUND('',#8190,.T.);
#8190 = EDGE_LOOP('',(#8191,#8192,#8193,#8216));
#8191 = ORIENTED_EDGE('',*,*,#7896,.T.);
#8192 = ORIENTED_EDGE('',*,*,#8068,.T.);
#8193 = ORIENTED_EDGE('',*,*,#8194,.T.);
#8194 = EDGE_CURVE('',#8069,#8195,#8197,.T.);
#8195 = VERTEX_POINT('',#8196);
#8196 = CARTESIAN_POINT('',(-43.,-26.7,4.2));
#8197 = SURFACE_CURVE('',#8198,(#8202,#8209),.PCURVE_S1.);
#8198 = LINE('',#8199,#8200);
#8199 = CARTESIAN_POINT('',(-36.,-26.7,4.2));
#8200 = VECTOR('',#8201,1.);
#8201 = DIRECTION('',(-1.,0.,0.));
#8202 = PCURVE('',#7912,#8203);
#8203 = DEFINITIONAL_REPRESENTATION('',(#8204),#8208);
#8204 = LINE('',#8205,#8206);
#8205 = CARTESIAN_POINT('',(3.5,2.3));
#8206 = VECTOR('',#8207,1.);
#8207 = DIRECTION('',(-1.,0.));
#8208 = ( GEOMETRIC_REPRESENTATION_CONTEXT(2) 
PARAMETRIC_REPRESENTATION_CONTEXT() REPRESENTATION_CONTEXT('2D SPACE',''
  ) );
#8209 = PCURVE('',#8107,#8210);
#8210 = DEFINITIONAL_REPRESENTATION('',(#8211),#8215);
#8211 = LINE('',#8212,#8213);
#8212 = CARTESIAN_POINT('',(0.,-1.));
#8213 = VECTOR('',#8214,1.);
#8214 = DIRECTION('',(1.,0.));
#8215 = ( GEOMETRIC_REPRESENTATION_CONTEXT(2) 
PARAMETRIC_REPRESENTATION_CONTEXT() REPRESENTATION_CONTEXT('2D SPACE',''
  ) );
#8216 = ORIENTED_EDGE('',*,*,#8217,.T.);
#8217 = EDGE_CURVE('',#8195,#7864,#8218,.T.);
#8218 = SURFACE_CURVE('',#8219,(#8223,#8230),.PCURVE_S1.);
#8219 = LINE('',#8220,#8221);
#8220 = CARTESIAN_POINT('',(-43.,-26.7,4.2));
#8221 = VECTOR('',#8222,1.);
#8222 = DIRECTION('',(0.,-1.,0.));
#8223 = PCURVE('',#7912,#8224);
#8224 = DEFINITIONAL_REPRESENTATION('',(#8225),#8229);
#8225 = LINE('',#8226,#8227);
#8226 = CARTESIAN_POINT('',(-3.5,2.3));
#8227 = VECTOR('',#8228,1.);
#8228 = DIRECTION('',(0.,-1.));
#8229 = ( GEOMETRIC_REPRESENTATION_CONTEXT(2) 
PARAMETRIC_REPRESENTATION_CONTEXT() REPRESENTATION_CONTEXT('2D SPACE',''
  ) );
#8230 = PCURVE('',#8025,#8231);
#8231 = DEFINITIONAL_REPRESENTATION('',(#8232),#8236);
#8232 = LINE('',#8233,#8234);
#8233 = CARTESIAN_POINT('',(1.,2.3));
#8234 = VECTOR('',#8235,1.);
#8235 = DIRECTION('',(0.,-1.));
#8236 = ( GEOMETRIC_REPRESENTATION_CONTEXT(2) 
PARAMETRIC_REPRESENTATION_CONTEXT() REPRESENTATION_CONTEXT('2D SPACE',''
  ) );
#8237 = ADVANCED_FACE('',(#8238),#7999,.F.);
#8238 = FACE_BOUND('',#8239,.F.);
#8239 = EDGE_LOOP('',(#8240,#8270,#8291,#8292));
#8240 = ORIENTED_EDGE('',*,*,#8241,.T.);
#8241 = EDGE_CURVE('',#8242,#8244,#8246,.T.);
#8242 = VERTEX_POINT('',#8243);
#8243 = CARTESIAN_POINT('',(-45.,-26.7,3.2));
#8244 = VERTEX_POINT('',#8245);
#8245 = CARTESIAN_POINT('',(-45.,-26.7,4.2));
#8246 = SURFACE_CURVE('',#8247,(#8251,#8258),.PCURVE_S1.);
#8247 = LINE('',#8248,#8249);
#8248 = CARTESIAN_POINT('',(-45.,-26.7,3.2));
#8249 = VECTOR('',#8250,1.);
#8250 = DIRECTION('',(0.,0.,1.));
#8251 = PCURVE('',#7999,#8252);
#8252 = DEFINITIONAL_REPRESENTATION('',(#8253),#8257);
#8253 = LINE('',#8254,#8255);
#8254 = CARTESIAN_POINT('',(0.,0.));
#8255 = VECTOR('',#8256,1.);
#8256 = DIRECTION('',(0.,-1.));
#8257 = ( GEOMETRIC_REPRESENTATION_CONTEXT(2) 
PARAMETRIC_REPRESENTATION_CONTEXT() REPRESENTATION_CONTEXT('2D SPACE',''
  ) );
#8258 = PCURVE('',#8259,#8264);
#8259 = PLANE('',#8260);
#8260 = AXIS2_PLACEMENT_3D('',#8261,#8262,#8263);
#8261 = CARTESIAN_POINT('',(-43.,-26.7,3.2));
#8262 = DIRECTION('',(0.,-1.,0.));
#8263 = DIRECTION('',(-1.,0.,0.));
#8264 = DEFINITIONAL_REPRESENTATION('',(#8265),#8269);
#8265 = LINE('',#8266,#8267);
#8266 = CARTESIAN_POINT('',(2.,0.));
#8267 = VECTOR('',#8268,1.);
#8268 = DIRECTION('',(0.,-1.));
#8269 = ( GEOMETRIC_REPRESENTATION_CONTEXT(2) 
PARAMETRIC_REPRESENTATION_CONTEXT() REPRESENTATION_CONTEXT('2D SPACE',''
  ) );
#8270 = ORIENTED_EDGE('',*,*,#8271,.T.);
#8271 = EDGE_CURVE('',#8244,#7984,#8272,.T.);
#8272 = SURFACE_CURVE('',#8273,(#8277,#8284),.PCURVE_S1.);
#8273 = LINE('',#8274,#8275);
#8274 = CARTESIAN_POINT('',(-45.,-26.7,4.2));
#8275 = VECTOR('',#8276,1.);
#8276 = DIRECTION('',(0.,-1.,0.));
#8277 = PCURVE('',#7999,#8278);
#8278 = DEFINITIONAL_REPRESENTATION('',(#8279),#8283);
#8279 = LINE('',#8280,#8281);
#8280 = CARTESIAN_POINT('',(0.,-1.));
#8281 = VECTOR('',#8282,1.);
#8282 = DIRECTION('',(1.,0.));
#8283 = ( GEOMETRIC_REPRESENTATION_CONTEXT(2) 
PARAMETRIC_REPRESENTATION_CONTEXT() REPRESENTATION_CONTEXT('2D SPACE',''
  ) );
#8284 = PCURVE('',#8025,#8285);
#8285 = DEFINITIONAL_REPRESENTATION('',(#8286),#8290);
#8286 = LINE('',#8287,#8288);
#8287 = CARTESIAN_POINT('',(-1.,2.3));
#8288 = VECTOR('',#8289,1.);
#8289 = DIRECTION('',(0.,-1.));
#8290 = ( GEOMETRIC_REPRESENTATION_CONTEXT(2) 
PARAMETRIC_REPRESENTATION_CONTEXT() REPRESENTATION_CONTEXT('2D SPACE',''
  ) );
#8291 = ORIENTED_EDGE('',*,*,#7981,.F.);
#8292 = ORIENTED_EDGE('',*,*,#8293,.F.);
#8293 = EDGE_CURVE('',#8242,#7982,#8294,.T.);
#8294 = SURFACE_CURVE('',#8295,(#8299,#8306),.PCURVE_S1.);
#8295 = LINE('',#8296,#8297);
#8296 = CARTESIAN_POINT('',(-45.,-26.7,3.2));
#8297 = VECTOR('',#8298,1.);
#8298 = DIRECTION('',(0.,-1.,0.));
#8299 = PCURVE('',#7999,#8300);
#8300 = DEFINITIONAL_REPRESENTATION('',(#8301),#8305);
#8301 = LINE('',#8302,#8303);
#8302 = CARTESIAN_POINT('',(0.,0.));
#8303 = VECTOR('',#8304,1.);
#8304 = DIRECTION('',(1.,0.));
#8305 = ( GEOMETRIC_REPRESENTATION_CONTEXT(2) 
PARAMETRIC_REPRESENTATION_CONTEXT() REPRESENTATION_CONTEXT('2D SPACE',''
  ) );
#8306 = PCURVE('',#8052,#8307);
#8307 = DEFINITIONAL_REPRESENTATION('',(#8308),#8312);
#8308 = LINE('',#8309,#8310);
#8309 = CARTESIAN_POINT('',(-1.,2.3));
#8310 = VECTOR('',#8311,1.);
#8311 = DIRECTION('',(0.,-1.));
#8312 = ( GEOMETRIC_REPRESENTATION_CONTEXT(2) 
PARAMETRIC_REPRESENTATION_CONTEXT() REPRESENTATION_CONTEXT('2D SPACE',''
  ) );
#8313 = ADVANCED_FACE('',(#8314),#8052,.F.);
#8314 = FACE_BOUND('',#8315,.F.);
#8315 = EDGE_LOOP('',(#8316,#8317,#8318,#8339));
#8316 = ORIENTED_EDGE('',*,*,#8038,.T.);
#8317 = ORIENTED_EDGE('',*,*,#8168,.F.);
#8318 = ORIENTED_EDGE('',*,*,#8319,.T.);
#8319 = EDGE_CURVE('',#8146,#8242,#8320,.T.);
#8320 = SURFACE_CURVE('',#8321,(#8325,#8332),.PCURVE_S1.);
#8321 = LINE('',#8322,#8323);
#8322 = CARTESIAN_POINT('',(-43.,-26.7,3.2));
#8323 = VECTOR('',#8324,1.);
#8324 = DIRECTION('',(-1.,0.,0.));
#8325 = PCURVE('',#8052,#8326);
#8326 = DEFINITIONAL_REPRESENTATION('',(#8327),#8331);
#8327 = LINE('',#8328,#8329);
#8328 = CARTESIAN_POINT('',(1.,2.3));
#8329 = VECTOR('',#8330,1.);
#8330 = DIRECTION('',(-1.,0.));
#8331 = ( GEOMETRIC_REPRESENTATION_CONTEXT(2) 
PARAMETRIC_REPRESENTATION_CONTEXT() REPRESENTATION_CONTEXT('2D SPACE',''
  ) );
#8332 = PCURVE('',#8259,#8333);
#8333 = DEFINITIONAL_REPRESENTATION('',(#8334),#8338);
#8334 = LINE('',#8335,#8336);
#8335 = CARTESIAN_POINT('',(0.,-0.));
#8336 = VECTOR('',#8337,1.);
#8337 = DIRECTION('',(1.,0.));
#8338 = ( GEOMETRIC_REPRESENTATION_CONTEXT(2) 
PARAMETRIC_REPRESENTATION_CONTEXT() REPRESENTATION_CONTEXT('2D SPACE',''
  ) );
#8339 = ORIENTED_EDGE('',*,*,#8293,.T.);
#8340 = ADVANCED_FACE('',(#8341),#8025,.T.);
#8341 = FACE_BOUND('',#8342,.T.);
#8342 = EDGE_LOOP('',(#8343,#8344,#8345,#8366));
#8343 = ORIENTED_EDGE('',*,*,#8011,.T.);
#8344 = ORIENTED_EDGE('',*,*,#8217,.F.);
#8345 = ORIENTED_EDGE('',*,*,#8346,.T.);
#8346 = EDGE_CURVE('',#8195,#8244,#8347,.T.);
#8347 = SURFACE_CURVE('',#8348,(#8352,#8359),.PCURVE_S1.);
#8348 = LINE('',#8349,#8350);
#8349 = CARTESIAN_POINT('',(-43.,-26.7,4.2));
#8350 = VECTOR('',#8351,1.);
#8351 = DIRECTION('',(-1.,0.,0.));
#8352 = PCURVE('',#8025,#8353);
#8353 = DEFINITIONAL_REPRESENTATION('',(#8354),#8358);
#8354 = LINE('',#8355,#8356);
#8355 = CARTESIAN_POINT('',(1.,2.3));
#8356 = VECTOR('',#8357,1.);
#8357 = DIRECTION('',(-1.,0.));
#8358 = ( GEOMETRIC_REPRESENTATION_CONTEXT(2) 
PARAMETRIC_REPRESENTATION_CONTEXT() REPRESENTATION_CONTEXT('2D SPACE',''
  ) );
#8359 = PCURVE('',#8259,#8360);
#8360 = DEFINITIONAL_REPRESENTATION('',(#8361),#8365);
#8361 = LINE('',#8362,#8363);
#8362 = CARTESIAN_POINT('',(0.,-1.));
#8363 = VECTOR('',#8364,1.);
#8364 = DIRECTION('',(1.,0.));
#8365 = ( GEOMETRIC_REPRESENTATION_CONTEXT(2) 
PARAMETRIC_REPRESENTATION_CONTEXT() REPRESENTATION_CONTEXT('2D SPACE',''
  ) );
#8366 = ORIENTED_EDGE('',*,*,#8271,.T.);
#8367 = ADVANCED_FACE('',(#8368),#8107,.F.);
#8368 = FACE_BOUND('',#8369,.F.);
#8369 = EDGE_LOOP('',(#8370,#8371,#8372,#8393));
#8370 = ORIENTED_EDGE('',*,*,#8091,.T.);
#8371 = ORIENTED_EDGE('',*,*,#8194,.T.);
#8372 = ORIENTED_EDGE('',*,*,#8373,.F.);
#8373 = EDGE_CURVE('',#8146,#8195,#8374,.T.);
#8374 = SURFACE_CURVE('',#8375,(#8379,#8386),.PCURVE_S1.);
#8375 = LINE('',#8376,#8377);
#8376 = CARTESIAN_POINT('',(-43.,-26.7,3.2));
#8377 = VECTOR('',#8378,1.);
#8378 = DIRECTION('',(0.,0.,1.));
#8379 = PCURVE('',#8107,#8380);
#8380 = DEFINITIONAL_REPRESENTATION('',(#8381),#8385);
#8381 = LINE('',#8382,#8383);
#8382 = CARTESIAN_POINT('',(7.,0.));
#8383 = VECTOR('',#8384,1.);
#8384 = DIRECTION('',(0.,-1.));
#8385 = ( GEOMETRIC_REPRESENTATION_CONTEXT(2) 
PARAMETRIC_REPRESENTATION_CONTEXT() REPRESENTATION_CONTEXT('2D SPACE',''
  ) );
#8386 = PCURVE('',#8259,#8387);
#8387 = DEFINITIONAL_REPRESENTATION('',(#8388),#8392);
#8388 = LINE('',#8389,#8390);
#8389 = CARTESIAN_POINT('',(0.,-0.));
#8390 = VECTOR('',#8391,1.);
#8391 = DIRECTION('',(0.,-1.));
#8392 = ( GEOMETRIC_REPRESENTATION_CONTEXT(2) 
PARAMETRIC_REPRESENTATION_CONTEXT() REPRESENTATION_CONTEXT('2D SPACE',''
  ) );
#8393 = ORIENTED_EDGE('',*,*,#8145,.F.);
#8394 = ADVANCED_FACE('',(#8395),#8259,.F.);
#8395 = FACE_BOUND('',#8396,.F.);
#8396 = EDGE_LOOP('',(#8397,#8398,#8399,#8400));
#8397 = ORIENTED_EDGE('',*,*,#8373,.T.);
#8398 = ORIENTED_EDGE('',*,*,#8346,.T.);
#8399 = ORIENTED_EDGE('',*,*,#8241,.F.);
#8400 = ORIENTED_EDGE('',*,*,#8319,.F.);
#8401 = ORIENTED_CLOSED_SHELL('',*,#8402,.F.);
#8402 = CLOSED_SHELL('',(#8403,#8523,#8609,#8685,#8734,#8783,#8859,#8886
    ,#8913,#8940));
#8403 = ADVANCED_FACE('',(#8404),#8418,.F.);
#8404 = FACE_BOUND('',#8405,.F.);
#8405 = EDGE_LOOP('',(#8406,#8441,#8469,#8497));
#8406 = ORIENTED_EDGE('',*,*,#8407,.T.);
#8407 = EDGE_CURVE('',#8408,#8410,#8412,.T.);
#8408 = VERTEX_POINT('',#8409);
#8409 = CARTESIAN_POINT('',(-43.,-21.8,3.2));
#8410 = VERTEX_POINT('',#8411);
#8411 = CARTESIAN_POINT('',(-43.,-21.8,4.4));
#8412 = SURFACE_CURVE('',#8413,(#8417,#8429),.PCURVE_S1.);
#8413 = LINE('',#8414,#8415);
#8414 = CARTESIAN_POINT('',(-43.,-21.8,3.2));
#8415 = VECTOR('',#8416,1.);
#8416 = DIRECTION('',(0.,0.,1.));
#8417 = PCURVE('',#8418,#8423);
#8418 = PLANE('',#8419);
#8419 = AXIS2_PLACEMENT_3D('',#8420,#8421,#8422);
#8420 = CARTESIAN_POINT('',(-43.,-21.8,3.2));
#8421 = DIRECTION('',(0.,1.,0.));
#8422 = DIRECTION('',(1.,0.,0.));
#8423 = DEFINITIONAL_REPRESENTATION('',(#8424),#8428);
#8424 = LINE('',#8425,#8426);
#8425 = CARTESIAN_POINT('',(0.,0.));
#8426 = VECTOR('',#8427,1.);
#8427 = DIRECTION('',(0.,-1.));
#8428 = ( GEOMETRIC_REPRESENTATION_CONTEXT(2) 
PARAMETRIC_REPRESENTATION_CONTEXT() REPRESENTATION_CONTEXT('2D SPACE',''
  ) );
#8429 = PCURVE('',#8430,#8435);
#8430 = PLANE('',#8431);
#8431 = AXIS2_PLACEMENT_3D('',#8432,#8433,#8434);
#8432 = CARTESIAN_POINT('',(-45.,-21.8,3.2));
#8433 = DIRECTION('',(0.,1.,0.));
#8434 = DIRECTION('',(1.,0.,0.));
#8435 = DEFINITIONAL_REPRESENTATION('',(#8436),#8440);
#8436 = LINE('',#8437,#8438);
#8437 = CARTESIAN_POINT('',(2.,0.));
#8438 = VECTOR('',#8439,1.);
#8439 = DIRECTION('',(0.,-1.));
#8440 = ( GEOMETRIC_REPRESENTATION_CONTEXT(2) 
PARAMETRIC_REPRESENTATION_CONTEXT() REPRESENTATION_CONTEXT('2D SPACE',''
  ) );
#8441 = ORIENTED_EDGE('',*,*,#8442,.T.);
#8442 = EDGE_CURVE('',#8410,#8443,#8445,.T.);
#8443 = VERTEX_POINT('',#8444);
#8444 = CARTESIAN_POINT('',(-36.,-21.8,4.4));
#8445 = SURFACE_CURVE('',#8446,(#8450,#8457),.PCURVE_S1.);
#8446 = LINE('',#8447,#8448);
#8447 = CARTESIAN_POINT('',(-43.,-21.8,4.4));
#8448 = VECTOR('',#8449,1.);
#8449 = DIRECTION('',(1.,0.,0.));
#8450 = PCURVE('',#8418,#8451);
#8451 = DEFINITIONAL_REPRESENTATION('',(#8452),#8456);
#8452 = LINE('',#8453,#8454);
#8453 = CARTESIAN_POINT('',(0.,-1.2));
#8454 = VECTOR('',#8455,1.);
#8455 = DIRECTION('',(1.,0.));
#8456 = ( GEOMETRIC_REPRESENTATION_CONTEXT(2) 
PARAMETRIC_REPRESENTATION_CONTEXT() REPRESENTATION_CONTEXT('2D SPACE',''
  ) );
#8457 = PCURVE('',#8458,#8463);
#8458 = PLANE('',#8459);
#8459 = AXIS2_PLACEMENT_3D('',#8460,#8461,#8462);
#8460 = CARTESIAN_POINT('',(-39.5,-19.5,4.4));
#8461 = DIRECTION('',(0.,0.,1.));
#8462 = DIRECTION('',(1.,0.,-0.));
#8463 = DEFINITIONAL_REPRESENTATION('',(#8464),#8468);
#8464 = LINE('',#8465,#8466);
#8465 = CARTESIAN_POINT('',(-3.5,-2.3));
#8466 = VECTOR('',#8467,1.);
#8467 = DIRECTION('',(1.,0.));
#8468 = ( GEOMETRIC_REPRESENTATION_CONTEXT(2) 
PARAMETRIC_REPRESENTATION_CONTEXT() REPRESENTATION_CONTEXT('2D SPACE',''
  ) );
#8469 = ORIENTED_EDGE('',*,*,#8470,.F.);
#8470 = EDGE_CURVE('',#8471,#8443,#8473,.T.);
#8471 = VERTEX_POINT('',#8472);
#8472 = CARTESIAN_POINT('',(-36.,-21.8,3.2));
#8473 = SURFACE_CURVE('',#8474,(#8478,#8485),.PCURVE_S1.);
#8474 = LINE('',#8475,#8476);
#8475 = CARTESIAN_POINT('',(-36.,-21.8,3.2));
#8476 = VECTOR('',#8477,1.);
#8477 = DIRECTION('',(0.,0.,1.));
#8478 = PCURVE('',#8418,#8479);
#8479 = DEFINITIONAL_REPRESENTATION('',(#8480),#8484);
#8480 = LINE('',#8481,#8482);
#8481 = CARTESIAN_POINT('',(7.,0.));
#8482 = VECTOR('',#8483,1.);
#8483 = DIRECTION('',(0.,-1.));
#8484 = ( GEOMETRIC_REPRESENTATION_CONTEXT(2) 
PARAMETRIC_REPRESENTATION_CONTEXT() REPRESENTATION_CONTEXT('2D SPACE',''
  ) );
#8485 = PCURVE('',#8486,#8491);
#8486 = PLANE('',#8487);
#8487 = AXIS2_PLACEMENT_3D('',#8488,#8489,#8490);
#8488 = CARTESIAN_POINT('',(-36.,-21.8,3.2));
#8489 = DIRECTION('',(-1.,0.,0.));
#8490 = DIRECTION('',(0.,1.,0.));
#8491 = DEFINITIONAL_REPRESENTATION('',(#8492),#8496);
#8492 = LINE('',#8493,#8494);
#8493 = CARTESIAN_POINT('',(0.,0.));
#8494 = VECTOR('',#8495,1.);
#8495 = DIRECTION('',(0.,-1.));
#8496 = ( GEOMETRIC_REPRESENTATION_CONTEXT(2) 
PARAMETRIC_REPRESENTATION_CONTEXT() REPRESENTATION_CONTEXT('2D SPACE',''
  ) );
#8497 = ORIENTED_EDGE('',*,*,#8498,.F.);
#8498 = EDGE_CURVE('',#8408,#8471,#8499,.T.);
#8499 = SURFACE_CURVE('',#8500,(#8504,#8511),.PCURVE_S1.);
#8500 = LINE('',#8501,#8502);
#8501 = CARTESIAN_POINT('',(-43.,-21.8,3.2));
#8502 = VECTOR('',#8503,1.);
#8503 = DIRECTION('',(1.,0.,0.));
#8504 = PCURVE('',#8418,#8505);
#8505 = DEFINITIONAL_REPRESENTATION('',(#8506),#8510);
#8506 = LINE('',#8507,#8508);
#8507 = CARTESIAN_POINT('',(0.,0.));
#8508 = VECTOR('',#8509,1.);
#8509 = DIRECTION('',(1.,0.));
#8510 = ( GEOMETRIC_REPRESENTATION_CONTEXT(2) 
PARAMETRIC_REPRESENTATION_CONTEXT() REPRESENTATION_CONTEXT('2D SPACE',''
  ) );
#8511 = PCURVE('',#8512,#8517);
#8512 = PLANE('',#8513);
#8513 = AXIS2_PLACEMENT_3D('',#8514,#8515,#8516);
#8514 = CARTESIAN_POINT('',(-39.5,-19.5,3.2));
#8515 = DIRECTION('',(0.,0.,1.));
#8516 = DIRECTION('',(1.,0.,-0.));
#8517 = DEFINITIONAL_REPRESENTATION('',(#8518),#8522);
#8518 = LINE('',#8519,#8520);
#8519 = CARTESIAN_POINT('',(-3.5,-2.3));
#8520 = VECTOR('',#8521,1.);
#8521 = DIRECTION('',(1.,0.));
#8522 = ( GEOMETRIC_REPRESENTATION_CONTEXT(2) 
PARAMETRIC_REPRESENTATION_CONTEXT() REPRESENTATION_CONTEXT('2D SPACE',''
  ) );
#8523 = ADVANCED_FACE('',(#8524),#8430,.F.);
#8524 = FACE_BOUND('',#8525,.F.);
#8525 = EDGE_LOOP('',(#8526,#8556,#8582,#8583));
#8526 = ORIENTED_EDGE('',*,*,#8527,.T.);
#8527 = EDGE_CURVE('',#8528,#8530,#8532,.T.);
#8528 = VERTEX_POINT('',#8529);
#8529 = CARTESIAN_POINT('',(-45.,-21.8,3.2));
#8530 = VERTEX_POINT('',#8531);
#8531 = CARTESIAN_POINT('',(-45.,-21.8,4.4));
#8532 = SURFACE_CURVE('',#8533,(#8537,#8544),.PCURVE_S1.);
#8533 = LINE('',#8534,#8535);
#8534 = CARTESIAN_POINT('',(-45.,-21.8,3.2));
#8535 = VECTOR('',#8536,1.);
#8536 = DIRECTION('',(0.,0.,1.));
#8537 = PCURVE('',#8430,#8538);
#8538 = DEFINITIONAL_REPRESENTATION('',(#8539),#8543);
#8539 = LINE('',#8540,#8541);
#8540 = CARTESIAN_POINT('',(0.,0.));
#8541 = VECTOR('',#8542,1.);
#8542 = DIRECTION('',(0.,-1.));
#8543 = ( GEOMETRIC_REPRESENTATION_CONTEXT(2) 
PARAMETRIC_REPRESENTATION_CONTEXT() REPRESENTATION_CONTEXT('2D SPACE',''
  ) );
#8544 = PCURVE('',#8545,#8550);
#8545 = PLANE('',#8546);
#8546 = AXIS2_PLACEMENT_3D('',#8547,#8548,#8549);
#8547 = CARTESIAN_POINT('',(-45.,-17.2,3.2));
#8548 = DIRECTION('',(1.,0.,-0.));
#8549 = DIRECTION('',(0.,-1.,0.));
#8550 = DEFINITIONAL_REPRESENTATION('',(#8551),#8555);
#8551 = LINE('',#8552,#8553);
#8552 = CARTESIAN_POINT('',(4.6,0.));
#8553 = VECTOR('',#8554,1.);
#8554 = DIRECTION('',(0.,-1.));
#8555 = ( GEOMETRIC_REPRESENTATION_CONTEXT(2) 
PARAMETRIC_REPRESENTATION_CONTEXT() REPRESENTATION_CONTEXT('2D SPACE',''
  ) );
#8556 = ORIENTED_EDGE('',*,*,#8557,.T.);
#8557 = EDGE_CURVE('',#8530,#8410,#8558,.T.);
#8558 = SURFACE_CURVE('',#8559,(#8563,#8570),.PCURVE_S1.);
#8559 = LINE('',#8560,#8561);
#8560 = CARTESIAN_POINT('',(-45.,-21.8,4.4));
#8561 = VECTOR('',#8562,1.);
#8562 = DIRECTION('',(1.,0.,0.));
#8563 = PCURVE('',#8430,#8564);
#8564 = DEFINITIONAL_REPRESENTATION('',(#8565),#8569);
#8565 = LINE('',#8566,#8567);
#8566 = CARTESIAN_POINT('',(0.,-1.2));
#8567 = VECTOR('',#8568,1.);
#8568 = DIRECTION('',(1.,0.));
#8569 = ( GEOMETRIC_REPRESENTATION_CONTEXT(2) 
PARAMETRIC_REPRESENTATION_CONTEXT() REPRESENTATION_CONTEXT('2D SPACE',''
  ) );
#8570 = PCURVE('',#8571,#8576);
#8571 = PLANE('',#8572);
#8572 = AXIS2_PLACEMENT_3D('',#8573,#8574,#8575);
#8573 = CARTESIAN_POINT('',(-44.,-19.5,4.4));
#8574 = DIRECTION('',(0.,0.,1.));
#8575 = DIRECTION('',(1.,0.,-0.));
#8576 = DEFINITIONAL_REPRESENTATION('',(#8577),#8581);
#8577 = LINE('',#8578,#8579);
#8578 = CARTESIAN_POINT('',(-1.,-2.3));
#8579 = VECTOR('',#8580,1.);
#8580 = DIRECTION('',(1.,0.));
#8581 = ( GEOMETRIC_REPRESENTATION_CONTEXT(2) 
PARAMETRIC_REPRESENTATION_CONTEXT() REPRESENTATION_CONTEXT('2D SPACE',''
  ) );
#8582 = ORIENTED_EDGE('',*,*,#8407,.F.);
#8583 = ORIENTED_EDGE('',*,*,#8584,.F.);
#8584 = EDGE_CURVE('',#8528,#8408,#8585,.T.);
#8585 = SURFACE_CURVE('',#8586,(#8590,#8597),.PCURVE_S1.);
#8586 = LINE('',#8587,#8588);
#8587 = CARTESIAN_POINT('',(-45.,-21.8,3.2));
#8588 = VECTOR('',#8589,1.);
#8589 = DIRECTION('',(1.,0.,0.));
#8590 = PCURVE('',#8430,#8591);
#8591 = DEFINITIONAL_REPRESENTATION('',(#8592),#8596);
#8592 = LINE('',#8593,#8594);
#8593 = CARTESIAN_POINT('',(0.,0.));
#8594 = VECTOR('',#8595,1.);
#8595 = DIRECTION('',(1.,0.));
#8596 = ( GEOMETRIC_REPRESENTATION_CONTEXT(2) 
PARAMETRIC_REPRESENTATION_CONTEXT() REPRESENTATION_CONTEXT('2D SPACE',''
  ) );
#8597 = PCURVE('',#8598,#8603);
#8598 = PLANE('',#8599);
#8599 = AXIS2_PLACEMENT_3D('',#8600,#8601,#8602);
#8600 = CARTESIAN_POINT('',(-44.,-19.5,3.2));
#8601 = DIRECTION('',(0.,0.,1.));
#8602 = DIRECTION('',(1.,0.,-0.));
#8603 = DEFINITIONAL_REPRESENTATION('',(#8604),#8608);
#8604 = LINE('',#8605,#8606);
#8605 = CARTESIAN_POINT('',(-1.,-2.3));
#8606 = VECTOR('',#8607,1.);
#8607 = DIRECTION('',(1.,0.));
#8608 = ( GEOMETRIC_REPRESENTATION_CONTEXT(2) 
PARAMETRIC_REPRESENTATION_CONTEXT() REPRESENTATION_CONTEXT('2D SPACE',''
  ) );
#8609 = ADVANCED_FACE('',(#8610),#8486,.F.);
#8610 = FACE_BOUND('',#8611,.F.);
#8611 = EDGE_LOOP('',(#8612,#8613,#8636,#8664));
#8612 = ORIENTED_EDGE('',*,*,#8470,.T.);
#8613 = ORIENTED_EDGE('',*,*,#8614,.T.);
#8614 = EDGE_CURVE('',#8443,#8615,#8617,.T.);
#8615 = VERTEX_POINT('',#8616);
#8616 = CARTESIAN_POINT('',(-36.,-17.2,4.4));
#8617 = SURFACE_CURVE('',#8618,(#8622,#8629),.PCURVE_S1.);
#8618 = LINE('',#8619,#8620);
#8619 = CARTESIAN_POINT('',(-36.,-21.8,4.4));
#8620 = VECTOR('',#8621,1.);
#8621 = DIRECTION('',(0.,1.,0.));
#8622 = PCURVE('',#8486,#8623);
#8623 = DEFINITIONAL_REPRESENTATION('',(#8624),#8628);
#8624 = LINE('',#8625,#8626);
#8625 = CARTESIAN_POINT('',(0.,-1.2));
#8626 = VECTOR('',#8627,1.);
#8627 = DIRECTION('',(1.,0.));
#8628 = ( GEOMETRIC_REPRESENTATION_CONTEXT(2) 
PARAMETRIC_REPRESENTATION_CONTEXT() REPRESENTATION_CONTEXT('2D SPACE',''
  ) );
#8629 = PCURVE('',#8458,#8630);
#8630 = DEFINITIONAL_REPRESENTATION('',(#8631),#8635);
#8631 = LINE('',#8632,#8633);
#8632 = CARTESIAN_POINT('',(3.5,-2.3));
#8633 = VECTOR('',#8634,1.);
#8634 = DIRECTION('',(0.,1.));
#8635 = ( GEOMETRIC_REPRESENTATION_CONTEXT(2) 
PARAMETRIC_REPRESENTATION_CONTEXT() REPRESENTATION_CONTEXT('2D SPACE',''
  ) );
#8636 = ORIENTED_EDGE('',*,*,#8637,.F.);
#8637 = EDGE_CURVE('',#8638,#8615,#8640,.T.);
#8638 = VERTEX_POINT('',#8639);
#8639 = CARTESIAN_POINT('',(-36.,-17.2,3.2));
#8640 = SURFACE_CURVE('',#8641,(#8645,#8652),.PCURVE_S1.);
#8641 = LINE('',#8642,#8643);
#8642 = CARTESIAN_POINT('',(-36.,-17.2,3.2));
#8643 = VECTOR('',#8644,1.);
#8644 = DIRECTION('',(0.,0.,1.));
#8645 = PCURVE('',#8486,#8646);
#8646 = DEFINITIONAL_REPRESENTATION('',(#8647),#8651);
#8647 = LINE('',#8648,#8649);
#8648 = CARTESIAN_POINT('',(4.6,0.));
#8649 = VECTOR('',#8650,1.);
#8650 = DIRECTION('',(0.,-1.));
#8651 = ( GEOMETRIC_REPRESENTATION_CONTEXT(2) 
PARAMETRIC_REPRESENTATION_CONTEXT() REPRESENTATION_CONTEXT('2D SPACE',''
  ) );
#8652 = PCURVE('',#8653,#8658);
#8653 = PLANE('',#8654);
#8654 = AXIS2_PLACEMENT_3D('',#8655,#8656,#8657);
#8655 = CARTESIAN_POINT('',(-36.,-17.2,3.2));
#8656 = DIRECTION('',(0.,-1.,0.));
#8657 = DIRECTION('',(-1.,0.,0.));
#8658 = DEFINITIONAL_REPRESENTATION('',(#8659),#8663);
#8659 = LINE('',#8660,#8661);
#8660 = CARTESIAN_POINT('',(0.,-0.));
#8661 = VECTOR('',#8662,1.);
#8662 = DIRECTION('',(0.,-1.));
#8663 = ( GEOMETRIC_REPRESENTATION_CONTEXT(2) 
PARAMETRIC_REPRESENTATION_CONTEXT() REPRESENTATION_CONTEXT('2D SPACE',''
  ) );
#8664 = ORIENTED_EDGE('',*,*,#8665,.F.);
#8665 = EDGE_CURVE('',#8471,#8638,#8666,.T.);
#8666 = SURFACE_CURVE('',#8667,(#8671,#8678),.PCURVE_S1.);
#8667 = LINE('',#8668,#8669);
#8668 = CARTESIAN_POINT('',(-36.,-21.8,3.2));
#8669 = VECTOR('',#8670,1.);
#8670 = DIRECTION('',(0.,1.,0.));
#8671 = PCURVE('',#8486,#8672);
#8672 = DEFINITIONAL_REPRESENTATION('',(#8673),#8677);
#8673 = LINE('',#8674,#8675);
#8674 = CARTESIAN_POINT('',(0.,0.));
#8675 = VECTOR('',#8676,1.);
#8676 = DIRECTION('',(1.,0.));
#8677 = ( GEOMETRIC_REPRESENTATION_CONTEXT(2) 
PARAMETRIC_REPRESENTATION_CONTEXT() REPRESENTATION_CONTEXT('2D SPACE',''
  ) );
#8678 = PCURVE('',#8512,#8679);
#8679 = DEFINITIONAL_REPRESENTATION('',(#8680),#8684);
#8680 = LINE('',#8681,#8682);
#8681 = CARTESIAN_POINT('',(3.5,-2.3));
#8682 = VECTOR('',#8683,1.);
#8683 = DIRECTION('',(0.,1.));
#8684 = ( GEOMETRIC_REPRESENTATION_CONTEXT(2) 
PARAMETRIC_REPRESENTATION_CONTEXT() REPRESENTATION_CONTEXT('2D SPACE',''
  ) );
#8685 = ADVANCED_FACE('',(#8686),#8512,.F.);
#8686 = FACE_BOUND('',#8687,.F.);
#8687 = EDGE_LOOP('',(#8688,#8689,#8690,#8713));
#8688 = ORIENTED_EDGE('',*,*,#8498,.T.);
#8689 = ORIENTED_EDGE('',*,*,#8665,.T.);
#8690 = ORIENTED_EDGE('',*,*,#8691,.T.);
#8691 = EDGE_CURVE('',#8638,#8692,#8694,.T.);
#8692 = VERTEX_POINT('',#8693);
#8693 = CARTESIAN_POINT('',(-43.,-17.2,3.2));
#8694 = SURFACE_CURVE('',#8695,(#8699,#8706),.PCURVE_S1.);
#8695 = LINE('',#8696,#8697);
#8696 = CARTESIAN_POINT('',(-36.,-17.2,3.2));
#8697 = VECTOR('',#8698,1.);
#8698 = DIRECTION('',(-1.,0.,0.));
#8699 = PCURVE('',#8512,#8700);
#8700 = DEFINITIONAL_REPRESENTATION('',(#8701),#8705);
#8701 = LINE('',#8702,#8703);
#8702 = CARTESIAN_POINT('',(3.5,2.3));
#8703 = VECTOR('',#8704,1.);
#8704 = DIRECTION('',(-1.,0.));
#8705 = ( GEOMETRIC_REPRESENTATION_CONTEXT(2) 
PARAMETRIC_REPRESENTATION_CONTEXT() REPRESENTATION_CONTEXT('2D SPACE',''
  ) );
#8706 = PCURVE('',#8653,#8707);
#8707 = DEFINITIONAL_REPRESENTATION('',(#8708),#8712);
#8708 = LINE('',#8709,#8710);
#8709 = CARTESIAN_POINT('',(0.,-0.));
#8710 = VECTOR('',#8711,1.);
#8711 = DIRECTION('',(1.,0.));
#8712 = ( GEOMETRIC_REPRESENTATION_CONTEXT(2) 
PARAMETRIC_REPRESENTATION_CONTEXT() REPRESENTATION_CONTEXT('2D SPACE',''
  ) );
#8713 = ORIENTED_EDGE('',*,*,#8714,.T.);
#8714 = EDGE_CURVE('',#8692,#8408,#8715,.T.);
#8715 = SURFACE_CURVE('',#8716,(#8720,#8727),.PCURVE_S1.);
#8716 = LINE('',#8717,#8718);
#8717 = CARTESIAN_POINT('',(-43.,-17.2,3.2));
#8718 = VECTOR('',#8719,1.);
#8719 = DIRECTION('',(0.,-1.,0.));
#8720 = PCURVE('',#8512,#8721);
#8721 = DEFINITIONAL_REPRESENTATION('',(#8722),#8726);
#8722 = LINE('',#8723,#8724);
#8723 = CARTESIAN_POINT('',(-3.5,2.3));
#8724 = VECTOR('',#8725,1.);
#8725 = DIRECTION('',(0.,-1.));
#8726 = ( GEOMETRIC_REPRESENTATION_CONTEXT(2) 
PARAMETRIC_REPRESENTATION_CONTEXT() REPRESENTATION_CONTEXT('2D SPACE',''
  ) );
#8727 = PCURVE('',#8598,#8728);
#8728 = DEFINITIONAL_REPRESENTATION('',(#8729),#8733);
#8729 = LINE('',#8730,#8731);
#8730 = CARTESIAN_POINT('',(1.,2.3));
#8731 = VECTOR('',#8732,1.);
#8732 = DIRECTION('',(0.,-1.));
#8733 = ( GEOMETRIC_REPRESENTATION_CONTEXT(2) 
PARAMETRIC_REPRESENTATION_CONTEXT() REPRESENTATION_CONTEXT('2D SPACE',''
  ) );
#8734 = ADVANCED_FACE('',(#8735),#8458,.T.);
#8735 = FACE_BOUND('',#8736,.T.);
#8736 = EDGE_LOOP('',(#8737,#8738,#8739,#8762));
#8737 = ORIENTED_EDGE('',*,*,#8442,.T.);
#8738 = ORIENTED_EDGE('',*,*,#8614,.T.);
#8739 = ORIENTED_EDGE('',*,*,#8740,.T.);
#8740 = EDGE_CURVE('',#8615,#8741,#8743,.T.);
#8741 = VERTEX_POINT('',#8742);
#8742 = CARTESIAN_POINT('',(-43.,-17.2,4.4));
#8743 = SURFACE_CURVE('',#8744,(#8748,#8755),.PCURVE_S1.);
#8744 = LINE('',#8745,#8746);
#8745 = CARTESIAN_POINT('',(-36.,-17.2,4.4));
#8746 = VECTOR('',#8747,1.);
#8747 = DIRECTION('',(-1.,0.,0.));
#8748 = PCURVE('',#8458,#8749);
#8749 = DEFINITIONAL_REPRESENTATION('',(#8750),#8754);
#8750 = LINE('',#8751,#8752);
#8751 = CARTESIAN_POINT('',(3.5,2.3));
#8752 = VECTOR('',#8753,1.);
#8753 = DIRECTION('',(-1.,0.));
#8754 = ( GEOMETRIC_REPRESENTATION_CONTEXT(2) 
PARAMETRIC_REPRESENTATION_CONTEXT() REPRESENTATION_CONTEXT('2D SPACE',''
  ) );
#8755 = PCURVE('',#8653,#8756);
#8756 = DEFINITIONAL_REPRESENTATION('',(#8757),#8761);
#8757 = LINE('',#8758,#8759);
#8758 = CARTESIAN_POINT('',(0.,-1.2));
#8759 = VECTOR('',#8760,1.);
#8760 = DIRECTION('',(1.,0.));
#8761 = ( GEOMETRIC_REPRESENTATION_CONTEXT(2) 
PARAMETRIC_REPRESENTATION_CONTEXT() REPRESENTATION_CONTEXT('2D SPACE',''
  ) );
#8762 = ORIENTED_EDGE('',*,*,#8763,.T.);
#8763 = EDGE_CURVE('',#8741,#8410,#8764,.T.);
#8764 = SURFACE_CURVE('',#8765,(#8769,#8776),.PCURVE_S1.);
#8765 = LINE('',#8766,#8767);
#8766 = CARTESIAN_POINT('',(-43.,-17.2,4.4));
#8767 = VECTOR('',#8768,1.);
#8768 = DIRECTION('',(0.,-1.,0.));
#8769 = PCURVE('',#8458,#8770);
#8770 = DEFINITIONAL_REPRESENTATION('',(#8771),#8775);
#8771 = LINE('',#8772,#8773);
#8772 = CARTESIAN_POINT('',(-3.5,2.3));
#8773 = VECTOR('',#8774,1.);
#8774 = DIRECTION('',(0.,-1.));
#8775 = ( GEOMETRIC_REPRESENTATION_CONTEXT(2) 
PARAMETRIC_REPRESENTATION_CONTEXT() REPRESENTATION_CONTEXT('2D SPACE',''
  ) );
#8776 = PCURVE('',#8571,#8777);
#8777 = DEFINITIONAL_REPRESENTATION('',(#8778),#8782);
#8778 = LINE('',#8779,#8780);
#8779 = CARTESIAN_POINT('',(1.,2.3));
#8780 = VECTOR('',#8781,1.);
#8781 = DIRECTION('',(0.,-1.));
#8782 = ( GEOMETRIC_REPRESENTATION_CONTEXT(2) 
PARAMETRIC_REPRESENTATION_CONTEXT() REPRESENTATION_CONTEXT('2D SPACE',''
  ) );
#8783 = ADVANCED_FACE('',(#8784),#8545,.F.);
#8784 = FACE_BOUND('',#8785,.F.);
#8785 = EDGE_LOOP('',(#8786,#8816,#8837,#8838));
#8786 = ORIENTED_EDGE('',*,*,#8787,.T.);
#8787 = EDGE_CURVE('',#8788,#8790,#8792,.T.);
#8788 = VERTEX_POINT('',#8789);
#8789 = CARTESIAN_POINT('',(-45.,-17.2,3.2));
#8790 = VERTEX_POINT('',#8791);
#8791 = CARTESIAN_POINT('',(-45.,-17.2,4.4));
#8792 = SURFACE_CURVE('',#8793,(#8797,#8804),.PCURVE_S1.);
#8793 = LINE('',#8794,#8795);
#8794 = CARTESIAN_POINT('',(-45.,-17.2,3.2));
#8795 = VECTOR('',#8796,1.);
#8796 = DIRECTION('',(0.,0.,1.));
#8797 = PCURVE('',#8545,#8798);
#8798 = DEFINITIONAL_REPRESENTATION('',(#8799),#8803);
#8799 = LINE('',#8800,#8801);
#8800 = CARTESIAN_POINT('',(0.,0.));
#8801 = VECTOR('',#8802,1.);
#8802 = DIRECTION('',(0.,-1.));
#8803 = ( GEOMETRIC_REPRESENTATION_CONTEXT(2) 
PARAMETRIC_REPRESENTATION_CONTEXT() REPRESENTATION_CONTEXT('2D SPACE',''
  ) );
#8804 = PCURVE('',#8805,#8810);
#8805 = PLANE('',#8806);
#8806 = AXIS2_PLACEMENT_3D('',#8807,#8808,#8809);
#8807 = CARTESIAN_POINT('',(-43.,-17.2,3.2));
#8808 = DIRECTION('',(0.,-1.,0.));
#8809 = DIRECTION('',(-1.,0.,0.));
#8810 = DEFINITIONAL_REPRESENTATION('',(#8811),#8815);
#8811 = LINE('',#8812,#8813);
#8812 = CARTESIAN_POINT('',(2.,0.));
#8813 = VECTOR('',#8814,1.);
#8814 = DIRECTION('',(0.,-1.));
#8815 = ( GEOMETRIC_REPRESENTATION_CONTEXT(2) 
PARAMETRIC_REPRESENTATION_CONTEXT() REPRESENTATION_CONTEXT('2D SPACE',''
  ) );
#8816 = ORIENTED_EDGE('',*,*,#8817,.T.);
#8817 = EDGE_CURVE('',#8790,#8530,#8818,.T.);
#8818 = SURFACE_CURVE('',#8819,(#8823,#8830),.PCURVE_S1.);
#8819 = LINE('',#8820,#8821);
#8820 = CARTESIAN_POINT('',(-45.,-17.2,4.4));
#8821 = VECTOR('',#8822,1.);
#8822 = DIRECTION('',(0.,-1.,0.));
#8823 = PCURVE('',#8545,#8824);
#8824 = DEFINITIONAL_REPRESENTATION('',(#8825),#8829);
#8825 = LINE('',#8826,#8827);
#8826 = CARTESIAN_POINT('',(0.,-1.2));
#8827 = VECTOR('',#8828,1.);
#8828 = DIRECTION('',(1.,0.));
#8829 = ( GEOMETRIC_REPRESENTATION_CONTEXT(2) 
PARAMETRIC_REPRESENTATION_CONTEXT() REPRESENTATION_CONTEXT('2D SPACE',''
  ) );
#8830 = PCURVE('',#8571,#8831);
#8831 = DEFINITIONAL_REPRESENTATION('',(#8832),#8836);
#8832 = LINE('',#8833,#8834);
#8833 = CARTESIAN_POINT('',(-1.,2.3));
#8834 = VECTOR('',#8835,1.);
#8835 = DIRECTION('',(0.,-1.));
#8836 = ( GEOMETRIC_REPRESENTATION_CONTEXT(2) 
PARAMETRIC_REPRESENTATION_CONTEXT() REPRESENTATION_CONTEXT('2D SPACE',''
  ) );
#8837 = ORIENTED_EDGE('',*,*,#8527,.F.);
#8838 = ORIENTED_EDGE('',*,*,#8839,.F.);
#8839 = EDGE_CURVE('',#8788,#8528,#8840,.T.);
#8840 = SURFACE_CURVE('',#8841,(#8845,#8852),.PCURVE_S1.);
#8841 = LINE('',#8842,#8843);
#8842 = CARTESIAN_POINT('',(-45.,-17.2,3.2));
#8843 = VECTOR('',#8844,1.);
#8844 = DIRECTION('',(0.,-1.,0.));
#8845 = PCURVE('',#8545,#8846);
#8846 = DEFINITIONAL_REPRESENTATION('',(#8847),#8851);
#8847 = LINE('',#8848,#8849);
#8848 = CARTESIAN_POINT('',(0.,0.));
#8849 = VECTOR('',#8850,1.);
#8850 = DIRECTION('',(1.,0.));
#8851 = ( GEOMETRIC_REPRESENTATION_CONTEXT(2) 
PARAMETRIC_REPRESENTATION_CONTEXT() REPRESENTATION_CONTEXT('2D SPACE',''
  ) );
#8852 = PCURVE('',#8598,#8853);
#8853 = DEFINITIONAL_REPRESENTATION('',(#8854),#8858);
#8854 = LINE('',#8855,#8856);
#8855 = CARTESIAN_POINT('',(-1.,2.3));
#8856 = VECTOR('',#8857,1.);
#8857 = DIRECTION('',(0.,-1.));
#8858 = ( GEOMETRIC_REPRESENTATION_CONTEXT(2) 
PARAMETRIC_REPRESENTATION_CONTEXT() REPRESENTATION_CONTEXT('2D SPACE',''
  ) );
#8859 = ADVANCED_FACE('',(#8860),#8598,.F.);
#8860 = FACE_BOUND('',#8861,.F.);
#8861 = EDGE_LOOP('',(#8862,#8863,#8864,#8885));
#8862 = ORIENTED_EDGE('',*,*,#8584,.T.);
#8863 = ORIENTED_EDGE('',*,*,#8714,.F.);
#8864 = ORIENTED_EDGE('',*,*,#8865,.T.);
#8865 = EDGE_CURVE('',#8692,#8788,#8866,.T.);
#8866 = SURFACE_CURVE('',#8867,(#8871,#8878),.PCURVE_S1.);
#8867 = LINE('',#8868,#8869);
#8868 = CARTESIAN_POINT('',(-43.,-17.2,3.2));
#8869 = VECTOR('',#8870,1.);
#8870 = DIRECTION('',(-1.,0.,0.));
#8871 = PCURVE('',#8598,#8872);
#8872 = DEFINITIONAL_REPRESENTATION('',(#8873),#8877);
#8873 = LINE('',#8874,#8875);
#8874 = CARTESIAN_POINT('',(1.,2.3));
#8875 = VECTOR('',#8876,1.);
#8876 = DIRECTION('',(-1.,0.));
#8877 = ( GEOMETRIC_REPRESENTATION_CONTEXT(2) 
PARAMETRIC_REPRESENTATION_CONTEXT() REPRESENTATION_CONTEXT('2D SPACE',''
  ) );
#8878 = PCURVE('',#8805,#8879);
#8879 = DEFINITIONAL_REPRESENTATION('',(#8880),#8884);
#8880 = LINE('',#8881,#8882);
#8881 = CARTESIAN_POINT('',(0.,-0.));
#8882 = VECTOR('',#8883,1.);
#8883 = DIRECTION('',(1.,0.));
#8884 = ( GEOMETRIC_REPRESENTATION_CONTEXT(2) 
PARAMETRIC_REPRESENTATION_CONTEXT() REPRESENTATION_CONTEXT('2D SPACE',''
  ) );
#8885 = ORIENTED_EDGE('',*,*,#8839,.T.);
#8886 = ADVANCED_FACE('',(#8887),#8571,.T.);
#8887 = FACE_BOUND('',#8888,.T.);
#8888 = EDGE_LOOP('',(#8889,#8890,#8891,#8912));
#8889 = ORIENTED_EDGE('',*,*,#8557,.T.);
#8890 = ORIENTED_EDGE('',*,*,#8763,.F.);
#8891 = ORIENTED_EDGE('',*,*,#8892,.T.);
#8892 = EDGE_CURVE('',#8741,#8790,#8893,.T.);
#8893 = SURFACE_CURVE('',#8894,(#8898,#8905),.PCURVE_S1.);
#8894 = LINE('',#8895,#8896);
#8895 = CARTESIAN_POINT('',(-43.,-17.2,4.4));
#8896 = VECTOR('',#8897,1.);
#8897 = DIRECTION('',(-1.,0.,0.));
#8898 = PCURVE('',#8571,#8899);
#8899 = DEFINITIONAL_REPRESENTATION('',(#8900),#8904);
#8900 = LINE('',#8901,#8902);
#8901 = CARTESIAN_POINT('',(1.,2.3));
#8902 = VECTOR('',#8903,1.);
#8903 = DIRECTION('',(-1.,0.));
#8904 = ( GEOMETRIC_REPRESENTATION_CONTEXT(2) 
PARAMETRIC_REPRESENTATION_CONTEXT() REPRESENTATION_CONTEXT('2D SPACE',''
  ) );
#8905 = PCURVE('',#8805,#8906);
#8906 = DEFINITIONAL_REPRESENTATION('',(#8907),#8911);
#8907 = LINE('',#8908,#8909);
#8908 = CARTESIAN_POINT('',(0.,-1.2));
#8909 = VECTOR('',#8910,1.);
#8910 = DIRECTION('',(1.,0.));
#8911 = ( GEOMETRIC_REPRESENTATION_CONTEXT(2) 
PARAMETRIC_REPRESENTATION_CONTEXT() REPRESENTATION_CONTEXT('2D SPACE',''
  ) );
#8912 = ORIENTED_EDGE('',*,*,#8817,.T.);
#8913 = ADVANCED_FACE('',(#8914),#8653,.F.);
#8914 = FACE_BOUND('',#8915,.F.);
#8915 = EDGE_LOOP('',(#8916,#8917,#8918,#8939));
#8916 = ORIENTED_EDGE('',*,*,#8637,.T.);
#8917 = ORIENTED_EDGE('',*,*,#8740,.T.);
#8918 = ORIENTED_EDGE('',*,*,#8919,.F.);
#8919 = EDGE_CURVE('',#8692,#8741,#8920,.T.);
#8920 = SURFACE_CURVE('',#8921,(#8925,#8932),.PCURVE_S1.);
#8921 = LINE('',#8922,#8923);
#8922 = CARTESIAN_POINT('',(-43.,-17.2,3.2));
#8923 = VECTOR('',#8924,1.);
#8924 = DIRECTION('',(0.,0.,1.));
#8925 = PCURVE('',#8653,#8926);
#8926 = DEFINITIONAL_REPRESENTATION('',(#8927),#8931);
#8927 = LINE('',#8928,#8929);
#8928 = CARTESIAN_POINT('',(7.,0.));
#8929 = VECTOR('',#8930,1.);
#8930 = DIRECTION('',(0.,-1.));
#8931 = ( GEOMETRIC_REPRESENTATION_CONTEXT(2) 
PARAMETRIC_REPRESENTATION_CONTEXT() REPRESENTATION_CONTEXT('2D SPACE',''
  ) );
#8932 = PCURVE('',#8805,#8933);
#8933 = DEFINITIONAL_REPRESENTATION('',(#8934),#8938);
#8934 = LINE('',#8935,#8936);
#8935 = CARTESIAN_POINT('',(0.,-0.));
#8936 = VECTOR('',#8937,1.);
#8937 = DIRECTION('',(0.,-1.));
#8938 = ( GEOMETRIC_REPRESENTATION_CONTEXT(2) 
PARAMETRIC_REPRESENTATION_CONTEXT() REPRESENTATION_CONTEXT('2D SPACE',''
  ) );
#8939 = ORIENTED_EDGE('',*,*,#8691,.F.);
#8940 = ADVANCED_FACE('',(#8941),#8805,.F.);
#8941 = FACE_BOUND('',#8942,.F.);
#8942 = EDGE_LOOP('',(#8943,#8944,#8945,#8946));
#8943 = ORIENTED_EDGE('',*,*,#8919,.T.);
#8944 = ORIENTED_EDGE('',*,*,#8892,.T.);
#8945 = ORIENTED_EDGE('',*,*,#8787,.F.);
#8946 = ORIENTED_EDGE('',*,*,#8865,.F.);
#8947 = ORIENTED_CLOSED_SHELL('',*,#8948,.F.);
#8948 = CLOSED_SHELL('',(#8949,#9069,#9155,#9231,#9280,#9329,#9405,#9432
    ,#9459,#9486));
#8949 = ADVANCED_FACE('',(#8950),#8964,.F.);
#8950 = FACE_BOUND('',#8951,.F.);
#8951 = EDGE_LOOP('',(#8952,#8987,#9015,#9043));
#8952 = ORIENTED_EDGE('',*,*,#8953,.T.);
#8953 = EDGE_CURVE('',#8954,#8956,#8958,.T.);
#8954 = VERTEX_POINT('',#8955);
#8955 = CARTESIAN_POINT('',(-43.,-12.3,3.2));
#8956 = VERTEX_POINT('',#8957);
#8957 = CARTESIAN_POINT('',(-43.,-12.3,4.6));
#8958 = SURFACE_CURVE('',#8959,(#8963,#8975),.PCURVE_S1.);
#8959 = LINE('',#8960,#8961);
#8960 = CARTESIAN_POINT('',(-43.,-12.3,3.2));
#8961 = VECTOR('',#8962,1.);
#8962 = DIRECTION('',(0.,0.,1.));
#8963 = PCURVE('',#8964,#8969);
#8964 = PLANE('',#8965);
#8965 = AXIS2_PLACEMENT_3D('',#8966,#8967,#8968);
#8966 = CARTESIAN_POINT('',(-43.,-12.3,3.2));
#8967 = DIRECTION('',(0.,1.,0.));
#8968 = DIRECTION('',(1.,0.,0.));
#8969 = DEFINITIONAL_REPRESENTATION('',(#8970),#8974);
#8970 = LINE('',#8971,#8972);
#8971 = CARTESIAN_POINT('',(0.,0.));
#8972 = VECTOR('',#8973,1.);
#8973 = DIRECTION('',(0.,-1.));
#8974 = ( GEOMETRIC_REPRESENTATION_CONTEXT(2) 
PARAMETRIC_REPRESENTATION_CONTEXT() REPRESENTATION_CONTEXT('2D SPACE',''
  ) );
#8975 = PCURVE('',#8976,#8981);
#8976 = PLANE('',#8977);
#8977 = AXIS2_PLACEMENT_3D('',#8978,#8979,#8980);
#8978 = CARTESIAN_POINT('',(-45.,-12.3,3.2));
#8979 = DIRECTION('',(0.,1.,0.));
#8980 = DIRECTION('',(1.,0.,0.));
#8981 = DEFINITIONAL_REPRESENTATION('',(#8982),#8986);
#8982 = LINE('',#8983,#8984);
#8983 = CARTESIAN_POINT('',(2.,0.));
#8984 = VECTOR('',#8985,1.);
#8985 = DIRECTION('',(0.,-1.));
#8986 = ( GEOMETRIC_REPRESENTATION_CONTEXT(2) 
PARAMETRIC_REPRESENTATION_CONTEXT() REPRESENTATION_CONTEXT('2D SPACE',''
  ) );
#8987 = ORIENTED_EDGE('',*,*,#8988,.T.);
#8988 = EDGE_CURVE('',#8956,#8989,#8991,.T.);
#8989 = VERTEX_POINT('',#8990);
#8990 = CARTESIAN_POINT('',(-36.,-12.3,4.6));
#8991 = SURFACE_CURVE('',#8992,(#8996,#9003),.PCURVE_S1.);
#8992 = LINE('',#8993,#8994);
#8993 = CARTESIAN_POINT('',(-43.,-12.3,4.6));
#8994 = VECTOR('',#8995,1.);
#8995 = DIRECTION('',(1.,0.,0.));
#8996 = PCURVE('',#8964,#8997);
#8997 = DEFINITIONAL_REPRESENTATION('',(#8998),#9002);
#8998 = LINE('',#8999,#9000);
#8999 = CARTESIAN_POINT('',(0.,-1.4));
#9000 = VECTOR('',#9001,1.);
#9001 = DIRECTION('',(1.,0.));
#9002 = ( GEOMETRIC_REPRESENTATION_CONTEXT(2) 
PARAMETRIC_REPRESENTATION_CONTEXT() REPRESENTATION_CONTEXT('2D SPACE',''
  ) );
#9003 = PCURVE('',#9004,#9009);
#9004 = PLANE('',#9005);
#9005 = AXIS2_PLACEMENT_3D('',#9006,#9007,#9008);
#9006 = CARTESIAN_POINT('',(-39.5,-10.,4.6));
#9007 = DIRECTION('',(0.,0.,1.));
#9008 = DIRECTION('',(1.,0.,-0.));
#9009 = DEFINITIONAL_REPRESENTATION('',(#9010),#9014);
#9010 = LINE('',#9011,#9012);
#9011 = CARTESIAN_POINT('',(-3.5,-2.3));
#9012 = VECTOR('',#9013,1.);
#9013 = DIRECTION('',(1.,0.));
#9014 = ( GEOMETRIC_REPRESENTATION_CONTEXT(2) 
PARAMETRIC_REPRESENTATION_CONTEXT() REPRESENTATION_CONTEXT('2D SPACE',''
  ) );
#9015 = ORIENTED_EDGE('',*,*,#9016,.F.);
#9016 = EDGE_CURVE('',#9017,#8989,#9019,.T.);
#9017 = VERTEX_POINT('',#9018);
#9018 = CARTESIAN_POINT('',(-36.,-12.3,3.2));
#9019 = SURFACE_CURVE('',#9020,(#9024,#9031),.PCURVE_S1.);
#9020 = LINE('',#9021,#9022);
#9021 = CARTESIAN_POINT('',(-36.,-12.3,3.2));
#9022 = VECTOR('',#9023,1.);
#9023 = DIRECTION('',(0.,0.,1.));
#9024 = PCURVE('',#8964,#9025);
#9025 = DEFINITIONAL_REPRESENTATION('',(#9026),#9030);
#9026 = LINE('',#9027,#9028);
#9027 = CARTESIAN_POINT('',(7.,0.));
#9028 = VECTOR('',#9029,1.);
#9029 = DIRECTION('',(0.,-1.));
#9030 = ( GEOMETRIC_REPRESENTATION_CONTEXT(2) 
PARAMETRIC_REPRESENTATION_CONTEXT() REPRESENTATION_CONTEXT('2D SPACE',''
  ) );
#9031 = PCURVE('',#9032,#9037);
#9032 = PLANE('',#9033);
#9033 = AXIS2_PLACEMENT_3D('',#9034,#9035,#9036);
#9034 = CARTESIAN_POINT('',(-36.,-12.3,3.2));
#9035 = DIRECTION('',(-1.,0.,0.));
#9036 = DIRECTION('',(0.,1.,0.));
#9037 = DEFINITIONAL_REPRESENTATION('',(#9038),#9042);
#9038 = LINE('',#9039,#9040);
#9039 = CARTESIAN_POINT('',(0.,0.));
#9040 = VECTOR('',#9041,1.);
#9041 = DIRECTION('',(0.,-1.));
#9042 = ( GEOMETRIC_REPRESENTATION_CONTEXT(2) 
PARAMETRIC_REPRESENTATION_CONTEXT() REPRESENTATION_CONTEXT('2D SPACE',''
  ) );
#9043 = ORIENTED_EDGE('',*,*,#9044,.F.);
#9044 = EDGE_CURVE('',#8954,#9017,#9045,.T.);
#9045 = SURFACE_CURVE('',#9046,(#9050,#9057),.PCURVE_S1.);
#9046 = LINE('',#9047,#9048);
#9047 = CARTESIAN_POINT('',(-43.,-12.3,3.2));
#9048 = VECTOR('',#9049,1.);
#9049 = DIRECTION('',(1.,0.,0.));
#9050 = PCURVE('',#8964,#9051);
#9051 = DEFINITIONAL_REPRESENTATION('',(#9052),#9056);
#9052 = LINE('',#9053,#9054);
#9053 = CARTESIAN_POINT('',(0.,0.));
#9054 = VECTOR('',#9055,1.);
#9055 = DIRECTION('',(1.,0.));
#9056 = ( GEOMETRIC_REPRESENTATION_CONTEXT(2) 
PARAMETRIC_REPRESENTATION_CONTEXT() REPRESENTATION_CONTEXT('2D SPACE',''
  ) );
#9057 = PCURVE('',#9058,#9063);
#9058 = PLANE('',#9059);
#9059 = AXIS2_PLACEMENT_3D('',#9060,#9061,#9062);
#9060 = CARTESIAN_POINT('',(-39.5,-10.,3.2));
#9061 = DIRECTION('',(0.,0.,1.));
#9062 = DIRECTION('',(1.,0.,-0.));
#9063 = DEFINITIONAL_REPRESENTATION('',(#9064),#9068);
#9064 = LINE('',#9065,#9066);
#9065 = CARTESIAN_POINT('',(-3.5,-2.3));
#9066 = VECTOR('',#9067,1.);
#9067 = DIRECTION('',(1.,0.));
#9068 = ( GEOMETRIC_REPRESENTATION_CONTEXT(2) 
PARAMETRIC_REPRESENTATION_CONTEXT() REPRESENTATION_CONTEXT('2D SPACE',''
  ) );
#9069 = ADVANCED_FACE('',(#9070),#8976,.F.);
#9070 = FACE_BOUND('',#9071,.F.);
#9071 = EDGE_LOOP('',(#9072,#9102,#9128,#9129));
#9072 = ORIENTED_EDGE('',*,*,#9073,.T.);
#9073 = EDGE_CURVE('',#9074,#9076,#9078,.T.);
#9074 = VERTEX_POINT('',#9075);
#9075 = CARTESIAN_POINT('',(-45.,-12.3,3.2));
#9076 = VERTEX_POINT('',#9077);
#9077 = CARTESIAN_POINT('',(-45.,-12.3,4.6));
#9078 = SURFACE_CURVE('',#9079,(#9083,#9090),.PCURVE_S1.);
#9079 = LINE('',#9080,#9081);
#9080 = CARTESIAN_POINT('',(-45.,-12.3,3.2));
#9081 = VECTOR('',#9082,1.);
#9082 = DIRECTION('',(0.,0.,1.));
#9083 = PCURVE('',#8976,#9084);
#9084 = DEFINITIONAL_REPRESENTATION('',(#9085),#9089);
#9085 = LINE('',#9086,#9087);
#9086 = CARTESIAN_POINT('',(0.,0.));
#9087 = VECTOR('',#9088,1.);
#9088 = DIRECTION('',(0.,-1.));
#9089 = ( GEOMETRIC_REPRESENTATION_CONTEXT(2) 
PARAMETRIC_REPRESENTATION_CONTEXT() REPRESENTATION_CONTEXT('2D SPACE',''
  ) );
#9090 = PCURVE('',#9091,#9096);
#9091 = PLANE('',#9092);
#9092 = AXIS2_PLACEMENT_3D('',#9093,#9094,#9095);
#9093 = CARTESIAN_POINT('',(-45.,-7.7,3.2));
#9094 = DIRECTION('',(1.,0.,-0.));
#9095 = DIRECTION('',(0.,-1.,0.));
#9096 = DEFINITIONAL_REPRESENTATION('',(#9097),#9101);
#9097 = LINE('',#9098,#9099);
#9098 = CARTESIAN_POINT('',(4.6,0.));
#9099 = VECTOR('',#9100,1.);
#9100 = DIRECTION('',(0.,-1.));
#9101 = ( GEOMETRIC_REPRESENTATION_CONTEXT(2) 
PARAMETRIC_REPRESENTATION_CONTEXT() REPRESENTATION_CONTEXT('2D SPACE',''
  ) );
#9102 = ORIENTED_EDGE('',*,*,#9103,.T.);
#9103 = EDGE_CURVE('',#9076,#8956,#9104,.T.);
#9104 = SURFACE_CURVE('',#9105,(#9109,#9116),.PCURVE_S1.);
#9105 = LINE('',#9106,#9107);
#9106 = CARTESIAN_POINT('',(-45.,-12.3,4.6));
#9107 = VECTOR('',#9108,1.);
#9108 = DIRECTION('',(1.,0.,0.));
#9109 = PCURVE('',#8976,#9110);
#9110 = DEFINITIONAL_REPRESENTATION('',(#9111),#9115);
#9111 = LINE('',#9112,#9113);
#9112 = CARTESIAN_POINT('',(0.,-1.4));
#9113 = VECTOR('',#9114,1.);
#9114 = DIRECTION('',(1.,0.));
#9115 = ( GEOMETRIC_REPRESENTATION_CONTEXT(2) 
PARAMETRIC_REPRESENTATION_CONTEXT() REPRESENTATION_CONTEXT('2D SPACE',''
  ) );
#9116 = PCURVE('',#9117,#9122);
#9117 = PLANE('',#9118);
#9118 = AXIS2_PLACEMENT_3D('',#9119,#9120,#9121);
#9119 = CARTESIAN_POINT('',(-44.,-10.,4.6));
#9120 = DIRECTION('',(0.,0.,1.));
#9121 = DIRECTION('',(1.,0.,-0.));
#9122 = DEFINITIONAL_REPRESENTATION('',(#9123),#9127);
#9123 = LINE('',#9124,#9125);
#9124 = CARTESIAN_POINT('',(-1.,-2.3));
#9125 = VECTOR('',#9126,1.);
#9126 = DIRECTION('',(1.,0.));
#9127 = ( GEOMETRIC_REPRESENTATION_CONTEXT(2) 
PARAMETRIC_REPRESENTATION_CONTEXT() REPRESENTATION_CONTEXT('2D SPACE',''
  ) );
#9128 = ORIENTED_EDGE('',*,*,#8953,.F.);
#9129 = ORIENTED_EDGE('',*,*,#9130,.F.);
#9130 = EDGE_CURVE('',#9074,#8954,#9131,.T.);
#9131 = SURFACE_CURVE('',#9132,(#9136,#9143),.PCURVE_S1.);
#9132 = LINE('',#9133,#9134);
#9133 = CARTESIAN_POINT('',(-45.,-12.3,3.2));
#9134 = VECTOR('',#9135,1.);
#9135 = DIRECTION('',(1.,0.,0.));
#9136 = PCURVE('',#8976,#9137);
#9137 = DEFINITIONAL_REPRESENTATION('',(#9138),#9142);
#9138 = LINE('',#9139,#9140);
#9139 = CARTESIAN_POINT('',(0.,0.));
#9140 = VECTOR('',#9141,1.);
#9141 = DIRECTION('',(1.,0.));
#9142 = ( GEOMETRIC_REPRESENTATION_CONTEXT(2) 
PARAMETRIC_REPRESENTATION_CONTEXT() REPRESENTATION_CONTEXT('2D SPACE',''
  ) );
#9143 = PCURVE('',#9144,#9149);
#9144 = PLANE('',#9145);
#9145 = AXIS2_PLACEMENT_3D('',#9146,#9147,#9148);
#9146 = CARTESIAN_POINT('',(-44.,-10.,3.2));
#9147 = DIRECTION('',(0.,0.,1.));
#9148 = DIRECTION('',(1.,0.,-0.));
#9149 = DEFINITIONAL_REPRESENTATION('',(#9150),#9154);
#9150 = LINE('',#9151,#9152);
#9151 = CARTESIAN_POINT('',(-1.,-2.3));
#9152 = VECTOR('',#9153,1.);
#9153 = DIRECTION('',(1.,0.));
#9154 = ( GEOMETRIC_REPRESENTATION_CONTEXT(2) 
PARAMETRIC_REPRESENTATION_CONTEXT() REPRESENTATION_CONTEXT('2D SPACE',''
  ) );
#9155 = ADVANCED_FACE('',(#9156),#9032,.F.);
#9156 = FACE_BOUND('',#9157,.F.);
#9157 = EDGE_LOOP('',(#9158,#9159,#9182,#9210));
#9158 = ORIENTED_EDGE('',*,*,#9016,.T.);
#9159 = ORIENTED_EDGE('',*,*,#9160,.T.);
#9160 = EDGE_CURVE('',#8989,#9161,#9163,.T.);
#9161 = VERTEX_POINT('',#9162);
#9162 = CARTESIAN_POINT('',(-36.,-7.7,4.6));
#9163 = SURFACE_CURVE('',#9164,(#9168,#9175),.PCURVE_S1.);
#9164 = LINE('',#9165,#9166);
#9165 = CARTESIAN_POINT('',(-36.,-12.3,4.6));
#9166 = VECTOR('',#9167,1.);
#9167 = DIRECTION('',(0.,1.,0.));
#9168 = PCURVE('',#9032,#9169);
#9169 = DEFINITIONAL_REPRESENTATION('',(#9170),#9174);
#9170 = LINE('',#9171,#9172);
#9171 = CARTESIAN_POINT('',(0.,-1.4));
#9172 = VECTOR('',#9173,1.);
#9173 = DIRECTION('',(1.,0.));
#9174 = ( GEOMETRIC_REPRESENTATION_CONTEXT(2) 
PARAMETRIC_REPRESENTATION_CONTEXT() REPRESENTATION_CONTEXT('2D SPACE',''
  ) );
#9175 = PCURVE('',#9004,#9176);
#9176 = DEFINITIONAL_REPRESENTATION('',(#9177),#9181);
#9177 = LINE('',#9178,#9179);
#9178 = CARTESIAN_POINT('',(3.5,-2.3));
#9179 = VECTOR('',#9180,1.);
#9180 = DIRECTION('',(0.,1.));
#9181 = ( GEOMETRIC_REPRESENTATION_CONTEXT(2) 
PARAMETRIC_REPRESENTATION_CONTEXT() REPRESENTATION_CONTEXT('2D SPACE',''
  ) );
#9182 = ORIENTED_EDGE('',*,*,#9183,.F.);
#9183 = EDGE_CURVE('',#9184,#9161,#9186,.T.);
#9184 = VERTEX_POINT('',#9185);
#9185 = CARTESIAN_POINT('',(-36.,-7.7,3.2));
#9186 = SURFACE_CURVE('',#9187,(#9191,#9198),.PCURVE_S1.);
#9187 = LINE('',#9188,#9189);
#9188 = CARTESIAN_POINT('',(-36.,-7.7,3.2));
#9189 = VECTOR('',#9190,1.);
#9190 = DIRECTION('',(0.,0.,1.));
#9191 = PCURVE('',#9032,#9192);
#9192 = DEFINITIONAL_REPRESENTATION('',(#9193),#9197);
#9193 = LINE('',#9194,#9195);
#9194 = CARTESIAN_POINT('',(4.6,0.));
#9195 = VECTOR('',#9196,1.);
#9196 = DIRECTION('',(0.,-1.));
#9197 = ( GEOMETRIC_REPRESENTATION_CONTEXT(2) 
PARAMETRIC_REPRESENTATION_CONTEXT() REPRESENTATION_CONTEXT('2D SPACE',''
  ) );
#9198 = PCURVE('',#9199,#9204);
#9199 = PLANE('',#9200);
#9200 = AXIS2_PLACEMENT_3D('',#9201,#9202,#9203);
#9201 = CARTESIAN_POINT('',(-36.,-7.7,3.2));
#9202 = DIRECTION('',(0.,-1.,0.));
#9203 = DIRECTION('',(-1.,0.,0.));
#9204 = DEFINITIONAL_REPRESENTATION('',(#9205),#9209);
#9205 = LINE('',#9206,#9207);
#9206 = CARTESIAN_POINT('',(0.,-0.));
#9207 = VECTOR('',#9208,1.);
#9208 = DIRECTION('',(0.,-1.));
#9209 = ( GEOMETRIC_REPRESENTATION_CONTEXT(2) 
PARAMETRIC_REPRESENTATION_CONTEXT() REPRESENTATION_CONTEXT('2D SPACE',''
  ) );
#9210 = ORIENTED_EDGE('',*,*,#9211,.F.);
#9211 = EDGE_CURVE('',#9017,#9184,#9212,.T.);
#9212 = SURFACE_CURVE('',#9213,(#9217,#9224),.PCURVE_S1.);
#9213 = LINE('',#9214,#9215);
#9214 = CARTESIAN_POINT('',(-36.,-12.3,3.2));
#9215 = VECTOR('',#9216,1.);
#9216 = DIRECTION('',(0.,1.,0.));
#9217 = PCURVE('',#9032,#9218);
#9218 = DEFINITIONAL_REPRESENTATION('',(#9219),#9223);
#9219 = LINE('',#9220,#9221);
#9220 = CARTESIAN_POINT('',(0.,0.));
#9221 = VECTOR('',#9222,1.);
#9222 = DIRECTION('',(1.,0.));
#9223 = ( GEOMETRIC_REPRESENTATION_CONTEXT(2) 
PARAMETRIC_REPRESENTATION_CONTEXT() REPRESENTATION_CONTEXT('2D SPACE',''
  ) );
#9224 = PCURVE('',#9058,#9225);
#9225 = DEFINITIONAL_REPRESENTATION('',(#9226),#9230);
#9226 = LINE('',#9227,#9228);
#9227 = CARTESIAN_POINT('',(3.5,-2.3));
#9228 = VECTOR('',#9229,1.);
#9229 = DIRECTION('',(0.,1.));
#9230 = ( GEOMETRIC_REPRESENTATION_CONTEXT(2) 
PARAMETRIC_REPRESENTATION_CONTEXT() REPRESENTATION_CONTEXT('2D SPACE',''
  ) );
#9231 = ADVANCED_FACE('',(#9232),#9058,.F.);
#9232 = FACE_BOUND('',#9233,.F.);
#9233 = EDGE_LOOP('',(#9234,#9235,#9236,#9259));
#9234 = ORIENTED_EDGE('',*,*,#9044,.T.);
#9235 = ORIENTED_EDGE('',*,*,#9211,.T.);
#9236 = ORIENTED_EDGE('',*,*,#9237,.T.);
#9237 = EDGE_CURVE('',#9184,#9238,#9240,.T.);
#9238 = VERTEX_POINT('',#9239);
#9239 = CARTESIAN_POINT('',(-43.,-7.7,3.2));
#9240 = SURFACE_CURVE('',#9241,(#9245,#9252),.PCURVE_S1.);
#9241 = LINE('',#9242,#9243);
#9242 = CARTESIAN_POINT('',(-36.,-7.7,3.2));
#9243 = VECTOR('',#9244,1.);
#9244 = DIRECTION('',(-1.,0.,0.));
#9245 = PCURVE('',#9058,#9246);
#9246 = DEFINITIONAL_REPRESENTATION('',(#9247),#9251);
#9247 = LINE('',#9248,#9249);
#9248 = CARTESIAN_POINT('',(3.5,2.3));
#9249 = VECTOR('',#9250,1.);
#9250 = DIRECTION('',(-1.,0.));
#9251 = ( GEOMETRIC_REPRESENTATION_CONTEXT(2) 
PARAMETRIC_REPRESENTATION_CONTEXT() REPRESENTATION_CONTEXT('2D SPACE',''
  ) );
#9252 = PCURVE('',#9199,#9253);
#9253 = DEFINITIONAL_REPRESENTATION('',(#9254),#9258);
#9254 = LINE('',#9255,#9256);
#9255 = CARTESIAN_POINT('',(0.,-0.));
#9256 = VECTOR('',#9257,1.);
#9257 = DIRECTION('',(1.,0.));
#9258 = ( GEOMETRIC_REPRESENTATION_CONTEXT(2) 
PARAMETRIC_REPRESENTATION_CONTEXT() REPRESENTATION_CONTEXT('2D SPACE',''
  ) );
#9259 = ORIENTED_EDGE('',*,*,#9260,.T.);
#9260 = EDGE_CURVE('',#9238,#8954,#9261,.T.);
#9261 = SURFACE_CURVE('',#9262,(#9266,#9273),.PCURVE_S1.);
#9262 = LINE('',#9263,#9264);
#9263 = CARTESIAN_POINT('',(-43.,-7.7,3.2));
#9264 = VECTOR('',#9265,1.);
#9265 = DIRECTION('',(0.,-1.,0.));
#9266 = PCURVE('',#9058,#9267);
#9267 = DEFINITIONAL_REPRESENTATION('',(#9268),#9272);
#9268 = LINE('',#9269,#9270);
#9269 = CARTESIAN_POINT('',(-3.5,2.3));
#9270 = VECTOR('',#9271,1.);
#9271 = DIRECTION('',(0.,-1.));
#9272 = ( GEOMETRIC_REPRESENTATION_CONTEXT(2) 
PARAMETRIC_REPRESENTATION_CONTEXT() REPRESENTATION_CONTEXT('2D SPACE',''
  ) );
#9273 = PCURVE('',#9144,#9274);
#9274 = DEFINITIONAL_REPRESENTATION('',(#9275),#9279);
#9275 = LINE('',#9276,#9277);
#9276 = CARTESIAN_POINT('',(1.,2.3));
#9277 = VECTOR('',#9278,1.);
#9278 = DIRECTION('',(0.,-1.));
#9279 = ( GEOMETRIC_REPRESENTATION_CONTEXT(2) 
PARAMETRIC_REPRESENTATION_CONTEXT() REPRESENTATION_CONTEXT('2D SPACE',''
  ) );
#9280 = ADVANCED_FACE('',(#9281),#9004,.T.);
#9281 = FACE_BOUND('',#9282,.T.);
#9282 = EDGE_LOOP('',(#9283,#9284,#9285,#9308));
#9283 = ORIENTED_EDGE('',*,*,#8988,.T.);
#9284 = ORIENTED_EDGE('',*,*,#9160,.T.);
#9285 = ORIENTED_EDGE('',*,*,#9286,.T.);
#9286 = EDGE_CURVE('',#9161,#9287,#9289,.T.);
#9287 = VERTEX_POINT('',#9288);
#9288 = CARTESIAN_POINT('',(-43.,-7.7,4.6));
#9289 = SURFACE_CURVE('',#9290,(#9294,#9301),.PCURVE_S1.);
#9290 = LINE('',#9291,#9292);
#9291 = CARTESIAN_POINT('',(-36.,-7.7,4.6));
#9292 = VECTOR('',#9293,1.);
#9293 = DIRECTION('',(-1.,0.,0.));
#9294 = PCURVE('',#9004,#9295);
#9295 = DEFINITIONAL_REPRESENTATION('',(#9296),#9300);
#9296 = LINE('',#9297,#9298);
#9297 = CARTESIAN_POINT('',(3.5,2.3));
#9298 = VECTOR('',#9299,1.);
#9299 = DIRECTION('',(-1.,0.));
#9300 = ( GEOMETRIC_REPRESENTATION_CONTEXT(2) 
PARAMETRIC_REPRESENTATION_CONTEXT() REPRESENTATION_CONTEXT('2D SPACE',''
  ) );
#9301 = PCURVE('',#9199,#9302);
#9302 = DEFINITIONAL_REPRESENTATION('',(#9303),#9307);
#9303 = LINE('',#9304,#9305);
#9304 = CARTESIAN_POINT('',(0.,-1.4));
#9305 = VECTOR('',#9306,1.);
#9306 = DIRECTION('',(1.,0.));
#9307 = ( GEOMETRIC_REPRESENTATION_CONTEXT(2) 
PARAMETRIC_REPRESENTATION_CONTEXT() REPRESENTATION_CONTEXT('2D SPACE',''
  ) );
#9308 = ORIENTED_EDGE('',*,*,#9309,.T.);
#9309 = EDGE_CURVE('',#9287,#8956,#9310,.T.);
#9310 = SURFACE_CURVE('',#9311,(#9315,#9322),.PCURVE_S1.);
#9311 = LINE('',#9312,#9313);
#9312 = CARTESIAN_POINT('',(-43.,-7.7,4.6));
#9313 = VECTOR('',#9314,1.);
#9314 = DIRECTION('',(0.,-1.,0.));
#9315 = PCURVE('',#9004,#9316);
#9316 = DEFINITIONAL_REPRESENTATION('',(#9317),#9321);
#9317 = LINE('',#9318,#9319);
#9318 = CARTESIAN_POINT('',(-3.5,2.3));
#9319 = VECTOR('',#9320,1.);
#9320 = DIRECTION('',(0.,-1.));
#9321 = ( GEOMETRIC_REPRESENTATION_CONTEXT(2) 
PARAMETRIC_REPRESENTATION_CONTEXT() REPRESENTATION_CONTEXT('2D SPACE',''
  ) );
#9322 = PCURVE('',#9117,#9323);
#9323 = DEFINITIONAL_REPRESENTATION('',(#9324),#9328);
#9324 = LINE('',#9325,#9326);
#9325 = CARTESIAN_POINT('',(1.,2.3));
#9326 = VECTOR('',#9327,1.);
#9327 = DIRECTION('',(0.,-1.));
#9328 = ( GEOMETRIC_REPRESENTATION_CONTEXT(2) 
PARAMETRIC_REPRESENTATION_CONTEXT() REPRESENTATION_CONTEXT('2D SPACE',''
  ) );
#9329 = ADVANCED_FACE('',(#9330),#9091,.F.);
#9330 = FACE_BOUND('',#9331,.F.);
#9331 = EDGE_LOOP('',(#9332,#9362,#9383,#9384));
#9332 = ORIENTED_EDGE('',*,*,#9333,.T.);
#9333 = EDGE_CURVE('',#9334,#9336,#9338,.T.);
#9334 = VERTEX_POINT('',#9335);
#9335 = CARTESIAN_POINT('',(-45.,-7.7,3.2));
#9336 = VERTEX_POINT('',#9337);
#9337 = CARTESIAN_POINT('',(-45.,-7.7,4.6));
#9338 = SURFACE_CURVE('',#9339,(#9343,#9350),.PCURVE_S1.);
#9339 = LINE('',#9340,#9341);
#9340 = CARTESIAN_POINT('',(-45.,-7.7,3.2));
#9341 = VECTOR('',#9342,1.);
#9342 = DIRECTION('',(0.,0.,1.));
#9343 = PCURVE('',#9091,#9344);
#9344 = DEFINITIONAL_REPRESENTATION('',(#9345),#9349);
#9345 = LINE('',#9346,#9347);
#9346 = CARTESIAN_POINT('',(0.,0.));
#9347 = VECTOR('',#9348,1.);
#9348 = DIRECTION('',(0.,-1.));
#9349 = ( GEOMETRIC_REPRESENTATION_CONTEXT(2) 
PARAMETRIC_REPRESENTATION_CONTEXT() REPRESENTATION_CONTEXT('2D SPACE',''
  ) );
#9350 = PCURVE('',#9351,#9356);
#9351 = PLANE('',#9352);
#9352 = AXIS2_PLACEMENT_3D('',#9353,#9354,#9355);
#9353 = CARTESIAN_POINT('',(-43.,-7.7,3.2));
#9354 = DIRECTION('',(0.,-1.,0.));
#9355 = DIRECTION('',(-1.,0.,0.));
#9356 = DEFINITIONAL_REPRESENTATION('',(#9357),#9361);
#9357 = LINE('',#9358,#9359);
#9358 = CARTESIAN_POINT('',(2.,0.));
#9359 = VECTOR('',#9360,1.);
#9360 = DIRECTION('',(0.,-1.));
#9361 = ( GEOMETRIC_REPRESENTATION_CONTEXT(2) 
PARAMETRIC_REPRESENTATION_CONTEXT() REPRESENTATION_CONTEXT('2D SPACE',''
  ) );
#9362 = ORIENTED_EDGE('',*,*,#9363,.T.);
#9363 = EDGE_CURVE('',#9336,#9076,#9364,.T.);
#9364 = SURFACE_CURVE('',#9365,(#9369,#9376),.PCURVE_S1.);
#9365 = LINE('',#9366,#9367);
#9366 = CARTESIAN_POINT('',(-45.,-7.7,4.6));
#9367 = VECTOR('',#9368,1.);
#9368 = DIRECTION('',(0.,-1.,0.));
#9369 = PCURVE('',#9091,#9370);
#9370 = DEFINITIONAL_REPRESENTATION('',(#9371),#9375);
#9371 = LINE('',#9372,#9373);
#9372 = CARTESIAN_POINT('',(0.,-1.4));
#9373 = VECTOR('',#9374,1.);
#9374 = DIRECTION('',(1.,0.));
#9375 = ( GEOMETRIC_REPRESENTATION_CONTEXT(2) 
PARAMETRIC_REPRESENTATION_CONTEXT() REPRESENTATION_CONTEXT('2D SPACE',''
  ) );
#9376 = PCURVE('',#9117,#9377);
#9377 = DEFINITIONAL_REPRESENTATION('',(#9378),#9382);
#9378 = LINE('',#9379,#9380);
#9379 = CARTESIAN_POINT('',(-1.,2.3));
#9380 = VECTOR('',#9381,1.);
#9381 = DIRECTION('',(0.,-1.));
#9382 = ( GEOMETRIC_REPRESENTATION_CONTEXT(2) 
PARAMETRIC_REPRESENTATION_CONTEXT() REPRESENTATION_CONTEXT('2D SPACE',''
  ) );
#9383 = ORIENTED_EDGE('',*,*,#9073,.F.);
#9384 = ORIENTED_EDGE('',*,*,#9385,.F.);
#9385 = EDGE_CURVE('',#9334,#9074,#9386,.T.);
#9386 = SURFACE_CURVE('',#9387,(#9391,#9398),.PCURVE_S1.);
#9387 = LINE('',#9388,#9389);
#9388 = CARTESIAN_POINT('',(-45.,-7.7,3.2));
#9389 = VECTOR('',#9390,1.);
#9390 = DIRECTION('',(0.,-1.,0.));
#9391 = PCURVE('',#9091,#9392);
#9392 = DEFINITIONAL_REPRESENTATION('',(#9393),#9397);
#9393 = LINE('',#9394,#9395);
#9394 = CARTESIAN_POINT('',(0.,0.));
#9395 = VECTOR('',#9396,1.);
#9396 = DIRECTION('',(1.,0.));
#9397 = ( GEOMETRIC_REPRESENTATION_CONTEXT(2) 
PARAMETRIC_REPRESENTATION_CONTEXT() REPRESENTATION_CONTEXT('2D SPACE',''
  ) );
#9398 = PCURVE('',#9144,#9399);
#9399 = DEFINITIONAL_REPRESENTATION('',(#9400),#9404);
#9400 = LINE('',#9401,#9402);
#9401 = CARTESIAN_POINT('',(-1.,2.3));
#9402 = VECTOR('',#9403,1.);
#9403 = DIRECTION('',(0.,-1.));
#9404 = ( GEOMETRIC_REPRESENTATION_CONTEXT(2) 
PARAMETRIC_REPRESENTATION_CONTEXT() REPRESENTATION_CONTEXT('2D SPACE',''
  ) );
#9405 = ADVANCED_FACE('',(#9406),#9144,.F.);
#9406 = FACE_BOUND('',#9407,.F.);
#9407 = EDGE_LOOP('',(#9408,#9409,#9410,#9431));
#9408 = ORIENTED_EDGE('',*,*,#9130,.T.);
#9409 = ORIENTED_EDGE('',*,*,#9260,.F.);
#9410 = ORIENTED_EDGE('',*,*,#9411,.T.);
#9411 = EDGE_CURVE('',#9238,#9334,#9412,.T.);
#9412 = SURFACE_CURVE('',#9413,(#9417,#9424),.PCURVE_S1.);
#9413 = LINE('',#9414,#9415);
#9414 = CARTESIAN_POINT('',(-43.,-7.7,3.2));
#9415 = VECTOR('',#9416,1.);
#9416 = DIRECTION('',(-1.,0.,0.));
#9417 = PCURVE('',#9144,#9418);
#9418 = DEFINITIONAL_REPRESENTATION('',(#9419),#9423);
#9419 = LINE('',#9420,#9421);
#9420 = CARTESIAN_POINT('',(1.,2.3));
#9421 = VECTOR('',#9422,1.);
#9422 = DIRECTION('',(-1.,0.));
#9423 = ( GEOMETRIC_REPRESENTATION_CONTEXT(2) 
PARAMETRIC_REPRESENTATION_CONTEXT() REPRESENTATION_CONTEXT('2D SPACE',''
  ) );
#9424 = PCURVE('',#9351,#9425);
#9425 = DEFINITIONAL_REPRESENTATION('',(#9426),#9430);
#9426 = LINE('',#9427,#9428);
#9427 = CARTESIAN_POINT('',(0.,-0.));
#9428 = VECTOR('',#9429,1.);
#9429 = DIRECTION('',(1.,0.));
#9430 = ( GEOMETRIC_REPRESENTATION_CONTEXT(2) 
PARAMETRIC_REPRESENTATION_CONTEXT() REPRESENTATION_CONTEXT('2D SPACE',''
  ) );
#9431 = ORIENTED_EDGE('',*,*,#9385,.T.);
#9432 = ADVANCED_FACE('',(#9433),#9117,.T.);
#9433 = FACE_BOUND('',#9434,.T.);
#9434 = EDGE_LOOP('',(#9435,#9436,#9437,#9458));
#9435 = ORIENTED_EDGE('',*,*,#9103,.T.);
#9436 = ORIENTED_EDGE('',*,*,#9309,.F.);
#9437 = ORIENTED_EDGE('',*,*,#9438,.T.);
#9438 = EDGE_CURVE('',#9287,#9336,#9439,.T.);
#9439 = SURFACE_CURVE('',#9440,(#9444,#9451),.PCURVE_S1.);
#9440 = LINE('',#9441,#9442);
#9441 = CARTESIAN_POINT('',(-43.,-7.7,4.6));
#9442 = VECTOR('',#9443,1.);
#9443 = DIRECTION('',(-1.,0.,0.));
#9444 = PCURVE('',#9117,#9445);
#9445 = DEFINITIONAL_REPRESENTATION('',(#9446),#9450);
#9446 = LINE('',#9447,#9448);
#9447 = CARTESIAN_POINT('',(1.,2.3));
#9448 = VECTOR('',#9449,1.);
#9449 = DIRECTION('',(-1.,0.));
#9450 = ( GEOMETRIC_REPRESENTATION_CONTEXT(2) 
PARAMETRIC_REPRESENTATION_CONTEXT() REPRESENTATION_CONTEXT('2D SPACE',''
  ) );
#9451 = PCURVE('',#9351,#9452);
#9452 = DEFINITIONAL_REPRESENTATION('',(#9453),#9457);
#9453 = LINE('',#9454,#9455);
#9454 = CARTESIAN_POINT('',(0.,-1.4));
#9455 = VECTOR('',#9456,1.);
#9456 = DIRECTION('',(1.,0.));
#9457 = ( GEOMETRIC_REPRESENTATION_CONTEXT(2) 
PARAMETRIC_REPRESENTATION_CONTEXT() REPRESENTATION_CONTEXT('2D SPACE',''
  ) );
#9458 = ORIENTED_EDGE('',*,*,#9363,.T.);
#9459 = ADVANCED_FACE('',(#9460),#9199,.F.);
#9460 = FACE_BOUND('',#9461,.F.);
#9461 = EDGE_LOOP('',(#9462,#9463,#9464,#9485));
#9462 = ORIENTED_EDGE('',*,*,#9183,.T.);
#9463 = ORIENTED_EDGE('',*,*,#9286,.T.);
#9464 = ORIENTED_EDGE('',*,*,#9465,.F.);
#9465 = EDGE_CURVE('',#9238,#9287,#9466,.T.);
#9466 = SURFACE_CURVE('',#9467,(#9471,#9478),.PCURVE_S1.);
#9467 = LINE('',#9468,#9469);
#9468 = CARTESIAN_POINT('',(-43.,-7.7,3.2));
#9469 = VECTOR('',#9470,1.);
#9470 = DIRECTION('',(0.,0.,1.));
#9471 = PCURVE('',#9199,#9472);
#9472 = DEFINITIONAL_REPRESENTATION('',(#9473),#9477);
#9473 = LINE('',#9474,#9475);
#9474 = CARTESIAN_POINT('',(7.,0.));
#9475 = VECTOR('',#9476,1.);
#9476 = DIRECTION('',(0.,-1.));
#9477 = ( GEOMETRIC_REPRESENTATION_CONTEXT(2) 
PARAMETRIC_REPRESENTATION_CONTEXT() REPRESENTATION_CONTEXT('2D SPACE',''
  ) );
#9478 = PCURVE('',#9351,#9479);
#9479 = DEFINITIONAL_REPRESENTATION('',(#9480),#9484);
#9480 = LINE('',#9481,#9482);
#9481 = CARTESIAN_POINT('',(0.,-0.));
#9482 = VECTOR('',#9483,1.);
#9483 = DIRECTION('',(0.,-1.));
#9484 = ( GEOMETRIC_REPRESENTATION_CONTEXT(2) 
PARAMETRIC_REPRESENTATION_CONTEXT() REPRESENTATION_CONTEXT('2D SPACE',''
  ) );
#9485 = ORIENTED_EDGE('',*,*,#9237,.F.);
#9486 = ADVANCED_FACE('',(#9487),#9351,.F.);
#9487 = FACE_BOUND('',#9488,.F.);
#9488 = EDGE_LOOP('',(#9489,#9490,#9491,#9492));
#9489 = ORIENTED_EDGE('',*,*,#9465,.T.);
#9490 = ORIENTED_EDGE('',*,*,#9438,.T.);
#9491 = ORIENTED_EDGE('',*,*,#9333,.F.);
#9492 = ORIENTED_EDGE('',*,*,#9411,.F.);
#9493 = ORIENTED_CLOSED_SHELL('',*,#9494,.F.);
#9494 = CLOSED_SHELL('',(#9495,#9615,#9701,#9777,#9826,#9875,#9951,#9978
    ,#10005,#10032));
#9495 = ADVANCED_FACE('',(#9496),#9510,.F.);
#9496 = FACE_BOUND('',#9497,.F.);
#9497 = EDGE_LOOP('',(#9498,#9533,#9561,#9589));
#9498 = ORIENTED_EDGE('',*,*,#9499,.T.);
#9499 = EDGE_CURVE('',#9500,#9502,#9504,.T.);
#9500 = VERTEX_POINT('',#9501);
#9501 = CARTESIAN_POINT('',(-43.,-2.8,3.2));
#9502 = VERTEX_POINT('',#9503);
#9503 = CARTESIAN_POINT('',(-43.,-2.8,4.8));
#9504 = SURFACE_CURVE('',#9505,(#9509,#9521),.PCURVE_S1.);
#9505 = LINE('',#9506,#9507);
#9506 = CARTESIAN_POINT('',(-43.,-2.8,3.2));
#9507 = VECTOR('',#9508,1.);
#9508 = DIRECTION('',(0.,0.,1.));
#9509 = PCURVE('',#9510,#9515);
#9510 = PLANE('',#9511);
#9511 = AXIS2_PLACEMENT_3D('',#9512,#9513,#9514);
#9512 = CARTESIAN_POINT('',(-43.,-2.8,3.2));
#9513 = DIRECTION('',(0.,1.,0.));
#9514 = DIRECTION('',(1.,0.,0.));
#9515 = DEFINITIONAL_REPRESENTATION('',(#9516),#9520);
#9516 = LINE('',#9517,#9518);
#9517 = CARTESIAN_POINT('',(0.,0.));
#9518 = VECTOR('',#9519,1.);
#9519 = DIRECTION('',(0.,-1.));
#9520 = ( GEOMETRIC_REPRESENTATION_CONTEXT(2) 
PARAMETRIC_REPRESENTATION_CONTEXT() REPRESENTATION_CONTEXT('2D SPACE',''
  ) );
#9521 = PCURVE('',#9522,#9527);
#9522 = PLANE('',#9523);
#9523 = AXIS2_PLACEMENT_3D('',#9524,#9525,#9526);
#9524 = CARTESIAN_POINT('',(-45.,-2.8,3.2));
#9525 = DIRECTION('',(0.,1.,0.));
#9526 = DIRECTION('',(1.,0.,0.));
#9527 = DEFINITIONAL_REPRESENTATION('',(#9528),#9532);
#9528 = LINE('',#9529,#9530);
#9529 = CARTESIAN_POINT('',(2.,0.));
#9530 = VECTOR('',#9531,1.);
#9531 = DIRECTION('',(0.,-1.));
#9532 = ( GEOMETRIC_REPRESENTATION_CONTEXT(2) 
PARAMETRIC_REPRESENTATION_CONTEXT() REPRESENTATION_CONTEXT('2D SPACE',''
  ) );
#9533 = ORIENTED_EDGE('',*,*,#9534,.T.);
#9534 = EDGE_CURVE('',#9502,#9535,#9537,.T.);
#9535 = VERTEX_POINT('',#9536);
#9536 = CARTESIAN_POINT('',(-36.,-2.8,4.8));
#9537 = SURFACE_CURVE('',#9538,(#9542,#9549),.PCURVE_S1.);
#9538 = LINE('',#9539,#9540);
#9539 = CARTESIAN_POINT('',(-43.,-2.8,4.8));
#9540 = VECTOR('',#9541,1.);
#9541 = DIRECTION('',(1.,0.,0.));
#9542 = PCURVE('',#9510,#9543);
#9543 = DEFINITIONAL_REPRESENTATION('',(#9544),#9548);
#9544 = LINE('',#9545,#9546);
#9545 = CARTESIAN_POINT('',(0.,-1.6));
#9546 = VECTOR('',#9547,1.);
#9547 = DIRECTION('',(1.,0.));
#9548 = ( GEOMETRIC_REPRESENTATION_CONTEXT(2) 
PARAMETRIC_REPRESENTATION_CONTEXT() REPRESENTATION_CONTEXT('2D SPACE',''
  ) );
#9549 = PCURVE('',#9550,#9555);
#9550 = PLANE('',#9551);
#9551 = AXIS2_PLACEMENT_3D('',#9552,#9553,#9554);
#9552 = CARTESIAN_POINT('',(-39.5,-0.5,4.8));
#9553 = DIRECTION('',(0.,0.,1.));
#9554 = DIRECTION('',(1.,0.,-0.));
#9555 = DEFINITIONAL_REPRESENTATION('',(#9556),#9560);
#9556 = LINE('',#9557,#9558);
#9557 = CARTESIAN_POINT('',(-3.5,-2.3));
#9558 = VECTOR('',#9559,1.);
#9559 = DIRECTION('',(1.,0.));
#9560 = ( GEOMETRIC_REPRESENTATION_CONTEXT(2) 
PARAMETRIC_REPRESENTATION_CONTEXT() REPRESENTATION_CONTEXT('2D SPACE',''
  ) );
#9561 = ORIENTED_EDGE('',*,*,#9562,.F.);
#9562 = EDGE_CURVE('',#9563,#9535,#9565,.T.);
#9563 = VERTEX_POINT('',#9564);
#9564 = CARTESIAN_POINT('',(-36.,-2.8,3.2));
#9565 = SURFACE_CURVE('',#9566,(#9570,#9577),.PCURVE_S1.);
#9566 = LINE('',#9567,#9568);
#9567 = CARTESIAN_POINT('',(-36.,-2.8,3.2));
#9568 = VECTOR('',#9569,1.);
#9569 = DIRECTION('',(0.,0.,1.));
#9570 = PCURVE('',#9510,#9571);
#9571 = DEFINITIONAL_REPRESENTATION('',(#9572),#9576);
#9572 = LINE('',#9573,#9574);
#9573 = CARTESIAN_POINT('',(7.,0.));
#9574 = VECTOR('',#9575,1.);
#9575 = DIRECTION('',(0.,-1.));
#9576 = ( GEOMETRIC_REPRESENTATION_CONTEXT(2) 
PARAMETRIC_REPRESENTATION_CONTEXT() REPRESENTATION_CONTEXT('2D SPACE',''
  ) );
#9577 = PCURVE('',#9578,#9583);
#9578 = PLANE('',#9579);
#9579 = AXIS2_PLACEMENT_3D('',#9580,#9581,#9582);
#9580 = CARTESIAN_POINT('',(-36.,-2.8,3.2));
#9581 = DIRECTION('',(-1.,0.,0.));
#9582 = DIRECTION('',(0.,1.,0.));
#9583 = DEFINITIONAL_REPRESENTATION('',(#9584),#9588);
#9584 = LINE('',#9585,#9586);
#9585 = CARTESIAN_POINT('',(0.,0.));
#9586 = VECTOR('',#9587,1.);
#9587 = DIRECTION('',(0.,-1.));
#9588 = ( GEOMETRIC_REPRESENTATION_CONTEXT(2) 
PARAMETRIC_REPRESENTATION_CONTEXT() REPRESENTATION_CONTEXT('2D SPACE',''
  ) );
#9589 = ORIENTED_EDGE('',*,*,#9590,.F.);
#9590 = EDGE_CURVE('',#9500,#9563,#9591,.T.);
#9591 = SURFACE_CURVE('',#9592,(#9596,#9603),.PCURVE_S1.);
#9592 = LINE('',#9593,#9594);
#9593 = CARTESIAN_POINT('',(-43.,-2.8,3.2));
#9594 = VECTOR('',#9595,1.);
#9595 = DIRECTION('',(1.,0.,0.));
#9596 = PCURVE('',#9510,#9597);
#9597 = DEFINITIONAL_REPRESENTATION('',(#9598),#9602);
#9598 = LINE('',#9599,#9600);
#9599 = CARTESIAN_POINT('',(0.,0.));
#9600 = VECTOR('',#9601,1.);
#9601 = DIRECTION('',(1.,0.));
#9602 = ( GEOMETRIC_REPRESENTATION_CONTEXT(2) 
PARAMETRIC_REPRESENTATION_CONTEXT() REPRESENTATION_CONTEXT('2D SPACE',''
  ) );
#9603 = PCURVE('',#9604,#9609);
#9604 = PLANE('',#9605);
#9605 = AXIS2_PLACEMENT_3D('',#9606,#9607,#9608);
#9606 = CARTESIAN_POINT('',(-39.5,-0.5,3.2));
#9607 = DIRECTION('',(0.,0.,1.));
#9608 = DIRECTION('',(1.,0.,-0.));
#9609 = DEFINITIONAL_REPRESENTATION('',(#9610),#9614);
#9610 = LINE('',#9611,#9612);
#9611 = CARTESIAN_POINT('',(-3.5,-2.3));
#9612 = VECTOR('',#9613,1.);
#9613 = DIRECTION('',(1.,0.));
#9614 = ( GEOMETRIC_REPRESENTATION_CONTEXT(2) 
PARAMETRIC_REPRESENTATION_CONTEXT() REPRESENTATION_CONTEXT('2D SPACE',''
  ) );
#9615 = ADVANCED_FACE('',(#9616),#9522,.F.);
#9616 = FACE_BOUND('',#9617,.F.);
#9617 = EDGE_LOOP('',(#9618,#9648,#9674,#9675));
#9618 = ORIENTED_EDGE('',*,*,#9619,.T.);
#9619 = EDGE_CURVE('',#9620,#9622,#9624,.T.);
#9620 = VERTEX_POINT('',#9621);
#9621 = CARTESIAN_POINT('',(-45.,-2.8,3.2));
#9622 = VERTEX_POINT('',#9623);
#9623 = CARTESIAN_POINT('',(-45.,-2.8,4.8));
#9624 = SURFACE_CURVE('',#9625,(#9629,#9636),.PCURVE_S1.);
#9625 = LINE('',#9626,#9627);
#9626 = CARTESIAN_POINT('',(-45.,-2.8,3.2));
#9627 = VECTOR('',#9628,1.);
#9628 = DIRECTION('',(0.,0.,1.));
#9629 = PCURVE('',#9522,#9630);
#9630 = DEFINITIONAL_REPRESENTATION('',(#9631),#9635);
#9631 = LINE('',#9632,#9633);
#9632 = CARTESIAN_POINT('',(0.,0.));
#9633 = VECTOR('',#9634,1.);
#9634 = DIRECTION('',(0.,-1.));
#9635 = ( GEOMETRIC_REPRESENTATION_CONTEXT(2) 
PARAMETRIC_REPRESENTATION_CONTEXT() REPRESENTATION_CONTEXT('2D SPACE',''
  ) );
#9636 = PCURVE('',#9637,#9642);
#9637 = PLANE('',#9638);
#9638 = AXIS2_PLACEMENT_3D('',#9639,#9640,#9641);
#9639 = CARTESIAN_POINT('',(-45.,1.8,3.2));
#9640 = DIRECTION('',(1.,0.,-0.));
#9641 = DIRECTION('',(0.,-1.,0.));
#9642 = DEFINITIONAL_REPRESENTATION('',(#9643),#9647);
#9643 = LINE('',#9644,#9645);
#9644 = CARTESIAN_POINT('',(4.6,0.));
#9645 = VECTOR('',#9646,1.);
#9646 = DIRECTION('',(0.,-1.));
#9647 = ( GEOMETRIC_REPRESENTATION_CONTEXT(2) 
PARAMETRIC_REPRESENTATION_CONTEXT() REPRESENTATION_CONTEXT('2D SPACE',''
  ) );
#9648 = ORIENTED_EDGE('',*,*,#9649,.T.);
#9649 = EDGE_CURVE('',#9622,#9502,#9650,.T.);
#9650 = SURFACE_CURVE('',#9651,(#9655,#9662),.PCURVE_S1.);
#9651 = LINE('',#9652,#9653);
#9652 = CARTESIAN_POINT('',(-45.,-2.8,4.8));
#9653 = VECTOR('',#9654,1.);
#9654 = DIRECTION('',(1.,0.,0.));
#9655 = PCURVE('',#9522,#9656);
#9656 = DEFINITIONAL_REPRESENTATION('',(#9657),#9661);
#9657 = LINE('',#9658,#9659);
#9658 = CARTESIAN_POINT('',(0.,-1.6));
#9659 = VECTOR('',#9660,1.);
#9660 = DIRECTION('',(1.,0.));
#9661 = ( GEOMETRIC_REPRESENTATION_CONTEXT(2) 
PARAMETRIC_REPRESENTATION_CONTEXT() REPRESENTATION_CONTEXT('2D SPACE',''
  ) );
#9662 = PCURVE('',#9663,#9668);
#9663 = PLANE('',#9664);
#9664 = AXIS2_PLACEMENT_3D('',#9665,#9666,#9667);
#9665 = CARTESIAN_POINT('',(-44.,-0.5,4.8));
#9666 = DIRECTION('',(0.,0.,1.));
#9667 = DIRECTION('',(1.,0.,-0.));
#9668 = DEFINITIONAL_REPRESENTATION('',(#9669),#9673);
#9669 = LINE('',#9670,#9671);
#9670 = CARTESIAN_POINT('',(-1.,-2.3));
#9671 = VECTOR('',#9672,1.);
#9672 = DIRECTION('',(1.,0.));
#9673 = ( GEOMETRIC_REPRESENTATION_CONTEXT(2) 
PARAMETRIC_REPRESENTATION_CONTEXT() REPRESENTATION_CONTEXT('2D SPACE',''
  ) );
#9674 = ORIENTED_EDGE('',*,*,#9499,.F.);
#9675 = ORIENTED_EDGE('',*,*,#9676,.F.);
#9676 = EDGE_CURVE('',#9620,#9500,#9677,.T.);
#9677 = SURFACE_CURVE('',#9678,(#9682,#9689),.PCURVE_S1.);
#9678 = LINE('',#9679,#9680);
#9679 = CARTESIAN_POINT('',(-45.,-2.8,3.2));
#9680 = VECTOR('',#9681,1.);
#9681 = DIRECTION('',(1.,0.,0.));
#9682 = PCURVE('',#9522,#9683);
#9683 = DEFINITIONAL_REPRESENTATION('',(#9684),#9688);
#9684 = LINE('',#9685,#9686);
#9685 = CARTESIAN_POINT('',(0.,0.));
#9686 = VECTOR('',#9687,1.);
#9687 = DIRECTION('',(1.,0.));
#9688 = ( GEOMETRIC_REPRESENTATION_CONTEXT(2) 
PARAMETRIC_REPRESENTATION_CONTEXT() REPRESENTATION_CONTEXT('2D SPACE',''
  ) );
#9689 = PCURVE('',#9690,#9695);
#9690 = PLANE('',#9691);
#9691 = AXIS2_PLACEMENT_3D('',#9692,#9693,#9694);
#9692 = CARTESIAN_POINT('',(-44.,-0.5,3.2));
#9693 = DIRECTION('',(0.,0.,1.));
#9694 = DIRECTION('',(1.,0.,-0.));
#9695 = DEFINITIONAL_REPRESENTATION('',(#9696),#9700);
#9696 = LINE('',#9697,#9698);
#9697 = CARTESIAN_POINT('',(-1.,-2.3));
#9698 = VECTOR('',#9699,1.);
#9699 = DIRECTION('',(1.,0.));
#9700 = ( GEOMETRIC_REPRESENTATION_CONTEXT(2) 
PARAMETRIC_REPRESENTATION_CONTEXT() REPRESENTATION_CONTEXT('2D SPACE',''
  ) );
#9701 = ADVANCED_FACE('',(#9702),#9578,.F.);
#9702 = FACE_BOUND('',#9703,.F.);
#9703 = EDGE_LOOP('',(#9704,#9705,#9728,#9756));
#9704 = ORIENTED_EDGE('',*,*,#9562,.T.);
#9705 = ORIENTED_EDGE('',*,*,#9706,.T.);
#9706 = EDGE_CURVE('',#9535,#9707,#9709,.T.);
#9707 = VERTEX_POINT('',#9708);
#9708 = CARTESIAN_POINT('',(-36.,1.8,4.8));
#9709 = SURFACE_CURVE('',#9710,(#9714,#9721),.PCURVE_S1.);
#9710 = LINE('',#9711,#9712);
#9711 = CARTESIAN_POINT('',(-36.,-2.8,4.8));
#9712 = VECTOR('',#9713,1.);
#9713 = DIRECTION('',(0.,1.,0.));
#9714 = PCURVE('',#9578,#9715);
#9715 = DEFINITIONAL_REPRESENTATION('',(#9716),#9720);
#9716 = LINE('',#9717,#9718);
#9717 = CARTESIAN_POINT('',(0.,-1.6));
#9718 = VECTOR('',#9719,1.);
#9719 = DIRECTION('',(1.,0.));
#9720 = ( GEOMETRIC_REPRESENTATION_CONTEXT(2) 
PARAMETRIC_REPRESENTATION_CONTEXT() REPRESENTATION_CONTEXT('2D SPACE',''
  ) );
#9721 = PCURVE('',#9550,#9722);
#9722 = DEFINITIONAL_REPRESENTATION('',(#9723),#9727);
#9723 = LINE('',#9724,#9725);
#9724 = CARTESIAN_POINT('',(3.5,-2.3));
#9725 = VECTOR('',#9726,1.);
#9726 = DIRECTION('',(0.,1.));
#9727 = ( GEOMETRIC_REPRESENTATION_CONTEXT(2) 
PARAMETRIC_REPRESENTATION_CONTEXT() REPRESENTATION_CONTEXT('2D SPACE',''
  ) );
#9728 = ORIENTED_EDGE('',*,*,#9729,.F.);
#9729 = EDGE_CURVE('',#9730,#9707,#9732,.T.);
#9730 = VERTEX_POINT('',#9731);
#9731 = CARTESIAN_POINT('',(-36.,1.8,3.2));
#9732 = SURFACE_CURVE('',#9733,(#9737,#9744),.PCURVE_S1.);
#9733 = LINE('',#9734,#9735);
#9734 = CARTESIAN_POINT('',(-36.,1.8,3.2));
#9735 = VECTOR('',#9736,1.);
#9736 = DIRECTION('',(0.,0.,1.));
#9737 = PCURVE('',#9578,#9738);
#9738 = DEFINITIONAL_REPRESENTATION('',(#9739),#9743);
#9739 = LINE('',#9740,#9741);
#9740 = CARTESIAN_POINT('',(4.6,0.));
#9741 = VECTOR('',#9742,1.);
#9742 = DIRECTION('',(0.,-1.));
#9743 = ( GEOMETRIC_REPRESENTATION_CONTEXT(2) 
PARAMETRIC_REPRESENTATION_CONTEXT() REPRESENTATION_CONTEXT('2D SPACE',''
  ) );
#9744 = PCURVE('',#9745,#9750);
#9745 = PLANE('',#9746);
#9746 = AXIS2_PLACEMENT_3D('',#9747,#9748,#9749);
#9747 = CARTESIAN_POINT('',(-36.,1.8,3.2));
#9748 = DIRECTION('',(0.,-1.,0.));
#9749 = DIRECTION('',(-1.,0.,0.));
#9750 = DEFINITIONAL_REPRESENTATION('',(#9751),#9755);
#9751 = LINE('',#9752,#9753);
#9752 = CARTESIAN_POINT('',(0.,-0.));
#9753 = VECTOR('',#9754,1.);
#9754 = DIRECTION('',(0.,-1.));
#9755 = ( GEOMETRIC_REPRESENTATION_CONTEXT(2) 
PARAMETRIC_REPRESENTATION_CONTEXT() REPRESENTATION_CONTEXT('2D SPACE',''
  ) );
#9756 = ORIENTED_EDGE('',*,*,#9757,.F.);
#9757 = EDGE_CURVE('',#9563,#9730,#9758,.T.);
#9758 = SURFACE_CURVE('',#9759,(#9763,#9770),.PCURVE_S1.);
#9759 = LINE('',#9760,#9761);
#9760 = CARTESIAN_POINT('',(-36.,-2.8,3.2));
#9761 = VECTOR('',#9762,1.);
#9762 = DIRECTION('',(0.,1.,0.));
#9763 = PCURVE('',#9578,#9764);
#9764 = DEFINITIONAL_REPRESENTATION('',(#9765),#9769);
#9765 = LINE('',#9766,#9767);
#9766 = CARTESIAN_POINT('',(0.,0.));
#9767 = VECTOR('',#9768,1.);
#9768 = DIRECTION('',(1.,0.));
#9769 = ( GEOMETRIC_REPRESENTATION_CONTEXT(2) 
PARAMETRIC_REPRESENTATION_CONTEXT() REPRESENTATION_CONTEXT('2D SPACE',''
  ) );
#9770 = PCURVE('',#9604,#9771);
#9771 = DEFINITIONAL_REPRESENTATION('',(#9772),#9776);
#9772 = LINE('',#9773,#9774);
#9773 = CARTESIAN_POINT('',(3.5,-2.3));
#9774 = VECTOR('',#9775,1.);
#9775 = DIRECTION('',(0.,1.));
#9776 = ( GEOMETRIC_REPRESENTATION_CONTEXT(2) 
PARAMETRIC_REPRESENTATION_CONTEXT() REPRESENTATION_CONTEXT('2D SPACE',''
  ) );
#9777 = ADVANCED_FACE('',(#9778),#9604,.F.);
#9778 = FACE_BOUND('',#9779,.F.);
#9779 = EDGE_LOOP('',(#9780,#9781,#9782,#9805));
#9780 = ORIENTED_EDGE('',*,*,#9590,.T.);
#9781 = ORIENTED_EDGE('',*,*,#9757,.T.);
#9782 = ORIENTED_EDGE('',*,*,#9783,.T.);
#9783 = EDGE_CURVE('',#9730,#9784,#9786,.T.);
#9784 = VERTEX_POINT('',#9785);
#9785 = CARTESIAN_POINT('',(-43.,1.8,3.2));
#9786 = SURFACE_CURVE('',#9787,(#9791,#9798),.PCURVE_S1.);
#9787 = LINE('',#9788,#9789);
#9788 = CARTESIAN_POINT('',(-36.,1.8,3.2));
#9789 = VECTOR('',#9790,1.);
#9790 = DIRECTION('',(-1.,0.,0.));
#9791 = PCURVE('',#9604,#9792);
#9792 = DEFINITIONAL_REPRESENTATION('',(#9793),#9797);
#9793 = LINE('',#9794,#9795);
#9794 = CARTESIAN_POINT('',(3.5,2.3));
#9795 = VECTOR('',#9796,1.);
#9796 = DIRECTION('',(-1.,0.));
#9797 = ( GEOMETRIC_REPRESENTATION_CONTEXT(2) 
PARAMETRIC_REPRESENTATION_CONTEXT() REPRESENTATION_CONTEXT('2D SPACE',''
  ) );
#9798 = PCURVE('',#9745,#9799);
#9799 = DEFINITIONAL_REPRESENTATION('',(#9800),#9804);
#9800 = LINE('',#9801,#9802);
#9801 = CARTESIAN_POINT('',(0.,-0.));
#9802 = VECTOR('',#9803,1.);
#9803 = DIRECTION('',(1.,0.));
#9804 = ( GEOMETRIC_REPRESENTATION_CONTEXT(2) 
PARAMETRIC_REPRESENTATION_CONTEXT() REPRESENTATION_CONTEXT('2D SPACE',''
  ) );
#9805 = ORIENTED_EDGE('',*,*,#9806,.T.);
#9806 = EDGE_CURVE('',#9784,#9500,#9807,.T.);
#9807 = SURFACE_CURVE('',#9808,(#9812,#9819),.PCURVE_S1.);
#9808 = LINE('',#9809,#9810);
#9809 = CARTESIAN_POINT('',(-43.,1.8,3.2));
#9810 = VECTOR('',#9811,1.);
#9811 = DIRECTION('',(0.,-1.,0.));
#9812 = PCURVE('',#9604,#9813);
#9813 = DEFINITIONAL_REPRESENTATION('',(#9814),#9818);
#9814 = LINE('',#9815,#9816);
#9815 = CARTESIAN_POINT('',(-3.5,2.3));
#9816 = VECTOR('',#9817,1.);
#9817 = DIRECTION('',(0.,-1.));
#9818 = ( GEOMETRIC_REPRESENTATION_CONTEXT(2) 
PARAMETRIC_REPRESENTATION_CONTEXT() REPRESENTATION_CONTEXT('2D SPACE',''
  ) );
#9819 = PCURVE('',#9690,#9820);
#9820 = DEFINITIONAL_REPRESENTATION('',(#9821),#9825);
#9821 = LINE('',#9822,#9823);
#9822 = CARTESIAN_POINT('',(1.,2.3));
#9823 = VECTOR('',#9824,1.);
#9824 = DIRECTION('',(0.,-1.));
#9825 = ( GEOMETRIC_REPRESENTATION_CONTEXT(2) 
PARAMETRIC_REPRESENTATION_CONTEXT() REPRESENTATION_CONTEXT('2D SPACE',''
  ) );
#9826 = ADVANCED_FACE('',(#9827),#9550,.T.);
#9827 = FACE_BOUND('',#9828,.T.);
#9828 = EDGE_LOOP('',(#9829,#9830,#9831,#9854));
#9829 = ORIENTED_EDGE('',*,*,#9534,.T.);
#9830 = ORIENTED_EDGE('',*,*,#9706,.T.);
#9831 = ORIENTED_EDGE('',*,*,#9832,.T.);
#9832 = EDGE_CURVE('',#9707,#9833,#9835,.T.);
#9833 = VERTEX_POINT('',#9834);
#9834 = CARTESIAN_POINT('',(-43.,1.8,4.8));
#9835 = SURFACE_CURVE('',#9836,(#9840,#9847),.PCURVE_S1.);
#9836 = LINE('',#9837,#9838);
#9837 = CARTESIAN_POINT('',(-36.,1.8,4.8));
#9838 = VECTOR('',#9839,1.);
#9839 = DIRECTION('',(-1.,0.,0.));
#9840 = PCURVE('',#9550,#9841);
#9841 = DEFINITIONAL_REPRESENTATION('',(#9842),#9846);
#9842 = LINE('',#9843,#9844);
#9843 = CARTESIAN_POINT('',(3.5,2.3));
#9844 = VECTOR('',#9845,1.);
#9845 = DIRECTION('',(-1.,0.));
#9846 = ( GEOMETRIC_REPRESENTATION_CONTEXT(2) 
PARAMETRIC_REPRESENTATION_CONTEXT() REPRESENTATION_CONTEXT('2D SPACE',''
  ) );
#9847 = PCURVE('',#9745,#9848);
#9848 = DEFINITIONAL_REPRESENTATION('',(#9849),#9853);
#9849 = LINE('',#9850,#9851);
#9850 = CARTESIAN_POINT('',(0.,-1.6));
#9851 = VECTOR('',#9852,1.);
#9852 = DIRECTION('',(1.,0.));
#9853 = ( GEOMETRIC_REPRESENTATION_CONTEXT(2) 
PARAMETRIC_REPRESENTATION_CONTEXT() REPRESENTATION_CONTEXT('2D SPACE',''
  ) );
#9854 = ORIENTED_EDGE('',*,*,#9855,.T.);
#9855 = EDGE_CURVE('',#9833,#9502,#9856,.T.);
#9856 = SURFACE_CURVE('',#9857,(#9861,#9868),.PCURVE_S1.);
#9857 = LINE('',#9858,#9859);
#9858 = CARTESIAN_POINT('',(-43.,1.8,4.8));
#9859 = VECTOR('',#9860,1.);
#9860 = DIRECTION('',(0.,-1.,0.));
#9861 = PCURVE('',#9550,#9862);
#9862 = DEFINITIONAL_REPRESENTATION('',(#9863),#9867);
#9863 = LINE('',#9864,#9865);
#9864 = CARTESIAN_POINT('',(-3.5,2.3));
#9865 = VECTOR('',#9866,1.);
#9866 = DIRECTION('',(0.,-1.));
#9867 = ( GEOMETRIC_REPRESENTATION_CONTEXT(2) 
PARAMETRIC_REPRESENTATION_CONTEXT() REPRESENTATION_CONTEXT('2D SPACE',''
  ) );
#9868 = PCURVE('',#9663,#9869);
#9869 = DEFINITIONAL_REPRESENTATION('',(#9870),#9874);
#9870 = LINE('',#9871,#9872);
#9871 = CARTESIAN_POINT('',(1.,2.3));
#9872 = VECTOR('',#9873,1.);
#9873 = DIRECTION('',(0.,-1.));
#9874 = ( GEOMETRIC_REPRESENTATION_CONTEXT(2) 
PARAMETRIC_REPRESENTATION_CONTEXT() REPRESENTATION_CONTEXT('2D SPACE',''
  ) );
#9875 = ADVANCED_FACE('',(#9876),#9637,.F.);
#9876 = FACE_BOUND('',#9877,.F.);
#9877 = EDGE_LOOP('',(#9878,#9908,#9929,#9930));
#9878 = ORIENTED_EDGE('',*,*,#9879,.T.);
#9879 = EDGE_CURVE('',#9880,#9882,#9884,.T.);
#9880 = VERTEX_POINT('',#9881);
#9881 = CARTESIAN_POINT('',(-45.,1.8,3.2));
#9882 = VERTEX_POINT('',#9883);
#9883 = CARTESIAN_POINT('',(-45.,1.8,4.8));
#9884 = SURFACE_CURVE('',#9885,(#9889,#9896),.PCURVE_S1.);
#9885 = LINE('',#9886,#9887);
#9886 = CARTESIAN_POINT('',(-45.,1.8,3.2));
#9887 = VECTOR('',#9888,1.);
#9888 = DIRECTION('',(0.,0.,1.));
#9889 = PCURVE('',#9637,#9890);
#9890 = DEFINITIONAL_REPRESENTATION('',(#9891),#9895);
#9891 = LINE('',#9892,#9893);
#9892 = CARTESIAN_POINT('',(0.,0.));
#9893 = VECTOR('',#9894,1.);
#9894 = DIRECTION('',(0.,-1.));
#9895 = ( GEOMETRIC_REPRESENTATION_CONTEXT(2) 
PARAMETRIC_REPRESENTATION_CONTEXT() REPRESENTATION_CONTEXT('2D SPACE',''
  ) );
#9896 = PCURVE('',#9897,#9902);
#9897 = PLANE('',#9898);
#9898 = AXIS2_PLACEMENT_3D('',#9899,#9900,#9901);
#9899 = CARTESIAN_POINT('',(-43.,1.8,3.2));
#9900 = DIRECTION('',(0.,-1.,0.));
#9901 = DIRECTION('',(-1.,0.,0.));
#9902 = DEFINITIONAL_REPRESENTATION('',(#9903),#9907);
#9903 = LINE('',#9904,#9905);
#9904 = CARTESIAN_POINT('',(2.,0.));
#9905 = VECTOR('',#9906,1.);
#9906 = DIRECTION('',(0.,-1.));
#9907 = ( GEOMETRIC_REPRESENTATION_CONTEXT(2) 
PARAMETRIC_REPRESENTATION_CONTEXT() REPRESENTATION_CONTEXT('2D SPACE',''
  ) );
#9908 = ORIENTED_EDGE('',*,*,#9909,.T.);
#9909 = EDGE_CURVE('',#9882,#9622,#9910,.T.);
#9910 = SURFACE_CURVE('',#9911,(#9915,#9922),.PCURVE_S1.);
#9911 = LINE('',#9912,#9913);
#9912 = CARTESIAN_POINT('',(-45.,1.8,4.8));
#9913 = VECTOR('',#9914,1.);
#9914 = DIRECTION('',(0.,-1.,0.));
#9915 = PCURVE('',#9637,#9916);
#9916 = DEFINITIONAL_REPRESENTATION('',(#9917),#9921);
#9917 = LINE('',#9918,#9919);
#9918 = CARTESIAN_POINT('',(0.,-1.6));
#9919 = VECTOR('',#9920,1.);
#9920 = DIRECTION('',(1.,0.));
#9921 = ( GEOMETRIC_REPRESENTATION_CONTEXT(2) 
PARAMETRIC_REPRESENTATION_CONTEXT() REPRESENTATION_CONTEXT('2D SPACE',''
  ) );
#9922 = PCURVE('',#9663,#9923);
#9923 = DEFINITIONAL_REPRESENTATION('',(#9924),#9928);
#9924 = LINE('',#9925,#9926);
#9925 = CARTESIAN_POINT('',(-1.,2.3));
#9926 = VECTOR('',#9927,1.);
#9927 = DIRECTION('',(0.,-1.));
#9928 = ( GEOMETRIC_REPRESENTATION_CONTEXT(2) 
PARAMETRIC_REPRESENTATION_CONTEXT() REPRESENTATION_CONTEXT('2D SPACE',''
  ) );
#9929 = ORIENTED_EDGE('',*,*,#9619,.F.);
#9930 = ORIENTED_EDGE('',*,*,#9931,.F.);
#9931 = EDGE_CURVE('',#9880,#9620,#9932,.T.);
#9932 = SURFACE_CURVE('',#9933,(#9937,#9944),.PCURVE_S1.);
#9933 = LINE('',#9934,#9935);
#9934 = CARTESIAN_POINT('',(-45.,1.8,3.2));
#9935 = VECTOR('',#9936,1.);
#9936 = DIRECTION('',(0.,-1.,0.));
#9937 = PCURVE('',#9637,#9938);
#9938 = DEFINITIONAL_REPRESENTATION('',(#9939),#9943);
#9939 = LINE('',#9940,#9941);
#9940 = CARTESIAN_POINT('',(0.,0.));
#9941 = VECTOR('',#9942,1.);
#9942 = DIRECTION('',(1.,0.));
#9943 = ( GEOMETRIC_REPRESENTATION_CONTEXT(2) 
PARAMETRIC_REPRESENTATION_CONTEXT() REPRESENTATION_CONTEXT('2D SPACE',''
  ) );
#9944 = PCURVE('',#9690,#9945);
#9945 = DEFINITIONAL_REPRESENTATION('',(#9946),#9950);
#9946 = LINE('',#9947,#9948);
#9947 = CARTESIAN_POINT('',(-1.,2.3));
#9948 = VECTOR('',#9949,1.);
#9949 = DIRECTION('',(0.,-1.));
#9950 = ( GEOMETRIC_REPRESENTATION_CONTEXT(2) 
PARAMETRIC_REPRESENTATION_CONTEXT() REPRESENTATION_CONTEXT('2D SPACE',''
  ) );
#9951 = ADVANCED_FACE('',(#9952),#9690,.F.);
#9952 = FACE_BOUND('',#9953,.F.);
#9953 = EDGE_LOOP('',(#9954,#9955,#9956,#9977));
#9954 = ORIENTED_EDGE('',*,*,#9676,.T.);
#9955 = ORIENTED_EDGE('',*,*,#9806,.F.);
#9956 = ORIENTED_EDGE('',*,*,#9957,.T.);
#9957 = EDGE_CURVE('',#9784,#9880,#9958,.T.);
#9958 = SURFACE_CURVE('',#9959,(#9963,#9970),.PCURVE_S1.);
#9959 = LINE('',#9960,#9961);
#9960 = CARTESIAN_POINT('',(-43.,1.8,3.2));
#9961 = VECTOR('',#9962,1.);
#9962 = DIRECTION('',(-1.,0.,0.));
#9963 = PCURVE('',#9690,#9964);
#9964 = DEFINITIONAL_REPRESENTATION('',(#9965),#9969);
#9965 = LINE('',#9966,#9967);
#9966 = CARTESIAN_POINT('',(1.,2.3));
#9967 = VECTOR('',#9968,1.);
#9968 = DIRECTION('',(-1.,0.));
#9969 = ( GEOMETRIC_REPRESENTATION_CONTEXT(2) 
PARAMETRIC_REPRESENTATION_CONTEXT() REPRESENTATION_CONTEXT('2D SPACE',''
  ) );
#9970 = PCURVE('',#9897,#9971);
#9971 = DEFINITIONAL_REPRESENTATION('',(#9972),#9976);
#9972 = LINE('',#9973,#9974);
#9973 = CARTESIAN_POINT('',(0.,-0.));
#9974 = VECTOR('',#9975,1.);
#9975 = DIRECTION('',(1.,0.));
#9976 = ( GEOMETRIC_REPRESENTATION_CONTEXT(2) 
PARAMETRIC_REPRESENTATION_CONTEXT() REPRESENTATION_CONTEXT('2D SPACE',''
  ) );
#9977 = ORIENTED_EDGE('',*,*,#9931,.T.);
#9978 = ADVANCED_FACE('',(#9979),#9663,.T.);
#9979 = FACE_BOUND('',#9980,.T.);
#9980 = EDGE_LOOP('',(#9981,#9982,#9983,#10004));
#9981 = ORIENTED_EDGE('',*,*,#9649,.T.);
#9982 = ORIENTED_EDGE('',*,*,#9855,.F.);
#9983 = ORIENTED_EDGE('',*,*,#9984,.T.);
#9984 = EDGE_CURVE('',#9833,#9882,#9985,.T.);
#9985 = SURFACE_CURVE('',#9986,(#9990,#9997),.PCURVE_S1.);
#9986 = LINE('',#9987,#9988);
#9987 = CARTESIAN_POINT('',(-43.,1.8,4.8));
#9988 = VECTOR('',#9989,1.);
#9989 = DIRECTION('',(-1.,0.,0.));
#9990 = PCURVE('',#9663,#9991);
#9991 = DEFINITIONAL_REPRESENTATION('',(#9992),#9996);
#9992 = LINE('',#9993,#9994);
#9993 = CARTESIAN_POINT('',(1.,2.3));
#9994 = VECTOR('',#9995,1.);
#9995 = DIRECTION('',(-1.,0.));
#9996 = ( GEOMETRIC_REPRESENTATION_CONTEXT(2) 
PARAMETRIC_REPRESENTATION_CONTEXT() REPRESENTATION_CONTEXT('2D SPACE',''
  ) );
#9997 = PCURVE('',#9897,#9998);
#9998 = DEFINITIONAL_REPRESENTATION('',(#9999),#10003);
#9999 = LINE('',#10000,#10001);
#10000 = CARTESIAN_POINT('',(0.,-1.6));
#10001 = VECTOR('',#10002,1.);
#10002 = DIRECTION('',(1.,0.));
#10003 = ( GEOMETRIC_REPRESENTATION_CONTEXT(2) 
PARAMETRIC_REPRESENTATION_CONTEXT() REPRESENTATION_CONTEXT('2D SPACE',''
  ) );
#10004 = ORIENTED_EDGE('',*,*,#9909,.T.);
#10005 = ADVANCED_FACE('',(#10006),#9745,.F.);
#10006 = FACE_BOUND('',#10007,.F.);
#10007 = EDGE_LOOP('',(#10008,#10009,#10010,#10031));
#10008 = ORIENTED_EDGE('',*,*,#9729,.T.);
#10009 = ORIENTED_EDGE('',*,*,#9832,.T.);
#10010 = ORIENTED_EDGE('',*,*,#10011,.F.);
#10011 = EDGE_CURVE('',#9784,#9833,#10012,.T.);
#10012 = SURFACE_CURVE('',#10013,(#10017,#10024),.PCURVE_S1.);
#10013 = LINE('',#10014,#10015);
#10014 = CARTESIAN_POINT('',(-43.,1.8,3.2));
#10015 = VECTOR('',#10016,1.);
#10016 = DIRECTION('',(0.,0.,1.));
#10017 = PCURVE('',#9745,#10018);
#10018 = DEFINITIONAL_REPRESENTATION('',(#10019),#10023);
#10019 = LINE('',#10020,#10021);
#10020 = CARTESIAN_POINT('',(7.,0.));
#10021 = VECTOR('',#10022,1.);
#10022 = DIRECTION('',(0.,-1.));
#10023 = ( GEOMETRIC_REPRESENTATION_CONTEXT(2) 
PARAMETRIC_REPRESENTATION_CONTEXT() REPRESENTATION_CONTEXT('2D SPACE',''
  ) );
#10024 = PCURVE('',#9897,#10025);
#10025 = DEFINITIONAL_REPRESENTATION('',(#10026),#10030);
#10026 = LINE('',#10027,#10028);
#10027 = CARTESIAN_POINT('',(0.,-0.));
#10028 = VECTOR('',#10029,1.);
#10029 = DIRECTION('',(0.,-1.));
#10030 = ( GEOMETRIC_REPRESENTATION_CONTEXT(2) 
PARAMETRIC_REPRESENTATION_CONTEXT() REPRESENTATION_CONTEXT('2D SPACE',''
  ) );
#10031 = ORIENTED_EDGE('',*,*,#9783,.F.);
#10032 = ADVANCED_FACE('',(#10033),#9897,.F.);
#10033 = FACE_BOUND('',#10034,.F.);
#10034 = EDGE_LOOP('',(#10035,#10036,#10037,#10038));
#10035 = ORIENTED_EDGE('',*,*,#10011,.T.);
#10036 = ORIENTED_EDGE('',*,*,#9984,.T.);
#10037 = ORIENTED_EDGE('',*,*,#9879,.F.);
#10038 = ORIENTED_EDGE('',*,*,#9957,.F.);
#10039 = ORIENTED_CLOSED_SHELL('',*,#10040,.F.);
#10040 = CLOSED_SHELL('',(#10041,#10161,#10237,#10313,#10345,#10377,
    #10453,#10524,#10551,#10578));
#10041 = ADVANCED_FACE('',(#10042),#10056,.F.);
#10042 = FACE_BOUND('',#10043,.F.);
#10043 = EDGE_LOOP('',(#10044,#10079,#10107,#10135));
#10044 = ORIENTED_EDGE('',*,*,#10045,.T.);
#10045 = EDGE_CURVE('',#10046,#10048,#10050,.T.);
#10046 = VERTEX_POINT('',#10047);
#10047 = CARTESIAN_POINT('',(-43.5,8.1,3.2));
#10048 = VERTEX_POINT('',#10049);
#10049 = CARTESIAN_POINT('',(-43.5,8.1,5.2));
#10050 = SURFACE_CURVE('',#10051,(#10055,#10067),.PCURVE_S1.);
#10051 = LINE('',#10052,#10053);
#10052 = CARTESIAN_POINT('',(-43.5,8.1,3.2));
#10053 = VECTOR('',#10054,1.);
#10054 = DIRECTION('',(0.,0.,1.));
#10055 = PCURVE('',#10056,#10061);
#10056 = PLANE('',#10057);
#10057 = AXIS2_PLACEMENT_3D('',#10058,#10059,#10060);
#10058 = CARTESIAN_POINT('',(-43.5,8.1,3.2));
#10059 = DIRECTION('',(0.,1.,0.));
#10060 = DIRECTION('',(1.,0.,0.));
#10061 = DEFINITIONAL_REPRESENTATION('',(#10062),#10066);
#10062 = LINE('',#10063,#10064);
#10063 = CARTESIAN_POINT('',(0.,0.));
#10064 = VECTOR('',#10065,1.);
#10065 = DIRECTION('',(0.,-1.));
#10066 = ( GEOMETRIC_REPRESENTATION_CONTEXT(2) 
PARAMETRIC_REPRESENTATION_CONTEXT() REPRESENTATION_CONTEXT('2D SPACE',''
  ) );
#10067 = PCURVE('',#10068,#10073);
#10068 = PLANE('',#10069);
#10069 = AXIS2_PLACEMENT_3D('',#10070,#10071,#10072);
#10070 = CARTESIAN_POINT('',(-43.5,27.9,3.2));
#10071 = DIRECTION('',(1.,0.,-0.));
#10072 = DIRECTION('',(0.,-1.,0.));
#10073 = DEFINITIONAL_REPRESENTATION('',(#10074),#10078);
#10074 = LINE('',#10075,#10076);
#10075 = CARTESIAN_POINT('',(19.8,0.));
#10076 = VECTOR('',#10077,1.);
#10077 = DIRECTION('',(0.,-1.));
#10078 = ( GEOMETRIC_REPRESENTATION_CONTEXT(2) 
PARAMETRIC_REPRESENTATION_CONTEXT() REPRESENTATION_CONTEXT('2D SPACE',''
  ) );
#10079 = ORIENTED_EDGE('',*,*,#10080,.T.);
#10080 = EDGE_CURVE('',#10048,#10081,#10083,.T.);
#10081 = VERTEX_POINT('',#10082);
#10082 = CARTESIAN_POINT('',(-36.5,8.1,5.2));
#10083 = SURFACE_CURVE('',#10084,(#10088,#10095),.PCURVE_S1.);
#10084 = LINE('',#10085,#10086);
#10085 = CARTESIAN_POINT('',(-43.5,8.1,5.2));
#10086 = VECTOR('',#10087,1.);
#10087 = DIRECTION('',(1.,0.,0.));
#10088 = PCURVE('',#10056,#10089);
#10089 = DEFINITIONAL_REPRESENTATION('',(#10090),#10094);
#10090 = LINE('',#10091,#10092);
#10091 = CARTESIAN_POINT('',(0.,-2.));
#10092 = VECTOR('',#10093,1.);
#10093 = DIRECTION('',(1.,0.));
#10094 = ( GEOMETRIC_REPRESENTATION_CONTEXT(2) 
PARAMETRIC_REPRESENTATION_CONTEXT() REPRESENTATION_CONTEXT('2D SPACE',''
  ) );
#10095 = PCURVE('',#10096,#10101);
#10096 = PLANE('',#10097);
#10097 = AXIS2_PLACEMENT_3D('',#10098,#10099,#10100);
#10098 = CARTESIAN_POINT('',(-40.,18.,5.2));
#10099 = DIRECTION('',(0.,0.,1.));
#10100 = DIRECTION('',(1.,0.,-0.));
#10101 = DEFINITIONAL_REPRESENTATION('',(#10102),#10106);
#10102 = LINE('',#10103,#10104);
#10103 = CARTESIAN_POINT('',(-3.5,-9.9));
#10104 = VECTOR('',#10105,1.);
#10105 = DIRECTION('',(1.,0.));
#10106 = ( GEOMETRIC_REPRESENTATION_CONTEXT(2) 
PARAMETRIC_REPRESENTATION_CONTEXT() REPRESENTATION_CONTEXT('2D SPACE',''
  ) );
#10107 = ORIENTED_EDGE('',*,*,#10108,.F.);
#10108 = EDGE_CURVE('',#10109,#10081,#10111,.T.);
#10109 = VERTEX_POINT('',#10110);
#10110 = CARTESIAN_POINT('',(-36.5,8.1,3.2));
#10111 = SURFACE_CURVE('',#10112,(#10116,#10123),.PCURVE_S1.);
#10112 = LINE('',#10113,#10114);
#10113 = CARTESIAN_POINT('',(-36.5,8.1,3.2));
#10114 = VECTOR('',#10115,1.);
#10115 = DIRECTION('',(0.,0.,1.));
#10116 = PCURVE('',#10056,#10117);
#10117 = DEFINITIONAL_REPRESENTATION('',(#10118),#10122);
#10118 = LINE('',#10119,#10120);
#10119 = CARTESIAN_POINT('',(7.,0.));
#10120 = VECTOR('',#10121,1.);
#10121 = DIRECTION('',(0.,-1.));
#10122 = ( GEOMETRIC_REPRESENTATION_CONTEXT(2) 
PARAMETRIC_REPRESENTATION_CONTEXT() REPRESENTATION_CONTEXT('2D SPACE',''
  ) );
#10123 = PCURVE('',#10124,#10129);
#10124 = PLANE('',#10125);
#10125 = AXIS2_PLACEMENT_3D('',#10126,#10127,#10128);
#10126 = CARTESIAN_POINT('',(-36.5,8.1,3.2));
#10127 = DIRECTION('',(-1.,0.,0.));
#10128 = DIRECTION('',(0.,1.,0.));
#10129 = DEFINITIONAL_REPRESENTATION('',(#10130),#10134);
#10130 = LINE('',#10131,#10132);
#10131 = CARTESIAN_POINT('',(0.,0.));
#10132 = VECTOR('',#10133,1.);
#10133 = DIRECTION('',(0.,-1.));
#10134 = ( GEOMETRIC_REPRESENTATION_CONTEXT(2) 
PARAMETRIC_REPRESENTATION_CONTEXT() REPRESENTATION_CONTEXT('2D SPACE',''
  ) );
#10135 = ORIENTED_EDGE('',*,*,#10136,.F.);
#10136 = EDGE_CURVE('',#10046,#10109,#10137,.T.);
#10137 = SURFACE_CURVE('',#10138,(#10142,#10149),.PCURVE_S1.);
#10138 = LINE('',#10139,#10140);
#10139 = CARTESIAN_POINT('',(-43.5,8.1,3.2));
#10140 = VECTOR('',#10141,1.);
#10141 = DIRECTION('',(1.,0.,0.));
#10142 = PCURVE('',#10056,#10143);
#10143 = DEFINITIONAL_REPRESENTATION('',(#10144),#10148);
#10144 = LINE('',#10145,#10146);
#10145 = CARTESIAN_POINT('',(0.,0.));
#10146 = VECTOR('',#10147,1.);
#10147 = DIRECTION('',(1.,0.));
#10148 = ( GEOMETRIC_REPRESENTATION_CONTEXT(2) 
PARAMETRIC_REPRESENTATION_CONTEXT() REPRESENTATION_CONTEXT('2D SPACE',''
  ) );
#10149 = PCURVE('',#10150,#10155);
#10150 = PLANE('',#10151);
#10151 = AXIS2_PLACEMENT_3D('',#10152,#10153,#10154);
#10152 = CARTESIAN_POINT('',(-40.,18.,3.2));
#10153 = DIRECTION('',(0.,0.,1.));
#10154 = DIRECTION('',(1.,0.,-0.));
#10155 = DEFINITIONAL_REPRESENTATION('',(#10156),#10160);
#10156 = LINE('',#10157,#10158);
#10157 = CARTESIAN_POINT('',(-3.5,-9.9));
#10158 = VECTOR('',#10159,1.);
#10159 = DIRECTION('',(1.,0.));
#10160 = ( GEOMETRIC_REPRESENTATION_CONTEXT(2) 
PARAMETRIC_REPRESENTATION_CONTEXT() REPRESENTATION_CONTEXT('2D SPACE',''
  ) );
#10161 = ADVANCED_FACE('',(#10162),#10068,.F.);
#10162 = FACE_BOUND('',#10163,.F.);
#10163 = EDGE_LOOP('',(#10164,#10194,#10215,#10216));
#10164 = ORIENTED_EDGE('',*,*,#10165,.T.);
#10165 = EDGE_CURVE('',#10166,#10168,#10170,.T.);
#10166 = VERTEX_POINT('',#10167);
#10167 = CARTESIAN_POINT('',(-43.5,27.9,3.2));
#10168 = VERTEX_POINT('',#10169);
#10169 = CARTESIAN_POINT('',(-43.5,27.9,5.2));
#10170 = SURFACE_CURVE('',#10171,(#10175,#10182),.PCURVE_S1.);
#10171 = LINE('',#10172,#10173);
#10172 = CARTESIAN_POINT('',(-43.5,27.9,3.2));
#10173 = VECTOR('',#10174,1.);
#10174 = DIRECTION('',(0.,0.,1.));
#10175 = PCURVE('',#10068,#10176);
#10176 = DEFINITIONAL_REPRESENTATION('',(#10177),#10181);
#10177 = LINE('',#10178,#10179);
#10178 = CARTESIAN_POINT('',(0.,0.));
#10179 = VECTOR('',#10180,1.);
#10180 = DIRECTION('',(0.,-1.));
#10181 = ( GEOMETRIC_REPRESENTATION_CONTEXT(2) 
PARAMETRIC_REPRESENTATION_CONTEXT() REPRESENTATION_CONTEXT('2D SPACE',''
  ) );
#10182 = PCURVE('',#10183,#10188);
#10183 = PLANE('',#10184);
#10184 = AXIS2_PLACEMENT_3D('',#10185,#10186,#10187);
#10185 = CARTESIAN_POINT('',(-43.5,29.9,3.2));
#10186 = DIRECTION('',(1.,0.,-0.));
#10187 = DIRECTION('',(0.,-1.,0.));
#10188 = DEFINITIONAL_REPRESENTATION('',(#10189),#10193);
#10189 = LINE('',#10190,#10191);
#10190 = CARTESIAN_POINT('',(2.,0.));
#10191 = VECTOR('',#10192,1.);
#10192 = DIRECTION('',(0.,-1.));
#10193 = ( GEOMETRIC_REPRESENTATION_CONTEXT(2) 
PARAMETRIC_REPRESENTATION_CONTEXT() REPRESENTATION_CONTEXT('2D SPACE',''
  ) );
#10194 = ORIENTED_EDGE('',*,*,#10195,.T.);
#10195 = EDGE_CURVE('',#10168,#10048,#10196,.T.);
#10196 = SURFACE_CURVE('',#10197,(#10201,#10208),.PCURVE_S1.);
#10197 = LINE('',#10198,#10199);
#10198 = CARTESIAN_POINT('',(-43.5,27.9,5.2));
#10199 = VECTOR('',#10200,1.);
#10200 = DIRECTION('',(0.,-1.,0.));
#10201 = PCURVE('',#10068,#10202);
#10202 = DEFINITIONAL_REPRESENTATION('',(#10203),#10207);
#10203 = LINE('',#10204,#10205);
#10204 = CARTESIAN_POINT('',(0.,-2.));
#10205 = VECTOR('',#10206,1.);
#10206 = DIRECTION('',(1.,0.));
#10207 = ( GEOMETRIC_REPRESENTATION_CONTEXT(2) 
PARAMETRIC_REPRESENTATION_CONTEXT() REPRESENTATION_CONTEXT('2D SPACE',''
  ) );
#10208 = PCURVE('',#10096,#10209);
#10209 = DEFINITIONAL_REPRESENTATION('',(#10210),#10214);
#10210 = LINE('',#10211,#10212);
#10211 = CARTESIAN_POINT('',(-3.5,9.9));
#10212 = VECTOR('',#10213,1.);
#10213 = DIRECTION('',(0.,-1.));
#10214 = ( GEOMETRIC_REPRESENTATION_CONTEXT(2) 
PARAMETRIC_REPRESENTATION_CONTEXT() REPRESENTATION_CONTEXT('2D SPACE',''
  ) );
#10215 = ORIENTED_EDGE('',*,*,#10045,.F.);
#10216 = ORIENTED_EDGE('',*,*,#10217,.F.);
#10217 = EDGE_CURVE('',#10166,#10046,#10218,.T.);
#10218 = SURFACE_CURVE('',#10219,(#10223,#10230),.PCURVE_S1.);
#10219 = LINE('',#10220,#10221);
#10220 = CARTESIAN_POINT('',(-43.5,27.9,3.2));
#10221 = VECTOR('',#10222,1.);
#10222 = DIRECTION('',(0.,-1.,0.));
#10223 = PCURVE('',#10068,#10224);
#10224 = DEFINITIONAL_REPRESENTATION('',(#10225),#10229);
#10225 = LINE('',#10226,#10227);
#10226 = CARTESIAN_POINT('',(0.,0.));
#10227 = VECTOR('',#10228,1.);
#10228 = DIRECTION('',(1.,0.));
#10229 = ( GEOMETRIC_REPRESENTATION_CONTEXT(2) 
PARAMETRIC_REPRESENTATION_CONTEXT() REPRESENTATION_CONTEXT('2D SPACE',''
  ) );
#10230 = PCURVE('',#10150,#10231);
#10231 = DEFINITIONAL_REPRESENTATION('',(#10232),#10236);
#10232 = LINE('',#10233,#10234);
#10233 = CARTESIAN_POINT('',(-3.5,9.9));
#10234 = VECTOR('',#10235,1.);
#10235 = DIRECTION('',(0.,-1.));
#10236 = ( GEOMETRIC_REPRESENTATION_CONTEXT(2) 
PARAMETRIC_REPRESENTATION_CONTEXT() REPRESENTATION_CONTEXT('2D SPACE',''
  ) );
#10237 = ADVANCED_FACE('',(#10238),#10124,.F.);
#10238 = FACE_BOUND('',#10239,.F.);
#10239 = EDGE_LOOP('',(#10240,#10241,#10264,#10292));
#10240 = ORIENTED_EDGE('',*,*,#10108,.T.);
#10241 = ORIENTED_EDGE('',*,*,#10242,.T.);
#10242 = EDGE_CURVE('',#10081,#10243,#10245,.T.);
#10243 = VERTEX_POINT('',#10244);
#10244 = CARTESIAN_POINT('',(-36.5,27.9,5.2));
#10245 = SURFACE_CURVE('',#10246,(#10250,#10257),.PCURVE_S1.);
#10246 = LINE('',#10247,#10248);
#10247 = CARTESIAN_POINT('',(-36.5,8.1,5.2));
#10248 = VECTOR('',#10249,1.);
#10249 = DIRECTION('',(0.,1.,0.));
#10250 = PCURVE('',#10124,#10251);
#10251 = DEFINITIONAL_REPRESENTATION('',(#10252),#10256);
#10252 = LINE('',#10253,#10254);
#10253 = CARTESIAN_POINT('',(0.,-2.));
#10254 = VECTOR('',#10255,1.);
#10255 = DIRECTION('',(1.,0.));
#10256 = ( GEOMETRIC_REPRESENTATION_CONTEXT(2) 
PARAMETRIC_REPRESENTATION_CONTEXT() REPRESENTATION_CONTEXT('2D SPACE',''
  ) );
#10257 = PCURVE('',#10096,#10258);
#10258 = DEFINITIONAL_REPRESENTATION('',(#10259),#10263);
#10259 = LINE('',#10260,#10261);
#10260 = CARTESIAN_POINT('',(3.5,-9.9));
#10261 = VECTOR('',#10262,1.);
#10262 = DIRECTION('',(0.,1.));
#10263 = ( GEOMETRIC_REPRESENTATION_CONTEXT(2) 
PARAMETRIC_REPRESENTATION_CONTEXT() REPRESENTATION_CONTEXT('2D SPACE',''
  ) );
#10264 = ORIENTED_EDGE('',*,*,#10265,.F.);
#10265 = EDGE_CURVE('',#10266,#10243,#10268,.T.);
#10266 = VERTEX_POINT('',#10267);
#10267 = CARTESIAN_POINT('',(-36.5,27.9,3.2));
#10268 = SURFACE_CURVE('',#10269,(#10273,#10280),.PCURVE_S1.);
#10269 = LINE('',#10270,#10271);
#10270 = CARTESIAN_POINT('',(-36.5,27.9,3.2));
#10271 = VECTOR('',#10272,1.);
#10272 = DIRECTION('',(0.,0.,1.));
#10273 = PCURVE('',#10124,#10274);
#10274 = DEFINITIONAL_REPRESENTATION('',(#10275),#10279);
#10275 = LINE('',#10276,#10277);
#10276 = CARTESIAN_POINT('',(19.8,0.));
#10277 = VECTOR('',#10278,1.);
#10278 = DIRECTION('',(0.,-1.));
#10279 = ( GEOMETRIC_REPRESENTATION_CONTEXT(2) 
PARAMETRIC_REPRESENTATION_CONTEXT() REPRESENTATION_CONTEXT('2D SPACE',''
  ) );
#10280 = PCURVE('',#10281,#10286);
#10281 = PLANE('',#10282);
#10282 = AXIS2_PLACEMENT_3D('',#10283,#10284,#10285);
#10283 = CARTESIAN_POINT('',(-36.5,27.9,3.2));
#10284 = DIRECTION('',(-1.,0.,0.));
#10285 = DIRECTION('',(0.,1.,0.));
#10286 = DEFINITIONAL_REPRESENTATION('',(#10287),#10291);
#10287 = LINE('',#10288,#10289);
#10288 = CARTESIAN_POINT('',(0.,0.));
#10289 = VECTOR('',#10290,1.);
#10290 = DIRECTION('',(0.,-1.));
#10291 = ( GEOMETRIC_REPRESENTATION_CONTEXT(2) 
PARAMETRIC_REPRESENTATION_CONTEXT() REPRESENTATION_CONTEXT('2D SPACE',''
  ) );
#10292 = ORIENTED_EDGE('',*,*,#10293,.F.);
#10293 = EDGE_CURVE('',#10109,#10266,#10294,.T.);
#10294 = SURFACE_CURVE('',#10295,(#10299,#10306),.PCURVE_S1.);
#10295 = LINE('',#10296,#10297);
#10296 = CARTESIAN_POINT('',(-36.5,8.1,3.2));
#10297 = VECTOR('',#10298,1.);
#10298 = DIRECTION('',(0.,1.,0.));
#10299 = PCURVE('',#10124,#10300);
#10300 = DEFINITIONAL_REPRESENTATION('',(#10301),#10305);
#10301 = LINE('',#10302,#10303);
#10302 = CARTESIAN_POINT('',(0.,0.));
#10303 = VECTOR('',#10304,1.);
#10304 = DIRECTION('',(1.,0.));
#10305 = ( GEOMETRIC_REPRESENTATION_CONTEXT(2) 
PARAMETRIC_REPRESENTATION_CONTEXT() REPRESENTATION_CONTEXT('2D SPACE',''
  ) );
#10306 = PCURVE('',#10150,#10307);
#10307 = DEFINITIONAL_REPRESENTATION('',(#10308),#10312);
#10308 = LINE('',#10309,#10310);
#10309 = CARTESIAN_POINT('',(3.5,-9.9));
#10310 = VECTOR('',#10311,1.);
#10311 = DIRECTION('',(0.,1.));
#10312 = ( GEOMETRIC_REPRESENTATION_CONTEXT(2) 
PARAMETRIC_REPRESENTATION_CONTEXT() REPRESENTATION_CONTEXT('2D SPACE',''
  ) );
#10313 = ADVANCED_FACE('',(#10314),#10150,.F.);
#10314 = FACE_BOUND('',#10315,.F.);
#10315 = EDGE_LOOP('',(#10316,#10317,#10318,#10344));
#10316 = ORIENTED_EDGE('',*,*,#10136,.T.);
#10317 = ORIENTED_EDGE('',*,*,#10293,.T.);
#10318 = ORIENTED_EDGE('',*,*,#10319,.T.);
#10319 = EDGE_CURVE('',#10266,#10166,#10320,.T.);
#10320 = SURFACE_CURVE('',#10321,(#10325,#10332),.PCURVE_S1.);
#10321 = LINE('',#10322,#10323);
#10322 = CARTESIAN_POINT('',(-36.5,27.9,3.2));
#10323 = VECTOR('',#10324,1.);
#10324 = DIRECTION('',(-1.,0.,0.));
#10325 = PCURVE('',#10150,#10326);
#10326 = DEFINITIONAL_REPRESENTATION('',(#10327),#10331);
#10327 = LINE('',#10328,#10329);
#10328 = CARTESIAN_POINT('',(3.5,9.9));
#10329 = VECTOR('',#10330,1.);
#10330 = DIRECTION('',(-1.,0.));
#10331 = ( GEOMETRIC_REPRESENTATION_CONTEXT(2) 
PARAMETRIC_REPRESENTATION_CONTEXT() REPRESENTATION_CONTEXT('2D SPACE',''
  ) );
#10332 = PCURVE('',#10333,#10338);
#10333 = PLANE('',#10334);
#10334 = AXIS2_PLACEMENT_3D('',#10335,#10336,#10337);
#10335 = CARTESIAN_POINT('',(-40.,28.9,3.2));
#10336 = DIRECTION('',(0.,0.,1.));
#10337 = DIRECTION('',(1.,0.,-0.));
#10338 = DEFINITIONAL_REPRESENTATION('',(#10339),#10343);
#10339 = LINE('',#10340,#10341);
#10340 = CARTESIAN_POINT('',(3.5,-1.));
#10341 = VECTOR('',#10342,1.);
#10342 = DIRECTION('',(-1.,0.));
#10343 = ( GEOMETRIC_REPRESENTATION_CONTEXT(2) 
PARAMETRIC_REPRESENTATION_CONTEXT() REPRESENTATION_CONTEXT('2D SPACE',''
  ) );
#10344 = ORIENTED_EDGE('',*,*,#10217,.T.);
#10345 = ADVANCED_FACE('',(#10346),#10096,.T.);
#10346 = FACE_BOUND('',#10347,.T.);
#10347 = EDGE_LOOP('',(#10348,#10349,#10350,#10376));
#10348 = ORIENTED_EDGE('',*,*,#10080,.T.);
#10349 = ORIENTED_EDGE('',*,*,#10242,.T.);
#10350 = ORIENTED_EDGE('',*,*,#10351,.T.);
#10351 = EDGE_CURVE('',#10243,#10168,#10352,.T.);
#10352 = SURFACE_CURVE('',#10353,(#10357,#10364),.PCURVE_S1.);
#10353 = LINE('',#10354,#10355);
#10354 = CARTESIAN_POINT('',(-36.5,27.9,5.2));
#10355 = VECTOR('',#10356,1.);
#10356 = DIRECTION('',(-1.,0.,0.));
#10357 = PCURVE('',#10096,#10358);
#10358 = DEFINITIONAL_REPRESENTATION('',(#10359),#10363);
#10359 = LINE('',#10360,#10361);
#10360 = CARTESIAN_POINT('',(3.5,9.9));
#10361 = VECTOR('',#10362,1.);
#10362 = DIRECTION('',(-1.,0.));
#10363 = ( GEOMETRIC_REPRESENTATION_CONTEXT(2) 
PARAMETRIC_REPRESENTATION_CONTEXT() REPRESENTATION_CONTEXT('2D SPACE',''
  ) );
#10364 = PCURVE('',#10365,#10370);
#10365 = PLANE('',#10366);
#10366 = AXIS2_PLACEMENT_3D('',#10367,#10368,#10369);
#10367 = CARTESIAN_POINT('',(-40.,28.9,5.2));
#10368 = DIRECTION('',(0.,0.,1.));
#10369 = DIRECTION('',(1.,0.,-0.));
#10370 = DEFINITIONAL_REPRESENTATION('',(#10371),#10375);
#10371 = LINE('',#10372,#10373);
#10372 = CARTESIAN_POINT('',(3.5,-1.));
#10373 = VECTOR('',#10374,1.);
#10374 = DIRECTION('',(-1.,0.));
#10375 = ( GEOMETRIC_REPRESENTATION_CONTEXT(2) 
PARAMETRIC_REPRESENTATION_CONTEXT() REPRESENTATION_CONTEXT('2D SPACE',''
  ) );
#10376 = ORIENTED_EDGE('',*,*,#10195,.T.);
#10377 = ADVANCED_FACE('',(#10378),#10183,.F.);
#10378 = FACE_BOUND('',#10379,.F.);
#10379 = EDGE_LOOP('',(#10380,#10410,#10431,#10432));
#10380 = ORIENTED_EDGE('',*,*,#10381,.T.);
#10381 = EDGE_CURVE('',#10382,#10384,#10386,.T.);
#10382 = VERTEX_POINT('',#10383);
#10383 = CARTESIAN_POINT('',(-43.5,29.9,3.2));
#10384 = VERTEX_POINT('',#10385);
#10385 = CARTESIAN_POINT('',(-43.5,29.9,5.2));
#10386 = SURFACE_CURVE('',#10387,(#10391,#10398),.PCURVE_S1.);
#10387 = LINE('',#10388,#10389);
#10388 = CARTESIAN_POINT('',(-43.5,29.9,3.2));
#10389 = VECTOR('',#10390,1.);
#10390 = DIRECTION('',(0.,0.,1.));
#10391 = PCURVE('',#10183,#10392);
#10392 = DEFINITIONAL_REPRESENTATION('',(#10393),#10397);
#10393 = LINE('',#10394,#10395);
#10394 = CARTESIAN_POINT('',(0.,0.));
#10395 = VECTOR('',#10396,1.);
#10396 = DIRECTION('',(0.,-1.));
#10397 = ( GEOMETRIC_REPRESENTATION_CONTEXT(2) 
PARAMETRIC_REPRESENTATION_CONTEXT() REPRESENTATION_CONTEXT('2D SPACE',''
  ) );
#10398 = PCURVE('',#10399,#10404);
#10399 = PLANE('',#10400);
#10400 = AXIS2_PLACEMENT_3D('',#10401,#10402,#10403);
#10401 = CARTESIAN_POINT('',(-36.5,29.9,3.2));
#10402 = DIRECTION('',(0.,-1.,0.));
#10403 = DIRECTION('',(-1.,0.,0.));
#10404 = DEFINITIONAL_REPRESENTATION('',(#10405),#10409);
#10405 = LINE('',#10406,#10407);
#10406 = CARTESIAN_POINT('',(7.,0.));
#10407 = VECTOR('',#10408,1.);
#10408 = DIRECTION('',(0.,-1.));
#10409 = ( GEOMETRIC_REPRESENTATION_CONTEXT(2) 
PARAMETRIC_REPRESENTATION_CONTEXT() REPRESENTATION_CONTEXT('2D SPACE',''
  ) );
#10410 = ORIENTED_EDGE('',*,*,#10411,.T.);
#10411 = EDGE_CURVE('',#10384,#10168,#10412,.T.);
#10412 = SURFACE_CURVE('',#10413,(#10417,#10424),.PCURVE_S1.);
#10413 = LINE('',#10414,#10415);
#10414 = CARTESIAN_POINT('',(-43.5,29.9,5.2));
#10415 = VECTOR('',#10416,1.);
#10416 = DIRECTION('',(0.,-1.,0.));
#10417 = PCURVE('',#10183,#10418);
#10418 = DEFINITIONAL_REPRESENTATION('',(#10419),#10423);
#10419 = LINE('',#10420,#10421);
#10420 = CARTESIAN_POINT('',(0.,-2.));
#10421 = VECTOR('',#10422,1.);
#10422 = DIRECTION('',(1.,0.));
#10423 = ( GEOMETRIC_REPRESENTATION_CONTEXT(2) 
PARAMETRIC_REPRESENTATION_CONTEXT() REPRESENTATION_CONTEXT('2D SPACE',''
  ) );
#10424 = PCURVE('',#10365,#10425);
#10425 = DEFINITIONAL_REPRESENTATION('',(#10426),#10430);
#10426 = LINE('',#10427,#10428);
#10427 = CARTESIAN_POINT('',(-3.5,1.));
#10428 = VECTOR('',#10429,1.);
#10429 = DIRECTION('',(0.,-1.));
#10430 = ( GEOMETRIC_REPRESENTATION_CONTEXT(2) 
PARAMETRIC_REPRESENTATION_CONTEXT() REPRESENTATION_CONTEXT('2D SPACE',''
  ) );
#10431 = ORIENTED_EDGE('',*,*,#10165,.F.);
#10432 = ORIENTED_EDGE('',*,*,#10433,.F.);
#10433 = EDGE_CURVE('',#10382,#10166,#10434,.T.);
#10434 = SURFACE_CURVE('',#10435,(#10439,#10446),.PCURVE_S1.);
#10435 = LINE('',#10436,#10437);
#10436 = CARTESIAN_POINT('',(-43.5,29.9,3.2));
#10437 = VECTOR('',#10438,1.);
#10438 = DIRECTION('',(0.,-1.,0.));
#10439 = PCURVE('',#10183,#10440);
#10440 = DEFINITIONAL_REPRESENTATION('',(#10441),#10445);
#10441 = LINE('',#10442,#10443);
#10442 = CARTESIAN_POINT('',(0.,0.));
#10443 = VECTOR('',#10444,1.);
#10444 = DIRECTION('',(1.,0.));
#10445 = ( GEOMETRIC_REPRESENTATION_CONTEXT(2) 
PARAMETRIC_REPRESENTATION_CONTEXT() REPRESENTATION_CONTEXT('2D SPACE',''
  ) );
#10446 = PCURVE('',#10333,#10447);
#10447 = DEFINITIONAL_REPRESENTATION('',(#10448),#10452);
#10448 = LINE('',#10449,#10450);
#10449 = CARTESIAN_POINT('',(-3.5,1.));
#10450 = VECTOR('',#10451,1.);
#10451 = DIRECTION('',(0.,-1.));
#10452 = ( GEOMETRIC_REPRESENTATION_CONTEXT(2) 
PARAMETRIC_REPRESENTATION_CONTEXT() REPRESENTATION_CONTEXT('2D SPACE',''
  ) );
#10453 = ADVANCED_FACE('',(#10454),#10281,.F.);
#10454 = FACE_BOUND('',#10455,.F.);
#10455 = EDGE_LOOP('',(#10456,#10457,#10480,#10503));
#10456 = ORIENTED_EDGE('',*,*,#10265,.T.);
#10457 = ORIENTED_EDGE('',*,*,#10458,.T.);
#10458 = EDGE_CURVE('',#10243,#10459,#10461,.T.);
#10459 = VERTEX_POINT('',#10460);
#10460 = CARTESIAN_POINT('',(-36.5,29.9,5.2));
#10461 = SURFACE_CURVE('',#10462,(#10466,#10473),.PCURVE_S1.);
#10462 = LINE('',#10463,#10464);
#10463 = CARTESIAN_POINT('',(-36.5,27.9,5.2));
#10464 = VECTOR('',#10465,1.);
#10465 = DIRECTION('',(0.,1.,0.));
#10466 = PCURVE('',#10281,#10467);
#10467 = DEFINITIONAL_REPRESENTATION('',(#10468),#10472);
#10468 = LINE('',#10469,#10470);
#10469 = CARTESIAN_POINT('',(0.,-2.));
#10470 = VECTOR('',#10471,1.);
#10471 = DIRECTION('',(1.,0.));
#10472 = ( GEOMETRIC_REPRESENTATION_CONTEXT(2) 
PARAMETRIC_REPRESENTATION_CONTEXT() REPRESENTATION_CONTEXT('2D SPACE',''
  ) );
#10473 = PCURVE('',#10365,#10474);
#10474 = DEFINITIONAL_REPRESENTATION('',(#10475),#10479);
#10475 = LINE('',#10476,#10477);
#10476 = CARTESIAN_POINT('',(3.5,-1.));
#10477 = VECTOR('',#10478,1.);
#10478 = DIRECTION('',(0.,1.));
#10479 = ( GEOMETRIC_REPRESENTATION_CONTEXT(2) 
PARAMETRIC_REPRESENTATION_CONTEXT() REPRESENTATION_CONTEXT('2D SPACE',''
  ) );
#10480 = ORIENTED_EDGE('',*,*,#10481,.F.);
#10481 = EDGE_CURVE('',#10482,#10459,#10484,.T.);
#10482 = VERTEX_POINT('',#10483);
#10483 = CARTESIAN_POINT('',(-36.5,29.9,3.2));
#10484 = SURFACE_CURVE('',#10485,(#10489,#10496),.PCURVE_S1.);
#10485 = LINE('',#10486,#10487);
#10486 = CARTESIAN_POINT('',(-36.5,29.9,3.2));
#10487 = VECTOR('',#10488,1.);
#10488 = DIRECTION('',(0.,0.,1.));
#10489 = PCURVE('',#10281,#10490);
#10490 = DEFINITIONAL_REPRESENTATION('',(#10491),#10495);
#10491 = LINE('',#10492,#10493);
#10492 = CARTESIAN_POINT('',(2.,0.));
#10493 = VECTOR('',#10494,1.);
#10494 = DIRECTION('',(0.,-1.));
#10495 = ( GEOMETRIC_REPRESENTATION_CONTEXT(2) 
PARAMETRIC_REPRESENTATION_CONTEXT() REPRESENTATION_CONTEXT('2D SPACE',''
  ) );
#10496 = PCURVE('',#10399,#10497);
#10497 = DEFINITIONAL_REPRESENTATION('',(#10498),#10502);
#10498 = LINE('',#10499,#10500);
#10499 = CARTESIAN_POINT('',(0.,-0.));
#10500 = VECTOR('',#10501,1.);
#10501 = DIRECTION('',(0.,-1.));
#10502 = ( GEOMETRIC_REPRESENTATION_CONTEXT(2) 
PARAMETRIC_REPRESENTATION_CONTEXT() REPRESENTATION_CONTEXT('2D SPACE',''
  ) );
#10503 = ORIENTED_EDGE('',*,*,#10504,.F.);
#10504 = EDGE_CURVE('',#10266,#10482,#10505,.T.);
#10505 = SURFACE_CURVE('',#10506,(#10510,#10517),.PCURVE_S1.);
#10506 = LINE('',#10507,#10508);
#10507 = CARTESIAN_POINT('',(-36.5,27.9,3.2));
#10508 = VECTOR('',#10509,1.);
#10509 = DIRECTION('',(0.,1.,0.));
#10510 = PCURVE('',#10281,#10511);
#10511 = DEFINITIONAL_REPRESENTATION('',(#10512),#10516);
#10512 = LINE('',#10513,#10514);
#10513 = CARTESIAN_POINT('',(0.,0.));
#10514 = VECTOR('',#10515,1.);
#10515 = DIRECTION('',(1.,0.));
#10516 = ( GEOMETRIC_REPRESENTATION_CONTEXT(2) 
PARAMETRIC_REPRESENTATION_CONTEXT() REPRESENTATION_CONTEXT('2D SPACE',''
  ) );
#10517 = PCURVE('',#10333,#10518);
#10518 = DEFINITIONAL_REPRESENTATION('',(#10519),#10523);
#10519 = LINE('',#10520,#10521);
#10520 = CARTESIAN_POINT('',(3.5,-1.));
#10521 = VECTOR('',#10522,1.);
#10522 = DIRECTION('',(0.,1.));
#10523 = ( GEOMETRIC_REPRESENTATION_CONTEXT(2) 
PARAMETRIC_REPRESENTATION_CONTEXT() REPRESENTATION_CONTEXT('2D SPACE',''
  ) );
#10524 = ADVANCED_FACE('',(#10525),#10333,.F.);
#10525 = FACE_BOUND('',#10526,.F.);
#10526 = EDGE_LOOP('',(#10527,#10528,#10529,#10550));
#10527 = ORIENTED_EDGE('',*,*,#10319,.F.);
#10528 = ORIENTED_EDGE('',*,*,#10504,.T.);
#10529 = ORIENTED_EDGE('',*,*,#10530,.T.);
#10530 = EDGE_CURVE('',#10482,#10382,#10531,.T.);
#10531 = SURFACE_CURVE('',#10532,(#10536,#10543),.PCURVE_S1.);
#10532 = LINE('',#10533,#10534);
#10533 = CARTESIAN_POINT('',(-36.5,29.9,3.2));
#10534 = VECTOR('',#10535,1.);
#10535 = DIRECTION('',(-1.,0.,0.));
#10536 = PCURVE('',#10333,#10537);
#10537 = DEFINITIONAL_REPRESENTATION('',(#10538),#10542);
#10538 = LINE('',#10539,#10540);
#10539 = CARTESIAN_POINT('',(3.5,1.));
#10540 = VECTOR('',#10541,1.);
#10541 = DIRECTION('',(-1.,0.));
#10542 = ( GEOMETRIC_REPRESENTATION_CONTEXT(2) 
PARAMETRIC_REPRESENTATION_CONTEXT() REPRESENTATION_CONTEXT('2D SPACE',''
  ) );
#10543 = PCURVE('',#10399,#10544);
#10544 = DEFINITIONAL_REPRESENTATION('',(#10545),#10549);
#10545 = LINE('',#10546,#10547);
#10546 = CARTESIAN_POINT('',(0.,-0.));
#10547 = VECTOR('',#10548,1.);
#10548 = DIRECTION('',(1.,0.));
#10549 = ( GEOMETRIC_REPRESENTATION_CONTEXT(2) 
PARAMETRIC_REPRESENTATION_CONTEXT() REPRESENTATION_CONTEXT('2D SPACE',''
  ) );
#10550 = ORIENTED_EDGE('',*,*,#10433,.T.);
#10551 = ADVANCED_FACE('',(#10552),#10365,.T.);
#10552 = FACE_BOUND('',#10553,.T.);
#10553 = EDGE_LOOP('',(#10554,#10555,#10556,#10577));
#10554 = ORIENTED_EDGE('',*,*,#10351,.F.);
#10555 = ORIENTED_EDGE('',*,*,#10458,.T.);
#10556 = ORIENTED_EDGE('',*,*,#10557,.T.);
#10557 = EDGE_CURVE('',#10459,#10384,#10558,.T.);
#10558 = SURFACE_CURVE('',#10559,(#10563,#10570),.PCURVE_S1.);
#10559 = LINE('',#10560,#10561);
#10560 = CARTESIAN_POINT('',(-36.5,29.9,5.2));
#10561 = VECTOR('',#10562,1.);
#10562 = DIRECTION('',(-1.,0.,0.));
#10563 = PCURVE('',#10365,#10564);
#10564 = DEFINITIONAL_REPRESENTATION('',(#10565),#10569);
#10565 = LINE('',#10566,#10567);
#10566 = CARTESIAN_POINT('',(3.5,1.));
#10567 = VECTOR('',#10568,1.);
#10568 = DIRECTION('',(-1.,0.));
#10569 = ( GEOMETRIC_REPRESENTATION_CONTEXT(2) 
PARAMETRIC_REPRESENTATION_CONTEXT() REPRESENTATION_CONTEXT('2D SPACE',''
  ) );
#10570 = PCURVE('',#10399,#10571);
#10571 = DEFINITIONAL_REPRESENTATION('',(#10572),#10576);
#10572 = LINE('',#10573,#10574);
#10573 = CARTESIAN_POINT('',(0.,-2.));
#10574 = VECTOR('',#10575,1.);
#10575 = DIRECTION('',(1.,0.));
#10576 = ( GEOMETRIC_REPRESENTATION_CONTEXT(2) 
PARAMETRIC_REPRESENTATION_CONTEXT() REPRESENTATION_CONTEXT('2D SPACE',''
  ) );
#10577 = ORIENTED_EDGE('',*,*,#10411,.T.);
#10578 = ADVANCED_FACE('',(#10579),#10399,.F.);
#10579 = FACE_BOUND('',#10580,.F.);
#10580 = EDGE_LOOP('',(#10581,#10582,#10583,#10584));
#10581 = ORIENTED_EDGE('',*,*,#10481,.T.);
#10582 = ORIENTED_EDGE('',*,*,#10557,.T.);
#10583 = ORIENTED_EDGE('',*,*,#10381,.F.);
#10584 = ORIENTED_EDGE('',*,*,#10530,.F.);
#10585 = ORIENTED_CLOSED_SHELL('',*,#10586,.F.);
#10586 = CLOSED_SHELL('',(#10587,#10707,#10783,#10859,#10891,#10923,
    #10999,#11070,#11097,#11124));
#10587 = ADVANCED_FACE('',(#10588),#10602,.F.);
#10588 = FACE_BOUND('',#10589,.F.);
#10589 = EDGE_LOOP('',(#10590,#10625,#10653,#10681));
#10590 = ORIENTED_EDGE('',*,*,#10591,.T.);
#10591 = EDGE_CURVE('',#10592,#10594,#10596,.T.);
#10592 = VERTEX_POINT('',#10593);
#10593 = CARTESIAN_POINT('',(-31.5,7.9,3.2));
#10594 = VERTEX_POINT('',#10595);
#10595 = CARTESIAN_POINT('',(-31.5,7.9,5.2));
#10596 = SURFACE_CURVE('',#10597,(#10601,#10613),.PCURVE_S1.);
#10597 = LINE('',#10598,#10599);
#10598 = CARTESIAN_POINT('',(-31.5,7.9,3.2));
#10599 = VECTOR('',#10600,1.);
#10600 = DIRECTION('',(0.,0.,1.));
#10601 = PCURVE('',#10602,#10607);
#10602 = PLANE('',#10603);
#10603 = AXIS2_PLACEMENT_3D('',#10604,#10605,#10606);
#10604 = CARTESIAN_POINT('',(-31.5,7.9,3.2));
#10605 = DIRECTION('',(0.,1.,0.));
#10606 = DIRECTION('',(1.,0.,0.));
#10607 = DEFINITIONAL_REPRESENTATION('',(#10608),#10612);
#10608 = LINE('',#10609,#10610);
#10609 = CARTESIAN_POINT('',(0.,0.));
#10610 = VECTOR('',#10611,1.);
#10611 = DIRECTION('',(0.,-1.));
#10612 = ( GEOMETRIC_REPRESENTATION_CONTEXT(2) 
PARAMETRIC_REPRESENTATION_CONTEXT() REPRESENTATION_CONTEXT('2D SPACE',''
  ) );
#10613 = PCURVE('',#10614,#10619);
#10614 = PLANE('',#10615);
#10615 = AXIS2_PLACEMENT_3D('',#10616,#10617,#10618);
#10616 = CARTESIAN_POINT('',(-31.5,28.1,3.2));
#10617 = DIRECTION('',(1.,0.,-0.));
#10618 = DIRECTION('',(0.,-1.,0.));
#10619 = DEFINITIONAL_REPRESENTATION('',(#10620),#10624);
#10620 = LINE('',#10621,#10622);
#10621 = CARTESIAN_POINT('',(20.2,0.));
#10622 = VECTOR('',#10623,1.);
#10623 = DIRECTION('',(0.,-1.));
#10624 = ( GEOMETRIC_REPRESENTATION_CONTEXT(2) 
PARAMETRIC_REPRESENTATION_CONTEXT() REPRESENTATION_CONTEXT('2D SPACE',''
  ) );
#10625 = ORIENTED_EDGE('',*,*,#10626,.T.);
#10626 = EDGE_CURVE('',#10594,#10627,#10629,.T.);
#10627 = VERTEX_POINT('',#10628);
#10628 = CARTESIAN_POINT('',(-24.5,7.9,5.2));
#10629 = SURFACE_CURVE('',#10630,(#10634,#10641),.PCURVE_S1.);
#10630 = LINE('',#10631,#10632);
#10631 = CARTESIAN_POINT('',(-31.5,7.9,5.2));
#10632 = VECTOR('',#10633,1.);
#10633 = DIRECTION('',(1.,0.,0.));
#10634 = PCURVE('',#10602,#10635);
#10635 = DEFINITIONAL_REPRESENTATION('',(#10636),#10640);
#10636 = LINE('',#10637,#10638);
#10637 = CARTESIAN_POINT('',(0.,-2.));
#10638 = VECTOR('',#10639,1.);
#10639 = DIRECTION('',(1.,0.));
#10640 = ( GEOMETRIC_REPRESENTATION_CONTEXT(2) 
PARAMETRIC_REPRESENTATION_CONTEXT() REPRESENTATION_CONTEXT('2D SPACE',''
  ) );
#10641 = PCURVE('',#10642,#10647);
#10642 = PLANE('',#10643);
#10643 = AXIS2_PLACEMENT_3D('',#10644,#10645,#10646);
#10644 = CARTESIAN_POINT('',(-28.,18.,5.2));
#10645 = DIRECTION('',(0.,0.,1.));
#10646 = DIRECTION('',(1.,0.,-0.));
#10647 = DEFINITIONAL_REPRESENTATION('',(#10648),#10652);
#10648 = LINE('',#10649,#10650);
#10649 = CARTESIAN_POINT('',(-3.5,-10.1));
#10650 = VECTOR('',#10651,1.);
#10651 = DIRECTION('',(1.,0.));
#10652 = ( GEOMETRIC_REPRESENTATION_CONTEXT(2) 
PARAMETRIC_REPRESENTATION_CONTEXT() REPRESENTATION_CONTEXT('2D SPACE',''
  ) );
#10653 = ORIENTED_EDGE('',*,*,#10654,.F.);
#10654 = EDGE_CURVE('',#10655,#10627,#10657,.T.);
#10655 = VERTEX_POINT('',#10656);
#10656 = CARTESIAN_POINT('',(-24.5,7.9,3.2));
#10657 = SURFACE_CURVE('',#10658,(#10662,#10669),.PCURVE_S1.);
#10658 = LINE('',#10659,#10660);
#10659 = CARTESIAN_POINT('',(-24.5,7.9,3.2));
#10660 = VECTOR('',#10661,1.);
#10661 = DIRECTION('',(0.,0.,1.));
#10662 = PCURVE('',#10602,#10663);
#10663 = DEFINITIONAL_REPRESENTATION('',(#10664),#10668);
#10664 = LINE('',#10665,#10666);
#10665 = CARTESIAN_POINT('',(7.,0.));
#10666 = VECTOR('',#10667,1.);
#10667 = DIRECTION('',(0.,-1.));
#10668 = ( GEOMETRIC_REPRESENTATION_CONTEXT(2) 
PARAMETRIC_REPRESENTATION_CONTEXT() REPRESENTATION_CONTEXT('2D SPACE',''
  ) );
#10669 = PCURVE('',#10670,#10675);
#10670 = PLANE('',#10671);
#10671 = AXIS2_PLACEMENT_3D('',#10672,#10673,#10674);
#10672 = CARTESIAN_POINT('',(-24.5,7.9,3.2));
#10673 = DIRECTION('',(-1.,0.,0.));
#10674 = DIRECTION('',(0.,1.,0.));
#10675 = DEFINITIONAL_REPRESENTATION('',(#10676),#10680);
#10676 = LINE('',#10677,#10678);
#10677 = CARTESIAN_POINT('',(0.,0.));
#10678 = VECTOR('',#10679,1.);
#10679 = DIRECTION('',(0.,-1.));
#10680 = ( GEOMETRIC_REPRESENTATION_CONTEXT(2) 
PARAMETRIC_REPRESENTATION_CONTEXT() REPRESENTATION_CONTEXT('2D SPACE',''
  ) );
#10681 = ORIENTED_EDGE('',*,*,#10682,.F.);
#10682 = EDGE_CURVE('',#10592,#10655,#10683,.T.);
#10683 = SURFACE_CURVE('',#10684,(#10688,#10695),.PCURVE_S1.);
#10684 = LINE('',#10685,#10686);
#10685 = CARTESIAN_POINT('',(-31.5,7.9,3.2));
#10686 = VECTOR('',#10687,1.);
#10687 = DIRECTION('',(1.,0.,0.));
#10688 = PCURVE('',#10602,#10689);
#10689 = DEFINITIONAL_REPRESENTATION('',(#10690),#10694);
#10690 = LINE('',#10691,#10692);
#10691 = CARTESIAN_POINT('',(0.,0.));
#10692 = VECTOR('',#10693,1.);
#10693 = DIRECTION('',(1.,0.));
#10694 = ( GEOMETRIC_REPRESENTATION_CONTEXT(2) 
PARAMETRIC_REPRESENTATION_CONTEXT() REPRESENTATION_CONTEXT('2D SPACE',''
  ) );
#10695 = PCURVE('',#10696,#10701);
#10696 = PLANE('',#10697);
#10697 = AXIS2_PLACEMENT_3D('',#10698,#10699,#10700);
#10698 = CARTESIAN_POINT('',(-28.,18.,3.2));
#10699 = DIRECTION('',(0.,0.,1.));
#10700 = DIRECTION('',(1.,0.,-0.));
#10701 = DEFINITIONAL_REPRESENTATION('',(#10702),#10706);
#10702 = LINE('',#10703,#10704);
#10703 = CARTESIAN_POINT('',(-3.5,-10.1));
#10704 = VECTOR('',#10705,1.);
#10705 = DIRECTION('',(1.,0.));
#10706 = ( GEOMETRIC_REPRESENTATION_CONTEXT(2) 
PARAMETRIC_REPRESENTATION_CONTEXT() REPRESENTATION_CONTEXT('2D SPACE',''
  ) );
#10707 = ADVANCED_FACE('',(#10708),#10614,.F.);
#10708 = FACE_BOUND('',#10709,.F.);
#10709 = EDGE_LOOP('',(#10710,#10740,#10761,#10762));
#10710 = ORIENTED_EDGE('',*,*,#10711,.T.);
#10711 = EDGE_CURVE('',#10712,#10714,#10716,.T.);
#10712 = VERTEX_POINT('',#10713);
#10713 = CARTESIAN_POINT('',(-31.5,28.1,3.2));
#10714 = VERTEX_POINT('',#10715);
#10715 = CARTESIAN_POINT('',(-31.5,28.1,5.2));
#10716 = SURFACE_CURVE('',#10717,(#10721,#10728),.PCURVE_S1.);
#10717 = LINE('',#10718,#10719);
#10718 = CARTESIAN_POINT('',(-31.5,28.1,3.2));
#10719 = VECTOR('',#10720,1.);
#10720 = DIRECTION('',(0.,0.,1.));
#10721 = PCURVE('',#10614,#10722);
#10722 = DEFINITIONAL_REPRESENTATION('',(#10723),#10727);
#10723 = LINE('',#10724,#10725);
#10724 = CARTESIAN_POINT('',(0.,0.));
#10725 = VECTOR('',#10726,1.);
#10726 = DIRECTION('',(0.,-1.));
#10727 = ( GEOMETRIC_REPRESENTATION_CONTEXT(2) 
PARAMETRIC_REPRESENTATION_CONTEXT() REPRESENTATION_CONTEXT('2D SPACE',''
  ) );
#10728 = PCURVE('',#10729,#10734);
#10729 = PLANE('',#10730);
#10730 = AXIS2_PLACEMENT_3D('',#10731,#10732,#10733);
#10731 = CARTESIAN_POINT('',(-31.5,30.1,3.2));
#10732 = DIRECTION('',(1.,0.,-0.));
#10733 = DIRECTION('',(0.,-1.,0.));
#10734 = DEFINITIONAL_REPRESENTATION('',(#10735),#10739);
#10735 = LINE('',#10736,#10737);
#10736 = CARTESIAN_POINT('',(2.,0.));
#10737 = VECTOR('',#10738,1.);
#10738 = DIRECTION('',(0.,-1.));
#10739 = ( GEOMETRIC_REPRESENTATION_CONTEXT(2) 
PARAMETRIC_REPRESENTATION_CONTEXT() REPRESENTATION_CONTEXT('2D SPACE',''
  ) );
#10740 = ORIENTED_EDGE('',*,*,#10741,.T.);
#10741 = EDGE_CURVE('',#10714,#10594,#10742,.T.);
#10742 = SURFACE_CURVE('',#10743,(#10747,#10754),.PCURVE_S1.);
#10743 = LINE('',#10744,#10745);
#10744 = CARTESIAN_POINT('',(-31.5,28.1,5.2));
#10745 = VECTOR('',#10746,1.);
#10746 = DIRECTION('',(0.,-1.,0.));
#10747 = PCURVE('',#10614,#10748);
#10748 = DEFINITIONAL_REPRESENTATION('',(#10749),#10753);
#10749 = LINE('',#10750,#10751);
#10750 = CARTESIAN_POINT('',(0.,-2.));
#10751 = VECTOR('',#10752,1.);
#10752 = DIRECTION('',(1.,0.));
#10753 = ( GEOMETRIC_REPRESENTATION_CONTEXT(2) 
PARAMETRIC_REPRESENTATION_CONTEXT() REPRESENTATION_CONTEXT('2D SPACE',''
  ) );
#10754 = PCURVE('',#10642,#10755);
#10755 = DEFINITIONAL_REPRESENTATION('',(#10756),#10760);
#10756 = LINE('',#10757,#10758);
#10757 = CARTESIAN_POINT('',(-3.5,10.1));
#10758 = VECTOR('',#10759,1.);
#10759 = DIRECTION('',(0.,-1.));
#10760 = ( GEOMETRIC_REPRESENTATION_CONTEXT(2) 
PARAMETRIC_REPRESENTATION_CONTEXT() REPRESENTATION_CONTEXT('2D SPACE',''
  ) );
#10761 = ORIENTED_EDGE('',*,*,#10591,.F.);
#10762 = ORIENTED_EDGE('',*,*,#10763,.F.);
#10763 = EDGE_CURVE('',#10712,#10592,#10764,.T.);
#10764 = SURFACE_CURVE('',#10765,(#10769,#10776),.PCURVE_S1.);
#10765 = LINE('',#10766,#10767);
#10766 = CARTESIAN_POINT('',(-31.5,28.1,3.2));
#10767 = VECTOR('',#10768,1.);
#10768 = DIRECTION('',(0.,-1.,0.));
#10769 = PCURVE('',#10614,#10770);
#10770 = DEFINITIONAL_REPRESENTATION('',(#10771),#10775);
#10771 = LINE('',#10772,#10773);
#10772 = CARTESIAN_POINT('',(0.,0.));
#10773 = VECTOR('',#10774,1.);
#10774 = DIRECTION('',(1.,0.));
#10775 = ( GEOMETRIC_REPRESENTATION_CONTEXT(2) 
PARAMETRIC_REPRESENTATION_CONTEXT() REPRESENTATION_CONTEXT('2D SPACE',''
  ) );
#10776 = PCURVE('',#10696,#10777);
#10777 = DEFINITIONAL_REPRESENTATION('',(#10778),#10782);
#10778 = LINE('',#10779,#10780);
#10779 = CARTESIAN_POINT('',(-3.5,10.1));
#10780 = VECTOR('',#10781,1.);
#10781 = DIRECTION('',(0.,-1.));
#10782 = ( GEOMETRIC_REPRESENTATION_CONTEXT(2) 
PARAMETRIC_REPRESENTATION_CONTEXT() REPRESENTATION_CONTEXT('2D SPACE',''
  ) );
#10783 = ADVANCED_FACE('',(#10784),#10670,.F.);
#10784 = FACE_BOUND('',#10785,.F.);
#10785 = EDGE_LOOP('',(#10786,#10787,#10810,#10838));
#10786 = ORIENTED_EDGE('',*,*,#10654,.T.);
#10787 = ORIENTED_EDGE('',*,*,#10788,.T.);
#10788 = EDGE_CURVE('',#10627,#10789,#10791,.T.);
#10789 = VERTEX_POINT('',#10790);
#10790 = CARTESIAN_POINT('',(-24.5,28.1,5.2));
#10791 = SURFACE_CURVE('',#10792,(#10796,#10803),.PCURVE_S1.);
#10792 = LINE('',#10793,#10794);
#10793 = CARTESIAN_POINT('',(-24.5,7.9,5.2));
#10794 = VECTOR('',#10795,1.);
#10795 = DIRECTION('',(0.,1.,0.));
#10796 = PCURVE('',#10670,#10797);
#10797 = DEFINITIONAL_REPRESENTATION('',(#10798),#10802);
#10798 = LINE('',#10799,#10800);
#10799 = CARTESIAN_POINT('',(0.,-2.));
#10800 = VECTOR('',#10801,1.);
#10801 = DIRECTION('',(1.,0.));
#10802 = ( GEOMETRIC_REPRESENTATION_CONTEXT(2) 
PARAMETRIC_REPRESENTATION_CONTEXT() REPRESENTATION_CONTEXT('2D SPACE',''
  ) );
#10803 = PCURVE('',#10642,#10804);
#10804 = DEFINITIONAL_REPRESENTATION('',(#10805),#10809);
#10805 = LINE('',#10806,#10807);
#10806 = CARTESIAN_POINT('',(3.5,-10.1));
#10807 = VECTOR('',#10808,1.);
#10808 = DIRECTION('',(0.,1.));
#10809 = ( GEOMETRIC_REPRESENTATION_CONTEXT(2) 
PARAMETRIC_REPRESENTATION_CONTEXT() REPRESENTATION_CONTEXT('2D SPACE',''
  ) );
#10810 = ORIENTED_EDGE('',*,*,#10811,.F.);
#10811 = EDGE_CURVE('',#10812,#10789,#10814,.T.);
#10812 = VERTEX_POINT('',#10813);
#10813 = CARTESIAN_POINT('',(-24.5,28.1,3.2));
#10814 = SURFACE_CURVE('',#10815,(#10819,#10826),.PCURVE_S1.);
#10815 = LINE('',#10816,#10817);
#10816 = CARTESIAN_POINT('',(-24.5,28.1,3.2));
#10817 = VECTOR('',#10818,1.);
#10818 = DIRECTION('',(0.,0.,1.));
#10819 = PCURVE('',#10670,#10820);
#10820 = DEFINITIONAL_REPRESENTATION('',(#10821),#10825);
#10821 = LINE('',#10822,#10823);
#10822 = CARTESIAN_POINT('',(20.2,0.));
#10823 = VECTOR('',#10824,1.);
#10824 = DIRECTION('',(0.,-1.));
#10825 = ( GEOMETRIC_REPRESENTATION_CONTEXT(2) 
PARAMETRIC_REPRESENTATION_CONTEXT() REPRESENTATION_CONTEXT('2D SPACE',''
  ) );
#10826 = PCURVE('',#10827,#10832);
#10827 = PLANE('',#10828);
#10828 = AXIS2_PLACEMENT_3D('',#10829,#10830,#10831);
#10829 = CARTESIAN_POINT('',(-24.5,28.1,3.2));
#10830 = DIRECTION('',(-1.,0.,0.));
#10831 = DIRECTION('',(0.,1.,0.));
#10832 = DEFINITIONAL_REPRESENTATION('',(#10833),#10837);
#10833 = LINE('',#10834,#10835);
#10834 = CARTESIAN_POINT('',(0.,0.));
#10835 = VECTOR('',#10836,1.);
#10836 = DIRECTION('',(0.,-1.));
#10837 = ( GEOMETRIC_REPRESENTATION_CONTEXT(2) 
PARAMETRIC_REPRESENTATION_CONTEXT() REPRESENTATION_CONTEXT('2D SPACE',''
  ) );
#10838 = ORIENTED_EDGE('',*,*,#10839,.F.);
#10839 = EDGE_CURVE('',#10655,#10812,#10840,.T.);
#10840 = SURFACE_CURVE('',#10841,(#10845,#10852),.PCURVE_S1.);
#10841 = LINE('',#10842,#10843);
#10842 = CARTESIAN_POINT('',(-24.5,7.9,3.2));
#10843 = VECTOR('',#10844,1.);
#10844 = DIRECTION('',(0.,1.,0.));
#10845 = PCURVE('',#10670,#10846);
#10846 = DEFINITIONAL_REPRESENTATION('',(#10847),#10851);
#10847 = LINE('',#10848,#10849);
#10848 = CARTESIAN_POINT('',(0.,0.));
#10849 = VECTOR('',#10850,1.);
#10850 = DIRECTION('',(1.,0.));
#10851 = ( GEOMETRIC_REPRESENTATION_CONTEXT(2) 
PARAMETRIC_REPRESENTATION_CONTEXT() REPRESENTATION_CONTEXT('2D SPACE',''
  ) );
#10852 = PCURVE('',#10696,#10853);
#10853 = DEFINITIONAL_REPRESENTATION('',(#10854),#10858);
#10854 = LINE('',#10855,#10856);
#10855 = CARTESIAN_POINT('',(3.5,-10.1));
#10856 = VECTOR('',#10857,1.);
#10857 = DIRECTION('',(0.,1.));
#10858 = ( GEOMETRIC_REPRESENTATION_CONTEXT(2) 
PARAMETRIC_REPRESENTATION_CONTEXT() REPRESENTATION_CONTEXT('2D SPACE',''
  ) );
#10859 = ADVANCED_FACE('',(#10860),#10696,.F.);
#10860 = FACE_BOUND('',#10861,.F.);
#10861 = EDGE_LOOP('',(#10862,#10863,#10864,#10890));
#10862 = ORIENTED_EDGE('',*,*,#10682,.T.);
#10863 = ORIENTED_EDGE('',*,*,#10839,.T.);
#10864 = ORIENTED_EDGE('',*,*,#10865,.T.);
#10865 = EDGE_CURVE('',#10812,#10712,#10866,.T.);
#10866 = SURFACE_CURVE('',#10867,(#10871,#10878),.PCURVE_S1.);
#10867 = LINE('',#10868,#10869);
#10868 = CARTESIAN_POINT('',(-24.5,28.1,3.2));
#10869 = VECTOR('',#10870,1.);
#10870 = DIRECTION('',(-1.,0.,0.));
#10871 = PCURVE('',#10696,#10872);
#10872 = DEFINITIONAL_REPRESENTATION('',(#10873),#10877);
#10873 = LINE('',#10874,#10875);
#10874 = CARTESIAN_POINT('',(3.5,10.1));
#10875 = VECTOR('',#10876,1.);
#10876 = DIRECTION('',(-1.,0.));
#10877 = ( GEOMETRIC_REPRESENTATION_CONTEXT(2) 
PARAMETRIC_REPRESENTATION_CONTEXT() REPRESENTATION_CONTEXT('2D SPACE',''
  ) );
#10878 = PCURVE('',#10879,#10884);
#10879 = PLANE('',#10880);
#10880 = AXIS2_PLACEMENT_3D('',#10881,#10882,#10883);
#10881 = CARTESIAN_POINT('',(-28.,29.1,3.2));
#10882 = DIRECTION('',(0.,0.,1.));
#10883 = DIRECTION('',(1.,0.,-0.));
#10884 = DEFINITIONAL_REPRESENTATION('',(#10885),#10889);
#10885 = LINE('',#10886,#10887);
#10886 = CARTESIAN_POINT('',(3.5,-1.));
#10887 = VECTOR('',#10888,1.);
#10888 = DIRECTION('',(-1.,0.));
#10889 = ( GEOMETRIC_REPRESENTATION_CONTEXT(2) 
PARAMETRIC_REPRESENTATION_CONTEXT() REPRESENTATION_CONTEXT('2D SPACE',''
  ) );
#10890 = ORIENTED_EDGE('',*,*,#10763,.T.);
#10891 = ADVANCED_FACE('',(#10892),#10642,.T.);
#10892 = FACE_BOUND('',#10893,.T.);
#10893 = EDGE_LOOP('',(#10894,#10895,#10896,#10922));
#10894 = ORIENTED_EDGE('',*,*,#10626,.T.);
#10895 = ORIENTED_EDGE('',*,*,#10788,.T.);
#10896 = ORIENTED_EDGE('',*,*,#10897,.T.);
#10897 = EDGE_CURVE('',#10789,#10714,#10898,.T.);
#10898 = SURFACE_CURVE('',#10899,(#10903,#10910),.PCURVE_S1.);
#10899 = LINE('',#10900,#10901);
#10900 = CARTESIAN_POINT('',(-24.5,28.1,5.2));
#10901 = VECTOR('',#10902,1.);
#10902 = DIRECTION('',(-1.,0.,0.));
#10903 = PCURVE('',#10642,#10904);
#10904 = DEFINITIONAL_REPRESENTATION('',(#10905),#10909);
#10905 = LINE('',#10906,#10907);
#10906 = CARTESIAN_POINT('',(3.5,10.1));
#10907 = VECTOR('',#10908,1.);
#10908 = DIRECTION('',(-1.,0.));
#10909 = ( GEOMETRIC_REPRESENTATION_CONTEXT(2) 
PARAMETRIC_REPRESENTATION_CONTEXT() REPRESENTATION_CONTEXT('2D SPACE',''
  ) );
#10910 = PCURVE('',#10911,#10916);
#10911 = PLANE('',#10912);
#10912 = AXIS2_PLACEMENT_3D('',#10913,#10914,#10915);
#10913 = CARTESIAN_POINT('',(-28.,29.1,5.2));
#10914 = DIRECTION('',(0.,0.,1.));
#10915 = DIRECTION('',(1.,0.,-0.));
#10916 = DEFINITIONAL_REPRESENTATION('',(#10917),#10921);
#10917 = LINE('',#10918,#10919);
#10918 = CARTESIAN_POINT('',(3.5,-1.));
#10919 = VECTOR('',#10920,1.);
#10920 = DIRECTION('',(-1.,0.));
#10921 = ( GEOMETRIC_REPRESENTATION_CONTEXT(2) 
PARAMETRIC_REPRESENTATION_CONTEXT() REPRESENTATION_CONTEXT('2D SPACE',''
  ) );
#10922 = ORIENTED_EDGE('',*,*,#10741,.T.);
#10923 = ADVANCED_FACE('',(#10924),#10729,.F.);
#10924 = FACE_BOUND('',#10925,.F.);
#10925 = EDGE_LOOP('',(#10926,#10956,#10977,#10978));
#10926 = ORIENTED_EDGE('',*,*,#10927,.T.);
#10927 = EDGE_CURVE('',#10928,#10930,#10932,.T.);
#10928 = VERTEX_POINT('',#10929);
#10929 = CARTESIAN_POINT('',(-31.5,30.1,3.2));
#10930 = VERTEX_POINT('',#10931);
#10931 = CARTESIAN_POINT('',(-31.5,30.1,5.2));
#10932 = SURFACE_CURVE('',#10933,(#10937,#10944),.PCURVE_S1.);
#10933 = LINE('',#10934,#10935);
#10934 = CARTESIAN_POINT('',(-31.5,30.1,3.2));
#10935 = VECTOR('',#10936,1.);
#10936 = DIRECTION('',(0.,0.,1.));
#10937 = PCURVE('',#10729,#10938);
#10938 = DEFINITIONAL_REPRESENTATION('',(#10939),#10943);
#10939 = LINE('',#10940,#10941);
#10940 = CARTESIAN_POINT('',(0.,0.));
#10941 = VECTOR('',#10942,1.);
#10942 = DIRECTION('',(0.,-1.));
#10943 = ( GEOMETRIC_REPRESENTATION_CONTEXT(2) 
PARAMETRIC_REPRESENTATION_CONTEXT() REPRESENTATION_CONTEXT('2D SPACE',''
  ) );
#10944 = PCURVE('',#10945,#10950);
#10945 = PLANE('',#10946);
#10946 = AXIS2_PLACEMENT_3D('',#10947,#10948,#10949);
#10947 = CARTESIAN_POINT('',(-24.5,30.1,3.2));
#10948 = DIRECTION('',(0.,-1.,0.));
#10949 = DIRECTION('',(-1.,0.,0.));
#10950 = DEFINITIONAL_REPRESENTATION('',(#10951),#10955);
#10951 = LINE('',#10952,#10953);
#10952 = CARTESIAN_POINT('',(7.,0.));
#10953 = VECTOR('',#10954,1.);
#10954 = DIRECTION('',(0.,-1.));
#10955 = ( GEOMETRIC_REPRESENTATION_CONTEXT(2) 
PARAMETRIC_REPRESENTATION_CONTEXT() REPRESENTATION_CONTEXT('2D SPACE',''
  ) );
#10956 = ORIENTED_EDGE('',*,*,#10957,.T.);
#10957 = EDGE_CURVE('',#10930,#10714,#10958,.T.);
#10958 = SURFACE_CURVE('',#10959,(#10963,#10970),.PCURVE_S1.);
#10959 = LINE('',#10960,#10961);
#10960 = CARTESIAN_POINT('',(-31.5,30.1,5.2));
#10961 = VECTOR('',#10962,1.);
#10962 = DIRECTION('',(0.,-1.,0.));
#10963 = PCURVE('',#10729,#10964);
#10964 = DEFINITIONAL_REPRESENTATION('',(#10965),#10969);
#10965 = LINE('',#10966,#10967);
#10966 = CARTESIAN_POINT('',(0.,-2.));
#10967 = VECTOR('',#10968,1.);
#10968 = DIRECTION('',(1.,0.));
#10969 = ( GEOMETRIC_REPRESENTATION_CONTEXT(2) 
PARAMETRIC_REPRESENTATION_CONTEXT() REPRESENTATION_CONTEXT('2D SPACE',''
  ) );
#10970 = PCURVE('',#10911,#10971);
#10971 = DEFINITIONAL_REPRESENTATION('',(#10972),#10976);
#10972 = LINE('',#10973,#10974);
#10973 = CARTESIAN_POINT('',(-3.5,1.));
#10974 = VECTOR('',#10975,1.);
#10975 = DIRECTION('',(0.,-1.));
#10976 = ( GEOMETRIC_REPRESENTATION_CONTEXT(2) 
PARAMETRIC_REPRESENTATION_CONTEXT() REPRESENTATION_CONTEXT('2D SPACE',''
  ) );
#10977 = ORIENTED_EDGE('',*,*,#10711,.F.);
#10978 = ORIENTED_EDGE('',*,*,#10979,.F.);
#10979 = EDGE_CURVE('',#10928,#10712,#10980,.T.);
#10980 = SURFACE_CURVE('',#10981,(#10985,#10992),.PCURVE_S1.);
#10981 = LINE('',#10982,#10983);
#10982 = CARTESIAN_POINT('',(-31.5,30.1,3.2));
#10983 = VECTOR('',#10984,1.);
#10984 = DIRECTION('',(0.,-1.,0.));
#10985 = PCURVE('',#10729,#10986);
#10986 = DEFINITIONAL_REPRESENTATION('',(#10987),#10991);
#10987 = LINE('',#10988,#10989);
#10988 = CARTESIAN_POINT('',(0.,0.));
#10989 = VECTOR('',#10990,1.);
#10990 = DIRECTION('',(1.,0.));
#10991 = ( GEOMETRIC_REPRESENTATION_CONTEXT(2) 
PARAMETRIC_REPRESENTATION_CONTEXT() REPRESENTATION_CONTEXT('2D SPACE',''
  ) );
#10992 = PCURVE('',#10879,#10993);
#10993 = DEFINITIONAL_REPRESENTATION('',(#10994),#10998);
#10994 = LINE('',#10995,#10996);
#10995 = CARTESIAN_POINT('',(-3.5,1.));
#10996 = VECTOR('',#10997,1.);
#10997 = DIRECTION('',(0.,-1.));
#10998 = ( GEOMETRIC_REPRESENTATION_CONTEXT(2) 
PARAMETRIC_REPRESENTATION_CONTEXT() REPRESENTATION_CONTEXT('2D SPACE',''
  ) );
#10999 = ADVANCED_FACE('',(#11000),#10827,.F.);
#11000 = FACE_BOUND('',#11001,.F.);
#11001 = EDGE_LOOP('',(#11002,#11003,#11026,#11049));
#11002 = ORIENTED_EDGE('',*,*,#10811,.T.);
#11003 = ORIENTED_EDGE('',*,*,#11004,.T.);
#11004 = EDGE_CURVE('',#10789,#11005,#11007,.T.);
#11005 = VERTEX_POINT('',#11006);
#11006 = CARTESIAN_POINT('',(-24.5,30.1,5.2));
#11007 = SURFACE_CURVE('',#11008,(#11012,#11019),.PCURVE_S1.);
#11008 = LINE('',#11009,#11010);
#11009 = CARTESIAN_POINT('',(-24.5,28.1,5.2));
#11010 = VECTOR('',#11011,1.);
#11011 = DIRECTION('',(0.,1.,0.));
#11012 = PCURVE('',#10827,#11013);
#11013 = DEFINITIONAL_REPRESENTATION('',(#11014),#11018);
#11014 = LINE('',#11015,#11016);
#11015 = CARTESIAN_POINT('',(0.,-2.));
#11016 = VECTOR('',#11017,1.);
#11017 = DIRECTION('',(1.,0.));
#11018 = ( GEOMETRIC_REPRESENTATION_CONTEXT(2) 
PARAMETRIC_REPRESENTATION_CONTEXT() REPRESENTATION_CONTEXT('2D SPACE',''
  ) );
#11019 = PCURVE('',#10911,#11020);
#11020 = DEFINITIONAL_REPRESENTATION('',(#11021),#11025);
#11021 = LINE('',#11022,#11023);
#11022 = CARTESIAN_POINT('',(3.5,-1.));
#11023 = VECTOR('',#11024,1.);
#11024 = DIRECTION('',(0.,1.));
#11025 = ( GEOMETRIC_REPRESENTATION_CONTEXT(2) 
PARAMETRIC_REPRESENTATION_CONTEXT() REPRESENTATION_CONTEXT('2D SPACE',''
  ) );
#11026 = ORIENTED_EDGE('',*,*,#11027,.F.);
#11027 = EDGE_CURVE('',#11028,#11005,#11030,.T.);
#11028 = VERTEX_POINT('',#11029);
#11029 = CARTESIAN_POINT('',(-24.5,30.1,3.2));
#11030 = SURFACE_CURVE('',#11031,(#11035,#11042),.PCURVE_S1.);
#11031 = LINE('',#11032,#11033);
#11032 = CARTESIAN_POINT('',(-24.5,30.1,3.2));
#11033 = VECTOR('',#11034,1.);
#11034 = DIRECTION('',(0.,0.,1.));
#11035 = PCURVE('',#10827,#11036);
#11036 = DEFINITIONAL_REPRESENTATION('',(#11037),#11041);
#11037 = LINE('',#11038,#11039);
#11038 = CARTESIAN_POINT('',(2.,0.));
#11039 = VECTOR('',#11040,1.);
#11040 = DIRECTION('',(0.,-1.));
#11041 = ( GEOMETRIC_REPRESENTATION_CONTEXT(2) 
PARAMETRIC_REPRESENTATION_CONTEXT() REPRESENTATION_CONTEXT('2D SPACE',''
  ) );
#11042 = PCURVE('',#10945,#11043);
#11043 = DEFINITIONAL_REPRESENTATION('',(#11044),#11048);
#11044 = LINE('',#11045,#11046);
#11045 = CARTESIAN_POINT('',(0.,-0.));
#11046 = VECTOR('',#11047,1.);
#11047 = DIRECTION('',(0.,-1.));
#11048 = ( GEOMETRIC_REPRESENTATION_CONTEXT(2) 
PARAMETRIC_REPRESENTATION_CONTEXT() REPRESENTATION_CONTEXT('2D SPACE',''
  ) );
#11049 = ORIENTED_EDGE('',*,*,#11050,.F.);
#11050 = EDGE_CURVE('',#10812,#11028,#11051,.T.);
#11051 = SURFACE_CURVE('',#11052,(#11056,#11063),.PCURVE_S1.);
#11052 = LINE('',#11053,#11054);
#11053 = CARTESIAN_POINT('',(-24.5,28.1,3.2));
#11054 = VECTOR('',#11055,1.);
#11055 = DIRECTION('',(0.,1.,0.));
#11056 = PCURVE('',#10827,#11057);
#11057 = DEFINITIONAL_REPRESENTATION('',(#11058),#11062);
#11058 = LINE('',#11059,#11060);
#11059 = CARTESIAN_POINT('',(0.,0.));
#11060 = VECTOR('',#11061,1.);
#11061 = DIRECTION('',(1.,0.));
#11062 = ( GEOMETRIC_REPRESENTATION_CONTEXT(2) 
PARAMETRIC_REPRESENTATION_CONTEXT() REPRESENTATION_CONTEXT('2D SPACE',''
  ) );
#11063 = PCURVE('',#10879,#11064);
#11064 = DEFINITIONAL_REPRESENTATION('',(#11065),#11069);
#11065 = LINE('',#11066,#11067);
#11066 = CARTESIAN_POINT('',(3.5,-1.));
#11067 = VECTOR('',#11068,1.);
#11068 = DIRECTION('',(0.,1.));
#11069 = ( GEOMETRIC_REPRESENTATION_CONTEXT(2) 
PARAMETRIC_REPRESENTATION_CONTEXT() REPRESENTATION_CONTEXT('2D SPACE',''
  ) );
#11070 = ADVANCED_FACE('',(#11071),#10879,.F.);
#11071 = FACE_BOUND('',#11072,.F.);
#11072 = EDGE_LOOP('',(#11073,#11074,#11075,#11096));
#11073 = ORIENTED_EDGE('',*,*,#10865,.F.);
#11074 = ORIENTED_EDGE('',*,*,#11050,.T.);
#11075 = ORIENTED_EDGE('',*,*,#11076,.T.);
#11076 = EDGE_CURVE('',#11028,#10928,#11077,.T.);
#11077 = SURFACE_CURVE('',#11078,(#11082,#11089),.PCURVE_S1.);
#11078 = LINE('',#11079,#11080);
#11079 = CARTESIAN_POINT('',(-24.5,30.1,3.2));
#11080 = VECTOR('',#11081,1.);
#11081 = DIRECTION('',(-1.,0.,0.));
#11082 = PCURVE('',#10879,#11083);
#11083 = DEFINITIONAL_REPRESENTATION('',(#11084),#11088);
#11084 = LINE('',#11085,#11086);
#11085 = CARTESIAN_POINT('',(3.5,1.));
#11086 = VECTOR('',#11087,1.);
#11087 = DIRECTION('',(-1.,0.));
#11088 = ( GEOMETRIC_REPRESENTATION_CONTEXT(2) 
PARAMETRIC_REPRESENTATION_CONTEXT() REPRESENTATION_CONTEXT('2D SPACE',''
  ) );
#11089 = PCURVE('',#10945,#11090);
#11090 = DEFINITIONAL_REPRESENTATION('',(#11091),#11095);
#11091 = LINE('',#11092,#11093);
#11092 = CARTESIAN_POINT('',(0.,-0.));
#11093 = VECTOR('',#11094,1.);
#11094 = DIRECTION('',(1.,0.));
#11095 = ( GEOMETRIC_REPRESENTATION_CONTEXT(2) 
PARAMETRIC_REPRESENTATION_CONTEXT() REPRESENTATION_CONTEXT('2D SPACE',''
  ) );
#11096 = ORIENTED_EDGE('',*,*,#10979,.T.);
#11097 = ADVANCED_FACE('',(#11098),#10911,.T.);
#11098 = FACE_BOUND('',#11099,.T.);
#11099 = EDGE_LOOP('',(#11100,#11101,#11102,#11123));
#11100 = ORIENTED_EDGE('',*,*,#10897,.F.);
#11101 = ORIENTED_EDGE('',*,*,#11004,.T.);
#11102 = ORIENTED_EDGE('',*,*,#11103,.T.);
#11103 = EDGE_CURVE('',#11005,#10930,#11104,.T.);
#11104 = SURFACE_CURVE('',#11105,(#11109,#11116),.PCURVE_S1.);
#11105 = LINE('',#11106,#11107);
#11106 = CARTESIAN_POINT('',(-24.5,30.1,5.2));
#11107 = VECTOR('',#11108,1.);
#11108 = DIRECTION('',(-1.,0.,0.));
#11109 = PCURVE('',#10911,#11110);
#11110 = DEFINITIONAL_REPRESENTATION('',(#11111),#11115);
#11111 = LINE('',#11112,#11113);
#11112 = CARTESIAN_POINT('',(3.5,1.));
#11113 = VECTOR('',#11114,1.);
#11114 = DIRECTION('',(-1.,0.));
#11115 = ( GEOMETRIC_REPRESENTATION_CONTEXT(2) 
PARAMETRIC_REPRESENTATION_CONTEXT() REPRESENTATION_CONTEXT('2D SPACE',''
  ) );
#11116 = PCURVE('',#10945,#11117);
#11117 = DEFINITIONAL_REPRESENTATION('',(#11118),#11122);
#11118 = LINE('',#11119,#11120);
#11119 = CARTESIAN_POINT('',(0.,-2.));
#11120 = VECTOR('',#11121,1.);
#11121 = DIRECTION('',(1.,0.));
#11122 = ( GEOMETRIC_REPRESENTATION_CONTEXT(2) 
PARAMETRIC_REPRESENTATION_CONTEXT() REPRESENTATION_CONTEXT('2D SPACE',''
  ) );
#11123 = ORIENTED_EDGE('',*,*,#10957,.T.);
#11124 = ADVANCED_FACE('',(#11125),#10945,.F.);
#11125 = FACE_BOUND('',#11126,.F.);
#11126 = EDGE_LOOP('',(#11127,#11128,#11129,#11130));
#11127 = ORIENTED_EDGE('',*,*,#11027,.T.);
#11128 = ORIENTED_EDGE('',*,*,#11103,.T.);
#11129 = ORIENTED_EDGE('',*,*,#10927,.F.);
#11130 = ORIENTED_EDGE('',*,*,#11076,.F.);
#11131 = ORIENTED_CLOSED_SHELL('',*,#11132,.F.);
#11132 = CLOSED_SHELL('',(#11133,#11253,#11329,#11405,#11437,#11469,
    #11545,#11616,#11643,#11670));
#11133 = ADVANCED_FACE('',(#11134),#11148,.F.);
#11134 = FACE_BOUND('',#11135,.F.);
#11135 = EDGE_LOOP('',(#11136,#11171,#11199,#11227));
#11136 = ORIENTED_EDGE('',*,*,#11137,.T.);
#11137 = EDGE_CURVE('',#11138,#11140,#11142,.T.);
#11138 = VERTEX_POINT('',#11139);
#11139 = CARTESIAN_POINT('',(-19.5,7.7,3.2));
#11140 = VERTEX_POINT('',#11141);
#11141 = CARTESIAN_POINT('',(-19.5,7.7,5.2));
#11142 = SURFACE_CURVE('',#11143,(#11147,#11159),.PCURVE_S1.);
#11143 = LINE('',#11144,#11145);
#11144 = CARTESIAN_POINT('',(-19.5,7.7,3.2));
#11145 = VECTOR('',#11146,1.);
#11146 = DIRECTION('',(0.,0.,1.));
#11147 = PCURVE('',#11148,#11153);
#11148 = PLANE('',#11149);
#11149 = AXIS2_PLACEMENT_3D('',#11150,#11151,#11152);
#11150 = CARTESIAN_POINT('',(-19.5,7.7,3.2));
#11151 = DIRECTION('',(0.,1.,0.));
#11152 = DIRECTION('',(1.,0.,0.));
#11153 = DEFINITIONAL_REPRESENTATION('',(#11154),#11158);
#11154 = LINE('',#11155,#11156);
#11155 = CARTESIAN_POINT('',(0.,0.));
#11156 = VECTOR('',#11157,1.);
#11157 = DIRECTION('',(0.,-1.));
#11158 = ( GEOMETRIC_REPRESENTATION_CONTEXT(2) 
PARAMETRIC_REPRESENTATION_CONTEXT() REPRESENTATION_CONTEXT('2D SPACE',''
  ) );
#11159 = PCURVE('',#11160,#11165);
#11160 = PLANE('',#11161);
#11161 = AXIS2_PLACEMENT_3D('',#11162,#11163,#11164);
#11162 = CARTESIAN_POINT('',(-19.5,28.3,3.2));
#11163 = DIRECTION('',(1.,0.,-0.));
#11164 = DIRECTION('',(0.,-1.,0.));
#11165 = DEFINITIONAL_REPRESENTATION('',(#11166),#11170);
#11166 = LINE('',#11167,#11168);
#11167 = CARTESIAN_POINT('',(20.6,0.));
#11168 = VECTOR('',#11169,1.);
#11169 = DIRECTION('',(0.,-1.));
#11170 = ( GEOMETRIC_REPRESENTATION_CONTEXT(2) 
PARAMETRIC_REPRESENTATION_CONTEXT() REPRESENTATION_CONTEXT('2D SPACE',''
  ) );
#11171 = ORIENTED_EDGE('',*,*,#11172,.T.);
#11172 = EDGE_CURVE('',#11140,#11173,#11175,.T.);
#11173 = VERTEX_POINT('',#11174);
#11174 = CARTESIAN_POINT('',(-12.5,7.7,5.2));
#11175 = SURFACE_CURVE('',#11176,(#11180,#11187),.PCURVE_S1.);
#11176 = LINE('',#11177,#11178);
#11177 = CARTESIAN_POINT('',(-19.5,7.7,5.2));
#11178 = VECTOR('',#11179,1.);
#11179 = DIRECTION('',(1.,0.,0.));
#11180 = PCURVE('',#11148,#11181);
#11181 = DEFINITIONAL_REPRESENTATION('',(#11182),#11186);
#11182 = LINE('',#11183,#11184);
#11183 = CARTESIAN_POINT('',(0.,-2.));
#11184 = VECTOR('',#11185,1.);
#11185 = DIRECTION('',(1.,0.));
#11186 = ( GEOMETRIC_REPRESENTATION_CONTEXT(2) 
PARAMETRIC_REPRESENTATION_CONTEXT() REPRESENTATION_CONTEXT('2D SPACE',''
  ) );
#11187 = PCURVE('',#11188,#11193);
#11188 = PLANE('',#11189);
#11189 = AXIS2_PLACEMENT_3D('',#11190,#11191,#11192);
#11190 = CARTESIAN_POINT('',(-16.,18.,5.2));
#11191 = DIRECTION('',(0.,0.,1.));
#11192 = DIRECTION('',(1.,0.,-0.));
#11193 = DEFINITIONAL_REPRESENTATION('',(#11194),#11198);
#11194 = LINE('',#11195,#11196);
#11195 = CARTESIAN_POINT('',(-3.5,-10.3));
#11196 = VECTOR('',#11197,1.);
#11197 = DIRECTION('',(1.,0.));
#11198 = ( GEOMETRIC_REPRESENTATION_CONTEXT(2) 
PARAMETRIC_REPRESENTATION_CONTEXT() REPRESENTATION_CONTEXT('2D SPACE',''
  ) );
#11199 = ORIENTED_EDGE('',*,*,#11200,.F.);
#11200 = EDGE_CURVE('',#11201,#11173,#11203,.T.);
#11201 = VERTEX_POINT('',#11202);
#11202 = CARTESIAN_POINT('',(-12.5,7.7,3.2));
#11203 = SURFACE_CURVE('',#11204,(#11208,#11215),.PCURVE_S1.);
#11204 = LINE('',#11205,#11206);
#11205 = CARTESIAN_POINT('',(-12.5,7.7,3.2));
#11206 = VECTOR('',#11207,1.);
#11207 = DIRECTION('',(0.,0.,1.));
#11208 = PCURVE('',#11148,#11209);
#11209 = DEFINITIONAL_REPRESENTATION('',(#11210),#11214);
#11210 = LINE('',#11211,#11212);
#11211 = CARTESIAN_POINT('',(7.,0.));
#11212 = VECTOR('',#11213,1.);
#11213 = DIRECTION('',(0.,-1.));
#11214 = ( GEOMETRIC_REPRESENTATION_CONTEXT(2) 
PARAMETRIC_REPRESENTATION_CONTEXT() REPRESENTATION_CONTEXT('2D SPACE',''
  ) );
#11215 = PCURVE('',#11216,#11221);
#11216 = PLANE('',#11217);
#11217 = AXIS2_PLACEMENT_3D('',#11218,#11219,#11220);
#11218 = CARTESIAN_POINT('',(-12.5,7.7,3.2));
#11219 = DIRECTION('',(-1.,0.,0.));
#11220 = DIRECTION('',(0.,1.,0.));
#11221 = DEFINITIONAL_REPRESENTATION('',(#11222),#11226);
#11222 = LINE('',#11223,#11224);
#11223 = CARTESIAN_POINT('',(0.,0.));
#11224 = VECTOR('',#11225,1.);
#11225 = DIRECTION('',(0.,-1.));
#11226 = ( GEOMETRIC_REPRESENTATION_CONTEXT(2) 
PARAMETRIC_REPRESENTATION_CONTEXT() REPRESENTATION_CONTEXT('2D SPACE',''
  ) );
#11227 = ORIENTED_EDGE('',*,*,#11228,.F.);
#11228 = EDGE_CURVE('',#11138,#11201,#11229,.T.);
#11229 = SURFACE_CURVE('',#11230,(#11234,#11241),.PCURVE_S1.);
#11230 = LINE('',#11231,#11232);
#11231 = CARTESIAN_POINT('',(-19.5,7.7,3.2));
#11232 = VECTOR('',#11233,1.);
#11233 = DIRECTION('',(1.,0.,0.));
#11234 = PCURVE('',#11148,#11235);
#11235 = DEFINITIONAL_REPRESENTATION('',(#11236),#11240);
#11236 = LINE('',#11237,#11238);
#11237 = CARTESIAN_POINT('',(0.,0.));
#11238 = VECTOR('',#11239,1.);
#11239 = DIRECTION('',(1.,0.));
#11240 = ( GEOMETRIC_REPRESENTATION_CONTEXT(2) 
PARAMETRIC_REPRESENTATION_CONTEXT() REPRESENTATION_CONTEXT('2D SPACE',''
  ) );
#11241 = PCURVE('',#11242,#11247);
#11242 = PLANE('',#11243);
#11243 = AXIS2_PLACEMENT_3D('',#11244,#11245,#11246);
#11244 = CARTESIAN_POINT('',(-16.,18.,3.2));
#11245 = DIRECTION('',(0.,0.,1.));
#11246 = DIRECTION('',(1.,0.,-0.));
#11247 = DEFINITIONAL_REPRESENTATION('',(#11248),#11252);
#11248 = LINE('',#11249,#11250);
#11249 = CARTESIAN_POINT('',(-3.5,-10.3));
#11250 = VECTOR('',#11251,1.);
#11251 = DIRECTION('',(1.,0.));
#11252 = ( GEOMETRIC_REPRESENTATION_CONTEXT(2) 
PARAMETRIC_REPRESENTATION_CONTEXT() REPRESENTATION_CONTEXT('2D SPACE',''
  ) );
#11253 = ADVANCED_FACE('',(#11254),#11160,.F.);
#11254 = FACE_BOUND('',#11255,.F.);
#11255 = EDGE_LOOP('',(#11256,#11286,#11307,#11308));
#11256 = ORIENTED_EDGE('',*,*,#11257,.T.);
#11257 = EDGE_CURVE('',#11258,#11260,#11262,.T.);
#11258 = VERTEX_POINT('',#11259);
#11259 = CARTESIAN_POINT('',(-19.5,28.3,3.2));
#11260 = VERTEX_POINT('',#11261);
#11261 = CARTESIAN_POINT('',(-19.5,28.3,5.2));
#11262 = SURFACE_CURVE('',#11263,(#11267,#11274),.PCURVE_S1.);
#11263 = LINE('',#11264,#11265);
#11264 = CARTESIAN_POINT('',(-19.5,28.3,3.2));
#11265 = VECTOR('',#11266,1.);
#11266 = DIRECTION('',(0.,0.,1.));
#11267 = PCURVE('',#11160,#11268);
#11268 = DEFINITIONAL_REPRESENTATION('',(#11269),#11273);
#11269 = LINE('',#11270,#11271);
#11270 = CARTESIAN_POINT('',(0.,0.));
#11271 = VECTOR('',#11272,1.);
#11272 = DIRECTION('',(0.,-1.));
#11273 = ( GEOMETRIC_REPRESENTATION_CONTEXT(2) 
PARAMETRIC_REPRESENTATION_CONTEXT() REPRESENTATION_CONTEXT('2D SPACE',''
  ) );
#11274 = PCURVE('',#11275,#11280);
#11275 = PLANE('',#11276);
#11276 = AXIS2_PLACEMENT_3D('',#11277,#11278,#11279);
#11277 = CARTESIAN_POINT('',(-19.5,30.3,3.2));
#11278 = DIRECTION('',(1.,0.,-0.));
#11279 = DIRECTION('',(0.,-1.,0.));
#11280 = DEFINITIONAL_REPRESENTATION('',(#11281),#11285);
#11281 = LINE('',#11282,#11283);
#11282 = CARTESIAN_POINT('',(2.,0.));
#11283 = VECTOR('',#11284,1.);
#11284 = DIRECTION('',(0.,-1.));
#11285 = ( GEOMETRIC_REPRESENTATION_CONTEXT(2) 
PARAMETRIC_REPRESENTATION_CONTEXT() REPRESENTATION_CONTEXT('2D SPACE',''
  ) );
#11286 = ORIENTED_EDGE('',*,*,#11287,.T.);
#11287 = EDGE_CURVE('',#11260,#11140,#11288,.T.);
#11288 = SURFACE_CURVE('',#11289,(#11293,#11300),.PCURVE_S1.);
#11289 = LINE('',#11290,#11291);
#11290 = CARTESIAN_POINT('',(-19.5,28.3,5.2));
#11291 = VECTOR('',#11292,1.);
#11292 = DIRECTION('',(0.,-1.,0.));
#11293 = PCURVE('',#11160,#11294);
#11294 = DEFINITIONAL_REPRESENTATION('',(#11295),#11299);
#11295 = LINE('',#11296,#11297);
#11296 = CARTESIAN_POINT('',(0.,-2.));
#11297 = VECTOR('',#11298,1.);
#11298 = DIRECTION('',(1.,0.));
#11299 = ( GEOMETRIC_REPRESENTATION_CONTEXT(2) 
PARAMETRIC_REPRESENTATION_CONTEXT() REPRESENTATION_CONTEXT('2D SPACE',''
  ) );
#11300 = PCURVE('',#11188,#11301);
#11301 = DEFINITIONAL_REPRESENTATION('',(#11302),#11306);
#11302 = LINE('',#11303,#11304);
#11303 = CARTESIAN_POINT('',(-3.5,10.3));
#11304 = VECTOR('',#11305,1.);
#11305 = DIRECTION('',(0.,-1.));
#11306 = ( GEOMETRIC_REPRESENTATION_CONTEXT(2) 
PARAMETRIC_REPRESENTATION_CONTEXT() REPRESENTATION_CONTEXT('2D SPACE',''
  ) );
#11307 = ORIENTED_EDGE('',*,*,#11137,.F.);
#11308 = ORIENTED_EDGE('',*,*,#11309,.F.);
#11309 = EDGE_CURVE('',#11258,#11138,#11310,.T.);
#11310 = SURFACE_CURVE('',#11311,(#11315,#11322),.PCURVE_S1.);
#11311 = LINE('',#11312,#11313);
#11312 = CARTESIAN_POINT('',(-19.5,28.3,3.2));
#11313 = VECTOR('',#11314,1.);
#11314 = DIRECTION('',(0.,-1.,0.));
#11315 = PCURVE('',#11160,#11316);
#11316 = DEFINITIONAL_REPRESENTATION('',(#11317),#11321);
#11317 = LINE('',#11318,#11319);
#11318 = CARTESIAN_POINT('',(0.,0.));
#11319 = VECTOR('',#11320,1.);
#11320 = DIRECTION('',(1.,0.));
#11321 = ( GEOMETRIC_REPRESENTATION_CONTEXT(2) 
PARAMETRIC_REPRESENTATION_CONTEXT() REPRESENTATION_CONTEXT('2D SPACE',''
  ) );
#11322 = PCURVE('',#11242,#11323);
#11323 = DEFINITIONAL_REPRESENTATION('',(#11324),#11328);
#11324 = LINE('',#11325,#11326);
#11325 = CARTESIAN_POINT('',(-3.5,10.3));
#11326 = VECTOR('',#11327,1.);
#11327 = DIRECTION('',(0.,-1.));
#11328 = ( GEOMETRIC_REPRESENTATION_CONTEXT(2) 
PARAMETRIC_REPRESENTATION_CONTEXT() REPRESENTATION_CONTEXT('2D SPACE',''
  ) );
#11329 = ADVANCED_FACE('',(#11330),#11216,.F.);
#11330 = FACE_BOUND('',#11331,.F.);
#11331 = EDGE_LOOP('',(#11332,#11333,#11356,#11384));
#11332 = ORIENTED_EDGE('',*,*,#11200,.T.);
#11333 = ORIENTED_EDGE('',*,*,#11334,.T.);
#11334 = EDGE_CURVE('',#11173,#11335,#11337,.T.);
#11335 = VERTEX_POINT('',#11336);
#11336 = CARTESIAN_POINT('',(-12.5,28.3,5.2));
#11337 = SURFACE_CURVE('',#11338,(#11342,#11349),.PCURVE_S1.);
#11338 = LINE('',#11339,#11340);
#11339 = CARTESIAN_POINT('',(-12.5,7.7,5.2));
#11340 = VECTOR('',#11341,1.);
#11341 = DIRECTION('',(0.,1.,0.));
#11342 = PCURVE('',#11216,#11343);
#11343 = DEFINITIONAL_REPRESENTATION('',(#11344),#11348);
#11344 = LINE('',#11345,#11346);
#11345 = CARTESIAN_POINT('',(0.,-2.));
#11346 = VECTOR('',#11347,1.);
#11347 = DIRECTION('',(1.,0.));
#11348 = ( GEOMETRIC_REPRESENTATION_CONTEXT(2) 
PARAMETRIC_REPRESENTATION_CONTEXT() REPRESENTATION_CONTEXT('2D SPACE',''
  ) );
#11349 = PCURVE('',#11188,#11350);
#11350 = DEFINITIONAL_REPRESENTATION('',(#11351),#11355);
#11351 = LINE('',#11352,#11353);
#11352 = CARTESIAN_POINT('',(3.5,-10.3));
#11353 = VECTOR('',#11354,1.);
#11354 = DIRECTION('',(0.,1.));
#11355 = ( GEOMETRIC_REPRESENTATION_CONTEXT(2) 
PARAMETRIC_REPRESENTATION_CONTEXT() REPRESENTATION_CONTEXT('2D SPACE',''
  ) );
#11356 = ORIENTED_EDGE('',*,*,#11357,.F.);
#11357 = EDGE_CURVE('',#11358,#11335,#11360,.T.);
#11358 = VERTEX_POINT('',#11359);
#11359 = CARTESIAN_POINT('',(-12.5,28.3,3.2));
#11360 = SURFACE_CURVE('',#11361,(#11365,#11372),.PCURVE_S1.);
#11361 = LINE('',#11362,#11363);
#11362 = CARTESIAN_POINT('',(-12.5,28.3,3.2));
#11363 = VECTOR('',#11364,1.);
#11364 = DIRECTION('',(0.,0.,1.));
#11365 = PCURVE('',#11216,#11366);
#11366 = DEFINITIONAL_REPRESENTATION('',(#11367),#11371);
#11367 = LINE('',#11368,#11369);
#11368 = CARTESIAN_POINT('',(20.6,0.));
#11369 = VECTOR('',#11370,1.);
#11370 = DIRECTION('',(0.,-1.));
#11371 = ( GEOMETRIC_REPRESENTATION_CONTEXT(2) 
PARAMETRIC_REPRESENTATION_CONTEXT() REPRESENTATION_CONTEXT('2D SPACE',''
  ) );
#11372 = PCURVE('',#11373,#11378);
#11373 = PLANE('',#11374);
#11374 = AXIS2_PLACEMENT_3D('',#11375,#11376,#11377);
#11375 = CARTESIAN_POINT('',(-12.5,28.3,3.2));
#11376 = DIRECTION('',(-1.,0.,0.));
#11377 = DIRECTION('',(0.,1.,0.));
#11378 = DEFINITIONAL_REPRESENTATION('',(#11379),#11383);
#11379 = LINE('',#11380,#11381);
#11380 = CARTESIAN_POINT('',(0.,0.));
#11381 = VECTOR('',#11382,1.);
#11382 = DIRECTION('',(0.,-1.));
#11383 = ( GEOMETRIC_REPRESENTATION_CONTEXT(2) 
PARAMETRIC_REPRESENTATION_CONTEXT() REPRESENTATION_CONTEXT('2D SPACE',''
  ) );
#11384 = ORIENTED_EDGE('',*,*,#11385,.F.);
#11385 = EDGE_CURVE('',#11201,#11358,#11386,.T.);
#11386 = SURFACE_CURVE('',#11387,(#11391,#11398),.PCURVE_S1.);
#11387 = LINE('',#11388,#11389);
#11388 = CARTESIAN_POINT('',(-12.5,7.7,3.2));
#11389 = VECTOR('',#11390,1.);
#11390 = DIRECTION('',(0.,1.,0.));
#11391 = PCURVE('',#11216,#11392);
#11392 = DEFINITIONAL_REPRESENTATION('',(#11393),#11397);
#11393 = LINE('',#11394,#11395);
#11394 = CARTESIAN_POINT('',(0.,0.));
#11395 = VECTOR('',#11396,1.);
#11396 = DIRECTION('',(1.,0.));
#11397 = ( GEOMETRIC_REPRESENTATION_CONTEXT(2) 
PARAMETRIC_REPRESENTATION_CONTEXT() REPRESENTATION_CONTEXT('2D SPACE',''
  ) );
#11398 = PCURVE('',#11242,#11399);
#11399 = DEFINITIONAL_REPRESENTATION('',(#11400),#11404);
#11400 = LINE('',#11401,#11402);
#11401 = CARTESIAN_POINT('',(3.5,-10.3));
#11402 = VECTOR('',#11403,1.);
#11403 = DIRECTION('',(0.,1.));
#11404 = ( GEOMETRIC_REPRESENTATION_CONTEXT(2) 
PARAMETRIC_REPRESENTATION_CONTEXT() REPRESENTATION_CONTEXT('2D SPACE',''
  ) );
#11405 = ADVANCED_FACE('',(#11406),#11242,.F.);
#11406 = FACE_BOUND('',#11407,.F.);
#11407 = EDGE_LOOP('',(#11408,#11409,#11410,#11436));
#11408 = ORIENTED_EDGE('',*,*,#11228,.T.);
#11409 = ORIENTED_EDGE('',*,*,#11385,.T.);
#11410 = ORIENTED_EDGE('',*,*,#11411,.T.);
#11411 = EDGE_CURVE('',#11358,#11258,#11412,.T.);
#11412 = SURFACE_CURVE('',#11413,(#11417,#11424),.PCURVE_S1.);
#11413 = LINE('',#11414,#11415);
#11414 = CARTESIAN_POINT('',(-12.5,28.3,3.2));
#11415 = VECTOR('',#11416,1.);
#11416 = DIRECTION('',(-1.,0.,0.));
#11417 = PCURVE('',#11242,#11418);
#11418 = DEFINITIONAL_REPRESENTATION('',(#11419),#11423);
#11419 = LINE('',#11420,#11421);
#11420 = CARTESIAN_POINT('',(3.5,10.3));
#11421 = VECTOR('',#11422,1.);
#11422 = DIRECTION('',(-1.,0.));
#11423 = ( GEOMETRIC_REPRESENTATION_CONTEXT(2) 
PARAMETRIC_REPRESENTATION_CONTEXT() REPRESENTATION_CONTEXT('2D SPACE',''
  ) );
#11424 = PCURVE('',#11425,#11430);
#11425 = PLANE('',#11426);
#11426 = AXIS2_PLACEMENT_3D('',#11427,#11428,#11429);
#11427 = CARTESIAN_POINT('',(-16.,29.3,3.2));
#11428 = DIRECTION('',(0.,0.,1.));
#11429 = DIRECTION('',(1.,0.,-0.));
#11430 = DEFINITIONAL_REPRESENTATION('',(#11431),#11435);
#11431 = LINE('',#11432,#11433);
#11432 = CARTESIAN_POINT('',(3.5,-1.));
#11433 = VECTOR('',#11434,1.);
#11434 = DIRECTION('',(-1.,0.));
#11435 = ( GEOMETRIC_REPRESENTATION_CONTEXT(2) 
PARAMETRIC_REPRESENTATION_CONTEXT() REPRESENTATION_CONTEXT('2D SPACE',''
  ) );
#11436 = ORIENTED_EDGE('',*,*,#11309,.T.);
#11437 = ADVANCED_FACE('',(#11438),#11188,.T.);
#11438 = FACE_BOUND('',#11439,.T.);
#11439 = EDGE_LOOP('',(#11440,#11441,#11442,#11468));
#11440 = ORIENTED_EDGE('',*,*,#11172,.T.);
#11441 = ORIENTED_EDGE('',*,*,#11334,.T.);
#11442 = ORIENTED_EDGE('',*,*,#11443,.T.);
#11443 = EDGE_CURVE('',#11335,#11260,#11444,.T.);
#11444 = SURFACE_CURVE('',#11445,(#11449,#11456),.PCURVE_S1.);
#11445 = LINE('',#11446,#11447);
#11446 = CARTESIAN_POINT('',(-12.5,28.3,5.2));
#11447 = VECTOR('',#11448,1.);
#11448 = DIRECTION('',(-1.,0.,0.));
#11449 = PCURVE('',#11188,#11450);
#11450 = DEFINITIONAL_REPRESENTATION('',(#11451),#11455);
#11451 = LINE('',#11452,#11453);
#11452 = CARTESIAN_POINT('',(3.5,10.3));
#11453 = VECTOR('',#11454,1.);
#11454 = DIRECTION('',(-1.,0.));
#11455 = ( GEOMETRIC_REPRESENTATION_CONTEXT(2) 
PARAMETRIC_REPRESENTATION_CONTEXT() REPRESENTATION_CONTEXT('2D SPACE',''
  ) );
#11456 = PCURVE('',#11457,#11462);
#11457 = PLANE('',#11458);
#11458 = AXIS2_PLACEMENT_3D('',#11459,#11460,#11461);
#11459 = CARTESIAN_POINT('',(-16.,29.3,5.2));
#11460 = DIRECTION('',(0.,0.,1.));
#11461 = DIRECTION('',(1.,0.,-0.));
#11462 = DEFINITIONAL_REPRESENTATION('',(#11463),#11467);
#11463 = LINE('',#11464,#11465);
#11464 = CARTESIAN_POINT('',(3.5,-1.));
#11465 = VECTOR('',#11466,1.);
#11466 = DIRECTION('',(-1.,0.));
#11467 = ( GEOMETRIC_REPRESENTATION_CONTEXT(2) 
PARAMETRIC_REPRESENTATION_CONTEXT() REPRESENTATION_CONTEXT('2D SPACE',''
  ) );
#11468 = ORIENTED_EDGE('',*,*,#11287,.T.);
#11469 = ADVANCED_FACE('',(#11470),#11275,.F.);
#11470 = FACE_BOUND('',#11471,.F.);
#11471 = EDGE_LOOP('',(#11472,#11502,#11523,#11524));
#11472 = ORIENTED_EDGE('',*,*,#11473,.T.);
#11473 = EDGE_CURVE('',#11474,#11476,#11478,.T.);
#11474 = VERTEX_POINT('',#11475);
#11475 = CARTESIAN_POINT('',(-19.5,30.3,3.2));
#11476 = VERTEX_POINT('',#11477);
#11477 = CARTESIAN_POINT('',(-19.5,30.3,5.2));
#11478 = SURFACE_CURVE('',#11479,(#11483,#11490),.PCURVE_S1.);
#11479 = LINE('',#11480,#11481);
#11480 = CARTESIAN_POINT('',(-19.5,30.3,3.2));
#11481 = VECTOR('',#11482,1.);
#11482 = DIRECTION('',(0.,0.,1.));
#11483 = PCURVE('',#11275,#11484);
#11484 = DEFINITIONAL_REPRESENTATION('',(#11485),#11489);
#11485 = LINE('',#11486,#11487);
#11486 = CARTESIAN_POINT('',(0.,0.));
#11487 = VECTOR('',#11488,1.);
#11488 = DIRECTION('',(0.,-1.));
#11489 = ( GEOMETRIC_REPRESENTATION_CONTEXT(2) 
PARAMETRIC_REPRESENTATION_CONTEXT() REPRESENTATION_CONTEXT('2D SPACE',''
  ) );
#11490 = PCURVE('',#11491,#11496);
#11491 = PLANE('',#11492);
#11492 = AXIS2_PLACEMENT_3D('',#11493,#11494,#11495);
#11493 = CARTESIAN_POINT('',(-12.5,30.3,3.2));
#11494 = DIRECTION('',(0.,-1.,0.));
#11495 = DIRECTION('',(-1.,0.,0.));
#11496 = DEFINITIONAL_REPRESENTATION('',(#11497),#11501);
#11497 = LINE('',#11498,#11499);
#11498 = CARTESIAN_POINT('',(7.,0.));
#11499 = VECTOR('',#11500,1.);
#11500 = DIRECTION('',(0.,-1.));
#11501 = ( GEOMETRIC_REPRESENTATION_CONTEXT(2) 
PARAMETRIC_REPRESENTATION_CONTEXT() REPRESENTATION_CONTEXT('2D SPACE',''
  ) );
#11502 = ORIENTED_EDGE('',*,*,#11503,.T.);
#11503 = EDGE_CURVE('',#11476,#11260,#11504,.T.);
#11504 = SURFACE_CURVE('',#11505,(#11509,#11516),.PCURVE_S1.);
#11505 = LINE('',#11506,#11507);
#11506 = CARTESIAN_POINT('',(-19.5,30.3,5.2));
#11507 = VECTOR('',#11508,1.);
#11508 = DIRECTION('',(0.,-1.,0.));
#11509 = PCURVE('',#11275,#11510);
#11510 = DEFINITIONAL_REPRESENTATION('',(#11511),#11515);
#11511 = LINE('',#11512,#11513);
#11512 = CARTESIAN_POINT('',(0.,-2.));
#11513 = VECTOR('',#11514,1.);
#11514 = DIRECTION('',(1.,0.));
#11515 = ( GEOMETRIC_REPRESENTATION_CONTEXT(2) 
PARAMETRIC_REPRESENTATION_CONTEXT() REPRESENTATION_CONTEXT('2D SPACE',''
  ) );
#11516 = PCURVE('',#11457,#11517);
#11517 = DEFINITIONAL_REPRESENTATION('',(#11518),#11522);
#11518 = LINE('',#11519,#11520);
#11519 = CARTESIAN_POINT('',(-3.5,1.));
#11520 = VECTOR('',#11521,1.);
#11521 = DIRECTION('',(0.,-1.));
#11522 = ( GEOMETRIC_REPRESENTATION_CONTEXT(2) 
PARAMETRIC_REPRESENTATION_CONTEXT() REPRESENTATION_CONTEXT('2D SPACE',''
  ) );
#11523 = ORIENTED_EDGE('',*,*,#11257,.F.);
#11524 = ORIENTED_EDGE('',*,*,#11525,.F.);
#11525 = EDGE_CURVE('',#11474,#11258,#11526,.T.);
#11526 = SURFACE_CURVE('',#11527,(#11531,#11538),.PCURVE_S1.);
#11527 = LINE('',#11528,#11529);
#11528 = CARTESIAN_POINT('',(-19.5,30.3,3.2));
#11529 = VECTOR('',#11530,1.);
#11530 = DIRECTION('',(0.,-1.,0.));
#11531 = PCURVE('',#11275,#11532);
#11532 = DEFINITIONAL_REPRESENTATION('',(#11533),#11537);
#11533 = LINE('',#11534,#11535);
#11534 = CARTESIAN_POINT('',(0.,0.));
#11535 = VECTOR('',#11536,1.);
#11536 = DIRECTION('',(1.,0.));
#11537 = ( GEOMETRIC_REPRESENTATION_CONTEXT(2) 
PARAMETRIC_REPRESENTATION_CONTEXT() REPRESENTATION_CONTEXT('2D SPACE',''
  ) );
#11538 = PCURVE('',#11425,#11539);
#11539 = DEFINITIONAL_REPRESENTATION('',(#11540),#11544);
#11540 = LINE('',#11541,#11542);
#11541 = CARTESIAN_POINT('',(-3.5,1.));
#11542 = VECTOR('',#11543,1.);
#11543 = DIRECTION('',(0.,-1.));
#11544 = ( GEOMETRIC_REPRESENTATION_CONTEXT(2) 
PARAMETRIC_REPRESENTATION_CONTEXT() REPRESENTATION_CONTEXT('2D SPACE',''
  ) );
#11545 = ADVANCED_FACE('',(#11546),#11373,.F.);
#11546 = FACE_BOUND('',#11547,.F.);
#11547 = EDGE_LOOP('',(#11548,#11549,#11572,#11595));
#11548 = ORIENTED_EDGE('',*,*,#11357,.T.);
#11549 = ORIENTED_EDGE('',*,*,#11550,.T.);
#11550 = EDGE_CURVE('',#11335,#11551,#11553,.T.);
#11551 = VERTEX_POINT('',#11552);
#11552 = CARTESIAN_POINT('',(-12.5,30.3,5.2));
#11553 = SURFACE_CURVE('',#11554,(#11558,#11565),.PCURVE_S1.);
#11554 = LINE('',#11555,#11556);
#11555 = CARTESIAN_POINT('',(-12.5,28.3,5.2));
#11556 = VECTOR('',#11557,1.);
#11557 = DIRECTION('',(0.,1.,0.));
#11558 = PCURVE('',#11373,#11559);
#11559 = DEFINITIONAL_REPRESENTATION('',(#11560),#11564);
#11560 = LINE('',#11561,#11562);
#11561 = CARTESIAN_POINT('',(0.,-2.));
#11562 = VECTOR('',#11563,1.);
#11563 = DIRECTION('',(1.,0.));
#11564 = ( GEOMETRIC_REPRESENTATION_CONTEXT(2) 
PARAMETRIC_REPRESENTATION_CONTEXT() REPRESENTATION_CONTEXT('2D SPACE',''
  ) );
#11565 = PCURVE('',#11457,#11566);
#11566 = DEFINITIONAL_REPRESENTATION('',(#11567),#11571);
#11567 = LINE('',#11568,#11569);
#11568 = CARTESIAN_POINT('',(3.5,-1.));
#11569 = VECTOR('',#11570,1.);
#11570 = DIRECTION('',(0.,1.));
#11571 = ( GEOMETRIC_REPRESENTATION_CONTEXT(2) 
PARAMETRIC_REPRESENTATION_CONTEXT() REPRESENTATION_CONTEXT('2D SPACE',''
  ) );
#11572 = ORIENTED_EDGE('',*,*,#11573,.F.);
#11573 = EDGE_CURVE('',#11574,#11551,#11576,.T.);
#11574 = VERTEX_POINT('',#11575);
#11575 = CARTESIAN_POINT('',(-12.5,30.3,3.2));
#11576 = SURFACE_CURVE('',#11577,(#11581,#11588),.PCURVE_S1.);
#11577 = LINE('',#11578,#11579);
#11578 = CARTESIAN_POINT('',(-12.5,30.3,3.2));
#11579 = VECTOR('',#11580,1.);
#11580 = DIRECTION('',(0.,0.,1.));
#11581 = PCURVE('',#11373,#11582);
#11582 = DEFINITIONAL_REPRESENTATION('',(#11583),#11587);
#11583 = LINE('',#11584,#11585);
#11584 = CARTESIAN_POINT('',(2.,0.));
#11585 = VECTOR('',#11586,1.);
#11586 = DIRECTION('',(0.,-1.));
#11587 = ( GEOMETRIC_REPRESENTATION_CONTEXT(2) 
PARAMETRIC_REPRESENTATION_CONTEXT() REPRESENTATION_CONTEXT('2D SPACE',''
  ) );
#11588 = PCURVE('',#11491,#11589);
#11589 = DEFINITIONAL_REPRESENTATION('',(#11590),#11594);
#11590 = LINE('',#11591,#11592);
#11591 = CARTESIAN_POINT('',(0.,-0.));
#11592 = VECTOR('',#11593,1.);
#11593 = DIRECTION('',(0.,-1.));
#11594 = ( GEOMETRIC_REPRESENTATION_CONTEXT(2) 
PARAMETRIC_REPRESENTATION_CONTEXT() REPRESENTATION_CONTEXT('2D SPACE',''
  ) );
#11595 = ORIENTED_EDGE('',*,*,#11596,.F.);
#11596 = EDGE_CURVE('',#11358,#11574,#11597,.T.);
#11597 = SURFACE_CURVE('',#11598,(#11602,#11609),.PCURVE_S1.);
#11598 = LINE('',#11599,#11600);
#11599 = CARTESIAN_POINT('',(-12.5,28.3,3.2));
#11600 = VECTOR('',#11601,1.);
#11601 = DIRECTION('',(0.,1.,0.));
#11602 = PCURVE('',#11373,#11603);
#11603 = DEFINITIONAL_REPRESENTATION('',(#11604),#11608);
#11604 = LINE('',#11605,#11606);
#11605 = CARTESIAN_POINT('',(0.,0.));
#11606 = VECTOR('',#11607,1.);
#11607 = DIRECTION('',(1.,0.));
#11608 = ( GEOMETRIC_REPRESENTATION_CONTEXT(2) 
PARAMETRIC_REPRESENTATION_CONTEXT() REPRESENTATION_CONTEXT('2D SPACE',''
  ) );
#11609 = PCURVE('',#11425,#11610);
#11610 = DEFINITIONAL_REPRESENTATION('',(#11611),#11615);
#11611 = LINE('',#11612,#11613);
#11612 = CARTESIAN_POINT('',(3.5,-1.));
#11613 = VECTOR('',#11614,1.);
#11614 = DIRECTION('',(0.,1.));
#11615 = ( GEOMETRIC_REPRESENTATION_CONTEXT(2) 
PARAMETRIC_REPRESENTATION_CONTEXT() REPRESENTATION_CONTEXT('2D SPACE',''
  ) );
#11616 = ADVANCED_FACE('',(#11617),#11425,.F.);
#11617 = FACE_BOUND('',#11618,.F.);
#11618 = EDGE_LOOP('',(#11619,#11620,#11621,#11642));
#11619 = ORIENTED_EDGE('',*,*,#11411,.F.);
#11620 = ORIENTED_EDGE('',*,*,#11596,.T.);
#11621 = ORIENTED_EDGE('',*,*,#11622,.T.);
#11622 = EDGE_CURVE('',#11574,#11474,#11623,.T.);
#11623 = SURFACE_CURVE('',#11624,(#11628,#11635),.PCURVE_S1.);
#11624 = LINE('',#11625,#11626);
#11625 = CARTESIAN_POINT('',(-12.5,30.3,3.2));
#11626 = VECTOR('',#11627,1.);
#11627 = DIRECTION('',(-1.,0.,0.));
#11628 = PCURVE('',#11425,#11629);
#11629 = DEFINITIONAL_REPRESENTATION('',(#11630),#11634);
#11630 = LINE('',#11631,#11632);
#11631 = CARTESIAN_POINT('',(3.5,1.));
#11632 = VECTOR('',#11633,1.);
#11633 = DIRECTION('',(-1.,0.));
#11634 = ( GEOMETRIC_REPRESENTATION_CONTEXT(2) 
PARAMETRIC_REPRESENTATION_CONTEXT() REPRESENTATION_CONTEXT('2D SPACE',''
  ) );
#11635 = PCURVE('',#11491,#11636);
#11636 = DEFINITIONAL_REPRESENTATION('',(#11637),#11641);
#11637 = LINE('',#11638,#11639);
#11638 = CARTESIAN_POINT('',(0.,-0.));
#11639 = VECTOR('',#11640,1.);
#11640 = DIRECTION('',(1.,0.));
#11641 = ( GEOMETRIC_REPRESENTATION_CONTEXT(2) 
PARAMETRIC_REPRESENTATION_CONTEXT() REPRESENTATION_CONTEXT('2D SPACE',''
  ) );
#11642 = ORIENTED_EDGE('',*,*,#11525,.T.);
#11643 = ADVANCED_FACE('',(#11644),#11457,.T.);
#11644 = FACE_BOUND('',#11645,.T.);
#11645 = EDGE_LOOP('',(#11646,#11647,#11648,#11669));
#11646 = ORIENTED_EDGE('',*,*,#11443,.F.);
#11647 = ORIENTED_EDGE('',*,*,#11550,.T.);
#11648 = ORIENTED_EDGE('',*,*,#11649,.T.);
#11649 = EDGE_CURVE('',#11551,#11476,#11650,.T.);
#11650 = SURFACE_CURVE('',#11651,(#11655,#11662),.PCURVE_S1.);
#11651 = LINE('',#11652,#11653);
#11652 = CARTESIAN_POINT('',(-12.5,30.3,5.2));
#11653 = VECTOR('',#11654,1.);
#11654 = DIRECTION('',(-1.,0.,0.));
#11655 = PCURVE('',#11457,#11656);
#11656 = DEFINITIONAL_REPRESENTATION('',(#11657),#11661);
#11657 = LINE('',#11658,#11659);
#11658 = CARTESIAN_POINT('',(3.5,1.));
#11659 = VECTOR('',#11660,1.);
#11660 = DIRECTION('',(-1.,0.));
#11661 = ( GEOMETRIC_REPRESENTATION_CONTEXT(2) 
PARAMETRIC_REPRESENTATION_CONTEXT() REPRESENTATION_CONTEXT('2D SPACE',''
  ) );
#11662 = PCURVE('',#11491,#11663);
#11663 = DEFINITIONAL_REPRESENTATION('',(#11664),#11668);
#11664 = LINE('',#11665,#11666);
#11665 = CARTESIAN_POINT('',(0.,-2.));
#11666 = VECTOR('',#11667,1.);
#11667 = DIRECTION('',(1.,0.));
#11668 = ( GEOMETRIC_REPRESENTATION_CONTEXT(2) 
PARAMETRIC_REPRESENTATION_CONTEXT() REPRESENTATION_CONTEXT('2D SPACE',''
  ) );
#11669 = ORIENTED_EDGE('',*,*,#11503,.T.);
#11670 = ADVANCED_FACE('',(#11671),#11491,.F.);
#11671 = FACE_BOUND('',#11672,.F.);
#11672 = EDGE_LOOP('',(#11673,#11674,#11675,#11676));
#11673 = ORIENTED_EDGE('',*,*,#11573,.T.);
#11674 = ORIENTED_EDGE('',*,*,#11649,.T.);
#11675 = ORIENTED_EDGE('',*,*,#11473,.F.);
#11676 = ORIENTED_EDGE('',*,*,#11622,.F.);
#11677 = ( GEOMETRIC_REPRESENTATION_CONTEXT(3) 
GLOBAL_UNCERTAINTY_ASSIGNED_CONTEXT((#11681)) 
GLOBAL_UNIT_ASSIGNED_CONTEXT((#11678,#11679,#11680)) 
REPRESENTATION_CONTEXT('Context #1',
  '3D Context with UNIT and UNCERTAINTY') );
#11678 = ( LENGTH_UNIT() NAMED_UNIT(*) SI_UNIT(.MILLI.,.METRE.) );
#11679 = ( NAMED_UNIT(*) PLANE_ANGLE_UNIT() SI_UNIT($,.RADIAN.) );
#11680 = ( NAMED_UNIT(*) SI_UNIT($,.STERADIAN.) SOLID_ANGLE_UNIT() );
#11681 = UNCERTAINTY_MEASURE_WITH_UNIT(LENGTH_MEASURE(1.E-07),#11678,
  'distance_accuracy_value','confusion accuracy');
#11682 = PRODUCT_RELATED_PRODUCT_CATEGORY('part',$,(#7));
ENDSEC;
END-ISO-10303-21;
